#VRML V2.0 utf8

#Cosmo Worlds V2.0

WorldInfo {
info	"Published by Cosmo Worlds V2.0"
}
Transform {
children	[
NavigationInfo {
headlight	FALSE
}
DEF InfLight DirectionalLight {
on	TRUE
intensity	0.698
color	1 1 1
direction	0.707 3.09e-008 0.707
}
DEF InfLight DirectionalLight {
on	TRUE
intensity	0.8
color	1 1 1
direction	-0.577 -0.577 0.577
}
DEF SpotLight SpotLight {
on	TRUE
intensity	0.5
color	1 1 1
location	1.82 3.06 -1.34e-007
direction	-1.67 -1.1 2.55e-007
cutOffAngle	1.05
}
DEF InfLight DirectionalLight {
on	TRUE
intensity	0.6
color	1 1 1
direction	0 0.707 -0.707
}
DEF InfLight DirectionalLight {
on	TRUE
intensity	0.847
color	1 1 1
direction	0.577 -0.577 -0.577
}
DEF base Transform {
children	Shape {
appearance	Appearance {
material	DEF _0 Material {
ambientIntensity	0.25
diffuseColor	1 0.85 0
specularColor	0.87 0.25 0.25
emissiveColor	0 0 0
shininess	1
transparency	0
}

}

geometry	DEF _1 IndexedFaceSet {
coord	Coordinate {
point	[ -1 1 1,
  -1 -1 1,
  1 1 1,
  1 -1 1,
  1 1 -1,
  1 -1 -1,
  -1 1 -1,
  -1 -1 -1,
  1 1 -1,
  1 -1 -1,
  -1 -1 -1,
  -1 1 -1 ]
}

coordIndex	[ 0, 1, 3, 2, -1, 6, 7, 1,
  0, -1, 2, 3, 5, 4, -1, 6,
  0, 2, 4, -1, 1, 7, 5, 3,
  -1, 9, 8, 4, 5, -1, 10, 9,
  5, 7, -1, 11, 10, 7, 6, -1,
  8, 11, 6, 4, -1 ]
creaseAngle	0.5
normalIndex	[  ]
}

}

translation	-1.22614 -3.18846 -0.458017
rotation	0.507633 0.609467 -0.608982  2.20276
scale	2.93478 2.93478 0.269114
scaleOrientation	0 0 1  0
}
DEF ballboy_2 Transform {
children	[
DEF foot_3 Transform {
children	[
DEF rfoot Transform {
children	Shape {
appearance	Appearance {
material	Material {
ambientIntensity	0.1
diffuseColor	0.859 0.294 0.416
specularColor	0.1 0.1 0.1
emissiveColor	0 0 0
shininess	0
transparency	0
}

}

geometry	DEF _4 IndexedFaceSet {
coord	Coordinate {
point	[ 1.19e-007 -1.18e-008 1,
  -0.00896 0.0041 -0.457,
  0.383 3.59e-008 0.924,
  0.354 0.146 0.924,
  0.271 0.271 0.924,
  0.146 0.354 0.924,
  6.84e-008 0.383 0.924,
  -0.146 0.353 0.924,
  -0.27 0.27 0.924,
  -0.352 0.146 0.924,
  -0.381 -0.000774 0.924,
  -0.352 -0.147 0.924,
  -0.27 -0.271 0.924,
  -0.146 -0.354 0.924,
  -1.76e-008 -0.383 0.924,
  0.146 -0.354 0.924,
  0.271 -0.271 0.924,
  0.354 -0.146 0.924,
  0.707 -3.89e-008 0.707,
  0.653 0.271 0.707,
  0.5 0.5 0.707,
  0.271 0.653 0.707,
  6.68e-008 0.707 0.707,
  -0.263 0.65 0.707,
  -0.477 0.49 0.709,
  -0.612 0.252 0.711,
  -0.656 -0.0235 0.713,
  -0.615 -0.288 0.711,
  -0.484 -0.507 0.709,
  -0.267 -0.655 0.707,
  -1.45e-008 -0.707 0.707,
  0.271 -0.653 0.707,
  0.5 -0.5 0.707,
  0.653 -0.271 0.707,
  0.924 -9.76e-009 0.383,
  0.854 0.354 0.383,
  0.653 0.653 0.383,
  0.354 0.854 0.383,
  4.6e-008 0.924 0.383,
  -0.324 0.84 0.383,
  -0.574 0.617 0.387,
  -0.701 0.284 0.398,
  -0.716 -0.0949 0.405,
  -0.712 -0.418 0.398,
  -0.611 -0.673 0.387,
  -0.35 -0.855 0.383,
  -9.2e-008 -0.924 0.383,
  0.354 -0.854 0.383,
  0.653 -0.653 0.383,
  0.854 -0.354 0.383,
  1 3.6e-008 5.96e-008,
  0.924 0.383 5.96e-008,
  0.707 0.707 5.96e-008,
  0.383 0.924 5.96e-008,
  5.96e-008 1 5.96e-008,
  -0.336 0.902 0.000183,
  -0.596 0.656 0.00557,
  -0.706 0.283 0.0225,
  -0.686 -0.143 0.0339,
  -0.716 -0.478 0.0225,
  -0.656 -0.731 0.00557,
  -0.381 -0.925 0.000183,
  7.11e-014 -1 5.96e-008,
  0.383 -0.924 5.96e-008,
  0.707 -0.707 5.96e-008,
  0.924 -0.383 5.96e-008,
  0.924 2.21e-005 -0.38,
  0.853 0.354 -0.375,
  0.653 0.653 -0.369,
  0.353 0.854 -0.375,
  -4.83e-005 0.924 -0.38,
  -0.324 0.84 -0.375,
  -0.574 0.617 -0.364,
  -0.701 0.284 -0.36,
  -0.716 -0.0948 -0.357,
  -0.712 -0.418 -0.36,
  -0.611 -0.673 -0.364,
  -0.35 -0.855 -0.375,
  -4.85e-005 -0.924 -0.38,
  0.353 -0.853 -0.375,
  0.653 -0.653 -0.369,
  0.853 -0.353 -0.375,
  0.706 0.000673 -0.618,
  0.652 0.271 -0.609,
  0.498 0.501 -0.599,
  0.269 0.654 -0.609,
  -0.00147 0.708 -0.618,
  -0.265 0.651 -0.609,
  -0.479 0.49 -0.598,
  -0.614 0.252 -0.605,
  -0.657 -0.0229 -0.612,
  -0.616 -0.287 -0.605,
  -0.486 -0.507 -0.598,
  -0.269 -0.654 -0.609,
  -0.00147 -0.706 -0.618,
  0.269 -0.653 -0.609,
  0.498 -0.499 -0.599,
  0.652 -0.27 -0.609,
  0.377 0.00271 -0.565,
  0.348 0.149 -0.565,
  0.265 0.273 -0.565,
  0.141 0.356 -0.565,
  -0.00593 0.385 -0.565,
  -0.152 0.356 -0.565,
  -0.276 0.273 -0.565,
  -0.358 0.148 -0.565,
  -0.387 0.00194 -0.564,
  -0.358 -0.144 -0.565,
  -0.276 -0.268 -0.565,
  -0.152 -0.351 -0.565,
  -0.00593 -0.38 -0.565,
  0.141 -0.351 -0.565,
  0.265 -0.268 -0.565,
  0.348 -0.144 -0.565,
  0.18 0.0746 0.981,
  0.159 0.106 0.981,
  0.188 0.0374 0.981,
  0.369 0.0734 0.926,
  0.538 0.107 0.836,
  0.195 7.28e-009 0.981,
  0.188 -0.0374 0.981,
  0.138 0.138 0.981,
  0.106 0.159 0.981,
  0.313 0.209 0.926,
  0.456 0.305 0.836,
  0.0746 0.18 0.981,
  0.0374 0.188 0.981,
  0.209 0.313 0.926,
  0.305 0.456 0.836,
  -5.76e-007 0.195 0.981,
  -0.0373 0.188 0.981,
  0.0734 0.369 0.926,
  0.107 0.538 0.836,
  -0.0745 0.18 0.981,
  -0.106 0.159 0.981,
  -0.0733 0.369 0.927,
  -0.105 0.537 0.836,
  -0.138 0.138 0.981,
  -0.159 0.106 0.982,
  -0.209 0.313 0.927,
  -0.298 0.453 0.838,
  -0.18 0.0744 0.982,
  -0.187 0.0371 0.982,
  -0.312 0.209 0.927,
  -0.442 0.298 0.84,
  -0.195 -0.000387 0.982,
  -0.187 -0.0378 0.982,
  -0.368 0.0727 0.927,
  -0.518 0.0965 0.842,
  -0.18 -0.075 0.982,
  -0.159 -0.107 0.981,
  -0.368 -0.0741 0.927,
  -0.519 -0.118 0.842,
  -0.138 -0.138 0.981,
  -0.106 -0.159 0.981,
  -0.312 -0.21 0.927,
  -0.443 -0.312 0.839,
  -0.0745 -0.18 0.981,
  -0.0373 -0.188 0.981,
  -0.209 -0.313 0.927,
  -0.3 -0.458 0.837,
  2.24e-006 -0.195 0.981,
  0.0374 -0.188 0.981,
  -0.0733 -0.369 0.926,
  -0.106 -0.538 0.836,
  0.0746 -0.18 0.981,
  0.106 -0.159 0.981,
  0.0734 -0.369 0.926,
  0.107 -0.538 0.836,
  0.138 -0.138 0.981,
  0.159 -0.106 0.981,
  0.209 -0.313 0.926,
  0.305 -0.456 0.836,
  0.18 -0.0746 0.981,
  0.313 -0.209 0.926,
  0.456 -0.305 0.836,
  0.369 -0.0734 0.926,
  0.538 -0.107 0.836,
  0.513 0.213 0.831,
  0.687 0.137 0.714,
  0.811 0.161 0.562,
  0.556 -3.7e-009 0.831,
  0.393 0.393 0.831,
  0.582 0.389 0.714,
  0.687 0.459 0.562,
  0.213 0.513 0.831,
  0.389 0.582 0.714,
  0.459 0.687 0.562,
  -6.03e-005 0.556 0.831,
  0.137 0.687 0.714,
  0.161 0.811 0.563,
  -0.209 0.512 0.832,
  -0.133 0.686 0.714,
  -0.153 0.807 0.563,
  -0.383 0.388 0.834,
  -0.375 0.576 0.715,
  -0.429 0.672 0.563,
  -0.495 0.204 0.836,
  -0.552 0.375 0.716,
  -0.619 0.424 0.563,
  -0.533 -0.0121 0.838,
  -0.641 0.115 0.717,
  -0.699 0.107 0.563,
  -0.496 -0.222 0.836,
  -0.642 -0.157 0.717,
  -0.704 -0.209 0.565,
  -0.385 -0.397 0.833,
  -0.556 -0.402 0.717,
  -0.632 -0.485 0.567,
  -0.211 -0.514 0.832,
  -0.38 -0.587 0.715,
  -0.444 -0.695 0.565,
  1.93e-005 -0.556 0.831,
  -0.135 -0.688 0.714,
  -0.159 -0.811 0.563,
  0.213 -0.513 0.831,
  0.137 -0.687 0.714,
  0.161 -0.81 0.562,
  0.393 -0.393 0.831,
  0.389 -0.582 0.714,
  0.459 -0.687 0.562,
  0.513 -0.213 0.831,
  0.582 -0.389 0.714,
  0.687 -0.459 0.562,
  0.687 -0.137 0.714,
  0.811 -0.161 0.562,
  0.768 0.318 0.556,
  0.904 0.18 0.389,
  0.961 0.191 0.198,
  0.831 -2.75e-008 0.556,
  0.588 0.588 0.556,
  0.766 0.512 0.389,
  0.814 0.544 0.198,
  0.318 0.768 0.556,
  0.512 0.766 0.389,
  0.544 0.814 0.198,
  -0.00033 0.832 0.555,
  0.18 0.905 0.389,
  0.191 0.962 0.199,
  -0.301 0.76 0.555,
  -0.166 0.898 0.389,
  -0.175 0.952 0.198,
  -0.539 0.564 0.556,
  -0.461 0.742 0.391,
  -0.482 0.78 0.199,
  -0.674 0.272 0.56,
  -0.654 0.457 0.396,
  -0.672 0.469 0.205,
  -0.704 -0.0591 0.564,
  -0.718 0.0949 0.402,
  -0.714 0.0821 0.214,
  -0.679 -0.358 0.561,
  -0.722 -0.257 0.403,
  -0.72 -0.283 0.214,
  -0.56 -0.601 0.558,
  -0.675 -0.551 0.397,
  -0.703 -0.584 0.207,
  -0.315 -0.77 0.556,
  -0.49 -0.778 0.392,
  -0.522 -0.828 0.202,
  2.78e-005 -0.831 0.556,
  -0.178 -0.904 0.389,
  -0.19 -0.962 0.199,
  0.318 -0.768 0.556,
  0.18 -0.903 0.389,
  0.191 -0.961 0.198,
  0.588 -0.588 0.556,
  0.512 -0.766 0.389,
  0.544 -0.815 0.198,
  0.768 -0.318 0.556,
  0.766 -0.512 0.389,
  0.815 -0.544 0.198,
  0.904 -0.18 0.389,
  0.961 -0.191 0.198,
  0.906 0.375 0.195,
  0.981 0.195 -2.63e-005,
  0.964 0.192 -0.197,
  0.981 1.41e-008 0.195,
  0.694 0.694 0.195,
  0.831 0.556 -5.3e-005,
  0.817 0.546 -0.194,
  0.375 0.906 0.195,
  0.556 0.831 -5.13e-005,
  0.546 0.817 -0.194,
  -0.000676 0.98 0.195,
  0.195 0.982 -2.62e-005,
  0.192 0.965 -0.197,
  -0.338 0.886 0.194,
  -0.173 0.971 6.87e-005,
  -0.176 0.955 -0.196,
  -0.596 0.644 0.198,
  -0.481 0.796 0.00285,
  -0.484 0.782 -0.188,
  -0.71 0.285 0.21,
  -0.67 0.476 0.014,
  -0.674 0.47 -0.176,
  -0.706 -0.119 0.219,
  -0.703 0.0697 0.0282,
  -0.715 0.0821 -0.165,
  -0.723 -0.449 0.211,
  -0.708 -0.31 0.0282,
  -0.721 -0.283 -0.165,
  -0.647 -0.712 0.199,
  -0.701 -0.609 0.014,
  -0.705 -0.585 -0.178,
  -0.373 -0.907 0.195,
  -0.531 -0.846 0.00283,
  -0.524 -0.83 -0.192,
  1.78e-005 -0.981 0.195,
  -0.194 -0.982 6.51e-005,
  -0.191 -0.965 -0.196,
  0.375 -0.906 0.195,
  0.195 -0.981 -2.57e-005,
  0.192 -0.964 -0.197,
  0.694 -0.694 0.195,
  0.556 -0.831 -5.45e-005,
  0.546 -0.817 -0.194,
  0.906 -0.375 0.195,
  0.831 -0.556 -5.52e-005,
  0.817 -0.546 -0.194,
  0.981 -0.195 -2.67e-005,
  0.964 -0.192 -0.197,
  0.909 0.377 -0.192,
  0.903 0.18 -0.385,
  0.814 0.163 -0.523,
  0.984 1.09e-005 -0.194,
  0.696 0.696 -0.189,
  0.764 0.511 -0.379,
  0.688 0.461 -0.515,
  0.377 0.909 -0.192,
  0.511 0.765 -0.379,
  0.46 0.689 -0.515,
  -0.000828 0.984 -0.194,
  0.18 0.904 -0.385,
  0.162 0.815 -0.524,
  -0.339 0.888 -0.191,
  -0.166 0.897 -0.385,
  -0.156 0.812 -0.523,
  -0.598 0.645 -0.181,
  -0.461 0.741 -0.376,
  -0.433 0.675 -0.511,
  -0.712 0.285 -0.169,
  -0.653 0.457 -0.366,
  -0.625 0.426 -0.499,
  -0.708 -0.119 -0.161,
  -0.718 0.0949 -0.36,
  -0.687 0.106 -0.488,
  -0.726 -0.449 -0.169,
  -0.722 -0.257 -0.36,
  -0.692 -0.207 -0.489,
  -0.649 -0.713 -0.183,
  -0.674 -0.55 -0.367,
  -0.637 -0.486 -0.506,
  -0.374 -0.91 -0.192,
  -0.49 -0.777 -0.378,
  -0.447 -0.697 -0.514,
  -6.05e-006 -0.984 -0.194,
  -0.178 -0.904 -0.385,
  -0.162 -0.815 -0.523,
  0.377 -0.909 -0.192,
  0.18 -0.903 -0.385,
  0.162 -0.814 -0.523,
  0.696 -0.696 -0.189,
  0.511 -0.765 -0.379,
  0.46 -0.688 -0.515,
  0.909 -0.377 -0.192,
  0.764 -0.511 -0.379,
  0.688 -0.461 -0.515,
  0.903 -0.18 -0.385,
  0.814 -0.162 -0.523,
  0.773 0.321 -0.513,
  0.68 0.136 -0.618,
  0.517 0.106 -0.61,
  0.837 0.000348 -0.52,
  0.591 0.592 -0.504,
  0.576 0.387 -0.608,
  0.438 0.298 -0.604,
  0.32 0.774 -0.512,
  0.384 0.578 -0.608,
  0.292 0.444 -0.604,
  -0.00127 0.838 -0.519,
  0.134 0.683 -0.619,
  0.1 0.523 -0.61,
  -0.305 0.765 -0.51,
  -0.134 0.681 -0.619,
  -0.106 0.522 -0.61,
  -0.546 0.568 -0.495,
  -0.373 0.572 -0.608,
  -0.292 0.44 -0.604,
  -0.682 0.275 -0.492,
  -0.549 0.373 -0.606,
  -0.429 0.29 -0.604,
  -0.692 -0.0588 -0.486,
  -0.638 0.115 -0.613,
  -0.504 0.095 -0.588,
  -0.688 -0.359 -0.495,
  -0.639 -0.155 -0.613,
  -0.504 -0.113 -0.588,
  -0.566 -0.604 -0.499,
  -0.553 -0.398 -0.606,
  -0.432 -0.301 -0.604,
  -0.319 -0.774 -0.512,
  -0.378 -0.582 -0.608,
  -0.295 -0.443 -0.604,
  -0.000745 -0.837 -0.519,
  -0.136 -0.682 -0.618,
  -0.107 -0.52 -0.61,
  0.32 -0.773 -0.513,
  0.134 -0.681 -0.618,
  0.1 -0.519 -0.61,
  0.591 -0.591 -0.504,
  0.384 -0.577 -0.608,
  0.292 -0.44 -0.604,
  0.772 -0.32 -0.513,
  0.576 -0.385 -0.608,
  0.438 -0.294 -0.604,
  0.68 -0.135 -0.618,
  0.517 -0.102 -0.61,
  0.497 0.21 -0.609,
  0.362 0.076 -0.564,
  0.179 0.0406 -0.501,
  0.538 0.00169 -0.613,
  0.38 0.385 -0.604,
  0.306 0.211 -0.563,
  0.151 0.109 -0.501,
  0.204 0.502 -0.609,
  0.203 0.315 -0.563,
  0.0983 0.162 -0.501,
  -0.00369 0.543 -0.613,
  0.0673 0.371 -0.564,
  0.0298 0.19 -0.501,
  -0.208 0.5 -0.609,
  -0.0791 0.371 -0.564,
  -0.0446 0.19 -0.501,
  -0.375 0.38 -0.604,
  -0.214 0.315 -0.563,
  -0.113 0.162 -0.501,
  -0.484 0.2 -0.601,
  -0.317 0.211 -0.563,
  -0.165 0.109 -0.501,
  -0.522 -0.0105 -0.59,
  -0.373 0.0753 -0.563,
  -0.194 0.0403 -0.501,
  -0.484 -0.215 -0.608,
  -0.373 -0.0713 -0.563,
  -0.194 -0.0342 -0.501,
  -0.379 -0.386 -0.603,
  -0.317 -0.206 -0.563,
  -0.165 -0.103 -0.501,
  -0.21 -0.5 -0.609,
  -0.214 -0.31 -0.563,
  -0.113 -0.155 -0.502,
  -0.00372 -0.54 -0.613,
  -0.0791 -0.366 -0.564,
  -0.0446 -0.184 -0.501,
  0.204 -0.499 -0.609,
  0.0673 -0.366 -0.564,
  0.0298 -0.184 -0.501,
  0.38 -0.382 -0.604,
  0.203 -0.31 -0.563,
  0.0983 -0.155 -0.501,
  0.497 -0.206 -0.609,
  0.306 -0.206 -0.563,
  0.151 -0.102 -0.501,
  0.362 -0.0706 -0.564,
  0.179 -0.0338 -0.501,
  0.172 0.0777 -0.501,
  0.187 0.0034 -0.501,
  0.13 0.141 -0.502,
  0.0668 0.183 -0.501,
  -0.00745 0.198 -0.501,
  -0.0816 0.183 -0.501,
  -0.144 0.14 -0.502,
  -0.186 0.0774 -0.501,
  -0.201 0.00302 -0.501,
  -0.186 -0.0712 -0.501,
  -0.144 -0.134 -0.502,
  -0.0816 -0.176 -0.501,
  -0.00744 -0.191 -0.501,
  0.0668 -0.176 -0.501,
  0.13 -0.134 -0.502,
  0.172 -0.0709 -0.501 ]
}

coordIndex	[ 116, 114, 3, 117, -1, 115, 114, 0,
  121, -1, 122, 121, 0, 125, -1, 126,
  125, 0, 129, -1, 130, 129, 0, 133,
  -1, 134, 133, 0, 137, -1, 138, 137,
  0, 141, -1, 142, 141, 0, 145, -1,
  146, 145, 0, 149, -1, 150, 149, 0,
  153, -1, 154, 153, 0, 157, -1, 158,
  157, 0, 161, -1, 162, 161, 0, 165,
  -1, 166, 165, 0, 169, -1, 170, 169,
  0, 173, -1, 120, 119, 2, 176, -1,
  118, 117, 3, 178, -1, 124, 123, 4,
  182, -1, 128, 127, 5, 185, -1, 132,
  131, 6, 188, -1, 136, 135, 7, 191,
  -1, 140, 139, 8, 194, -1, 144, 143,
  9, 197, -1, 148, 147, 10, 200, -1,
  152, 151, 11, 203, -1, 156, 155, 12,
  206, -1, 160, 159, 13, 209, -1, 164,
  163, 14, 212, -1, 168, 167, 15, 215,
  -1, 172, 171, 16, 218, -1, 175, 174,
  17, 221, -1, 177, 176, 2, 181, -1,
  180, 179, 19, 226, -1, 184, 183, 20,
  230, -1, 187, 186, 21, 233, -1, 190,
  189, 22, 236, -1, 193, 192, 23, 239,
  -1, 196, 195, 24, 242, -1, 199, 198,
  25, 245, -1, 202, 201, 26, 248, -1,
  205, 204, 27, 251, -1, 208, 207, 28,
  254, -1, 211, 210, 29, 257, -1, 214,
  213, 30, 260, -1, 217, 216, 31, 263,
  -1, 220, 219, 32, 266, -1, 223, 222,
  33, 269, -1, 225, 224, 18, 229, -1,
  228, 227, 35, 274, -1, 232, 231, 36,
  278, -1, 235, 234, 37, 281, -1, 238,
  237, 38, 284, -1, 241, 240, 39, 287,
  -1, 244, 243, 40, 290, -1, 247, 246,
  41, 293, -1, 250, 249, 42, 296, -1,
  253, 252, 43, 299, -1, 256, 255, 44,
  302, -1, 259, 258, 45, 305, -1, 262,
  261, 46, 308, -1, 265, 264, 47, 311,
  -1, 268, 267, 48, 314, -1, 271, 270,
  49, 317, -1, 273, 272, 34, 277, -1,
  276, 275, 51, 322, -1, 280, 279, 52,
  326, -1, 283, 282, 53, 329, -1, 286,
  285, 54, 332, -1, 289, 288, 55, 335,
  -1, 292, 291, 56, 338, -1, 295, 294,
  57, 341, -1, 298, 297, 58, 344, -1,
  301, 300, 59, 347, -1, 304, 303, 60,
  350, -1, 307, 306, 61, 353, -1, 310,
  309, 62, 356, -1, 313, 312, 63, 359,
  -1, 316, 315, 64, 362, -1, 319, 318,
  65, 365, -1, 321, 320, 50, 325, -1,
  324, 323, 67, 370, -1, 328, 327, 68,
  374, -1, 331, 330, 69, 377, -1, 334,
  333, 70, 380, -1, 337, 336, 71, 383,
  -1, 340, 339, 72, 386, -1, 343, 342,
  73, 389, -1, 346, 345, 74, 392, -1,
  349, 348, 75, 395, -1, 352, 351, 76,
  398, -1, 355, 354, 77, 401, -1, 358,
  357, 78, 404, -1, 361, 360, 79, 407,
  -1, 364, 363, 80, 410, -1, 367, 366,
  81, 413, -1, 369, 368, 66, 373, -1,
  372, 371, 83, 418, -1, 376, 375, 84,
  422, -1, 379, 378, 85, 425, -1, 382,
  381, 86, 428, -1, 385, 384, 87, 431,
  -1, 388, 387, 88, 434, -1, 391, 390,
  89, 437, -1, 394, 393, 90, 440, -1,
  397, 396, 91, 443, -1, 400, 399, 92,
  446, -1, 403, 402, 93, 449, -1, 406,
  405, 94, 452, -1, 409, 408, 95, 455,
  -1, 412, 411, 96, 458, -1, 415, 414,
  97, 461, -1, 417, 416, 82, 421, -1,
  420, 419, 99, 466, -1, 424, 423, 100,
  468, -1, 427, 426, 101, 469, -1, 430,
  429, 102, 470, -1, 433, 432, 103, 471,
  -1, 436, 435, 104, 472, -1, 439, 438,
  105, 473, -1, 442, 441, 106, 474, -1,
  445, 444, 107, 475, -1, 448, 447, 108,
  476, -1, 451, 450, 109, 477, -1, 454,
  453, 110, 478, -1, 457, 456, 111, 479,
  -1, 460, 459, 112, 480, -1, 463, 462,
  113, 481, -1, 465, 464, 98, 467, -1,
  116, 117, 2, 119, -1, 119, 0, 114,
  116, -1, 115, 121, 4, 123, -1, 123,
  3, 114, 115, -1, 122, 125, 5, 127,
  -1, 127, 4, 121, 122, -1, 126, 129,
  6, 131, -1, 131, 5, 125, 126, -1,
  130, 133, 7, 135, -1, 135, 6, 129,
  130, -1, 134, 137, 8, 139, -1, 139,
  7, 133, 134, -1, 138, 141, 9, 143,
  -1, 143, 8, 137, 138, -1, 142, 145,
  10, 147, -1, 147, 9, 141, 142, -1,
  146, 149, 11, 151, -1, 151, 10, 145,
  146, -1, 150, 153, 12, 155, -1, 155,
  11, 149, 150, -1, 154, 157, 13, 159,
  -1, 159, 12, 153, 154, -1, 158, 161,
  14, 163, -1, 163, 13, 157, 158, -1,
  162, 165, 15, 167, -1, 167, 14, 161,
  162, -1, 166, 169, 16, 171, -1, 171,
  15, 165, 166, -1, 173, 0, 119, 120,
  -1, 170, 173, 17, 174, -1, 174, 16,
  169, 170, -1, 176, 17, 173, 120, -1,
  178, 3, 123, 124, -1, 118, 178, 19,
  179, -1, 118, 179, 18, 181, -1, 177,
  181, 18, 224, -1, 181, 2, 117, 118,
  -1, 182, 4, 127, 128, -1, 124, 182,
  20, 183, -1, 183, 19, 178, 124, -1,
  185, 5, 131, 132, -1, 128, 185, 21,
  186, -1, 186, 20, 182, 128, -1, 188,
  6, 135, 136, -1, 132, 188, 22, 189,
  -1, 189, 21, 185, 132, -1, 191, 7,
  139, 140, -1, 136, 191, 23, 192, -1,
  192, 22, 188, 136, -1, 194, 8, 143,
  144, -1, 140, 194, 24, 195, -1, 195,
  23, 191, 140, -1, 197, 9, 147, 148,
  -1, 144, 197, 25, 198, -1, 198, 24,
  194, 144, -1, 200, 10, 151, 152, -1,
  148, 200, 26, 201, -1, 201, 25, 197,
  148, -1, 203, 11, 155, 156, -1, 152,
  203, 27, 204, -1, 204, 26, 200, 152,
  -1, 206, 12, 159, 160, -1, 156, 206,
  28, 207, -1, 207, 27, 203, 156, -1,
  209, 13, 163, 164, -1, 160, 209, 29,
  210, -1, 210, 28, 206, 160, -1, 212,
  14, 167, 168, -1, 164, 212, 30, 213,
  -1, 213, 29, 209, 164, -1, 215, 15,
  171, 172, -1, 168, 215, 31, 216, -1,
  216, 30, 212, 168, -1, 218, 16, 174,
  175, -1, 172, 218, 32, 219, -1, 219,
  31, 215, 172, -1, 221, 17, 176, 177,
  -1, 175, 221, 33, 222, -1, 222, 32,
  218, 175, -1, 224, 33, 221, 177, -1,
  226, 19, 183, 184, -1, 180, 226, 35,
  227, -1, 180, 227, 34, 229, -1, 225,
  229, 34, 272, -1, 229, 18, 179, 180,
  -1, 230, 20, 186, 187, -1, 184, 230,
  36, 231, -1, 231, 35, 226, 184, -1,
  233, 21, 189, 190, -1, 187, 233, 37,
  234, -1, 234, 36, 230, 187, -1, 236,
  22, 192, 193, -1, 190, 236, 38, 237,
  -1, 237, 37, 233, 190, -1, 239, 23,
  195, 196, -1, 193, 239, 39, 240, -1,
  240, 38, 236, 193, -1, 242, 24, 198,
  199, -1, 196, 242, 40, 243, -1, 243,
  39, 239, 196, -1, 245, 25, 201, 202,
  -1, 199, 245, 41, 246, -1, 246, 40,
  242, 199, -1, 248, 26, 204, 205, -1,
  202, 248, 42, 249, -1, 249, 41, 245,
  202, -1, 251, 27, 207, 208, -1, 205,
  251, 43, 252, -1, 252, 42, 248, 205,
  -1, 254, 28, 210, 211, -1, 208, 254,
  44, 255, -1, 255, 43, 251, 208, -1,
  257, 29, 213, 214, -1, 211, 257, 45,
  258, -1, 258, 44, 254, 211, -1, 260,
  30, 216, 217, -1, 214, 260, 46, 261,
  -1, 261, 45, 257, 214, -1, 263, 31,
  219, 220, -1, 217, 263, 47, 264, -1,
  264, 46, 260, 217, -1, 266, 32, 222,
  223, -1, 220, 266, 48, 267, -1, 267,
  47, 263, 220, -1, 269, 33, 224, 225,
  -1, 223, 269, 49, 270, -1, 270, 48,
  266, 223, -1, 272, 49, 269, 225, -1,
  274, 35, 231, 232, -1, 228, 274, 51,
  275, -1, 228, 275, 50, 277, -1, 273,
  277, 50, 320, -1, 277, 34, 227, 228,
  -1, 278, 36, 234, 235, -1, 232, 278,
  52, 279, -1, 279, 51, 274, 232, -1,
  281, 37, 237, 238, -1, 235, 281, 53,
  282, -1, 282, 52, 278, 235, -1, 284,
  38, 240, 241, -1, 238, 284, 54, 285,
  -1, 285, 53, 281, 238, -1, 287, 39,
  243, 244, -1, 241, 287, 55, 288, -1,
  288, 54, 284, 241, -1, 290, 40, 246,
  247, -1, 244, 290, 56, 291, -1, 291,
  55, 287, 244, -1, 293, 41, 249, 250,
  -1, 247, 293, 57, 294, -1, 294, 56,
  290, 247, -1, 296, 42, 252, 253, -1,
  250, 296, 58, 297, -1, 297, 57, 293,
  250, -1, 299, 43, 255, 256, -1, 253,
  299, 59, 300, -1, 300, 58, 296, 253,
  -1, 302, 44, 258, 259, -1, 256, 302,
  60, 303, -1, 303, 59, 299, 256, -1,
  305, 45, 261, 262, -1, 259, 305, 61,
  306, -1, 306, 60, 302, 259, -1, 308,
  46, 264, 265, -1, 262, 308, 62, 309,
  -1, 309, 61, 305, 262, -1, 311, 47,
  267, 268, -1, 265, 311, 63, 312, -1,
  312, 62, 308, 265, -1, 314, 48, 270,
  271, -1, 268, 314, 64, 315, -1, 315,
  63, 311, 268, -1, 317, 49, 272, 273,
  -1, 271, 317, 65, 318, -1, 318, 64,
  314, 271, -1, 320, 65, 317, 273, -1,
  322, 51, 279, 280, -1, 276, 322, 67,
  323, -1, 276, 323, 66, 325, -1, 321,
  325, 66, 368, -1, 325, 50, 275, 276,
  -1, 326, 52, 282, 283, -1, 280, 326,
  68, 327, -1, 327, 67, 322, 280, -1,
  329, 53, 285, 286, -1, 283, 329, 69,
  330, -1, 330, 68, 326, 283, -1, 332,
  54, 288, 289, -1, 286, 332, 70, 333,
  -1, 333, 69, 329, 286, -1, 335, 55,
  291, 292, -1, 289, 335, 71, 336, -1,
  336, 70, 332, 289, -1, 338, 56, 294,
  295, -1, 292, 338, 72, 339, -1, 339,
  71, 335, 292, -1, 341, 57, 297, 298,
  -1, 295, 341, 73, 342, -1, 342, 72,
  338, 295, -1, 344, 58, 300, 301, -1,
  298, 344, 74, 345, -1, 345, 73, 341,
  298, -1, 347, 59, 303, 304, -1, 301,
  347, 75, 348, -1, 348, 74, 344, 301,
  -1, 350, 60, 306, 307, -1, 304, 350,
  76, 351, -1, 351, 75, 347, 304, -1,
  353, 61, 309, 310, -1, 307, 353, 77,
  354, -1, 354, 76, 350, 307, -1, 356,
  62, 312, 313, -1, 310, 356, 78, 357,
  -1, 357, 77, 353, 310, -1, 359, 63,
  315, 316, -1, 313, 359, 79, 360, -1,
  360, 78, 356, 313, -1, 362, 64, 318,
  319, -1, 316, 362, 80, 363, -1, 363,
  79, 359, 316, -1, 365, 65, 320, 321,
  -1, 319, 365, 81, 366, -1, 366, 80,
  362, 319, -1, 368, 81, 365, 321, -1,
  370, 67, 327, 328, -1, 324, 370, 83,
  371, -1, 324, 371, 82, 373, -1, 369,
  373, 82, 416, -1, 373, 66, 323, 324,
  -1, 374, 68, 330, 331, -1, 328, 374,
  84, 375, -1, 375, 83, 370, 328, -1,
  377, 69, 333, 334, -1, 331, 377, 85,
  378, -1, 378, 84, 374, 331, -1, 380,
  70, 336, 337, -1, 334, 380, 86, 381,
  -1, 381, 85, 377, 334, -1, 383, 71,
  339, 340, -1, 337, 383, 87, 384, -1,
  384, 86, 380, 337, -1, 386, 72, 342,
  343, -1, 340, 386, 88, 387, -1, 387,
  87, 383, 340, -1, 389, 73, 345, 346,
  -1, 343, 389, 89, 390, -1, 390, 88,
  386, 343, -1, 392, 74, 348, 349, -1,
  346, 392, 90, 393, -1, 393, 89, 389,
  346, -1, 395, 75, 351, 352, -1, 349,
  395, 91, 396, -1, 396, 90, 392, 349,
  -1, 398, 76, 354, 355, -1, 352, 398,
  92, 399, -1, 399, 91, 395, 352, -1,
  401, 77, 357, 358, -1, 355, 401, 93,
  402, -1, 402, 92, 398, 355, -1, 404,
  78, 360, 361, -1, 358, 404, 94, 405,
  -1, 405, 93, 401, 358, -1, 407, 79,
  363, 364, -1, 361, 407, 95, 408, -1,
  408, 94, 404, 361, -1, 410, 80, 366,
  367, -1, 364, 410, 96, 411, -1, 411,
  95, 407, 364, -1, 413, 81, 368, 369,
  -1, 367, 413, 97, 414, -1, 414, 96,
  410, 367, -1, 416, 97, 413, 369, -1,
  418, 83, 375, 376, -1, 372, 418, 99,
  419, -1, 372, 419, 98, 421, -1, 417,
  421, 98, 464, -1, 421, 82, 371, 372,
  -1, 422, 84, 378, 379, -1, 376, 422,
  100, 423, -1, 423, 99, 418, 376, -1,
  425, 85, 381, 382, -1, 379, 425, 101,
  426, -1, 426, 100, 422, 379, -1, 428,
  86, 384, 385, -1, 382, 428, 102, 429,
  -1, 429, 101, 425, 382, -1, 431, 87,
  387, 388, -1, 385, 431, 103, 432, -1,
  432, 102, 428, 385, -1, 434, 88, 390,
  391, -1, 388, 434, 104, 435, -1, 435,
  103, 431, 388, -1, 437, 89, 393, 394,
  -1, 391, 437, 105, 438, -1, 438, 104,
  434, 391, -1, 440, 90, 396, 397, -1,
  394, 440, 106, 441, -1, 441, 105, 437,
  394, -1, 443, 91, 399, 400, -1, 397,
  443, 107, 444, -1, 444, 106, 440, 397,
  -1, 446, 92, 402, 403, -1, 400, 446,
  108, 447, -1, 447, 107, 443, 400, -1,
  449, 93, 405, 406, -1, 403, 449, 109,
  450, -1, 450, 108, 446, 403, -1, 452,
  94, 408, 409, -1, 406, 452, 110, 453,
  -1, 453, 109, 449, 406, -1, 455, 95,
  411, 412, -1, 409, 455, 111, 456, -1,
  456, 110, 452, 409, -1, 458, 96, 414,
  415, -1, 412, 458, 112, 459, -1, 459,
  111, 455, 412, -1, 461, 97, 416, 417,
  -1, 415, 461, 113, 462, -1, 462, 112,
  458, 415, -1, 464, 113, 461, 417, -1,
  466, 99, 423, 424, -1, 420, 466, 1,
  467, -1, 465, 467, 1, 481, -1, 467,
  98, 419, 420, -1, 468, 100, 426, 427,
  -1, 468, 1, 466, 424, -1, 469, 101,
  429, 430, -1, 469, 1, 468, 427, -1,
  470, 102, 432, 433, -1, 470, 1, 469,
  430, -1, 471, 103, 435, 436, -1, 471,
  1, 470, 433, -1, 472, 104, 438, 439,
  -1, 472, 1, 471, 436, -1, 473, 105,
  441, 442, -1, 473, 1, 472, 439, -1,
  474, 106, 444, 445, -1, 474, 1, 473,
  442, -1, 475, 107, 447, 448, -1, 475,
  1, 474, 445, -1, 476, 108, 450, 451,
  -1, 476, 1, 475, 448, -1, 477, 109,
  453, 454, -1, 477, 1, 476, 451, -1,
  478, 110, 456, 457, -1, 478, 1, 477,
  454, -1, 479, 111, 459, 460, -1, 479,
  1, 478, 457, -1, 480, 112, 462, 463,
  -1, 480, 1, 479, 460, -1, 481, 113,
  464, 465, -1, 481, 1, 480, 463, -1 ]
colorPerVertex	FALSE
ccw	FALSE
solid	TRUE
creaseAngle	0.559
normalIndex	[  ]
texCoordIndex	[  ]
}

}

translation	-2.04917 -0.54584 -0.492056
rotation	-0.312012 0.661085 -0.68236  0.181997
scale	0.957 0.476 0.259
scaleOrientation	0 0 1  0
center	0.137 0 0.1905
}
DEF lfoot Transform {
children	Shape {
appearance	Appearance {
material	Material {
ambientIntensity	0.1
diffuseColor	0.859 0.294 0.416
specularColor	0.1 0.1 0.1
emissiveColor	0 0 0
shininess	0
transparency	0
}

}

geometry	DEF _5 IndexedFaceSet {
coord	Coordinate {
point	[ 1.19e-007 -1.18e-008 1,
  -0.00896 0.0041 -0.457,
  0.383 3.59e-008 0.924,
  0.354 0.146 0.924,
  0.271 0.271 0.924,
  0.146 0.354 0.924,
  6.84e-008 0.383 0.924,
  -0.146 0.353 0.924,
  -0.27 0.27 0.924,
  -0.352 0.146 0.924,
  -0.381 -0.000774 0.924,
  -0.352 -0.147 0.924,
  -0.27 -0.271 0.924,
  -0.146 -0.354 0.924,
  -1.76e-008 -0.383 0.924,
  0.146 -0.354 0.924,
  0.271 -0.271 0.924,
  0.354 -0.146 0.924,
  0.707 -3.89e-008 0.707,
  0.653 0.271 0.707,
  0.5 0.5 0.707,
  0.271 0.653 0.707,
  6.68e-008 0.707 0.707,
  -0.263 0.65 0.707,
  -0.477 0.49 0.709,
  -0.612 0.252 0.711,
  -0.656 -0.0235 0.713,
  -0.615 -0.288 0.711,
  -0.484 -0.507 0.709,
  -0.267 -0.655 0.707,
  -1.45e-008 -0.707 0.707,
  0.271 -0.653 0.707,
  0.5 -0.5 0.707,
  0.653 -0.271 0.707,
  0.924 -9.76e-009 0.383,
  0.854 0.354 0.383,
  0.653 0.653 0.383,
  0.354 0.854 0.383,
  4.6e-008 0.924 0.383,
  -0.324 0.84 0.383,
  -0.574 0.617 0.387,
  -0.701 0.284 0.398,
  -0.716 -0.0949 0.405,
  -0.712 -0.418 0.398,
  -0.611 -0.673 0.387,
  -0.35 -0.855 0.383,
  -9.2e-008 -0.924 0.383,
  0.354 -0.854 0.383,
  0.653 -0.653 0.383,
  0.854 -0.354 0.383,
  1 3.6e-008 5.96e-008,
  0.924 0.383 5.96e-008,
  0.707 0.707 5.96e-008,
  0.383 0.924 5.96e-008,
  5.96e-008 1 5.96e-008,
  -0.336 0.902 0.000183,
  -0.596 0.656 0.00557,
  -0.706 0.283 0.0225,
  -0.686 -0.143 0.0339,
  -0.716 -0.478 0.0225,
  -0.656 -0.731 0.00557,
  -0.381 -0.925 0.000183,
  7.11e-014 -1 5.96e-008,
  0.383 -0.924 5.96e-008,
  0.707 -0.707 5.96e-008,
  0.924 -0.383 5.96e-008,
  0.924 2.21e-005 -0.38,
  0.853 0.354 -0.375,
  0.653 0.653 -0.369,
  0.353 0.854 -0.375,
  -4.83e-005 0.924 -0.38,
  -0.324 0.84 -0.375,
  -0.574 0.617 -0.364,
  -0.701 0.284 -0.36,
  -0.716 -0.0948 -0.357,
  -0.712 -0.418 -0.36,
  -0.611 -0.673 -0.364,
  -0.35 -0.855 -0.375,
  -4.85e-005 -0.924 -0.38,
  0.353 -0.853 -0.375,
  0.653 -0.653 -0.369,
  0.853 -0.353 -0.375,
  0.706 0.000673 -0.618,
  0.652 0.271 -0.609,
  0.498 0.501 -0.599,
  0.269 0.654 -0.609,
  -0.00147 0.708 -0.618,
  -0.265 0.651 -0.609,
  -0.479 0.49 -0.598,
  -0.614 0.252 -0.605,
  -0.657 -0.0229 -0.612,
  -0.616 -0.287 -0.605,
  -0.486 -0.507 -0.598,
  -0.269 -0.654 -0.609,
  -0.00147 -0.706 -0.618,
  0.269 -0.653 -0.609,
  0.498 -0.499 -0.599,
  0.652 -0.27 -0.609,
  0.377 0.00271 -0.565,
  0.348 0.149 -0.565,
  0.265 0.273 -0.565,
  0.141 0.356 -0.565,
  -0.00593 0.385 -0.565,
  -0.152 0.356 -0.565,
  -0.276 0.273 -0.565,
  -0.358 0.148 -0.565,
  -0.387 0.00194 -0.564,
  -0.358 -0.144 -0.565,
  -0.276 -0.268 -0.565,
  -0.152 -0.351 -0.565,
  -0.00593 -0.38 -0.565,
  0.141 -0.351 -0.565,
  0.265 -0.268 -0.565,
  0.348 -0.144 -0.565,
  0.18 0.0746 0.981,
  0.159 0.106 0.981,
  0.188 0.0374 0.981,
  0.369 0.0734 0.926,
  0.538 0.107 0.836,
  0.195 7.28e-009 0.981,
  0.188 -0.0374 0.981,
  0.138 0.138 0.981,
  0.106 0.159 0.981,
  0.313 0.209 0.926,
  0.456 0.305 0.836,
  0.0746 0.18 0.981,
  0.0374 0.188 0.981,
  0.209 0.313 0.926,
  0.305 0.456 0.836,
  -5.76e-007 0.195 0.981,
  -0.0373 0.188 0.981,
  0.0734 0.369 0.926,
  0.107 0.538 0.836,
  -0.0745 0.18 0.981,
  -0.106 0.159 0.981,
  -0.0733 0.369 0.927,
  -0.105 0.537 0.836,
  -0.138 0.138 0.981,
  -0.159 0.106 0.982,
  -0.209 0.313 0.927,
  -0.298 0.453 0.838,
  -0.18 0.0744 0.982,
  -0.187 0.0371 0.982,
  -0.312 0.209 0.927,
  -0.442 0.298 0.84,
  -0.195 -0.000387 0.982,
  -0.187 -0.0378 0.982,
  -0.368 0.0727 0.927,
  -0.518 0.0965 0.842,
  -0.18 -0.075 0.982,
  -0.159 -0.107 0.981,
  -0.368 -0.0741 0.927,
  -0.519 -0.118 0.842,
  -0.138 -0.138 0.981,
  -0.106 -0.159 0.981,
  -0.312 -0.21 0.927,
  -0.443 -0.312 0.839,
  -0.0745 -0.18 0.981,
  -0.0373 -0.188 0.981,
  -0.209 -0.313 0.927,
  -0.3 -0.458 0.837,
  2.24e-006 -0.195 0.981,
  0.0374 -0.188 0.981,
  -0.0733 -0.369 0.926,
  -0.106 -0.538 0.836,
  0.0746 -0.18 0.981,
  0.106 -0.159 0.981,
  0.0734 -0.369 0.926,
  0.107 -0.538 0.836,
  0.138 -0.138 0.981,
  0.159 -0.106 0.981,
  0.209 -0.313 0.926,
  0.305 -0.456 0.836,
  0.18 -0.0746 0.981,
  0.313 -0.209 0.926,
  0.456 -0.305 0.836,
  0.369 -0.0734 0.926,
  0.538 -0.107 0.836,
  0.513 0.213 0.831,
  0.687 0.137 0.714,
  0.811 0.161 0.562,
  0.556 -3.7e-009 0.831,
  0.393 0.393 0.831,
  0.582 0.389 0.714,
  0.687 0.459 0.562,
  0.213 0.513 0.831,
  0.389 0.582 0.714,
  0.459 0.687 0.562,
  -6.03e-005 0.556 0.831,
  0.137 0.687 0.714,
  0.161 0.811 0.563,
  -0.209 0.512 0.832,
  -0.133 0.686 0.714,
  -0.153 0.807 0.563,
  -0.383 0.388 0.834,
  -0.375 0.576 0.715,
  -0.429 0.672 0.563,
  -0.495 0.204 0.836,
  -0.552 0.375 0.716,
  -0.619 0.424 0.563,
  -0.533 -0.0121 0.838,
  -0.641 0.115 0.717,
  -0.699 0.107 0.563,
  -0.496 -0.222 0.836,
  -0.642 -0.157 0.717,
  -0.704 -0.209 0.565,
  -0.385 -0.397 0.833,
  -0.556 -0.402 0.717,
  -0.632 -0.485 0.567,
  -0.211 -0.514 0.832,
  -0.38 -0.587 0.715,
  -0.444 -0.695 0.565,
  1.93e-005 -0.556 0.831,
  -0.135 -0.688 0.714,
  -0.159 -0.811 0.563,
  0.213 -0.513 0.831,
  0.137 -0.687 0.714,
  0.161 -0.81 0.562,
  0.393 -0.393 0.831,
  0.389 -0.582 0.714,
  0.459 -0.687 0.562,
  0.513 -0.213 0.831,
  0.582 -0.389 0.714,
  0.687 -0.459 0.562,
  0.687 -0.137 0.714,
  0.811 -0.161 0.562,
  0.768 0.318 0.556,
  0.904 0.18 0.389,
  0.961 0.191 0.198,
  0.831 -2.75e-008 0.556,
  0.588 0.588 0.556,
  0.766 0.512 0.389,
  0.814 0.544 0.198,
  0.318 0.768 0.556,
  0.512 0.766 0.389,
  0.544 0.814 0.198,
  -0.00033 0.832 0.555,
  0.18 0.905 0.389,
  0.191 0.962 0.199,
  -0.301 0.76 0.555,
  -0.166 0.898 0.389,
  -0.175 0.952 0.198,
  -0.539 0.564 0.556,
  -0.461 0.742 0.391,
  -0.482 0.78 0.199,
  -0.674 0.272 0.56,
  -0.654 0.457 0.396,
  -0.672 0.469 0.205,
  -0.704 -0.0591 0.564,
  -0.718 0.0949 0.402,
  -0.714 0.0821 0.214,
  -0.679 -0.358 0.561,
  -0.722 -0.257 0.403,
  -0.72 -0.283 0.214,
  -0.56 -0.601 0.558,
  -0.675 -0.551 0.397,
  -0.703 -0.584 0.207,
  -0.315 -0.77 0.556,
  -0.49 -0.778 0.392,
  -0.522 -0.828 0.202,
  2.78e-005 -0.831 0.556,
  -0.178 -0.904 0.389,
  -0.19 -0.962 0.199,
  0.318 -0.768 0.556,
  0.18 -0.903 0.389,
  0.191 -0.961 0.198,
  0.588 -0.588 0.556,
  0.512 -0.766 0.389,
  0.544 -0.815 0.198,
  0.768 -0.318 0.556,
  0.766 -0.512 0.389,
  0.815 -0.544 0.198,
  0.904 -0.18 0.389,
  0.961 -0.191 0.198,
  0.906 0.375 0.195,
  0.981 0.195 -2.63e-005,
  0.964 0.192 -0.197,
  0.981 1.41e-008 0.195,
  0.694 0.694 0.195,
  0.831 0.556 -5.3e-005,
  0.817 0.546 -0.194,
  0.375 0.906 0.195,
  0.556 0.831 -5.13e-005,
  0.546 0.817 -0.194,
  -0.000676 0.98 0.195,
  0.195 0.982 -2.62e-005,
  0.192 0.965 -0.197,
  -0.338 0.886 0.194,
  -0.173 0.971 6.87e-005,
  -0.176 0.955 -0.196,
  -0.596 0.644 0.198,
  -0.481 0.796 0.00285,
  -0.484 0.782 -0.188,
  -0.71 0.285 0.21,
  -0.67 0.476 0.014,
  -0.674 0.47 -0.176,
  -0.706 -0.119 0.219,
  -0.703 0.0697 0.0282,
  -0.715 0.0821 -0.165,
  -0.723 -0.449 0.211,
  -0.708 -0.31 0.0282,
  -0.721 -0.283 -0.165,
  -0.647 -0.712 0.199,
  -0.701 -0.609 0.014,
  -0.705 -0.585 -0.178,
  -0.373 -0.907 0.195,
  -0.531 -0.846 0.00283,
  -0.524 -0.83 -0.192,
  1.78e-005 -0.981 0.195,
  -0.194 -0.982 6.51e-005,
  -0.191 -0.965 -0.196,
  0.375 -0.906 0.195,
  0.195 -0.981 -2.57e-005,
  0.192 -0.964 -0.197,
  0.694 -0.694 0.195,
  0.556 -0.831 -5.45e-005,
  0.546 -0.817 -0.194,
  0.906 -0.375 0.195,
  0.831 -0.556 -5.52e-005,
  0.817 -0.546 -0.194,
  0.981 -0.195 -2.67e-005,
  0.964 -0.192 -0.197,
  0.909 0.377 -0.192,
  0.903 0.18 -0.385,
  0.814 0.163 -0.523,
  0.984 1.09e-005 -0.194,
  0.696 0.696 -0.189,
  0.764 0.511 -0.379,
  0.688 0.461 -0.515,
  0.377 0.909 -0.192,
  0.511 0.765 -0.379,
  0.46 0.689 -0.515,
  -0.000828 0.984 -0.194,
  0.18 0.904 -0.385,
  0.162 0.815 -0.524,
  -0.339 0.888 -0.191,
  -0.166 0.897 -0.385,
  -0.156 0.812 -0.523,
  -0.598 0.645 -0.181,
  -0.461 0.741 -0.376,
  -0.433 0.675 -0.511,
  -0.712 0.285 -0.169,
  -0.653 0.457 -0.366,
  -0.625 0.426 -0.499,
  -0.708 -0.119 -0.161,
  -0.718 0.0949 -0.36,
  -0.687 0.106 -0.488,
  -0.726 -0.449 -0.169,
  -0.722 -0.257 -0.36,
  -0.692 -0.207 -0.489,
  -0.649 -0.713 -0.183,
  -0.674 -0.55 -0.367,
  -0.637 -0.486 -0.506,
  -0.374 -0.91 -0.192,
  -0.49 -0.777 -0.378,
  -0.447 -0.697 -0.514,
  -6.05e-006 -0.984 -0.194,
  -0.178 -0.904 -0.385,
  -0.162 -0.815 -0.523,
  0.377 -0.909 -0.192,
  0.18 -0.903 -0.385,
  0.162 -0.814 -0.523,
  0.696 -0.696 -0.189,
  0.511 -0.765 -0.379,
  0.46 -0.688 -0.515,
  0.909 -0.377 -0.192,
  0.764 -0.511 -0.379,
  0.688 -0.461 -0.515,
  0.903 -0.18 -0.385,
  0.814 -0.162 -0.523,
  0.773 0.321 -0.513,
  0.68 0.136 -0.618,
  0.517 0.106 -0.61,
  0.837 0.000348 -0.52,
  0.591 0.592 -0.504,
  0.576 0.387 -0.608,
  0.438 0.298 -0.604,
  0.32 0.774 -0.512,
  0.384 0.578 -0.608,
  0.292 0.444 -0.604,
  -0.00127 0.838 -0.519,
  0.134 0.683 -0.619,
  0.1 0.523 -0.61,
  -0.305 0.765 -0.51,
  -0.134 0.681 -0.619,
  -0.106 0.522 -0.61,
  -0.546 0.568 -0.495,
  -0.373 0.572 -0.608,
  -0.292 0.44 -0.604,
  -0.682 0.275 -0.492,
  -0.549 0.373 -0.606,
  -0.429 0.29 -0.604,
  -0.692 -0.0588 -0.486,
  -0.638 0.115 -0.613,
  -0.504 0.095 -0.588,
  -0.688 -0.359 -0.495,
  -0.639 -0.155 -0.613,
  -0.504 -0.113 -0.588,
  -0.566 -0.604 -0.499,
  -0.553 -0.398 -0.606,
  -0.432 -0.301 -0.604,
  -0.319 -0.774 -0.512,
  -0.378 -0.582 -0.608,
  -0.295 -0.443 -0.604,
  -0.000745 -0.837 -0.519,
  -0.136 -0.682 -0.618,
  -0.107 -0.52 -0.61,
  0.32 -0.773 -0.513,
  0.134 -0.681 -0.618,
  0.1 -0.519 -0.61,
  0.591 -0.591 -0.504,
  0.384 -0.577 -0.608,
  0.292 -0.44 -0.604,
  0.772 -0.32 -0.513,
  0.576 -0.385 -0.608,
  0.438 -0.294 -0.604,
  0.68 -0.135 -0.618,
  0.517 -0.102 -0.61,
  0.497 0.21 -0.609,
  0.362 0.076 -0.564,
  0.179 0.0406 -0.501,
  0.538 0.00169 -0.613,
  0.38 0.385 -0.604,
  0.306 0.211 -0.563,
  0.151 0.109 -0.501,
  0.204 0.502 -0.609,
  0.203 0.315 -0.563,
  0.0983 0.162 -0.501,
  -0.00369 0.543 -0.613,
  0.0673 0.371 -0.564,
  0.0298 0.19 -0.501,
  -0.208 0.5 -0.609,
  -0.0791 0.371 -0.564,
  -0.0446 0.19 -0.501,
  -0.375 0.38 -0.604,
  -0.214 0.315 -0.563,
  -0.113 0.162 -0.501,
  -0.484 0.2 -0.601,
  -0.317 0.211 -0.563,
  -0.165 0.109 -0.501,
  -0.522 -0.0105 -0.59,
  -0.373 0.0753 -0.563,
  -0.194 0.0403 -0.501,
  -0.484 -0.215 -0.608,
  -0.373 -0.0713 -0.563,
  -0.194 -0.0342 -0.501,
  -0.379 -0.386 -0.603,
  -0.317 -0.206 -0.563,
  -0.165 -0.103 -0.501,
  -0.21 -0.5 -0.609,
  -0.214 -0.31 -0.563,
  -0.113 -0.155 -0.502,
  -0.00372 -0.54 -0.613,
  -0.0791 -0.366 -0.564,
  -0.0446 -0.184 -0.501,
  0.204 -0.499 -0.609,
  0.0673 -0.366 -0.564,
  0.0298 -0.184 -0.501,
  0.38 -0.382 -0.604,
  0.203 -0.31 -0.563,
  0.0983 -0.155 -0.501,
  0.497 -0.206 -0.609,
  0.306 -0.206 -0.563,
  0.151 -0.102 -0.501,
  0.362 -0.0706 -0.564,
  0.179 -0.0338 -0.501,
  0.172 0.0777 -0.501,
  0.187 0.0034 -0.501,
  0.13 0.141 -0.502,
  0.0668 0.183 -0.501,
  -0.00745 0.198 -0.501,
  -0.0816 0.183 -0.501,
  -0.144 0.14 -0.502,
  -0.186 0.0774 -0.501,
  -0.201 0.00302 -0.501,
  -0.186 -0.0712 -0.501,
  -0.144 -0.134 -0.502,
  -0.0816 -0.176 -0.501,
  -0.00744 -0.191 -0.501,
  0.0668 -0.176 -0.501,
  0.13 -0.134 -0.502,
  0.172 -0.0709 -0.501 ]
}

coordIndex	[ 116, 114, 3, 117, -1, 115, 114, 0,
  121, -1, 122, 121, 0, 125, -1, 126,
  125, 0, 129, -1, 130, 129, 0, 133,
  -1, 134, 133, 0, 137, -1, 138, 137,
  0, 141, -1, 142, 141, 0, 145, -1,
  146, 145, 0, 149, -1, 150, 149, 0,
  153, -1, 154, 153, 0, 157, -1, 158,
  157, 0, 161, -1, 162, 161, 0, 165,
  -1, 166, 165, 0, 169, -1, 170, 169,
  0, 173, -1, 120, 119, 2, 176, -1,
  118, 117, 3, 178, -1, 124, 123, 4,
  182, -1, 128, 127, 5, 185, -1, 132,
  131, 6, 188, -1, 136, 135, 7, 191,
  -1, 140, 139, 8, 194, -1, 144, 143,
  9, 197, -1, 148, 147, 10, 200, -1,
  152, 151, 11, 203, -1, 156, 155, 12,
  206, -1, 160, 159, 13, 209, -1, 164,
  163, 14, 212, -1, 168, 167, 15, 215,
  -1, 172, 171, 16, 218, -1, 175, 174,
  17, 221, -1, 177, 176, 2, 181, -1,
  180, 179, 19, 226, -1, 184, 183, 20,
  230, -1, 187, 186, 21, 233, -1, 190,
  189, 22, 236, -1, 193, 192, 23, 239,
  -1, 196, 195, 24, 242, -1, 199, 198,
  25, 245, -1, 202, 201, 26, 248, -1,
  205, 204, 27, 251, -1, 208, 207, 28,
  254, -1, 211, 210, 29, 257, -1, 214,
  213, 30, 260, -1, 217, 216, 31, 263,
  -1, 220, 219, 32, 266, -1, 223, 222,
  33, 269, -1, 225, 224, 18, 229, -1,
  228, 227, 35, 274, -1, 232, 231, 36,
  278, -1, 235, 234, 37, 281, -1, 238,
  237, 38, 284, -1, 241, 240, 39, 287,
  -1, 244, 243, 40, 290, -1, 247, 246,
  41, 293, -1, 250, 249, 42, 296, -1,
  253, 252, 43, 299, -1, 256, 255, 44,
  302, -1, 259, 258, 45, 305, -1, 262,
  261, 46, 308, -1, 265, 264, 47, 311,
  -1, 268, 267, 48, 314, -1, 271, 270,
  49, 317, -1, 273, 272, 34, 277, -1,
  276, 275, 51, 322, -1, 280, 279, 52,
  326, -1, 283, 282, 53, 329, -1, 286,
  285, 54, 332, -1, 289, 288, 55, 335,
  -1, 292, 291, 56, 338, -1, 295, 294,
  57, 341, -1, 298, 297, 58, 344, -1,
  301, 300, 59, 347, -1, 304, 303, 60,
  350, -1, 307, 306, 61, 353, -1, 310,
  309, 62, 356, -1, 313, 312, 63, 359,
  -1, 316, 315, 64, 362, -1, 319, 318,
  65, 365, -1, 321, 320, 50, 325, -1,
  324, 323, 67, 370, -1, 328, 327, 68,
  374, -1, 331, 330, 69, 377, -1, 334,
  333, 70, 380, -1, 337, 336, 71, 383,
  -1, 340, 339, 72, 386, -1, 343, 342,
  73, 389, -1, 346, 345, 74, 392, -1,
  349, 348, 75, 395, -1, 352, 351, 76,
  398, -1, 355, 354, 77, 401, -1, 358,
  357, 78, 404, -1, 361, 360, 79, 407,
  -1, 364, 363, 80, 410, -1, 367, 366,
  81, 413, -1, 369, 368, 66, 373, -1,
  372, 371, 83, 418, -1, 376, 375, 84,
  422, -1, 379, 378, 85, 425, -1, 382,
  381, 86, 428, -1, 385, 384, 87, 431,
  -1, 388, 387, 88, 434, -1, 391, 390,
  89, 437, -1, 394, 393, 90, 440, -1,
  397, 396, 91, 443, -1, 400, 399, 92,
  446, -1, 403, 402, 93, 449, -1, 406,
  405, 94, 452, -1, 409, 408, 95, 455,
  -1, 412, 411, 96, 458, -1, 415, 414,
  97, 461, -1, 417, 416, 82, 421, -1,
  420, 419, 99, 466, -1, 424, 423, 100,
  468, -1, 427, 426, 101, 469, -1, 430,
  429, 102, 470, -1, 433, 432, 103, 471,
  -1, 436, 435, 104, 472, -1, 439, 438,
  105, 473, -1, 442, 441, 106, 474, -1,
  445, 444, 107, 475, -1, 448, 447, 108,
  476, -1, 451, 450, 109, 477, -1, 454,
  453, 110, 478, -1, 457, 456, 111, 479,
  -1, 460, 459, 112, 480, -1, 463, 462,
  113, 481, -1, 465, 464, 98, 467, -1,
  116, 117, 2, 119, -1, 119, 0, 114,
  116, -1, 115, 121, 4, 123, -1, 123,
  3, 114, 115, -1, 122, 125, 5, 127,
  -1, 127, 4, 121, 122, -1, 126, 129,
  6, 131, -1, 131, 5, 125, 126, -1,
  130, 133, 7, 135, -1, 135, 6, 129,
  130, -1, 134, 137, 8, 139, -1, 139,
  7, 133, 134, -1, 138, 141, 9, 143,
  -1, 143, 8, 137, 138, -1, 142, 145,
  10, 147, -1, 147, 9, 141, 142, -1,
  146, 149, 11, 151, -1, 151, 10, 145,
  146, -1, 150, 153, 12, 155, -1, 155,
  11, 149, 150, -1, 154, 157, 13, 159,
  -1, 159, 12, 153, 154, -1, 158, 161,
  14, 163, -1, 163, 13, 157, 158, -1,
  162, 165, 15, 167, -1, 167, 14, 161,
  162, -1, 166, 169, 16, 171, -1, 171,
  15, 165, 166, -1, 173, 0, 119, 120,
  -1, 170, 173, 17, 174, -1, 174, 16,
  169, 170, -1, 176, 17, 173, 120, -1,
  178, 3, 123, 124, -1, 118, 178, 19,
  179, -1, 118, 179, 18, 181, -1, 177,
  181, 18, 224, -1, 181, 2, 117, 118,
  -1, 182, 4, 127, 128, -1, 124, 182,
  20, 183, -1, 183, 19, 178, 124, -1,
  185, 5, 131, 132, -1, 128, 185, 21,
  186, -1, 186, 20, 182, 128, -1, 188,
  6, 135, 136, -1, 132, 188, 22, 189,
  -1, 189, 21, 185, 132, -1, 191, 7,
  139, 140, -1, 136, 191, 23, 192, -1,
  192, 22, 188, 136, -1, 194, 8, 143,
  144, -1, 140, 194, 24, 195, -1, 195,
  23, 191, 140, -1, 197, 9, 147, 148,
  -1, 144, 197, 25, 198, -1, 198, 24,
  194, 144, -1, 200, 10, 151, 152, -1,
  148, 200, 26, 201, -1, 201, 25, 197,
  148, -1, 203, 11, 155, 156, -1, 152,
  203, 27, 204, -1, 204, 26, 200, 152,
  -1, 206, 12, 159, 160, -1, 156, 206,
  28, 207, -1, 207, 27, 203, 156, -1,
  209, 13, 163, 164, -1, 160, 209, 29,
  210, -1, 210, 28, 206, 160, -1, 212,
  14, 167, 168, -1, 164, 212, 30, 213,
  -1, 213, 29, 209, 164, -1, 215, 15,
  171, 172, -1, 168, 215, 31, 216, -1,
  216, 30, 212, 168, -1, 218, 16, 174,
  175, -1, 172, 218, 32, 219, -1, 219,
  31, 215, 172, -1, 221, 17, 176, 177,
  -1, 175, 221, 33, 222, -1, 222, 32,
  218, 175, -1, 224, 33, 221, 177, -1,
  226, 19, 183, 184, -1, 180, 226, 35,
  227, -1, 180, 227, 34, 229, -1, 225,
  229, 34, 272, -1, 229, 18, 179, 180,
  -1, 230, 20, 186, 187, -1, 184, 230,
  36, 231, -1, 231, 35, 226, 184, -1,
  233, 21, 189, 190, -1, 187, 233, 37,
  234, -1, 234, 36, 230, 187, -1, 236,
  22, 192, 193, -1, 190, 236, 38, 237,
  -1, 237, 37, 233, 190, -1, 239, 23,
  195, 196, -1, 193, 239, 39, 240, -1,
  240, 38, 236, 193, -1, 242, 24, 198,
  199, -1, 196, 242, 40, 243, -1, 243,
  39, 239, 196, -1, 245, 25, 201, 202,
  -1, 199, 245, 41, 246, -1, 246, 40,
  242, 199, -1, 248, 26, 204, 205, -1,
  202, 248, 42, 249, -1, 249, 41, 245,
  202, -1, 251, 27, 207, 208, -1, 205,
  251, 43, 252, -1, 252, 42, 248, 205,
  -1, 254, 28, 210, 211, -1, 208, 254,
  44, 255, -1, 255, 43, 251, 208, -1,
  257, 29, 213, 214, -1, 211, 257, 45,
  258, -1, 258, 44, 254, 211, -1, 260,
  30, 216, 217, -1, 214, 260, 46, 261,
  -1, 261, 45, 257, 214, -1, 263, 31,
  219, 220, -1, 217, 263, 47, 264, -1,
  264, 46, 260, 217, -1, 266, 32, 222,
  223, -1, 220, 266, 48, 267, -1, 267,
  47, 263, 220, -1, 269, 33, 224, 225,
  -1, 223, 269, 49, 270, -1, 270, 48,
  266, 223, -1, 272, 49, 269, 225, -1,
  274, 35, 231, 232, -1, 228, 274, 51,
  275, -1, 228, 275, 50, 277, -1, 273,
  277, 50, 320, -1, 277, 34, 227, 228,
  -1, 278, 36, 234, 235, -1, 232, 278,
  52, 279, -1, 279, 51, 274, 232, -1,
  281, 37, 237, 238, -1, 235, 281, 53,
  282, -1, 282, 52, 278, 235, -1, 284,
  38, 240, 241, -1, 238, 284, 54, 285,
  -1, 285, 53, 281, 238, -1, 287, 39,
  243, 244, -1, 241, 287, 55, 288, -1,
  288, 54, 284, 241, -1, 290, 40, 246,
  247, -1, 244, 290, 56, 291, -1, 291,
  55, 287, 244, -1, 293, 41, 249, 250,
  -1, 247, 293, 57, 294, -1, 294, 56,
  290, 247, -1, 296, 42, 252, 253, -1,
  250, 296, 58, 297, -1, 297, 57, 293,
  250, -1, 299, 43, 255, 256, -1, 253,
  299, 59, 300, -1, 300, 58, 296, 253,
  -1, 302, 44, 258, 259, -1, 256, 302,
  60, 303, -1, 303, 59, 299, 256, -1,
  305, 45, 261, 262, -1, 259, 305, 61,
  306, -1, 306, 60, 302, 259, -1, 308,
  46, 264, 265, -1, 262, 308, 62, 309,
  -1, 309, 61, 305, 262, -1, 311, 47,
  267, 268, -1, 265, 311, 63, 312, -1,
  312, 62, 308, 265, -1, 314, 48, 270,
  271, -1, 268, 314, 64, 315, -1, 315,
  63, 311, 268, -1, 317, 49, 272, 273,
  -1, 271, 317, 65, 318, -1, 318, 64,
  314, 271, -1, 320, 65, 317, 273, -1,
  322, 51, 279, 280, -1, 276, 322, 67,
  323, -1, 276, 323, 66, 325, -1, 321,
  325, 66, 368, -1, 325, 50, 275, 276,
  -1, 326, 52, 282, 283, -1, 280, 326,
  68, 327, -1, 327, 67, 322, 280, -1,
  329, 53, 285, 286, -1, 283, 329, 69,
  330, -1, 330, 68, 326, 283, -1, 332,
  54, 288, 289, -1, 286, 332, 70, 333,
  -1, 333, 69, 329, 286, -1, 335, 55,
  291, 292, -1, 289, 335, 71, 336, -1,
  336, 70, 332, 289, -1, 338, 56, 294,
  295, -1, 292, 338, 72, 339, -1, 339,
  71, 335, 292, -1, 341, 57, 297, 298,
  -1, 295, 341, 73, 342, -1, 342, 72,
  338, 295, -1, 344, 58, 300, 301, -1,
  298, 344, 74, 345, -1, 345, 73, 341,
  298, -1, 347, 59, 303, 304, -1, 301,
  347, 75, 348, -1, 348, 74, 344, 301,
  -1, 350, 60, 306, 307, -1, 304, 350,
  76, 351, -1, 351, 75, 347, 304, -1,
  353, 61, 309, 310, -1, 307, 353, 77,
  354, -1, 354, 76, 350, 307, -1, 356,
  62, 312, 313, -1, 310, 356, 78, 357,
  -1, 357, 77, 353, 310, -1, 359, 63,
  315, 316, -1, 313, 359, 79, 360, -1,
  360, 78, 356, 313, -1, 362, 64, 318,
  319, -1, 316, 362, 80, 363, -1, 363,
  79, 359, 316, -1, 365, 65, 320, 321,
  -1, 319, 365, 81, 366, -1, 366, 80,
  362, 319, -1, 368, 81, 365, 321, -1,
  370, 67, 327, 328, -1, 324, 370, 83,
  371, -1, 324, 371, 82, 373, -1, 369,
  373, 82, 416, -1, 373, 66, 323, 324,
  -1, 374, 68, 330, 331, -1, 328, 374,
  84, 375, -1, 375, 83, 370, 328, -1,
  377, 69, 333, 334, -1, 331, 377, 85,
  378, -1, 378, 84, 374, 331, -1, 380,
  70, 336, 337, -1, 334, 380, 86, 381,
  -1, 381, 85, 377, 334, -1, 383, 71,
  339, 340, -1, 337, 383, 87, 384, -1,
  384, 86, 380, 337, -1, 386, 72, 342,
  343, -1, 340, 386, 88, 387, -1, 387,
  87, 383, 340, -1, 389, 73, 345, 346,
  -1, 343, 389, 89, 390, -1, 390, 88,
  386, 343, -1, 392, 74, 348, 349, -1,
  346, 392, 90, 393, -1, 393, 89, 389,
  346, -1, 395, 75, 351, 352, -1, 349,
  395, 91, 396, -1, 396, 90, 392, 349,
  -1, 398, 76, 354, 355, -1, 352, 398,
  92, 399, -1, 399, 91, 395, 352, -1,
  401, 77, 357, 358, -1, 355, 401, 93,
  402, -1, 402, 92, 398, 355, -1, 404,
  78, 360, 361, -1, 358, 404, 94, 405,
  -1, 405, 93, 401, 358, -1, 407, 79,
  363, 364, -1, 361, 407, 95, 408, -1,
  408, 94, 404, 361, -1, 410, 80, 366,
  367, -1, 364, 410, 96, 411, -1, 411,
  95, 407, 364, -1, 413, 81, 368, 369,
  -1, 367, 413, 97, 414, -1, 414, 96,
  410, 367, -1, 416, 97, 413, 369, -1,
  418, 83, 375, 376, -1, 372, 418, 99,
  419, -1, 372, 419, 98, 421, -1, 417,
  421, 98, 464, -1, 421, 82, 371, 372,
  -1, 422, 84, 378, 379, -1, 376, 422,
  100, 423, -1, 423, 99, 418, 376, -1,
  425, 85, 381, 382, -1, 379, 425, 101,
  426, -1, 426, 100, 422, 379, -1, 428,
  86, 384, 385, -1, 382, 428, 102, 429,
  -1, 429, 101, 425, 382, -1, 431, 87,
  387, 388, -1, 385, 431, 103, 432, -1,
  432, 102, 428, 385, -1, 434, 88, 390,
  391, -1, 388, 434, 104, 435, -1, 435,
  103, 431, 388, -1, 437, 89, 393, 394,
  -1, 391, 437, 105, 438, -1, 438, 104,
  434, 391, -1, 440, 90, 396, 397, -1,
  394, 440, 106, 441, -1, 441, 105, 437,
  394, -1, 443, 91, 399, 400, -1, 397,
  443, 107, 444, -1, 444, 106, 440, 397,
  -1, 446, 92, 402, 403, -1, 400, 446,
  108, 447, -1, 447, 107, 443, 400, -1,
  449, 93, 405, 406, -1, 403, 449, 109,
  450, -1, 450, 108, 446, 403, -1, 452,
  94, 408, 409, -1, 406, 452, 110, 453,
  -1, 453, 109, 449, 406, -1, 455, 95,
  411, 412, -1, 409, 455, 111, 456, -1,
  456, 110, 452, 409, -1, 458, 96, 414,
  415, -1, 412, 458, 112, 459, -1, 459,
  111, 455, 412, -1, 461, 97, 416, 417,
  -1, 415, 461, 113, 462, -1, 462, 112,
  458, 415, -1, 464, 113, 461, 417, -1,
  466, 99, 423, 424, -1, 420, 466, 1,
  467, -1, 465, 467, 1, 481, -1, 467,
  98, 419, 420, -1, 468, 100, 426, 427,
  -1, 468, 1, 466, 424, -1, 469, 101,
  429, 430, -1, 469, 1, 468, 427, -1,
  470, 102, 432, 433, -1, 470, 1, 469,
  430, -1, 471, 103, 435, 436, -1, 471,
  1, 470, 433, -1, 472, 104, 438, 439,
  -1, 472, 1, 471, 436, -1, 473, 105,
  441, 442, -1, 473, 1, 472, 439, -1,
  474, 106, 444, 445, -1, 474, 1, 473,
  442, -1, 475, 107, 447, 448, -1, 475,
  1, 474, 445, -1, 476, 108, 450, 451,
  -1, 476, 1, 475, 448, -1, 477, 109,
  453, 454, -1, 477, 1, 476, 451, -1,
  478, 110, 456, 457, -1, 478, 1, 477,
  454, -1, 479, 111, 459, 460, -1, 479,
  1, 478, 457, -1, 480, 112, 462, 463,
  -1, 480, 1, 479, 460, -1, 481, 113,
  464, 465, -1, 481, 1, 480, 463, -1 ]
colorPerVertex	FALSE
ccw	FALSE
solid	TRUE
creaseAngle	0.559
normalIndex	[  ]
texCoordIndex	[  ]
}

}

translation	-2.05155 0.557156 -0.495155
rotation	0.333233 0.608165 0.72048  0.282841
scale	0.957 0.476 0.259
scaleOrientation	0 0 1  0
center	0.137 0 0.1905
}
]
translation	4.03057e-007 -7.24074e-008 -8.97606e-007
rotation	2.0047e-007 -1 -5.54638e-007  0.09564
center	-1.91455 0.557156 -0.304655
}
DEF body Transform {
children	Shape {
appearance	Appearance {
material	Material {
ambientIntensity	0.1
diffuseColor	0.957 0.957 0.957
specularColor	0.1 0.1 0.1
emissiveColor	0 0 0
shininess	0
transparency	0
}

}

geometry	DEF _6 IndexedFaceSet {
coord	Coordinate {
point	[ 0 0 1,
  0 0 -1,
  0.383 0 0.924,
  0.354 0.146 0.924,
  0.271 0.271 0.924,
  0.146 0.354 0.924,
  -3.96e-014 0.383 0.924,
  -0.146 0.354 0.924,
  -0.271 0.271 0.924,
  -0.354 0.146 0.924,
  -0.383 -7.91e-014 0.924,
  -0.354 -0.146 0.924,
  -0.271 -0.271 0.924,
  -0.146 -0.354 0.924,
  1.19e-013 -0.383 0.924,
  0.146 -0.354 0.924,
  0.271 -0.271 0.924,
  0.354 -0.146 0.924,
  0.707 0 0.707,
  0.653 0.271 0.707,
  0.5 0.5 0.707,
  0.271 0.653 0.707,
  -7.31e-014 0.707 0.707,
  -0.271 0.653 0.707,
  -0.5 0.5 0.707,
  -0.653 0.271 0.707,
  -0.707 -1.46e-013 0.707,
  -0.653 -0.271 0.707,
  -0.5 -0.5 0.707,
  -0.271 -0.653 0.707,
  2.2e-013 -0.707 0.707,
  0.271 -0.653 0.707,
  0.5 -0.5 0.707,
  0.653 -0.271 0.707,
  0.924 0 0.383,
  0.854 0.354 0.383,
  0.653 0.653 0.383,
  0.354 0.854 0.383,
  -9.55e-014 0.924 0.383,
  -0.354 0.854 0.383,
  -0.653 0.653 0.383,
  -0.854 0.354 0.383,
  -0.924 -1.91e-013 0.383,
  -0.854 -0.354 0.383,
  -0.653 -0.653 0.383,
  -0.354 -0.854 0.383,
  2.87e-013 -0.924 0.383,
  0.354 -0.854 0.383,
  0.653 -0.653 0.383,
  0.854 -0.354 0.383,
  1 0 -1.03e-013,
  0.924 0.383 -1.03e-013,
  0.707 0.707 -1.03e-013,
  0.383 0.924 -1.03e-013,
  -1.03e-013 1 -1.03e-013,
  -0.383 0.924 -1.03e-013,
  -0.707 0.707 -1.03e-013,
  -0.924 0.383 -1.03e-013,
  -1 -2.07e-013 -1.03e-013,
  -0.924 -0.383 -1.03e-013,
  -0.707 -0.707 -1.03e-013,
  -0.383 -0.924 -1.03e-013,
  3.11e-013 -1 -1.03e-013,
  0.383 -0.924 -1.03e-013,
  0.707 -0.707 -1.03e-013,
  0.924 -0.383 -1.03e-013,
  0.924 0 -0.383,
  0.854 0.354 -0.383,
  0.653 0.653 -0.383,
  0.354 0.854 -0.383,
  -9.55e-014 0.924 -0.383,
  -0.354 0.854 -0.383,
  -0.653 0.653 -0.383,
  -0.854 0.354 -0.383,
  -0.924 -1.91e-013 -0.383,
  -0.854 -0.354 -0.383,
  -0.653 -0.653 -0.383,
  -0.354 -0.854 -0.383,
  2.87e-013 -0.924 -0.383,
  0.354 -0.854 -0.383,
  0.653 -0.653 -0.383,
  0.854 -0.354 -0.383,
  0.707 0 -0.707,
  0.653 0.271 -0.707,
  0.5 0.5 -0.707,
  0.271 0.653 -0.707,
  -7.31e-014 0.707 -0.707,
  -0.271 0.653 -0.707,
  -0.5 0.5 -0.707,
  -0.653 0.271 -0.707,
  -0.707 -1.46e-013 -0.707,
  -0.653 -0.271 -0.707,
  -0.5 -0.5 -0.707,
  -0.271 -0.653 -0.707,
  2.2e-013 -0.707 -0.707,
  0.271 -0.653 -0.707,
  0.5 -0.5 -0.707,
  0.653 -0.271 -0.707,
  0.383 0 -0.924,
  0.354 0.146 -0.924,
  0.271 0.271 -0.924,
  0.146 0.354 -0.924,
  -3.96e-014 0.383 -0.924,
  -0.146 0.354 -0.924,
  -0.271 0.271 -0.924,
  -0.354 0.146 -0.924,
  -0.383 -7.91e-014 -0.924,
  -0.354 -0.146 -0.924,
  -0.271 -0.271 -0.924,
  -0.146 -0.354 -0.924,
  1.19e-013 -0.383 -0.924,
  0.146 -0.354 -0.924,
  0.271 -0.271 -0.924,
  0.354 -0.146 -0.924,
  0.18 0.0746 0.981,
  0.159 0.106 0.981,
  0.188 0.0374 0.981,
  0.369 0.0734 0.926,
  0.538 0.107 0.836,
  0.195 1.78e-010 0.981,
  0.188 -0.0374 0.981,
  0.138 0.138 0.981,
  0.106 0.159 0.981,
  0.313 0.209 0.926,
  0.456 0.305 0.836,
  0.0746 0.18 0.981,
  0.0374 0.188 0.981,
  0.209 0.313 0.926,
  0.305 0.456 0.836,
  -6.66e-009 0.195 0.981,
  -0.0374 0.188 0.981,
  0.0734 0.369 0.926,
  0.107 0.538 0.836,
  -0.0746 0.18 0.981,
  -0.106 0.159 0.981,
  -0.0734 0.369 0.926,
  -0.107 0.538 0.836,
  -0.138 0.138 0.981,
  -0.159 0.106 0.981,
  -0.209 0.313 0.926,
  -0.305 0.456 0.836,
  -0.18 0.0746 0.981,
  -0.188 0.0374 0.981,
  -0.313 0.209 0.926,
  -0.456 0.305 0.836,
  -0.195 -1.78e-010 0.981,
  -0.188 -0.0374 0.981,
  -0.369 0.0734 0.926,
  -0.538 0.107 0.836,
  -0.18 -0.0746 0.981,
  -0.159 -0.106 0.981,
  -0.369 -0.0734 0.926,
  -0.538 -0.107 0.836,
  -0.138 -0.138 0.981,
  -0.106 -0.159 0.981,
  -0.313 -0.209 0.926,
  -0.456 -0.305 0.836,
  -0.0746 -0.18 0.981,
  -0.0374 -0.188 0.981,
  -0.209 -0.313 0.926,
  -0.305 -0.456 0.836,
  6.66e-009 -0.195 0.981,
  0.0374 -0.188 0.981,
  -0.0734 -0.369 0.926,
  -0.107 -0.538 0.836,
  0.0746 -0.18 0.981,
  0.106 -0.159 0.981,
  0.0734 -0.369 0.926,
  0.107 -0.538 0.836,
  0.138 -0.138 0.981,
  0.159 -0.106 0.981,
  0.209 -0.313 0.926,
  0.305 -0.456 0.836,
  0.18 -0.0746 0.981,
  0.313 -0.209 0.926,
  0.456 -0.305 0.836,
  0.369 -0.0734 0.926,
  0.538 -0.107 0.836,
  0.513 0.213 0.831,
  0.687 0.137 0.714,
  0.811 0.161 0.562,
  0.556 -7.16e-011 0.831,
  0.393 0.393 0.831,
  0.582 0.389 0.714,
  0.687 0.459 0.562,
  0.213 0.513 0.831,
  0.389 0.582 0.714,
  0.459 0.687 0.562,
  -1.86e-009 0.556 0.831,
  0.137 0.687 0.714,
  0.161 0.811 0.562,
  -0.213 0.513 0.831,
  -0.137 0.687 0.714,
  -0.161 0.811 0.562,
  -0.393 0.393 0.831,
  -0.389 0.582 0.714,
  -0.459 0.687 0.562,
  -0.513 0.213 0.831,
  -0.582 0.389 0.714,
  -0.687 0.459 0.562,
  -0.556 7.15e-011 0.831,
  -0.687 0.137 0.714,
  -0.811 0.161 0.562,
  -0.513 -0.213 0.831,
  -0.687 -0.137 0.714,
  -0.811 -0.161 0.562,
  -0.393 -0.393 0.831,
  -0.582 -0.389 0.714,
  -0.687 -0.459 0.562,
  -0.213 -0.513 0.831,
  -0.389 -0.582 0.714,
  -0.459 -0.687 0.562,
  1.86e-009 -0.556 0.831,
  -0.137 -0.687 0.714,
  -0.161 -0.811 0.562,
  0.213 -0.513 0.831,
  0.137 -0.687 0.714,
  0.161 -0.811 0.562,
  0.393 -0.393 0.831,
  0.389 -0.582 0.714,
  0.459 -0.687 0.562,
  0.513 -0.213 0.831,
  0.582 -0.389 0.714,
  0.687 -0.459 0.562,
  0.687 -0.137 0.714,
  0.811 -0.161 0.562,
  0.768 0.318 0.556,
  0.904 0.18 0.389,
  0.961 0.191 0.198,
  0.831 5.78e-010 0.556,
  0.588 0.588 0.556,
  0.766 0.512 0.389,
  0.814 0.544 0.198,
  0.318 0.768 0.556,
  0.512 0.766 0.389,
  0.544 0.814 0.198,
  1.44e-010 0.831 0.556,
  0.18 0.904 0.389,
  0.191 0.961 0.198,
  -0.318 0.768 0.556,
  -0.18 0.904 0.389,
  -0.191 0.961 0.198,
  -0.588 0.588 0.556,
  -0.512 0.766 0.389,
  -0.544 0.814 0.198,
  -0.768 0.318 0.556,
  -0.766 0.512 0.389,
  -0.814 0.544 0.198,
  -0.831 -5.78e-010 0.556,
  -0.904 0.18 0.389,
  -0.961 0.191 0.198,
  -0.768 -0.318 0.556,
  -0.904 -0.18 0.389,
  -0.961 -0.191 0.198,
  -0.588 -0.588 0.556,
  -0.766 -0.512 0.389,
  -0.814 -0.544 0.198,
  -0.318 -0.768 0.556,
  -0.512 -0.766 0.389,
  -0.544 -0.814 0.198,
  -1.44e-010 -0.831 0.556,
  -0.18 -0.904 0.389,
  -0.191 -0.961 0.198,
  0.318 -0.768 0.556,
  0.18 -0.904 0.389,
  0.191 -0.961 0.198,
  0.588 -0.588 0.556,
  0.512 -0.766 0.389,
  0.544 -0.814 0.198,
  0.768 -0.318 0.556,
  0.766 -0.512 0.389,
  0.814 -0.544 0.198,
  0.904 -0.18 0.389,
  0.961 -0.191 0.198,
  0.906 0.375 0.195,
  0.981 0.195 4.35e-010,
  0.961 0.191 -0.198,
  0.981 8.72e-010 0.195,
  0.693 0.693 0.195,
  0.831 0.556 2.9e-010,
  0.814 0.544 -0.198,
  0.375 0.906 0.195,
  0.556 0.831 -1.03e-013,
  0.544 0.814 -0.198,
  -1.45e-010 0.981 0.195,
  0.195 0.981 5.81e-010,
  0.191 0.961 -0.198,
  -0.375 0.906 0.195,
  -0.195 0.981 5.81e-010,
  -0.191 0.961 -0.198,
  -0.693 0.693 0.195,
  -0.556 0.831 -1.03e-013,
  -0.544 0.814 -0.198,
  -0.906 0.375 0.195,
  -0.831 0.556 4.35e-010,
  -0.814 0.544 -0.198,
  -0.981 -8.72e-010 0.195,
  -0.981 0.195 -1.03e-013,
  -0.961 0.191 -0.198,
  -0.906 -0.375 0.195,
  -0.981 -0.195 4.35e-010,
  -0.961 -0.191 -0.198,
  -0.693 -0.693 0.195,
  -0.831 -0.556 2.9e-010,
  -0.814 -0.544 -0.198,
  -0.375 -0.906 0.195,
  -0.556 -0.831 -1.03e-013,
  -0.544 -0.814 -0.198,
  1.46e-010 -0.981 0.195,
  -0.195 -0.981 5.81e-010,
  -0.191 -0.961 -0.198,
  0.375 -0.906 0.195,
  0.195 -0.981 5.81e-010,
  0.191 -0.961 -0.198,
  0.693 -0.693 0.195,
  0.556 -0.831 -1.03e-013,
  0.544 -0.814 -0.198,
  0.906 -0.375 0.195,
  0.831 -0.556 4.35e-010,
  0.814 -0.544 -0.198,
  0.981 -0.195 -1.03e-013,
  0.961 -0.191 -0.198,
  0.906 0.375 -0.195,
  0.904 0.18 -0.389,
  0.811 0.161 -0.562,
  0.981 7.27e-010 -0.195,
  0.693 0.693 -0.195,
  0.766 0.512 -0.389,
  0.687 0.459 -0.562,
  0.375 0.906 -0.195,
  0.512 0.766 -0.389,
  0.459 0.687 -0.562,
  -9.95e-014 0.981 -0.195,
  0.18 0.904 -0.389,
  0.161 0.811 -0.562,
  -0.375 0.906 -0.195,
  -0.18 0.904 -0.389,
  -0.161 0.811 -0.562,
  -0.693 0.693 -0.195,
  -0.512 0.766 -0.389,
  -0.459 0.687 -0.562,
  -0.906 0.375 -0.195,
  -0.766 0.512 -0.389,
  -0.687 0.459 -0.562,
  -0.981 -7.27e-010 -0.195,
  -0.904 0.18 -0.389,
  -0.811 0.161 -0.562,
  -0.906 -0.375 -0.195,
  -0.904 -0.18 -0.389,
  -0.811 -0.161 -0.562,
  -0.693 -0.693 -0.195,
  -0.766 -0.512 -0.389,
  -0.687 -0.459 -0.562,
  -0.375 -0.906 -0.195,
  -0.512 -0.766 -0.389,
  -0.459 -0.687 -0.562,
  2.99e-013 -0.981 -0.195,
  -0.18 -0.904 -0.389,
  -0.161 -0.811 -0.562,
  0.375 -0.906 -0.195,
  0.18 -0.904 -0.389,
  0.161 -0.811 -0.562,
  0.693 -0.693 -0.195,
  0.512 -0.766 -0.389,
  0.459 -0.687 -0.562,
  0.906 -0.375 -0.195,
  0.766 -0.512 -0.389,
  0.687 -0.459 -0.562,
  0.904 -0.18 -0.389,
  0.811 -0.161 -0.562,
  0.768 0.318 -0.556,
  0.687 0.137 -0.714,
  0.538 0.107 -0.836,
  0.831 4.33e-010 -0.556,
  0.588 0.588 -0.556,
  0.582 0.389 -0.714,
  0.456 0.305 -0.836,
  0.318 0.768 -0.556,
  0.389 0.582 -0.714,
  0.305 0.456 -0.836,
  -4.34e-010 0.831 -0.556,
  0.137 0.687 -0.714,
  0.107 0.538 -0.836,
  -0.318 0.768 -0.556,
  -0.137 0.687 -0.714,
  -0.107 0.538 -0.836,
  -0.588 0.588 -0.556,
  -0.389 0.582 -0.714,
  -0.305 0.456 -0.836,
  -0.768 0.318 -0.556,
  -0.582 0.389 -0.714,
  -0.456 0.305 -0.836,
  -0.831 -4.34e-010 -0.556,
  -0.687 0.137 -0.714,
  -0.538 0.107 -0.836,
  -0.768 -0.318 -0.556,
  -0.687 -0.137 -0.714,
  -0.538 -0.107 -0.836,
  -0.588 -0.588 -0.556,
  -0.582 -0.389 -0.714,
  -0.456 -0.305 -0.836,
  -0.318 -0.768 -0.556,
  -0.389 -0.582 -0.714,
  -0.305 -0.456 -0.836,
  4.34e-010 -0.831 -0.556,
  -0.137 -0.687 -0.714,
  -0.107 -0.538 -0.836,
  0.318 -0.768 -0.556,
  0.137 -0.687 -0.714,
  0.107 -0.538 -0.836,
  0.588 -0.588 -0.556,
  0.389 -0.582 -0.714,
  0.305 -0.456 -0.836,
  0.768 -0.318 -0.556,
  0.582 -0.389 -0.714,
  0.456 -0.305 -0.836,
  0.687 -0.137 -0.714,
  0.538 -0.107 -0.836,
  0.513 0.213 -0.831,
  0.369 0.0734 -0.926,
  0.188 0.0374 -0.981,
  0.556 -7.16e-011 -0.831,
  0.393 0.393 -0.831,
  0.313 0.209 -0.926,
  0.159 0.106 -0.981,
  0.213 0.513 -0.831,
  0.209 0.313 -0.926,
  0.106 0.159 -0.981,
  -3.87e-009 0.556 -0.831,
  0.0734 0.369 -0.926,
  0.0374 0.188 -0.981,
  -0.213 0.513 -0.831,
  -0.0734 0.369 -0.926,
  -0.0374 0.188 -0.981,
  -0.393 0.393 -0.831,
  -0.209 0.313 -0.926,
  -0.106 0.159 -0.981,
  -0.513 0.213 -0.831,
  -0.313 0.209 -0.926,
  -0.159 0.106 -0.981,
  -0.556 7.15e-011 -0.831,
  -0.369 0.0734 -0.926,
  -0.188 0.0374 -0.981,
  -0.513 -0.213 -0.831,
  -0.369 -0.0734 -0.926,
  -0.188 -0.0374 -0.981,
  -0.393 -0.393 -0.831,
  -0.313 -0.209 -0.926,
  -0.159 -0.106 -0.981,
  -0.213 -0.513 -0.831,
  -0.209 -0.313 -0.926,
  -0.106 -0.159 -0.981,
  3.87e-009 -0.556 -0.831,
  -0.0734 -0.369 -0.926,
  -0.0374 -0.188 -0.981,
  0.213 -0.513 -0.831,
  0.0734 -0.369 -0.926,
  0.0374 -0.188 -0.981,
  0.393 -0.393 -0.831,
  0.209 -0.313 -0.926,
  0.106 -0.159 -0.981,
  0.513 -0.213 -0.831,
  0.313 -0.209 -0.926,
  0.159 -0.106 -0.981,
  0.369 -0.0734 -0.926,
  0.188 -0.0374 -0.981,
  0.18 0.0746 -0.981,
  0.195 1.78e-010 -0.981,
  0.138 0.138 -0.981,
  0.0746 0.18 -0.981,
  -6.83e-009 0.195 -0.981,
  -0.0746 0.18 -0.981,
  -0.138 0.138 -0.981,
  -0.18 0.0746 -0.981,
  -0.195 -1.78e-010 -0.981,
  -0.18 -0.0746 -0.981,
  -0.138 -0.138 -0.981,
  -0.0746 -0.18 -0.981,
  6.83e-009 -0.195 -0.981,
  0.0746 -0.18 -0.981,
  0.138 -0.138 -0.981,
  0.18 -0.0746 -0.981 ]
}

coordIndex	[ 116, 114, 3, 117, -1, 115, 114, 0,
  121, -1, 122, 121, 0, 125, -1, 126,
  125, 0, 129, -1, 130, 129, 0, 133,
  -1, 134, 133, 0, 137, -1, 138, 137,
  0, 141, -1, 142, 141, 0, 145, -1,
  146, 145, 0, 149, -1, 150, 149, 0,
  153, -1, 154, 153, 0, 157, -1, 158,
  157, 0, 161, -1, 162, 161, 0, 165,
  -1, 166, 165, 0, 169, -1, 170, 169,
  0, 173, -1, 120, 119, 2, 176, -1,
  118, 117, 3, 178, -1, 124, 123, 4,
  182, -1, 128, 127, 5, 185, -1, 132,
  131, 6, 188, -1, 136, 135, 7, 191,
  -1, 140, 139, 8, 194, -1, 144, 143,
  9, 197, -1, 148, 147, 10, 200, -1,
  152, 151, 11, 203, -1, 156, 155, 12,
  206, -1, 160, 159, 13, 209, -1, 164,
  163, 14, 212, -1, 168, 167, 15, 215,
  -1, 172, 171, 16, 218, -1, 175, 174,
  17, 221, -1, 177, 176, 2, 181, -1,
  180, 179, 19, 226, -1, 184, 183, 20,
  230, -1, 187, 186, 21, 233, -1, 190,
  189, 22, 236, -1, 193, 192, 23, 239,
  -1, 196, 195, 24, 242, -1, 199, 198,
  25, 245, -1, 202, 201, 26, 248, -1,
  205, 204, 27, 251, -1, 208, 207, 28,
  254, -1, 211, 210, 29, 257, -1, 214,
  213, 30, 260, -1, 217, 216, 31, 263,
  -1, 220, 219, 32, 266, -1, 223, 222,
  33, 269, -1, 225, 224, 18, 229, -1,
  228, 227, 35, 274, -1, 232, 231, 36,
  278, -1, 235, 234, 37, 281, -1, 238,
  237, 38, 284, -1, 241, 240, 39, 287,
  -1, 244, 243, 40, 290, -1, 247, 246,
  41, 293, -1, 250, 249, 42, 296, -1,
  253, 252, 43, 299, -1, 256, 255, 44,
  302, -1, 259, 258, 45, 305, -1, 262,
  261, 46, 308, -1, 265, 264, 47, 311,
  -1, 268, 267, 48, 314, -1, 271, 270,
  49, 317, -1, 273, 272, 34, 277, -1,
  276, 275, 51, 322, -1, 280, 279, 52,
  326, -1, 283, 282, 53, 329, -1, 286,
  285, 54, 332, -1, 289, 288, 55, 335,
  -1, 292, 291, 56, 338, -1, 295, 294,
  57, 341, -1, 298, 297, 58, 344, -1,
  301, 300, 59, 347, -1, 304, 303, 60,
  350, -1, 307, 306, 61, 353, -1, 310,
  309, 62, 356, -1, 313, 312, 63, 359,
  -1, 316, 315, 64, 362, -1, 319, 318,
  65, 365, -1, 321, 320, 50, 325, -1,
  324, 323, 67, 370, -1, 328, 327, 68,
  374, -1, 331, 330, 69, 377, -1, 334,
  333, 70, 380, -1, 337, 336, 71, 383,
  -1, 340, 339, 72, 386, -1, 343, 342,
  73, 389, -1, 346, 345, 74, 392, -1,
  349, 348, 75, 395, -1, 352, 351, 76,
  398, -1, 355, 354, 77, 401, -1, 358,
  357, 78, 404, -1, 361, 360, 79, 407,
  -1, 364, 363, 80, 410, -1, 367, 366,
  81, 413, -1, 369, 368, 66, 373, -1,
  372, 371, 83, 418, -1, 376, 375, 84,
  422, -1, 379, 378, 85, 425, -1, 382,
  381, 86, 428, -1, 385, 384, 87, 431,
  -1, 388, 387, 88, 434, -1, 391, 390,
  89, 437, -1, 394, 393, 90, 440, -1,
  397, 396, 91, 443, -1, 400, 399, 92,
  446, -1, 403, 402, 93, 449, -1, 406,
  405, 94, 452, -1, 409, 408, 95, 455,
  -1, 412, 411, 96, 458, -1, 415, 414,
  97, 461, -1, 417, 416, 82, 421, -1,
  420, 419, 99, 466, -1, 424, 423, 100,
  468, -1, 427, 426, 101, 469, -1, 430,
  429, 102, 470, -1, 433, 432, 103, 471,
  -1, 436, 435, 104, 472, -1, 439, 438,
  105, 473, -1, 442, 441, 106, 474, -1,
  445, 444, 107, 475, -1, 448, 447, 108,
  476, -1, 451, 450, 109, 477, -1, 454,
  453, 110, 478, -1, 457, 456, 111, 479,
  -1, 460, 459, 112, 480, -1, 463, 462,
  113, 481, -1, 465, 464, 98, 467, -1,
  116, 117, 2, 119, -1, 119, 0, 114,
  116, -1, 115, 121, 4, 123, -1, 123,
  3, 114, 115, -1, 122, 125, 5, 127,
  -1, 127, 4, 121, 122, -1, 126, 129,
  6, 131, -1, 131, 5, 125, 126, -1,
  130, 133, 7, 135, -1, 135, 6, 129,
  130, -1, 134, 137, 8, 139, -1, 139,
  7, 133, 134, -1, 138, 141, 9, 143,
  -1, 143, 8, 137, 138, -1, 142, 145,
  10, 147, -1, 147, 9, 141, 142, -1,
  146, 149, 11, 151, -1, 151, 10, 145,
  146, -1, 150, 153, 12, 155, -1, 155,
  11, 149, 150, -1, 154, 157, 13, 159,
  -1, 159, 12, 153, 154, -1, 158, 161,
  14, 163, -1, 163, 13, 157, 158, -1,
  162, 165, 15, 167, -1, 167, 14, 161,
  162, -1, 166, 169, 16, 171, -1, 171,
  15, 165, 166, -1, 173, 0, 119, 120,
  -1, 170, 173, 17, 174, -1, 174, 16,
  169, 170, -1, 176, 17, 173, 120, -1,
  178, 3, 123, 124, -1, 118, 178, 19,
  179, -1, 118, 179, 18, 181, -1, 177,
  181, 18, 224, -1, 181, 2, 117, 118,
  -1, 182, 4, 127, 128, -1, 124, 182,
  20, 183, -1, 183, 19, 178, 124, -1,
  185, 5, 131, 132, -1, 128, 185, 21,
  186, -1, 186, 20, 182, 128, -1, 188,
  6, 135, 136, -1, 132, 188, 22, 189,
  -1, 189, 21, 185, 132, -1, 191, 7,
  139, 140, -1, 136, 191, 23, 192, -1,
  192, 22, 188, 136, -1, 194, 8, 143,
  144, -1, 140, 194, 24, 195, -1, 195,
  23, 191, 140, -1, 197, 9, 147, 148,
  -1, 144, 197, 25, 198, -1, 198, 24,
  194, 144, -1, 200, 10, 151, 152, -1,
  148, 200, 26, 201, -1, 201, 25, 197,
  148, -1, 203, 11, 155, 156, -1, 152,
  203, 27, 204, -1, 204, 26, 200, 152,
  -1, 206, 12, 159, 160, -1, 156, 206,
  28, 207, -1, 207, 27, 203, 156, -1,
  209, 13, 163, 164, -1, 160, 209, 29,
  210, -1, 210, 28, 206, 160, -1, 212,
  14, 167, 168, -1, 164, 212, 30, 213,
  -1, 213, 29, 209, 164, -1, 215, 15,
  171, 172, -1, 168, 215, 31, 216, -1,
  216, 30, 212, 168, -1, 218, 16, 174,
  175, -1, 172, 218, 32, 219, -1, 219,
  31, 215, 172, -1, 221, 17, 176, 177,
  -1, 175, 221, 33, 222, -1, 222, 32,
  218, 175, -1, 224, 33, 221, 177, -1,
  226, 19, 183, 184, -1, 180, 226, 35,
  227, -1, 180, 227, 34, 229, -1, 225,
  229, 34, 272, -1, 229, 18, 179, 180,
  -1, 230, 20, 186, 187, -1, 184, 230,
  36, 231, -1, 231, 35, 226, 184, -1,
  233, 21, 189, 190, -1, 187, 233, 37,
  234, -1, 234, 36, 230, 187, -1, 236,
  22, 192, 193, -1, 190, 236, 38, 237,
  -1, 237, 37, 233, 190, -1, 239, 23,
  195, 196, -1, 193, 239, 39, 240, -1,
  240, 38, 236, 193, -1, 242, 24, 198,
  199, -1, 196, 242, 40, 243, -1, 243,
  39, 239, 196, -1, 245, 25, 201, 202,
  -1, 199, 245, 41, 246, -1, 246, 40,
  242, 199, -1, 248, 26, 204, 205, -1,
  202, 248, 42, 249, -1, 249, 41, 245,
  202, -1, 251, 27, 207, 208, -1, 205,
  251, 43, 252, -1, 252, 42, 248, 205,
  -1, 254, 28, 210, 211, -1, 208, 254,
  44, 255, -1, 255, 43, 251, 208, -1,
  257, 29, 213, 214, -1, 211, 257, 45,
  258, -1, 258, 44, 254, 211, -1, 260,
  30, 216, 217, -1, 214, 260, 46, 261,
  -1, 261, 45, 257, 214, -1, 263, 31,
  219, 220, -1, 217, 263, 47, 264, -1,
  264, 46, 260, 217, -1, 266, 32, 222,
  223, -1, 220, 266, 48, 267, -1, 267,
  47, 263, 220, -1, 269, 33, 224, 225,
  -1, 223, 269, 49, 270, -1, 270, 48,
  266, 223, -1, 272, 49, 269, 225, -1,
  274, 35, 231, 232, -1, 228, 274, 51,
  275, -1, 228, 275, 50, 277, -1, 273,
  277, 50, 320, -1, 277, 34, 227, 228,
  -1, 278, 36, 234, 235, -1, 232, 278,
  52, 279, -1, 279, 51, 274, 232, -1,
  281, 37, 237, 238, -1, 235, 281, 53,
  282, -1, 282, 52, 278, 235, -1, 284,
  38, 240, 241, -1, 238, 284, 54, 285,
  -1, 285, 53, 281, 238, -1, 287, 39,
  243, 244, -1, 241, 287, 55, 288, -1,
  288, 54, 284, 241, -1, 290, 40, 246,
  247, -1, 244, 290, 56, 291, -1, 291,
  55, 287, 244, -1, 293, 41, 249, 250,
  -1, 247, 293, 57, 294, -1, 294, 56,
  290, 247, -1, 296, 42, 252, 253, -1,
  250, 296, 58, 297, -1, 297, 57, 293,
  250, -1, 299, 43, 255, 256, -1, 253,
  299, 59, 300, -1, 300, 58, 296, 253,
  -1, 302, 44, 258, 259, -1, 256, 302,
  60, 303, -1, 303, 59, 299, 256, -1,
  305, 45, 261, 262, -1, 259, 305, 61,
  306, -1, 306, 60, 302, 259, -1, 308,
  46, 264, 265, -1, 262, 308, 62, 309,
  -1, 309, 61, 305, 262, -1, 311, 47,
  267, 268, -1, 265, 311, 63, 312, -1,
  312, 62, 308, 265, -1, 314, 48, 270,
  271, -1, 268, 314, 64, 315, -1, 315,
  63, 311, 268, -1, 317, 49, 272, 273,
  -1, 271, 317, 65, 318, -1, 318, 64,
  314, 271, -1, 320, 65, 317, 273, -1,
  322, 51, 279, 280, -1, 276, 322, 67,
  323, -1, 276, 323, 66, 325, -1, 321,
  325, 66, 368, -1, 325, 50, 275, 276,
  -1, 326, 52, 282, 283, -1, 280, 326,
  68, 327, -1, 327, 67, 322, 280, -1,
  329, 53, 285, 286, -1, 283, 329, 69,
  330, -1, 330, 68, 326, 283, -1, 332,
  54, 288, 289, -1, 286, 332, 70, 333,
  -1, 333, 69, 329, 286, -1, 335, 55,
  291, 292, -1, 289, 335, 71, 336, -1,
  336, 70, 332, 289, -1, 338, 56, 294,
  295, -1, 292, 338, 72, 339, -1, 339,
  71, 335, 292, -1, 341, 57, 297, 298,
  -1, 295, 341, 73, 342, -1, 342, 72,
  338, 295, -1, 344, 58, 300, 301, -1,
  298, 344, 74, 345, -1, 345, 73, 341,
  298, -1, 347, 59, 303, 304, -1, 301,
  347, 75, 348, -1, 348, 74, 344, 301,
  -1, 350, 60, 306, 307, -1, 304, 350,
  76, 351, -1, 351, 75, 347, 304, -1,
  353, 61, 309, 310, -1, 307, 353, 77,
  354, -1, 354, 76, 350, 307, -1, 356,
  62, 312, 313, -1, 310, 356, 78, 357,
  -1, 357, 77, 353, 310, -1, 359, 63,
  315, 316, -1, 313, 359, 79, 360, -1,
  360, 78, 356, 313, -1, 362, 64, 318,
  319, -1, 316, 362, 80, 363, -1, 363,
  79, 359, 316, -1, 365, 65, 320, 321,
  -1, 319, 365, 81, 366, -1, 366, 80,
  362, 319, -1, 368, 81, 365, 321, -1,
  370, 67, 327, 328, -1, 324, 370, 83,
  371, -1, 324, 371, 82, 373, -1, 369,
  373, 82, 416, -1, 373, 66, 323, 324,
  -1, 374, 68, 330, 331, -1, 328, 374,
  84, 375, -1, 375, 83, 370, 328, -1,
  377, 69, 333, 334, -1, 331, 377, 85,
  378, -1, 378, 84, 374, 331, -1, 380,
  70, 336, 337, -1, 334, 380, 86, 381,
  -1, 381, 85, 377, 334, -1, 383, 71,
  339, 340, -1, 337, 383, 87, 384, -1,
  384, 86, 380, 337, -1, 386, 72, 342,
  343, -1, 340, 386, 88, 387, -1, 387,
  87, 383, 340, -1, 389, 73, 345, 346,
  -1, 343, 389, 89, 390, -1, 390, 88,
  386, 343, -1, 392, 74, 348, 349, -1,
  346, 392, 90, 393, -1, 393, 89, 389,
  346, -1, 395, 75, 351, 352, -1, 349,
  395, 91, 396, -1, 396, 90, 392, 349,
  -1, 398, 76, 354, 355, -1, 352, 398,
  92, 399, -1, 399, 91, 395, 352, -1,
  401, 77, 357, 358, -1, 355, 401, 93,
  402, -1, 402, 92, 398, 355, -1, 404,
  78, 360, 361, -1, 358, 404, 94, 405,
  -1, 405, 93, 401, 358, -1, 407, 79,
  363, 364, -1, 361, 407, 95, 408, -1,
  408, 94, 404, 361, -1, 410, 80, 366,
  367, -1, 364, 410, 96, 411, -1, 411,
  95, 407, 364, -1, 413, 81, 368, 369,
  -1, 367, 413, 97, 414, -1, 414, 96,
  410, 367, -1, 416, 97, 413, 369, -1,
  418, 83, 375, 376, -1, 372, 418, 99,
  419, -1, 372, 419, 98, 421, -1, 417,
  421, 98, 464, -1, 421, 82, 371, 372,
  -1, 422, 84, 378, 379, -1, 376, 422,
  100, 423, -1, 423, 99, 418, 376, -1,
  425, 85, 381, 382, -1, 379, 425, 101,
  426, -1, 426, 100, 422, 379, -1, 428,
  86, 384, 385, -1, 382, 428, 102, 429,
  -1, 429, 101, 425, 382, -1, 431, 87,
  387, 388, -1, 385, 431, 103, 432, -1,
  432, 102, 428, 385, -1, 434, 88, 390,
  391, -1, 388, 434, 104, 435, -1, 435,
  103, 431, 388, -1, 437, 89, 393, 394,
  -1, 391, 437, 105, 438, -1, 438, 104,
  434, 391, -1, 440, 90, 396, 397, -1,
  394, 440, 106, 441, -1, 441, 105, 437,
  394, -1, 443, 91, 399, 400, -1, 397,
  443, 107, 444, -1, 444, 106, 440, 397,
  -1, 446, 92, 402, 403, -1, 400, 446,
  108, 447, -1, 447, 107, 443, 400, -1,
  449, 93, 405, 406, -1, 403, 449, 109,
  450, -1, 450, 108, 446, 403, -1, 452,
  94, 408, 409, -1, 406, 452, 110, 453,
  -1, 453, 109, 449, 406, -1, 455, 95,
  411, 412, -1, 409, 455, 111, 456, -1,
  456, 110, 452, 409, -1, 458, 96, 414,
  415, -1, 412, 458, 112, 459, -1, 459,
  111, 455, 412, -1, 461, 97, 416, 417,
  -1, 415, 461, 113, 462, -1, 462, 112,
  458, 415, -1, 464, 113, 461, 417, -1,
  466, 99, 423, 424, -1, 420, 466, 1,
  467, -1, 465, 467, 1, 481, -1, 467,
  98, 419, 420, -1, 468, 100, 426, 427,
  -1, 468, 1, 466, 424, -1, 469, 101,
  429, 430, -1, 469, 1, 468, 427, -1,
  470, 102, 432, 433, -1, 470, 1, 469,
  430, -1, 471, 103, 435, 436, -1, 471,
  1, 470, 433, -1, 472, 104, 438, 439,
  -1, 472, 1, 471, 436, -1, 473, 105,
  441, 442, -1, 473, 1, 472, 439, -1,
  474, 106, 444, 445, -1, 474, 1, 473,
  442, -1, 475, 107, 447, 448, -1, 475,
  1, 474, 445, -1, 476, 108, 450, 451,
  -1, 476, 1, 475, 448, -1, 477, 109,
  453, 454, -1, 477, 1, 476, 451, -1,
  478, 110, 456, 457, -1, 478, 1, 477,
  454, -1, 479, 111, 459, 460, -1, 479,
  1, 478, 457, -1, 480, 112, 462, 463,
  -1, 480, 1, 479, 460, -1, 481, 113,
  464, 465, -1, 481, 1, 480, 463, -1 ]
colorPerVertex	FALSE
ccw	FALSE
solid	TRUE
creaseAngle	0.559
normalIndex	[  ]
texCoordIndex	[  ]
}

}

translation	-2.01 9.69e-008 1.17
rotation	-7.80417e-008 1 9.08106e-008  0.207
scale	1 1 1
scaleOrientation	-5.63691e-010 1 7.06501e-009  2.35619
center	-1.19209e-007 0 0
}
DEF leg Transform {
children	Shape {
appearance	Appearance {
material	Material {
ambientIntensity	0.1
diffuseColor	0.957 0.957 0.957
specularColor	0.1 0.1 0.1
emissiveColor	0 0 0
shininess	0
transparency	0
}

}

geometry	DEF _7 IndexedFaceSet {
coord	Coordinate {
point	[ -7.76e-014 0.75 -0.25,
  -0.287 0.693 -0.25,
  -0.53 0.53 -0.25,
  -0.693 0.287 -0.25,
  -0.75 -1.55e-013 -0.25,
  -0.693 -0.287 -0.25,
  -0.53 -0.53 -0.25,
  -0.287 -0.693 -0.25,
  2.33e-013 -0.75 -0.25,
  -6.77e-014 0.654 -0.231,
  -0.25 0.605 -0.231,
  -0.463 0.463 -0.231,
  -0.605 0.25 -0.231,
  -0.654 -1.35e-013 -0.231,
  -0.605 -0.25 -0.231,
  -0.463 -0.463 -0.231,
  -0.25 -0.605 -0.231,
  2.03e-013 -0.654 -0.231,
  -5.93e-014 0.573 -0.177,
  -0.219 0.53 -0.177,
  -0.405 0.405 -0.177,
  -0.53 0.219 -0.177,
  -0.573 -1.19e-013 -0.177,
  -0.53 -0.219 -0.177,
  -0.405 -0.405 -0.177,
  -0.219 -0.53 -0.177,
  1.78e-013 -0.573 -0.177,
  -5.37e-014 0.519 -0.0957,
  -0.199 0.48 -0.0957,
  -0.367 0.367 -0.0957,
  -0.48 0.199 -0.0957,
  -0.519 -1.07e-013 -0.0957,
  -0.48 -0.199 -0.0957,
  -0.367 -0.367 -0.0957,
  -0.199 -0.48 -0.0957,
  1.61e-013 -0.519 -0.0957,
  -5.17e-014 0.5 2.59e-014,
  -0.191 0.462 2.59e-014,
  -0.354 0.354 2.59e-014,
  -0.462 0.191 2.59e-014,
  -0.5 -1.03e-013 2.59e-014,
  -0.462 -0.191 2.59e-014,
  -0.354 -0.354 2.59e-014,
  -0.191 -0.462 2.59e-014,
  1.55e-013 -0.5 2.59e-014,
  -5.37e-014 0.519 0.0957,
  -0.199 0.48 0.0957,
  -0.367 0.367 0.0957,
  -0.48 0.199 0.0957,
  -0.519 -1.07e-013 0.0957,
  -0.48 -0.199 0.0957,
  -0.367 -0.367 0.0957,
  -0.199 -0.48 0.0957,
  1.61e-013 -0.519 0.0957,
  -5.93e-014 0.573 0.177,
  -0.219 0.53 0.177,
  -0.405 0.405 0.177,
  -0.53 0.219 0.177,
  -0.573 -1.19e-013 0.177,
  -0.53 -0.219 0.177,
  -0.405 -0.405 0.177,
  -0.219 -0.53 0.177,
  1.78e-013 -0.573 0.177,
  -6.77e-014 0.654 0.231,
  -0.25 0.605 0.231,
  -0.463 0.463 0.231,
  -0.605 0.25 0.231,
  -0.654 -1.35e-013 0.231,
  -0.605 -0.25 0.231,
  -0.463 -0.463 0.231,
  -0.25 -0.605 0.231,
  2.03e-013 -0.654 0.231,
  -7.76e-014 0.75 0.25,
  -0.287 0.693 0.25,
  -0.53 0.53 0.25,
  -0.693 0.287 0.25,
  -0.75 -1.55e-013 0.25,
  -0.693 -0.287 0.25,
  -0.53 -0.53 0.25,
  -0.287 -0.693 0.25,
  2.33e-013 -0.75 0.25,
  -8.75e-014 0.846 0.231,
  -0.324 0.781 0.231,
  -0.598 0.598 0.231,
  -0.781 0.324 0.231,
  -0.846 -1.75e-013 0.231,
  -0.781 -0.324 0.231,
  -0.598 -0.598 0.231,
  -0.324 -0.781 0.231,
  2.63e-013 -0.846 0.231,
  -9.58e-014 0.927 0.177,
  -0.355 0.856 0.177,
  -0.655 0.655 0.177,
  -0.856 0.355 0.177,
  -0.927 -1.92e-013 0.177,
  -0.856 -0.355 0.177,
  -0.655 -0.655 0.177,
  -0.355 -0.856 0.177,
  2.88e-013 -0.927 0.177,
  -1.01e-013 0.981 0.0957,
  -0.375 0.906 0.0957,
  -0.694 0.694 0.0957,
  -0.906 0.375 0.0957,
  -0.981 -2.03e-013 0.0957,
  -0.906 -0.375 0.0957,
  -0.694 -0.694 0.0957,
  -0.375 -0.906 0.0957,
  3.05e-013 -0.981 0.0957,
  -1.03e-013 1 -7.77e-014,
  -0.383 0.924 -7.77e-014,
  -0.707 0.707 -7.77e-014,
  -0.924 0.383 -7.77e-014,
  -1 -2.07e-013 -7.77e-014,
  -0.924 -0.383 -7.77e-014,
  -0.707 -0.707 -7.77e-014,
  -0.383 -0.924 -7.77e-014,
  3.11e-013 -1 -7.77e-014,
  -1.01e-013 0.981 -0.0957,
  -0.375 0.906 -0.0957,
  -0.694 0.694 -0.0957,
  -0.906 0.375 -0.0957,
  -0.981 -2.03e-013 -0.0957,
  -0.906 -0.375 -0.0957,
  -0.694 -0.694 -0.0957,
  -0.375 -0.906 -0.0957,
  3.05e-013 -0.981 -0.0957,
  -9.58e-014 0.927 -0.177,
  -0.355 0.856 -0.177,
  -0.655 0.655 -0.177,
  -0.856 0.355 -0.177,
  -0.927 -1.92e-013 -0.177,
  -0.856 -0.355 -0.177,
  -0.655 -0.655 -0.177,
  -0.355 -0.856 -0.177,
  2.88e-013 -0.927 -0.177,
  -8.75e-014 0.846 -0.231,
  -0.324 0.781 -0.231,
  -0.598 0.598 -0.231,
  -0.781 0.324 -0.231,
  -0.846 -1.75e-013 -0.231,
  -0.781 -0.324 -0.231,
  -0.598 -0.598 -0.231,
  -0.324 -0.781 -0.231,
  2.63e-013 -0.846 -0.231,
  0.136 -0.819 -0.231,
  0.169 0.812 -0.231,
  0.135 -0.9 -0.177,
  0.171 0.893 -0.177,
  0.135 -0.954 -0.0957,
  0.174 0.946 -0.0957,
  0.136 -0.973 -7.77e-014,
  0.175 0.965 -7.77e-014,
  0.138 -0.954 0.0957,
  0.176 0.946 0.0957,
  0.14 -0.899 0.177,
  0.176 0.892 0.177,
  0.142 -0.817 0.231,
  0.175 0.811 0.231,
  0.145 -0.721 0.25,
  0.174 0.715 0.25,
  0.146 -0.625 0.231,
  0.172 0.62 0.231,
  0.147 -0.544 0.177,
  0.169 0.54 0.177,
  0.147 -0.49 0.0957,
  0.167 0.486 0.0957,
  0.146 -0.471 2.59e-014,
  0.165 0.467 2.59e-014,
  0.144 -0.49 -0.0957,
  0.164 0.486 -0.0957,
  0.142 -0.545 -0.177,
  0.164 0.541 -0.177,
  0.14 -0.627 -0.231,
  0.138 -0.723 -0.25,
  0.165 0.621 -0.231,
  0.167 0.717 -0.25,
  0.136 -0.819 -0.231,
  0.169 0.812 -0.231,
  0.135 -0.9 -0.177,
  0.171 0.893 -0.177,
  0.135 -0.954 -0.0957,
  0.174 0.946 -0.0957,
  0.136 -0.973 -7.77e-014,
  0.175 0.965 -7.77e-014,
  0.138 -0.954 0.0957,
  0.176 0.946 0.0957,
  0.14 -0.899 0.177,
  0.176 0.892 0.177,
  0.142 -0.817 0.231,
  0.175 0.811 0.231,
  0.145 -0.721 0.25,
  0.174 0.715 0.25,
  0.146 -0.625 0.231,
  0.172 0.62 0.231,
  0.147 -0.544 0.177,
  0.169 0.54 0.177,
  0.147 -0.49 0.0957,
  0.167 0.486 0.0957,
  0.146 -0.471 2.59e-014,
  0.165 0.467 2.59e-014,
  0.144 -0.49 -0.0957,
  0.164 0.486 -0.0957,
  0.142 -0.545 -0.177,
  0.164 0.541 -0.177,
  0.14 -0.627 -0.231,
  0.138 -0.723 -0.25,
  0.165 0.621 -0.231,
  0.167 0.717 -0.25 ]
}

coordIndex	[ 1, 10, 9, 0, -1, 2, 11, 10,
  1, -1, 3, 12, 11, 2, -1, 4,
  13, 12, 3, -1, 5, 14, 13, 4,
  -1, 6, 15, 14, 5, -1, 7, 16,
  15, 6, -1, 8, 17, 16, 7, -1,
  10, 19, 18, 9, -1, 11, 20, 19,
  10, -1, 12, 21, 20, 11, -1, 13,
  22, 21, 12, -1, 14, 23, 22, 13,
  -1, 15, 24, 23, 14, -1, 16, 25,
  24, 15, -1, 17, 26, 25, 16, -1,
  171, 18, 27, 169, -1, 19, 28, 27,
  18, -1, 20, 29, 28, 19, -1, 21,
  30, 29, 20, -1, 22, 31, 30, 21,
  -1, 23, 32, 31, 22, -1, 24, 33,
  32, 23, -1, 25, 34, 33, 24, -1,
  26, 35, 34, 25, -1, 169, 27, 36,
  167, -1, 28, 37, 36, 27, -1, 29,
  38, 37, 28, -1, 30, 39, 38, 29,
  -1, 31, 40, 39, 30, -1, 32, 41,
  40, 31, -1, 33, 42, 41, 32, -1,
  34, 43, 42, 33, -1, 35, 44, 43,
  34, -1, 167, 36, 45, 165, -1, 37,
  46, 45, 36, -1, 38, 47, 46, 37,
  -1, 39, 48, 47, 38, -1, 40, 49,
  48, 39, -1, 41, 50, 49, 40, -1,
  42, 51, 50, 41, -1, 43, 52, 51,
  42, -1, 44, 53, 52, 43, -1, 165,
  45, 54, 163, -1, 46, 55, 54, 45,
  -1, 47, 56, 55, 46, -1, 48, 57,
  56, 47, -1, 49, 58, 57, 48, -1,
  50, 59, 58, 49, -1, 51, 60, 59,
  50, -1, 52, 61, 60, 51, -1, 53,
  62, 61, 52, -1, 163, 54, 63, 161,
  -1, 55, 64, 63, 54, -1, 56, 65,
  64, 55, -1, 57, 66, 65, 56, -1,
  58, 67, 66, 57, -1, 59, 68, 67,
  58, -1, 60, 69, 68, 59, -1, 61,
  70, 69, 60, -1, 62, 71, 70, 61,
  -1, 160, 71, 62, 162, -1, 161, 63,
  72, 159, -1, 64, 73, 72, 63, -1,
  65, 74, 73, 64, -1, 66, 75, 74,
  65, -1, 67, 76, 75, 66, -1, 68,
  77, 76, 67, -1, 69, 78, 77, 68,
  -1, 70, 79, 78, 69, -1, 71, 80,
  79, 70, -1, 158, 80, 71, 160, -1,
  159, 72, 81, 157, -1, 73, 82, 81,
  72, -1, 74, 83, 82, 73, -1, 75,
  84, 83, 74, -1, 76, 85, 84, 75,
  -1, 77, 86, 85, 76, -1, 78, 87,
  86, 77, -1, 79, 88, 87, 78, -1,
  80, 89, 88, 79, -1, 156, 89, 80,
  158, -1, 157, 81, 90, 155, -1, 82,
  91, 90, 81, -1, 83, 92, 91, 82,
  -1, 84, 93, 92, 83, -1, 85, 94,
  93, 84, -1, 86, 95, 94, 85, -1,
  87, 96, 95, 86, -1, 88, 97, 96,
  87, -1, 89, 98, 97, 88, -1, 154,
  98, 89, 156, -1, 91, 100, 99, 90,
  -1, 92, 101, 100, 91, -1, 93, 102,
  101, 92, -1, 94, 103, 102, 93, -1,
  95, 104, 103, 94, -1, 96, 105, 104,
  95, -1, 97, 106, 105, 96, -1, 98,
  107, 106, 97, -1, 152, 107, 98, 154,
  -1, 100, 109, 108, 99, -1, 101, 110,
  109, 100, -1, 102, 111, 110, 101, -1,
  103, 112, 111, 102, -1, 104, 113, 112,
  103, -1, 105, 114, 113, 104, -1, 106,
  115, 114, 105, -1, 107, 116, 115, 106,
  -1, 150, 116, 107, 152, -1, 109, 118,
  117, 108, -1, 110, 119, 118, 109, -1,
  111, 120, 119, 110, -1, 112, 121, 120,
  111, -1, 113, 122, 121, 112, -1, 114,
  123, 122, 113, -1, 115, 124, 123, 114,
  -1, 116, 125, 124, 115, -1, 148, 125,
  116, 150, -1, 118, 127, 126, 117, -1,
  119, 128, 127, 118, -1, 120, 129, 128,
  119, -1, 121, 130, 129, 120, -1, 122,
  131, 130, 121, -1, 123, 132, 131, 122,
  -1, 124, 133, 132, 123, -1, 125, 134,
  133, 124, -1, 146, 134, 125, 148, -1,
  127, 136, 135, 126, -1, 128, 137, 136,
  127, -1, 129, 138, 137, 128, -1, 130,
  139, 138, 129, -1, 131, 140, 139, 130,
  -1, 132, 141, 140, 131, -1, 133, 142,
  141, 132, -1, 134, 143, 142, 133, -1,
  136, 1, 0, 135, -1, 137, 2, 1,
  136, -1, 138, 3, 2, 137, -1, 139,
  4, 3, 138, -1, 140, 5, 4, 139,
  -1, 141, 6, 5, 140, -1, 142, 7,
  6, 141, -1, 143, 8, 7, 142, -1,
  144, 143, 134, 146, -1, 173, 8, 143,
  144, -1, 172, 17, 8, 173, -1, 170,
  26, 17, 172, -1, 168, 35, 26, 170,
  -1, 166, 44, 35, 168, -1, 162, 62,
  53, 164, -1, 164, 53, 44, 166, -1,
  174, 9, 18, 171, -1, 175, 0, 9,
  174, -1, 145, 135, 0, 175, -1, 147,
  126, 135, 145, -1, 149, 117, 126, 147,
  -1, 151, 108, 117, 149, -1, 155, 90,
  99, 153, -1, 153, 99, 108, 151, -1,
  153, 151, 149, 147, 145, 175, 174, 171,
  169, 167, 165, 163, 161, 159, 157, 155,
  -1, 164, 166, 168, 170, 172, 173, 144,
  146, 148, 150, 152, 154, 156, 158, 160,
  162, -1 ]
colorPerVertex	FALSE
ccw	FALSE
solid	TRUE
creaseAngle	0.559
normalIndex	[  ]
texCoordIndex	[  ]
}

}

translation	-1.8021 0.00379628 0.212427
rotation	-0.00451907 0.999634 0.0266742  1.76
scale	0.584 0.583 0.461
scaleOrientation	0.829275 0.310296 -0.464779  0.0438973
center	-0.412 0 1.78814e-007
}
Transform {
children	Shape {
appearance	Appearance {
material	Material {
ambientIntensity	0.1
diffuseColor	0.957 0.957 0.957
specularColor	0.1 0.1 0.1
emissiveColor	0 0 0
shininess	0
transparency	0
}

}

geometry	DEF _8 IndexedFaceSet {
coord	Coordinate {
point	[ 0 0 1,
  0 0 -1,
  -3.96e-014 0.383 0.924,
  -0.146 0.354 0.924,
  -0.271 0.271 0.924,
  -0.354 0.146 0.924,
  -0.383 -7.91e-014 0.924,
  -0.354 -0.146 0.924,
  -0.271 -0.271 0.924,
  -0.146 -0.354 0.924,
  1.19e-013 -0.383 0.924,
  -0.271 0.653 0.707,
  -0.5 0.5 0.707,
  -0.653 0.271 0.707,
  -0.707 -1.46e-013 0.707,
  -0.653 -0.271 0.707,
  -0.5 -0.5 0.707,
  -0.271 -0.653 0.707,
  2.2e-013 -0.707 0.707,
  -0.354 0.854 0.383,
  -0.653 0.653 0.383,
  -0.854 0.354 0.383,
  -0.924 -1.91e-013 0.383,
  -0.854 -0.354 0.383,
  -0.653 -0.653 0.383,
  -0.354 -0.854 0.383,
  2.87e-013 -0.924 0.383,
  -0.383 0.924 -1.03e-013,
  -0.707 0.707 -1.03e-013,
  -0.924 0.383 -1.03e-013,
  -1 -2.07e-013 -1.03e-013,
  -0.924 -0.383 -1.03e-013,
  -0.707 -0.707 -1.03e-013,
  -0.383 -0.924 -1.03e-013,
  3.11e-013 -1 -1.03e-013,
  -0.354 0.854 -0.383,
  -0.653 0.653 -0.383,
  -0.854 0.354 -0.383,
  -0.924 -1.91e-013 -0.383,
  -0.854 -0.354 -0.383,
  -0.653 -0.653 -0.383,
  -0.354 -0.854 -0.383,
  2.87e-013 -0.924 -0.383,
  -7.31e-014 0.707 -0.707,
  -0.271 0.653 -0.707,
  -0.5 0.5 -0.707,
  -0.653 0.271 -0.707,
  -0.707 -1.46e-013 -0.707,
  -0.653 -0.271 -0.707,
  -0.5 -0.5 -0.707,
  -0.271 -0.653 -0.707,
  2.2e-013 -0.707 -0.707,
  -3.96e-014 0.383 -0.924,
  -0.146 0.354 -0.924,
  -0.271 0.271 -0.924,
  -0.354 0.146 -0.924,
  -0.383 -7.91e-014 -0.924,
  -0.354 -0.146 -0.924,
  -0.271 -0.271 -0.924,
  -0.146 -0.354 -0.924,
  1.19e-013 -0.383 -0.924,
  0.103 -0.0429 -0.978,
  0.11 -0.11 -0.969,
  0.127 -0.308 -0.934,
  0.0807 0.195 -0.958,
  0.0909 0.0909 -0.974,
  0.0995 0 -0.98,
  0.0958 0.0397 -0.979,
  0.132 -0.356 -0.924,
  0.0636 0.37 -0.924,
  0.157 -0.676 -0.707,
  0.0278 0.702 -0.707,
  0.17 -0.89 -0.383,
  0.169 -0.966 -1.03e-013,
  -0.015 0.997 -1.03e-013,
  0.154 -0.893 0.383,
  -0.016 0.921 0.383,
  0.127 -0.682 0.707,
  -0.00287 0.707 0.707,
  -6.93e-014 0.67 0.732,
  0.0598 -0.0248 0.987,
  0.0636 -0.0636 0.982,
  0.093 -0.364 0.924,
  0.0751 -0.181 0.961,
  0.0233 0.378 0.924,
  0.0471 0.114 0.976,
  0.0526 0.0526 0.985,
  0.0575 0 0.989,
  0.0553 0.0229 0.988,
  -9.55e-014 0.924 -0.383,
  0.103 -0.0429 -0.978,
  0.11 -0.11 -0.969,
  0.127 -0.308 -0.934,
  0.0807 0.195 -0.958,
  0.0909 0.0909 -0.974,
  0.0995 0 -0.98,
  0.0958 0.0397 -0.979,
  0.132 -0.356 -0.924,
  0.0636 0.37 -0.924,
  0.157 -0.676 -0.707,
  0.0278 0.702 -0.707,
  0.17 -0.89 -0.383,
  0.169 -0.966 -1.03e-013,
  -0.015 0.997 -1.03e-013,
  0.154 -0.893 0.383,
  -0.016 0.921 0.383,
  0.127 -0.682 0.707,
  -0.00287 0.707 0.707,
  -6.93e-014 0.67 0.732,
  0.0598 -0.0248 0.987,
  0.0636 -0.0636 0.982,
  0.093 -0.364 0.924,
  0.0751 -0.181 0.961,
  0.0233 0.378 0.924,
  0.0471 0.114 0.976,
  0.0526 0.0526 0.985,
  0.0575 0 0.989,
  0.0553 0.0229 0.988,
  -9.55e-014 0.924 -0.383,
  0.0285 0.0118 0.998,
  0.0281 0.0197 1,
  0.0294 0.00596 1,
  0.0265 0.0265 0.994,
  0.0252 0.042 0.993,
  0.0238 0.0574 0.991,
  0.018 0.221 0.966,
  1.92e-008 0.195 0.981,
  -0.0374 0.188 0.981,
  0.0117 0.38 0.924,
  0.00696 0.531 0.836,
  -0.0746 0.18 0.981,
  -0.106 0.159 0.981,
  -0.0734 0.369 0.926,
  -0.0858 0.562 0.812,
  -0.138 0.138 0.981,
  -0.159 0.106 0.981,
  -0.209 0.313 0.926,
  -0.305 0.456 0.836,
  -0.18 0.0746 0.981,
  -0.188 0.0374 0.981,
  -0.313 0.209 0.926,
  -0.456 0.305 0.836,
  -0.195 -1.78e-010 0.981,
  -0.188 -0.0374 0.981,
  -0.369 0.0734 0.926,
  -0.538 0.107 0.836,
  -0.18 -0.0746 0.981,
  -0.159 -0.106 0.981,
  -0.369 -0.0734 0.926,
  -0.538 -0.107 0.836,
  -0.138 -0.138 0.981,
  -0.106 -0.159 0.981,
  -0.313 -0.209 0.926,
  -0.456 -0.305 0.836,
  -0.0746 -0.18 0.981,
  -0.0374 -0.188 0.981,
  -0.209 -0.313 0.926,
  -0.305 -0.456 0.836,
  6.12e-009 -0.195 0.981,
  0.0424 -0.234 0.961,
  -0.0734 -0.369 0.926,
  -0.107 -0.538 0.836,
  0.0379 -0.0915 0.985,
  0.0537 -0.107 0.978,
  0.0321 -0.0321 0.993,
  0.0322 -0.023 1,
  0.0307 -0.0127 0.998,
  0.0306 -0.00644 1,
  -3.33e-009 0.531 0.835,
  -0.213 0.513 0.831,
  -0.137 0.683 0.71,
  -0.165 0.804 0.559,
  -0.393 0.393 0.831,
  -0.389 0.582 0.714,
  -0.459 0.687 0.562,
  -0.513 0.213 0.831,
  -0.582 0.389 0.714,
  -0.687 0.459 0.562,
  -0.556 7.15e-011 0.831,
  -0.687 0.137 0.714,
  -0.811 0.161 0.562,
  -0.513 -0.213 0.831,
  -0.687 -0.137 0.714,
  -0.811 -0.161 0.562,
  -0.393 -0.393 0.831,
  -0.582 -0.389 0.714,
  -0.687 -0.459 0.562,
  -0.213 -0.513 0.831,
  -0.389 -0.582 0.714,
  -0.459 -0.687 0.562,
  2.87e-010 -0.556 0.831,
  0.0574 -0.545 0.832,
  -0.137 -0.687 0.714,
  -0.161 -0.811 0.562,
  -0.318 0.768 0.556,
  -0.186 0.894 0.386,
  -0.197 0.95 0.197,
  -0.588 0.588 0.556,
  -0.512 0.766 0.389,
  -0.544 0.814 0.198,
  -0.768 0.318 0.556,
  -0.766 0.512 0.389,
  -0.814 0.544 0.198,
  -0.831 -5.78e-010 0.556,
  -0.904 0.18 0.389,
  -0.961 0.191 0.198,
  -0.768 -0.318 0.556,
  -0.904 -0.18 0.389,
  -0.961 -0.191 0.198,
  -0.588 -0.588 0.556,
  -0.766 -0.512 0.389,
  -0.814 -0.544 0.198,
  -0.318 -0.768 0.556,
  -0.512 -0.766 0.389,
  -0.544 -0.814 0.198,
  8.67e-010 -0.831 0.556,
  0.074 -0.819 0.557,
  -0.18 -0.904 0.389,
  -0.191 -0.961 0.198,
  -0.375 0.906 0.195,
  -0.201 0.969 -1.39e-010,
  -0.193 0.951 -0.197,
  -0.693 0.693 0.195,
  -0.556 0.831 -1.03e-013,
  -0.544 0.814 -0.198,
  -0.906 0.375 0.195,
  -0.831 0.556 4.35e-010,
  -0.814 0.544 -0.198,
  -0.981 -8.72e-010 0.195,
  -0.981 0.195 -1.03e-013,
  -0.961 0.191 -0.198,
  -0.906 -0.375 0.195,
  -0.981 -0.195 4.35e-010,
  -0.961 -0.191 -0.198,
  -0.693 -0.693 0.195,
  -0.831 -0.556 2.9e-010,
  -0.814 -0.544 -0.198,
  -0.375 -0.906 0.195,
  -0.556 -0.831 -1.03e-013,
  -0.544 -0.814 -0.198,
  -7.26e-010 -0.981 0.195,
  0.0852 -0.968 0.196,
  -0.195 -0.981 5.81e-010,
  -0.191 -0.961 -0.198,
  -0.375 0.906 -0.195,
  -0.179 0.901 -0.388,
  -0.161 0.811 -0.562,
  -0.693 0.693 -0.195,
  -0.512 0.766 -0.389,
  -0.459 0.687 -0.562,
  -0.906 0.375 -0.195,
  -0.766 0.512 -0.389,
  -0.687 0.459 -0.562,
  -0.981 -7.27e-010 -0.195,
  -0.904 0.18 -0.389,
  -0.811 0.161 -0.562,
  -0.906 -0.375 -0.195,
  -0.904 -0.18 -0.389,
  -0.811 -0.161 -0.562,
  -0.693 -0.693 -0.195,
  -0.766 -0.512 -0.389,
  -0.687 -0.459 -0.562,
  -0.375 -0.906 -0.195,
  -0.512 -0.766 -0.389,
  -0.459 -0.687 -0.562,
  -7.26e-010 -0.981 -0.195,
  0.0893 -0.967 -0.196,
  -0.18 -0.904 -0.389,
  -0.161 -0.811 -0.562,
  -9.97e-009 0.829 -0.554,
  0.00959 0.827 -0.554,
  0.0142 0.706 -0.708,
  0.025 0.551 -0.832,
  -0.318 0.768 -0.556,
  -0.137 0.687 -0.714,
  -0.107 0.538 -0.836,
  -0.588 0.588 -0.556,
  -0.389 0.582 -0.714,
  -0.305 0.456 -0.836,
  -0.768 0.318 -0.556,
  -0.582 0.389 -0.714,
  -0.456 0.305 -0.836,
  -0.831 -4.34e-010 -0.556,
  -0.687 0.137 -0.714,
  -0.538 0.107 -0.836,
  -0.768 -0.318 -0.556,
  -0.687 -0.137 -0.714,
  -0.538 -0.107 -0.836,
  -0.588 -0.588 -0.556,
  -0.582 -0.389 -0.714,
  -0.456 -0.305 -0.836,
  -0.318 -0.768 -0.556,
  -0.389 -0.582 -0.714,
  -0.305 -0.456 -0.836,
  -1.01e-009 -0.831 -0.556,
  0.0855 -0.817 -0.557,
  -0.137 -0.687 -0.714,
  -0.107 -0.538 -0.836,
  -1e-009 0.556 -0.831,
  0.0318 0.377 -0.924,
  0.0364 0.239 -0.96,
  -0.213 0.513 -0.831,
  -0.0734 0.369 -0.926,
  -0.0374 0.188 -0.981,
  -0.393 0.393 -0.831,
  -0.209 0.313 -0.926,
  -0.106 0.159 -0.981,
  -0.513 0.213 -0.831,
  -0.313 0.209 -0.926,
  -0.159 0.106 -0.981,
  -0.556 7.15e-011 -0.831,
  -0.369 0.0734 -0.926,
  -0.188 0.0374 -0.981,
  -0.513 -0.213 -0.831,
  -0.369 -0.0734 -0.926,
  -0.188 -0.0374 -0.981,
  -0.393 -0.393 -0.831,
  -0.313 -0.209 -0.926,
  -0.159 -0.106 -0.981,
  -0.213 -0.513 -0.831,
  -0.209 -0.313 -0.926,
  -0.106 -0.159 -0.981,
  5.02e-010 -0.556 -0.831,
  0.0745 -0.542 -0.833,
  -0.0734 -0.369 -0.926,
  -0.0374 -0.188 -0.981,
  0.0502 8.45e-010 -0.993,
  0.0513 -0.0108 -0.992,
  0.0509 0.0103 -1,
  5.91e-009 0.195 -0.981,
  -0.0746 0.18 -0.981,
  -0.138 0.138 -0.981,
  -0.18 0.0746 -0.981,
  -0.195 -1.78e-010 -0.981,
  -0.18 -0.0746 -0.981,
  -0.138 -0.138 -0.981,
  -0.0746 -0.18 -0.981,
  1.13e-008 -0.195 -0.981,
  0.0651 -0.263 -0.953,
  0.0296 1.68e-009 0.999,
  0.0466 -0.374 0.925,
  0.0641 -0.696 0.709,
  0.0778 -0.912 0.384,
  0.0855 -0.987 3.19e-011,
  0.0859 -0.91 -0.384,
  0.079 -0.693 -0.709,
  0.066 -0.37 -0.925,
  0.0484 0.02 -0.992,
  0.0472 0.033 -0.991,
  0.0459 0.0459 -0.99,
  0.0434 0.0722 -0.988,
  0.0408 0.0984 -0.984,
  0.0643 -0.155 -0.975,
  0.0915 -0.182 -0.963,
  0.0553 -0.0553 -0.988,
  0.0538 -0.0385 -0.99,
  0.0522 -0.0216 -0.992,
  -0.00512 0.973 0.194,
  0.0962 0.0235 0.0289,
  0.00114 0.825 0.552,
  0.00506 0.977 -0.194,
  -0.000792 0.689 0.72,
  0.017 0.527 0.832,
  0.0247 0.821 -0.55,
  0.0394 0.247 0.954,
  0.0501 0.0832 0.981,
  0.0541 0.0378 0.987,
  0.0565 0.0115 0.988,
  0.0588 -0.0124 0.988,
  0.0619 -0.0442 0.985,
  0.0574 0.543 -0.824,
  0.0696 -0.122 0.972,
  0.075 0.283 -0.944,
  0.0862 0.143 -0.967,
  0.0871 -0.273 0.945,
  0.0936 0.0653 -0.977,
  0.0979 0.0199 -0.98,
  0.102 -0.0214 -0.979,
  0.107 -0.0762 -0.974,
  0.119 -0.209 -0.952,
  0.123 -0.528 0.825,
  0.13 -0.332 -0.93,
  0.154 -0.795 0.551,
  0.157 -0.521 -0.825,
  0.175 -0.939 0.194,
  0.183 -0.938 -0.193,
  0.177 -0.791 -0.551 ]
}

coordIndex	[ 127, 126, 0, 130, -1, 131, 130, 0,
  134, -1, 135, 134, 0, 138, -1, 139,
  138, 0, 142, -1, 143, 142, 0, 146,
  -1, 147, 146, 0, 150, -1, 151, 150,
  0, 154, -1, 155, 154, 0, 158, -1,
  137, 136, 4, 172, -1, 141, 140, 5,
  175, -1, 145, 144, 6, 178, -1, 149,
  148, 7, 181, -1, 153, 152, 8, 184,
  -1, 157, 156, 9, 187, -1, 161, 160,
  10, 190, -1, 174, 173, 12, 197, -1,
  177, 176, 13, 200, -1, 180, 179, 14,
  203, -1, 183, 182, 15, 206, -1, 186,
  185, 16, 209, -1, 189, 188, 17, 212,
  -1, 193, 192, 18, 215, -1, 196, 195,
  19, 219, -1, 199, 198, 20, 222, -1,
  202, 201, 21, 225, -1, 205, 204, 22,
  228, -1, 208, 207, 23, 231, -1, 211,
  210, 24, 234, -1, 214, 213, 25, 237,
  -1, 218, 217, 26, 240, -1, 221, 220,
  27, 244, -1, 224, 223, 28, 247, -1,
  227, 226, 29, 250, -1, 230, 229, 30,
  253, -1, 233, 232, 31, 256, -1, 236,
  235, 32, 259, -1, 239, 238, 33, 262,
  -1, 243, 242, 34, 265, -1, 270, 269,
  43, 271, -1, 246, 245, 35, 273, -1,
  249, 248, 36, 276, -1, 252, 251, 37,
  279, -1, 255, 254, 38, 282, -1, 258,
  257, 39, 285, -1, 261, 260, 40, 288,
  -1, 264, 263, 41, 291, -1, 268, 267,
  42, 294, -1, 295, 294, 42, 344, -1,
  272, 271, 43, 298, -1, 275, 274, 44,
  301, -1, 278, 277, 45, 304, -1, 281,
  280, 46, 307, -1, 284, 283, 47, 310,
  -1, 287, 286, 48, 313, -1, 290, 289,
  49, 316, -1, 293, 292, 50, 319, -1,
  297, 296, 51, 322, -1, 323, 322, 51,
  345, -1, 328, 326, 66, 376, -1, 348,
  347, 67, 375, -1, 350, 349, 65, 373,
  -1, 300, 299, 52, 329, -1, 303, 302,
  53, 330, -1, 306, 305, 54, 331, -1,
  309, 308, 55, 332, -1, 312, 311, 56,
  333, -1, 315, 314, 57, 334, -1, 318,
  317, 58, 335, -1, 321, 320, 59, 336,
  -1, 325, 324, 60, 337, -1, 338, 337,
  60, 346, -1, 353, 352, 63, 379, -1,
  355, 354, 62, 378, -1, 327, 326, 1,
  356, -1, 171, 170, 11, 194, -1, 129,
  128, 2, 168, -1, 133, 132, 3, 169,
  -1, 123, 122, 0, 124, -1, 125, 124,
  0, 126, -1, 120, 119, 0, 122, -1,
  121, 119, 88, 367, -1, 167, 166, 0,
  339, -1, 165, 164, 0, 166, -1, 163,
  162, 0, 164, -1, 159, 158, 0, 162,
  -1, 191, 190, 10, 340, -1, 216, 215,
  18, 341, -1, 266, 265, 34, 343, -1,
  241, 240, 26, 342, -1, 120, 122, 86,
  366, -1, 358, 357, 74, 360, -1, 123,
  124, 85, 365, -1, 125, 126, 2, 128,
  -1, 125, 128, 84, 364, -1, 127, 130,
  3, 132, -1, 132, 2, 126, 127, -1,
  131, 134, 4, 136, -1, 136, 3, 130,
  131, -1, 135, 138, 5, 140, -1, 140,
  4, 134, 135, -1, 139, 142, 6, 144,
  -1, 144, 5, 138, 139, -1, 143, 146,
  7, 148, -1, 148, 6, 142, 143, -1,
  147, 150, 8, 152, -1, 152, 7, 146,
  147, -1, 151, 154, 9, 156, -1, 156,
  8, 150, 151, -1, 155, 158, 10, 160,
  -1, 160, 9, 154, 155, -1, 159, 162,
  83, 374, -1, 163, 164, 81, 371, -1,
  165, 166, 80, 369, -1, 168, 2, 132,
  133, -1, 129, 168, 79, 362, -1, 169,
  3, 136, 137, -1, 133, 169, 11, 170,
  -1, 133, 170, 78, 361, -1, 172, 4,
  140, 141, -1, 137, 172, 12, 173, -1,
  173, 11, 169, 137, -1, 175, 5, 144,
  145, -1, 141, 175, 13, 176, -1, 176,
  12, 172, 141, -1, 178, 6, 148, 149,
  -1, 145, 178, 14, 179, -1, 179, 13,
  175, 145, -1, 181, 7, 152, 153, -1,
  149, 181, 15, 182, -1, 182, 14, 178,
  149, -1, 184, 8, 156, 157, -1, 153,
  184, 16, 185, -1, 185, 15, 181, 153,
  -1, 187, 9, 160, 161, -1, 157, 187,
  17, 188, -1, 188, 16, 184, 157, -1,
  161, 190, 18, 192, -1, 192, 17, 187,
  161, -1, 194, 11, 173, 174, -1, 171,
  194, 19, 195, -1, 171, 195, 76, 359,
  -1, 197, 12, 176, 177, -1, 174, 197,
  20, 198, -1, 198, 19, 194, 174, -1,
  200, 13, 179, 180, -1, 177, 200, 21,
  201, -1, 201, 20, 197, 177, -1, 203,
  14, 182, 183, -1, 180, 203, 22, 204,
  -1, 204, 21, 200, 180, -1, 206, 15,
  185, 186, -1, 183, 206, 23, 207, -1,
  207, 22, 203, 183, -1, 209, 16, 188,
  189, -1, 186, 209, 24, 210, -1, 210,
  23, 206, 186, -1, 212, 17, 192, 193,
  -1, 189, 212, 25, 213, -1, 213, 24,
  209, 189, -1, 193, 215, 26, 217, -1,
  217, 25, 212, 193, -1, 219, 19, 198,
  199, -1, 196, 219, 27, 220, -1, 196,
  220, 74, 357, -1, 222, 20, 201, 202,
  -1, 199, 222, 28, 223, -1, 223, 27,
  219, 199, -1, 225, 21, 204, 205, -1,
  202, 225, 29, 226, -1, 226, 28, 222,
  202, -1, 228, 22, 207, 208, -1, 205,
  228, 30, 229, -1, 229, 29, 225, 205,
  -1, 231, 23, 210, 211, -1, 208, 231,
  31, 232, -1, 232, 30, 228, 208, -1,
  234, 24, 213, 214, -1, 211, 234, 32,
  235, -1, 235, 31, 231, 211, -1, 237,
  25, 217, 218, -1, 214, 237, 33, 238,
  -1, 238, 32, 234, 214, -1, 218, 240,
  34, 242, -1, 242, 33, 237, 218, -1,
  244, 27, 223, 224, -1, 221, 244, 35,
  245, -1, 221, 245, 89, 360, -1, 247,
  28, 226, 227, -1, 224, 247, 36, 248,
  -1, 248, 35, 244, 224, -1, 250, 29,
  229, 230, -1, 227, 250, 37, 251, -1,
  251, 36, 247, 227, -1, 253, 30, 232,
  233, -1, 230, 253, 38, 254, -1, 254,
  37, 250, 230, -1, 256, 31, 235, 236,
  -1, 233, 256, 39, 257, -1, 257, 38,
  253, 233, -1, 259, 32, 238, 239, -1,
  236, 259, 40, 260, -1, 260, 39, 256,
  236, -1, 262, 33, 242, 243, -1, 239,
  262, 41, 263, -1, 263, 40, 259, 239,
  -1, 243, 265, 42, 267, -1, 267, 41,
  262, 243, -1, 269, 89, 245, 246, -1,
  270, 271, 71, 363, -1, 273, 35, 248,
  249, -1, 246, 273, 44, 274, -1, 274,
  43, 269, 246, -1, 276, 36, 251, 252,
  -1, 249, 276, 45, 277, -1, 277, 44,
  273, 249, -1, 279, 37, 254, 255, -1,
  252, 279, 46, 280, -1, 280, 45, 276,
  252, -1, 282, 38, 257, 258, -1, 255,
  282, 47, 283, -1, 283, 46, 279, 255,
  -1, 285, 39, 260, 261, -1, 258, 285,
  48, 286, -1, 286, 47, 282, 258, -1,
  288, 40, 263, 264, -1, 261, 288, 49,
  289, -1, 289, 48, 285, 261, -1, 291,
  41, 267, 268, -1, 264, 291, 50, 292,
  -1, 292, 49, 288, 264, -1, 268, 294,
  51, 296, -1, 296, 50, 291, 268, -1,
  298, 43, 274, 275, -1, 272, 298, 52,
  299, -1, 272, 299, 69, 370, -1, 301,
  44, 277, 278, -1, 275, 301, 53, 302,
  -1, 302, 52, 298, 275, -1, 304, 45,
  280, 281, -1, 278, 304, 54, 305, -1,
  305, 53, 301, 278, -1, 307, 46, 283,
  284, -1, 281, 307, 55, 308, -1, 308,
  54, 304, 281, -1, 310, 47, 286, 287,
  -1, 284, 310, 56, 311, -1, 311, 55,
  307, 284, -1, 313, 48, 289, 290, -1,
  287, 313, 57, 314, -1, 314, 56, 310,
  287, -1, 316, 49, 292, 293, -1, 290,
  316, 58, 317, -1, 317, 57, 313, 290,
  -1, 319, 50, 296, 297, -1, 293, 319,
  59, 320, -1, 320, 58, 316, 293, -1,
  297, 322, 60, 324, -1, 324, 59, 319,
  297, -1, 329, 52, 302, 303, -1, 300,
  329, 1, 351, -1, 330, 53, 305, 306,
  -1, 330, 1, 329, 303, -1, 331, 54,
  308, 309, -1, 331, 1, 330, 306, -1,
  332, 55, 311, 312, -1, 332, 1, 331,
  309, -1, 333, 56, 314, 315, -1, 333,
  1, 332, 312, -1, 334, 57, 317, 318,
  -1, 334, 1, 333, 315, -1, 335, 58,
  320, 321, -1, 335, 1, 334, 318, -1,
  336, 59, 324, 325, -1, 336, 1, 335,
  321, -1, 337, 1, 336, 325, -1, 167,
  339, 87, 368, -1, 339, 0, 119, 121,
  -1, 191, 340, 82, 380, -1, 340, 10,
  158, 159, -1, 216, 341, 77, 382, -1,
  341, 18, 190, 191, -1, 241, 342, 75,
  384, -1, 342, 26, 215, 216, -1, 266,
  343, 73, 385, -1, 343, 34, 240, 241,
  -1, 295, 344, 72, 386, -1, 344, 42,
  265, 266, -1, 323, 345, 70, 383, -1,
  345, 51, 294, 295, -1, 338, 346, 68,
  381, -1, 346, 60, 322, 323, -1, 347,
  1, 326, 328, -1, 349, 1, 347, 348,
  -1, 300, 351, 64, 372, -1, 351, 1,
  349, 350, -1, 352, 1, 337, 338, -1,
  354, 1, 352, 353, -1, 327, 356, 61,
  377, -1, 356, 1, 354, 355, -1, 357,
  76, 195, 196, -1, 359, 76, 357, 358,
  -1, 359, 78, 170, 171, -1, 358, 360,
  89, 363, -1, 360, 74, 220, 221, -1,
  359, 361, 78, -1, 358, 361, 359, -1,
  361, 79, 168, 133, -1, 362, 79, 361,
  358, -1, 362, 84, 128, 129, -1, 358,
  363, 71, 370, -1, 363, 89, 269, 270,
  -1, 362, 364, 84, -1, 358, 364, 362,
  -1, 364, 85, 124, 125, -1, 365, 85,
  364, 358, -1, 365, 86, 122, 123, -1,
  366, 86, 365, 358, -1, 366, 88, 119,
  120, -1, 367, 88, 366, 358, -1, 367,
  87, 339, 121, -1, 368, 87, 367, 358,
  -1, 368, 80, 166, 167, -1, 369, 80,
  368, 358, -1, 369, 81, 164, 165, -1,
  358, 370, 69, 372, -1, 370, 71, 271,
  272, -1, 371, 81, 369, 358, -1, 371,
  83, 162, 163, -1, 358, 372, 64, 373,
  -1, 372, 69, 299, 300, -1, 358, 373,
  65, 375, -1, 373, 64, 351, 350, -1,
  374, 83, 371, 358, -1, 374, 82, 340,
  159, -1, 358, 375, 67, 376, -1, 375,
  65, 349, 348, -1, 358, 376, 66, 377,
  -1, 376, 67, 347, 328, -1, 358, 377,
  61, 378, -1, 377, 66, 326, 327, -1,
  358, 378, 62, 379, -1, 378, 61, 356,
  355, -1, 358, 379, 63, 381, -1, 379,
  62, 354, 353, -1, 380, 82, 374, -1,
  358, 380, 374, -1, 380, 77, 341, 191,
  -1, 358, 381, 68, 383, -1, 381, 63,
  352, 338, -1, 382, 77, 380, 358, -1,
  382, 75, 342, 216, -1, 358, 383, 70,
  386, -1, 383, 68, 346, 323, -1, 384,
  75, 382, 358, -1, 384, 73, 343, 241,
  -1, 385, 73, 384, 358, -1, 385, 72,
  344, 266, -1, 386, 72, 385, 358, -1,
  386, 70, 345, 295, -1 ]
colorPerVertex	FALSE
ccw	FALSE
solid	TRUE
creaseAngle	0.559
normalIndex	[  ]
texCoordIndex	[  ]
}

}

translation	-0.690663 0.370825 1.33175
rotation	-0.134527 0.949602 -0.283122  0.228
scale	0.249 0.348 0.508
scaleOrientation	0 0 1  0
center	-0.4085 -0.00150001 0
}
DEF leye_9 Transform {
children	Shape {
appearance	Appearance {
material	Material {
ambientIntensity	0.1
diffuseColor	0.2 0.2 0.2
specularColor	0.1 0.1 0.1
emissiveColor	0 0 0
shininess	0
transparency	0
}

}

geometry	DEF _10 IndexedFaceSet {
coord	Coordinate {
point	[ 0 0 1,
  0 0 -1,
  0.383 0 0.924,
  0.354 0.146 0.924,
  0.271 0.271 0.924,
  0.146 0.354 0.924,
  -3.96e-014 0.383 0.924,
  -0.146 0.354 0.924,
  -0.271 0.271 0.924,
  -0.354 0.146 0.924,
  -0.383 -7.91e-014 0.924,
  -0.354 -0.146 0.924,
  -0.271 -0.271 0.924,
  -0.146 -0.354 0.924,
  1.19e-013 -0.383 0.924,
  0.146 -0.354 0.924,
  0.271 -0.271 0.924,
  0.354 -0.146 0.924,
  0.707 0 0.707,
  0.653 0.271 0.707,
  0.5 0.5 0.707,
  0.271 0.653 0.707,
  -7.31e-014 0.707 0.707,
  -0.271 0.653 0.707,
  -0.5 0.5 0.707,
  -0.653 0.271 0.707,
  -0.707 -1.46e-013 0.707,
  -0.653 -0.271 0.707,
  -0.5 -0.5 0.707,
  -0.271 -0.653 0.707,
  2.2e-013 -0.707 0.707,
  0.271 -0.653 0.707,
  0.5 -0.5 0.707,
  0.653 -0.271 0.707,
  0.924 0 0.383,
  0.854 0.354 0.383,
  0.653 0.653 0.383,
  0.354 0.854 0.383,
  -9.55e-014 0.924 0.383,
  -0.354 0.854 0.383,
  -0.653 0.653 0.383,
  -0.854 0.354 0.383,
  -0.924 -1.91e-013 0.383,
  -0.854 -0.354 0.383,
  -0.653 -0.653 0.383,
  -0.354 -0.854 0.383,
  2.87e-013 -0.924 0.383,
  0.354 -0.854 0.383,
  0.653 -0.653 0.383,
  0.854 -0.354 0.383,
  1 0 -1.03e-013,
  0.924 0.383 -1.03e-013,
  0.707 0.707 -1.03e-013,
  0.383 0.924 -1.03e-013,
  -1.03e-013 1 -1.03e-013,
  -0.383 0.924 -1.03e-013,
  -0.707 0.707 -1.03e-013,
  -0.924 0.383 -1.03e-013,
  -1 -2.07e-013 -1.03e-013,
  -0.924 -0.383 -1.03e-013,
  -0.707 -0.707 -1.03e-013,
  -0.383 -0.924 -1.03e-013,
  3.11e-013 -1 -1.03e-013,
  0.383 -0.924 -1.03e-013,
  0.707 -0.707 -1.03e-013,
  0.924 -0.383 -1.03e-013,
  0.924 0 -0.383,
  0.854 0.354 -0.383,
  0.653 0.653 -0.383,
  0.354 0.854 -0.383,
  -9.55e-014 0.924 -0.383,
  -0.354 0.854 -0.383,
  -0.653 0.653 -0.383,
  -0.854 0.354 -0.383,
  -0.924 -1.91e-013 -0.383,
  -0.854 -0.354 -0.383,
  -0.653 -0.653 -0.383,
  -0.354 -0.854 -0.383,
  2.87e-013 -0.924 -0.383,
  0.354 -0.854 -0.383,
  0.653 -0.653 -0.383,
  0.854 -0.354 -0.383,
  0.707 0 -0.707,
  0.653 0.271 -0.707,
  0.5 0.5 -0.707,
  0.271 0.653 -0.707,
  -7.31e-014 0.707 -0.707,
  -0.271 0.653 -0.707,
  -0.5 0.5 -0.707,
  -0.653 0.271 -0.707,
  -0.707 -1.46e-013 -0.707,
  -0.653 -0.271 -0.707,
  -0.5 -0.5 -0.707,
  -0.271 -0.653 -0.707,
  2.2e-013 -0.707 -0.707,
  0.271 -0.653 -0.707,
  0.5 -0.5 -0.707,
  0.653 -0.271 -0.707,
  0.383 0 -0.924,
  0.354 0.146 -0.924,
  0.271 0.271 -0.924,
  0.146 0.354 -0.924,
  -3.96e-014 0.383 -0.924,
  -0.146 0.354 -0.924,
  -0.271 0.271 -0.924,
  -0.354 0.146 -0.924,
  -0.383 -7.91e-014 -0.924,
  -0.354 -0.146 -0.924,
  -0.271 -0.271 -0.924,
  -0.146 -0.354 -0.924,
  1.19e-013 -0.383 -0.924,
  0.146 -0.354 -0.924,
  0.271 -0.271 -0.924,
  0.354 -0.146 -0.924,
  0.18 0.0746 0.981,
  0.159 0.106 0.981,
  0.188 0.0374 0.981,
  0.369 0.0734 0.926,
  0.538 0.107 0.836,
  0.195 1.78e-010 0.981,
  0.188 -0.0374 0.981,
  0.138 0.138 0.981,
  0.106 0.159 0.981,
  0.313 0.209 0.926,
  0.456 0.305 0.836,
  0.0746 0.18 0.981,
  0.0374 0.188 0.981,
  0.209 0.313 0.926,
  0.305 0.456 0.836,
  -6.66e-009 0.195 0.981,
  -0.0374 0.188 0.981,
  0.0734 0.369 0.926,
  0.107 0.538 0.836,
  -0.0746 0.18 0.981,
  -0.106 0.159 0.981,
  -0.0734 0.369 0.926,
  -0.107 0.538 0.836,
  -0.138 0.138 0.981,
  -0.159 0.106 0.981,
  -0.209 0.313 0.926,
  -0.305 0.456 0.836,
  -0.18 0.0746 0.981,
  -0.188 0.0374 0.981,
  -0.313 0.209 0.926,
  -0.456 0.305 0.836,
  -0.195 -1.78e-010 0.981,
  -0.188 -0.0374 0.981,
  -0.369 0.0734 0.926,
  -0.538 0.107 0.836,
  -0.18 -0.0746 0.981,
  -0.159 -0.106 0.981,
  -0.369 -0.0734 0.926,
  -0.538 -0.107 0.836,
  -0.138 -0.138 0.981,
  -0.106 -0.159 0.981,
  -0.313 -0.209 0.926,
  -0.456 -0.305 0.836,
  -0.0746 -0.18 0.981,
  -0.0374 -0.188 0.981,
  -0.209 -0.313 0.926,
  -0.305 -0.456 0.836,
  6.66e-009 -0.195 0.981,
  0.0374 -0.188 0.981,
  -0.0734 -0.369 0.926,
  -0.107 -0.538 0.836,
  0.0746 -0.18 0.981,
  0.106 -0.159 0.981,
  0.0734 -0.369 0.926,
  0.107 -0.538 0.836,
  0.138 -0.138 0.981,
  0.159 -0.106 0.981,
  0.209 -0.313 0.926,
  0.305 -0.456 0.836,
  0.18 -0.0746 0.981,
  0.313 -0.209 0.926,
  0.456 -0.305 0.836,
  0.369 -0.0734 0.926,
  0.538 -0.107 0.836,
  0.513 0.213 0.831,
  0.687 0.137 0.714,
  0.811 0.161 0.562,
  0.556 -7.16e-011 0.831,
  0.393 0.393 0.831,
  0.582 0.389 0.714,
  0.687 0.459 0.562,
  0.213 0.513 0.831,
  0.389 0.582 0.714,
  0.459 0.687 0.562,
  -1.86e-009 0.556 0.831,
  0.137 0.687 0.714,
  0.161 0.811 0.562,
  -0.213 0.513 0.831,
  -0.137 0.687 0.714,
  -0.161 0.811 0.562,
  -0.393 0.393 0.831,
  -0.389 0.582 0.714,
  -0.459 0.687 0.562,
  -0.513 0.213 0.831,
  -0.582 0.389 0.714,
  -0.687 0.459 0.562,
  -0.556 7.15e-011 0.831,
  -0.687 0.137 0.714,
  -0.811 0.161 0.562,
  -0.513 -0.213 0.831,
  -0.687 -0.137 0.714,
  -0.811 -0.161 0.562,
  -0.393 -0.393 0.831,
  -0.582 -0.389 0.714,
  -0.687 -0.459 0.562,
  -0.213 -0.513 0.831,
  -0.389 -0.582 0.714,
  -0.459 -0.687 0.562,
  1.86e-009 -0.556 0.831,
  -0.137 -0.687 0.714,
  -0.161 -0.811 0.562,
  0.213 -0.513 0.831,
  0.137 -0.687 0.714,
  0.161 -0.811 0.562,
  0.393 -0.393 0.831,
  0.389 -0.582 0.714,
  0.459 -0.687 0.562,
  0.513 -0.213 0.831,
  0.582 -0.389 0.714,
  0.687 -0.459 0.562,
  0.687 -0.137 0.714,
  0.811 -0.161 0.562,
  0.768 0.318 0.556,
  0.904 0.18 0.389,
  0.961 0.191 0.198,
  0.831 5.78e-010 0.556,
  0.588 0.588 0.556,
  0.766 0.512 0.389,
  0.814 0.544 0.198,
  0.318 0.768 0.556,
  0.512 0.766 0.389,
  0.544 0.814 0.198,
  1.44e-010 0.831 0.556,
  0.18 0.904 0.389,
  0.191 0.961 0.198,
  -0.318 0.768 0.556,
  -0.18 0.904 0.389,
  -0.191 0.961 0.198,
  -0.588 0.588 0.556,
  -0.512 0.766 0.389,
  -0.544 0.814 0.198,
  -0.768 0.318 0.556,
  -0.766 0.512 0.389,
  -0.814 0.544 0.198,
  -0.831 -5.78e-010 0.556,
  -0.904 0.18 0.389,
  -0.961 0.191 0.198,
  -0.768 -0.318 0.556,
  -0.904 -0.18 0.389,
  -0.961 -0.191 0.198,
  -0.588 -0.588 0.556,
  -0.766 -0.512 0.389,
  -0.814 -0.544 0.198,
  -0.318 -0.768 0.556,
  -0.512 -0.766 0.389,
  -0.544 -0.814 0.198,
  -1.44e-010 -0.831 0.556,
  -0.18 -0.904 0.389,
  -0.191 -0.961 0.198,
  0.318 -0.768 0.556,
  0.18 -0.904 0.389,
  0.191 -0.961 0.198,
  0.588 -0.588 0.556,
  0.512 -0.766 0.389,
  0.544 -0.814 0.198,
  0.768 -0.318 0.556,
  0.766 -0.512 0.389,
  0.814 -0.544 0.198,
  0.904 -0.18 0.389,
  0.961 -0.191 0.198,
  0.906 0.375 0.195,
  0.981 0.195 4.35e-010,
  0.961 0.191 -0.198,
  0.981 8.72e-010 0.195,
  0.693 0.693 0.195,
  0.831 0.556 2.9e-010,
  0.814 0.544 -0.198,
  0.375 0.906 0.195,
  0.556 0.831 -1.03e-013,
  0.544 0.814 -0.198,
  -1.45e-010 0.981 0.195,
  0.195 0.981 5.81e-010,
  0.191 0.961 -0.198,
  -0.375 0.906 0.195,
  -0.195 0.981 5.81e-010,
  -0.191 0.961 -0.198,
  -0.693 0.693 0.195,
  -0.556 0.831 -1.03e-013,
  -0.544 0.814 -0.198,
  -0.906 0.375 0.195,
  -0.831 0.556 4.35e-010,
  -0.814 0.544 -0.198,
  -0.981 -8.72e-010 0.195,
  -0.981 0.195 -1.03e-013,
  -0.961 0.191 -0.198,
  -0.906 -0.375 0.195,
  -0.981 -0.195 4.35e-010,
  -0.961 -0.191 -0.198,
  -0.693 -0.693 0.195,
  -0.831 -0.556 2.9e-010,
  -0.814 -0.544 -0.198,
  -0.375 -0.906 0.195,
  -0.556 -0.831 -1.03e-013,
  -0.544 -0.814 -0.198,
  1.46e-010 -0.981 0.195,
  -0.195 -0.981 5.81e-010,
  -0.191 -0.961 -0.198,
  0.375 -0.906 0.195,
  0.195 -0.981 5.81e-010,
  0.191 -0.961 -0.198,
  0.693 -0.693 0.195,
  0.556 -0.831 -1.03e-013,
  0.544 -0.814 -0.198,
  0.906 -0.375 0.195,
  0.831 -0.556 4.35e-010,
  0.814 -0.544 -0.198,
  0.981 -0.195 -1.03e-013,
  0.961 -0.191 -0.198,
  0.906 0.375 -0.195,
  0.904 0.18 -0.389,
  0.811 0.161 -0.562,
  0.981 7.27e-010 -0.195,
  0.693 0.693 -0.195,
  0.766 0.512 -0.389,
  0.687 0.459 -0.562,
  0.375 0.906 -0.195,
  0.512 0.766 -0.389,
  0.459 0.687 -0.562,
  -9.95e-014 0.981 -0.195,
  0.18 0.904 -0.389,
  0.161 0.811 -0.562,
  -0.375 0.906 -0.195,
  -0.18 0.904 -0.389,
  -0.161 0.811 -0.562,
  -0.693 0.693 -0.195,
  -0.512 0.766 -0.389,
  -0.459 0.687 -0.562,
  -0.906 0.375 -0.195,
  -0.766 0.512 -0.389,
  -0.687 0.459 -0.562,
  -0.981 -7.27e-010 -0.195,
  -0.904 0.18 -0.389,
  -0.811 0.161 -0.562,
  -0.906 -0.375 -0.195,
  -0.904 -0.18 -0.389,
  -0.811 -0.161 -0.562,
  -0.693 -0.693 -0.195,
  -0.766 -0.512 -0.389,
  -0.687 -0.459 -0.562,
  -0.375 -0.906 -0.195,
  -0.512 -0.766 -0.389,
  -0.459 -0.687 -0.562,
  2.99e-013 -0.981 -0.195,
  -0.18 -0.904 -0.389,
  -0.161 -0.811 -0.562,
  0.375 -0.906 -0.195,
  0.18 -0.904 -0.389,
  0.161 -0.811 -0.562,
  0.693 -0.693 -0.195,
  0.512 -0.766 -0.389,
  0.459 -0.687 -0.562,
  0.906 -0.375 -0.195,
  0.766 -0.512 -0.389,
  0.687 -0.459 -0.562,
  0.904 -0.18 -0.389,
  0.811 -0.161 -0.562,
  0.768 0.318 -0.556,
  0.687 0.137 -0.714,
  0.538 0.107 -0.836,
  0.831 4.33e-010 -0.556,
  0.588 0.588 -0.556,
  0.582 0.389 -0.714,
  0.456 0.305 -0.836,
  0.318 0.768 -0.556,
  0.389 0.582 -0.714,
  0.305 0.456 -0.836,
  -4.34e-010 0.831 -0.556,
  0.137 0.687 -0.714,
  0.107 0.538 -0.836,
  -0.318 0.768 -0.556,
  -0.137 0.687 -0.714,
  -0.107 0.538 -0.836,
  -0.588 0.588 -0.556,
  -0.389 0.582 -0.714,
  -0.305 0.456 -0.836,
  -0.768 0.318 -0.556,
  -0.582 0.389 -0.714,
  -0.456 0.305 -0.836,
  -0.831 -4.34e-010 -0.556,
  -0.687 0.137 -0.714,
  -0.538 0.107 -0.836,
  -0.768 -0.318 -0.556,
  -0.687 -0.137 -0.714,
  -0.538 -0.107 -0.836,
  -0.588 -0.588 -0.556,
  -0.582 -0.389 -0.714,
  -0.456 -0.305 -0.836,
  -0.318 -0.768 -0.556,
  -0.389 -0.582 -0.714,
  -0.305 -0.456 -0.836,
  4.34e-010 -0.831 -0.556,
  -0.137 -0.687 -0.714,
  -0.107 -0.538 -0.836,
  0.318 -0.768 -0.556,
  0.137 -0.687 -0.714,
  0.107 -0.538 -0.836,
  0.588 -0.588 -0.556,
  0.389 -0.582 -0.714,
  0.305 -0.456 -0.836,
  0.768 -0.318 -0.556,
  0.582 -0.389 -0.714,
  0.456 -0.305 -0.836,
  0.687 -0.137 -0.714,
  0.538 -0.107 -0.836,
  0.513 0.213 -0.831,
  0.369 0.0734 -0.926,
  0.188 0.0374 -0.981,
  0.556 -7.16e-011 -0.831,
  0.393 0.393 -0.831,
  0.313 0.209 -0.926,
  0.159 0.106 -0.981,
  0.213 0.513 -0.831,
  0.209 0.313 -0.926,
  0.106 0.159 -0.981,
  -3.87e-009 0.556 -0.831,
  0.0734 0.369 -0.926,
  0.0374 0.188 -0.981,
  -0.213 0.513 -0.831,
  -0.0734 0.369 -0.926,
  -0.0374 0.188 -0.981,
  -0.393 0.393 -0.831,
  -0.209 0.313 -0.926,
  -0.106 0.159 -0.981,
  -0.513 0.213 -0.831,
  -0.313 0.209 -0.926,
  -0.159 0.106 -0.981,
  -0.556 7.15e-011 -0.831,
  -0.369 0.0734 -0.926,
  -0.188 0.0374 -0.981,
  -0.513 -0.213 -0.831,
  -0.369 -0.0734 -0.926,
  -0.188 -0.0374 -0.981,
  -0.393 -0.393 -0.831,
  -0.313 -0.209 -0.926,
  -0.159 -0.106 -0.981,
  -0.213 -0.513 -0.831,
  -0.209 -0.313 -0.926,
  -0.106 -0.159 -0.981,
  3.87e-009 -0.556 -0.831,
  -0.0734 -0.369 -0.926,
  -0.0374 -0.188 -0.981,
  0.213 -0.513 -0.831,
  0.0734 -0.369 -0.926,
  0.0374 -0.188 -0.981,
  0.393 -0.393 -0.831,
  0.209 -0.313 -0.926,
  0.106 -0.159 -0.981,
  0.513 -0.213 -0.831,
  0.313 -0.209 -0.926,
  0.159 -0.106 -0.981,
  0.369 -0.0734 -0.926,
  0.188 -0.0374 -0.981,
  0.18 0.0746 -0.981,
  0.195 1.78e-010 -0.981,
  0.138 0.138 -0.981,
  0.0746 0.18 -0.981,
  -6.83e-009 0.195 -0.981,
  -0.0746 0.18 -0.981,
  -0.138 0.138 -0.981,
  -0.18 0.0746 -0.981,
  -0.195 -1.78e-010 -0.981,
  -0.18 -0.0746 -0.981,
  -0.138 -0.138 -0.981,
  -0.0746 -0.18 -0.981,
  6.83e-009 -0.195 -0.981,
  0.0746 -0.18 -0.981,
  0.138 -0.138 -0.981,
  0.18 -0.0746 -0.981 ]
}

coordIndex	[ 116, 114, 3, 117, -1, 115, 114, 0,
  121, -1, 122, 121, 0, 125, -1, 126,
  125, 0, 129, -1, 130, 129, 0, 133,
  -1, 134, 133, 0, 137, -1, 138, 137,
  0, 141, -1, 142, 141, 0, 145, -1,
  146, 145, 0, 149, -1, 150, 149, 0,
  153, -1, 154, 153, 0, 157, -1, 158,
  157, 0, 161, -1, 162, 161, 0, 165,
  -1, 166, 165, 0, 169, -1, 170, 169,
  0, 173, -1, 120, 119, 2, 176, -1,
  118, 117, 3, 178, -1, 124, 123, 4,
  182, -1, 128, 127, 5, 185, -1, 132,
  131, 6, 188, -1, 136, 135, 7, 191,
  -1, 140, 139, 8, 194, -1, 144, 143,
  9, 197, -1, 148, 147, 10, 200, -1,
  152, 151, 11, 203, -1, 156, 155, 12,
  206, -1, 160, 159, 13, 209, -1, 164,
  163, 14, 212, -1, 168, 167, 15, 215,
  -1, 172, 171, 16, 218, -1, 175, 174,
  17, 221, -1, 177, 176, 2, 181, -1,
  180, 179, 19, 226, -1, 184, 183, 20,
  230, -1, 187, 186, 21, 233, -1, 190,
  189, 22, 236, -1, 193, 192, 23, 239,
  -1, 196, 195, 24, 242, -1, 199, 198,
  25, 245, -1, 202, 201, 26, 248, -1,
  205, 204, 27, 251, -1, 208, 207, 28,
  254, -1, 211, 210, 29, 257, -1, 214,
  213, 30, 260, -1, 217, 216, 31, 263,
  -1, 220, 219, 32, 266, -1, 223, 222,
  33, 269, -1, 225, 224, 18, 229, -1,
  228, 227, 35, 274, -1, 232, 231, 36,
  278, -1, 235, 234, 37, 281, -1, 238,
  237, 38, 284, -1, 241, 240, 39, 287,
  -1, 244, 243, 40, 290, -1, 247, 246,
  41, 293, -1, 250, 249, 42, 296, -1,
  253, 252, 43, 299, -1, 256, 255, 44,
  302, -1, 259, 258, 45, 305, -1, 262,
  261, 46, 308, -1, 265, 264, 47, 311,
  -1, 268, 267, 48, 314, -1, 271, 270,
  49, 317, -1, 273, 272, 34, 277, -1,
  276, 275, 51, 322, -1, 280, 279, 52,
  326, -1, 283, 282, 53, 329, -1, 286,
  285, 54, 332, -1, 289, 288, 55, 335,
  -1, 292, 291, 56, 338, -1, 295, 294,
  57, 341, -1, 298, 297, 58, 344, -1,
  301, 300, 59, 347, -1, 304, 303, 60,
  350, -1, 307, 306, 61, 353, -1, 310,
  309, 62, 356, -1, 313, 312, 63, 359,
  -1, 316, 315, 64, 362, -1, 319, 318,
  65, 365, -1, 321, 320, 50, 325, -1,
  324, 323, 67, 370, -1, 328, 327, 68,
  374, -1, 331, 330, 69, 377, -1, 334,
  333, 70, 380, -1, 337, 336, 71, 383,
  -1, 340, 339, 72, 386, -1, 343, 342,
  73, 389, -1, 346, 345, 74, 392, -1,
  349, 348, 75, 395, -1, 352, 351, 76,
  398, -1, 355, 354, 77, 401, -1, 358,
  357, 78, 404, -1, 361, 360, 79, 407,
  -1, 364, 363, 80, 410, -1, 367, 366,
  81, 413, -1, 369, 368, 66, 373, -1,
  372, 371, 83, 418, -1, 376, 375, 84,
  422, -1, 379, 378, 85, 425, -1, 382,
  381, 86, 428, -1, 385, 384, 87, 431,
  -1, 388, 387, 88, 434, -1, 391, 390,
  89, 437, -1, 394, 393, 90, 440, -1,
  397, 396, 91, 443, -1, 400, 399, 92,
  446, -1, 403, 402, 93, 449, -1, 406,
  405, 94, 452, -1, 409, 408, 95, 455,
  -1, 412, 411, 96, 458, -1, 415, 414,
  97, 461, -1, 417, 416, 82, 421, -1,
  420, 419, 99, 466, -1, 424, 423, 100,
  468, -1, 427, 426, 101, 469, -1, 430,
  429, 102, 470, -1, 433, 432, 103, 471,
  -1, 436, 435, 104, 472, -1, 439, 438,
  105, 473, -1, 442, 441, 106, 474, -1,
  445, 444, 107, 475, -1, 448, 447, 108,
  476, -1, 451, 450, 109, 477, -1, 454,
  453, 110, 478, -1, 457, 456, 111, 479,
  -1, 460, 459, 112, 480, -1, 463, 462,
  113, 481, -1, 465, 464, 98, 467, -1,
  116, 117, 2, 119, -1, 119, 0, 114,
  116, -1, 115, 121, 4, 123, -1, 123,
  3, 114, 115, -1, 122, 125, 5, 127,
  -1, 127, 4, 121, 122, -1, 126, 129,
  6, 131, -1, 131, 5, 125, 126, -1,
  130, 133, 7, 135, -1, 135, 6, 129,
  130, -1, 134, 137, 8, 139, -1, 139,
  7, 133, 134, -1, 138, 141, 9, 143,
  -1, 143, 8, 137, 138, -1, 142, 145,
  10, 147, -1, 147, 9, 141, 142, -1,
  146, 149, 11, 151, -1, 151, 10, 145,
  146, -1, 150, 153, 12, 155, -1, 155,
  11, 149, 150, -1, 154, 157, 13, 159,
  -1, 159, 12, 153, 154, -1, 158, 161,
  14, 163, -1, 163, 13, 157, 158, -1,
  162, 165, 15, 167, -1, 167, 14, 161,
  162, -1, 166, 169, 16, 171, -1, 171,
  15, 165, 166, -1, 173, 0, 119, 120,
  -1, 170, 173, 17, 174, -1, 174, 16,
  169, 170, -1, 176, 17, 173, 120, -1,
  178, 3, 123, 124, -1, 118, 178, 19,
  179, -1, 118, 179, 18, 181, -1, 177,
  181, 18, 224, -1, 181, 2, 117, 118,
  -1, 182, 4, 127, 128, -1, 124, 182,
  20, 183, -1, 183, 19, 178, 124, -1,
  185, 5, 131, 132, -1, 128, 185, 21,
  186, -1, 186, 20, 182, 128, -1, 188,
  6, 135, 136, -1, 132, 188, 22, 189,
  -1, 189, 21, 185, 132, -1, 191, 7,
  139, 140, -1, 136, 191, 23, 192, -1,
  192, 22, 188, 136, -1, 194, 8, 143,
  144, -1, 140, 194, 24, 195, -1, 195,
  23, 191, 140, -1, 197, 9, 147, 148,
  -1, 144, 197, 25, 198, -1, 198, 24,
  194, 144, -1, 200, 10, 151, 152, -1,
  148, 200, 26, 201, -1, 201, 25, 197,
  148, -1, 203, 11, 155, 156, -1, 152,
  203, 27, 204, -1, 204, 26, 200, 152,
  -1, 206, 12, 159, 160, -1, 156, 206,
  28, 207, -1, 207, 27, 203, 156, -1,
  209, 13, 163, 164, -1, 160, 209, 29,
  210, -1, 210, 28, 206, 160, -1, 212,
  14, 167, 168, -1, 164, 212, 30, 213,
  -1, 213, 29, 209, 164, -1, 215, 15,
  171, 172, -1, 168, 215, 31, 216, -1,
  216, 30, 212, 168, -1, 218, 16, 174,
  175, -1, 172, 218, 32, 219, -1, 219,
  31, 215, 172, -1, 221, 17, 176, 177,
  -1, 175, 221, 33, 222, -1, 222, 32,
  218, 175, -1, 224, 33, 221, 177, -1,
  226, 19, 183, 184, -1, 180, 226, 35,
  227, -1, 180, 227, 34, 229, -1, 225,
  229, 34, 272, -1, 229, 18, 179, 180,
  -1, 230, 20, 186, 187, -1, 184, 230,
  36, 231, -1, 231, 35, 226, 184, -1,
  233, 21, 189, 190, -1, 187, 233, 37,
  234, -1, 234, 36, 230, 187, -1, 236,
  22, 192, 193, -1, 190, 236, 38, 237,
  -1, 237, 37, 233, 190, -1, 239, 23,
  195, 196, -1, 193, 239, 39, 240, -1,
  240, 38, 236, 193, -1, 242, 24, 198,
  199, -1, 196, 242, 40, 243, -1, 243,
  39, 239, 196, -1, 245, 25, 201, 202,
  -1, 199, 245, 41, 246, -1, 246, 40,
  242, 199, -1, 248, 26, 204, 205, -1,
  202, 248, 42, 249, -1, 249, 41, 245,
  202, -1, 251, 27, 207, 208, -1, 205,
  251, 43, 252, -1, 252, 42, 248, 205,
  -1, 254, 28, 210, 211, -1, 208, 254,
  44, 255, -1, 255, 43, 251, 208, -1,
  257, 29, 213, 214, -1, 211, 257, 45,
  258, -1, 258, 44, 254, 211, -1, 260,
  30, 216, 217, -1, 214, 260, 46, 261,
  -1, 261, 45, 257, 214, -1, 263, 31,
  219, 220, -1, 217, 263, 47, 264, -1,
  264, 46, 260, 217, -1, 266, 32, 222,
  223, -1, 220, 266, 48, 267, -1, 267,
  47, 263, 220, -1, 269, 33, 224, 225,
  -1, 223, 269, 49, 270, -1, 270, 48,
  266, 223, -1, 272, 49, 269, 225, -1,
  274, 35, 231, 232, -1, 228, 274, 51,
  275, -1, 228, 275, 50, 277, -1, 273,
  277, 50, 320, -1, 277, 34, 227, 228,
  -1, 278, 36, 234, 235, -1, 232, 278,
  52, 279, -1, 279, 51, 274, 232, -1,
  281, 37, 237, 238, -1, 235, 281, 53,
  282, -1, 282, 52, 278, 235, -1, 284,
  38, 240, 241, -1, 238, 284, 54, 285,
  -1, 285, 53, 281, 238, -1, 287, 39,
  243, 244, -1, 241, 287, 55, 288, -1,
  288, 54, 284, 241, -1, 290, 40, 246,
  247, -1, 244, 290, 56, 291, -1, 291,
  55, 287, 244, -1, 293, 41, 249, 250,
  -1, 247, 293, 57, 294, -1, 294, 56,
  290, 247, -1, 296, 42, 252, 253, -1,
  250, 296, 58, 297, -1, 297, 57, 293,
  250, -1, 299, 43, 255, 256, -1, 253,
  299, 59, 300, -1, 300, 58, 296, 253,
  -1, 302, 44, 258, 259, -1, 256, 302,
  60, 303, -1, 303, 59, 299, 256, -1,
  305, 45, 261, 262, -1, 259, 305, 61,
  306, -1, 306, 60, 302, 259, -1, 308,
  46, 264, 265, -1, 262, 308, 62, 309,
  -1, 309, 61, 305, 262, -1, 311, 47,
  267, 268, -1, 265, 311, 63, 312, -1,
  312, 62, 308, 265, -1, 314, 48, 270,
  271, -1, 268, 314, 64, 315, -1, 315,
  63, 311, 268, -1, 317, 49, 272, 273,
  -1, 271, 317, 65, 318, -1, 318, 64,
  314, 271, -1, 320, 65, 317, 273, -1,
  322, 51, 279, 280, -1, 276, 322, 67,
  323, -1, 276, 323, 66, 325, -1, 321,
  325, 66, 368, -1, 325, 50, 275, 276,
  -1, 326, 52, 282, 283, -1, 280, 326,
  68, 327, -1, 327, 67, 322, 280, -1,
  329, 53, 285, 286, -1, 283, 329, 69,
  330, -1, 330, 68, 326, 283, -1, 332,
  54, 288, 289, -1, 286, 332, 70, 333,
  -1, 333, 69, 329, 286, -1, 335, 55,
  291, 292, -1, 289, 335, 71, 336, -1,
  336, 70, 332, 289, -1, 338, 56, 294,
  295, -1, 292, 338, 72, 339, -1, 339,
  71, 335, 292, -1, 341, 57, 297, 298,
  -1, 295, 341, 73, 342, -1, 342, 72,
  338, 295, -1, 344, 58, 300, 301, -1,
  298, 344, 74, 345, -1, 345, 73, 341,
  298, -1, 347, 59, 303, 304, -1, 301,
  347, 75, 348, -1, 348, 74, 344, 301,
  -1, 350, 60, 306, 307, -1, 304, 350,
  76, 351, -1, 351, 75, 347, 304, -1,
  353, 61, 309, 310, -1, 307, 353, 77,
  354, -1, 354, 76, 350, 307, -1, 356,
  62, 312, 313, -1, 310, 356, 78, 357,
  -1, 357, 77, 353, 310, -1, 359, 63,
  315, 316, -1, 313, 359, 79, 360, -1,
  360, 78, 356, 313, -1, 362, 64, 318,
  319, -1, 316, 362, 80, 363, -1, 363,
  79, 359, 316, -1, 365, 65, 320, 321,
  -1, 319, 365, 81, 366, -1, 366, 80,
  362, 319, -1, 368, 81, 365, 321, -1,
  370, 67, 327, 328, -1, 324, 370, 83,
  371, -1, 324, 371, 82, 373, -1, 369,
  373, 82, 416, -1, 373, 66, 323, 324,
  -1, 374, 68, 330, 331, -1, 328, 374,
  84, 375, -1, 375, 83, 370, 328, -1,
  377, 69, 333, 334, -1, 331, 377, 85,
  378, -1, 378, 84, 374, 331, -1, 380,
  70, 336, 337, -1, 334, 380, 86, 381,
  -1, 381, 85, 377, 334, -1, 383, 71,
  339, 340, -1, 337, 383, 87, 384, -1,
  384, 86, 380, 337, -1, 386, 72, 342,
  343, -1, 340, 386, 88, 387, -1, 387,
  87, 383, 340, -1, 389, 73, 345, 346,
  -1, 343, 389, 89, 390, -1, 390, 88,
  386, 343, -1, 392, 74, 348, 349, -1,
  346, 392, 90, 393, -1, 393, 89, 389,
  346, -1, 395, 75, 351, 352, -1, 349,
  395, 91, 396, -1, 396, 90, 392, 349,
  -1, 398, 76, 354, 355, -1, 352, 398,
  92, 399, -1, 399, 91, 395, 352, -1,
  401, 77, 357, 358, -1, 355, 401, 93,
  402, -1, 402, 92, 398, 355, -1, 404,
  78, 360, 361, -1, 358, 404, 94, 405,
  -1, 405, 93, 401, 358, -1, 407, 79,
  363, 364, -1, 361, 407, 95, 408, -1,
  408, 94, 404, 361, -1, 410, 80, 366,
  367, -1, 364, 410, 96, 411, -1, 411,
  95, 407, 364, -1, 413, 81, 368, 369,
  -1, 367, 413, 97, 414, -1, 414, 96,
  410, 367, -1, 416, 97, 413, 369, -1,
  418, 83, 375, 376, -1, 372, 418, 99,
  419, -1, 372, 419, 98, 421, -1, 417,
  421, 98, 464, -1, 421, 82, 371, 372,
  -1, 422, 84, 378, 379, -1, 376, 422,
  100, 423, -1, 423, 99, 418, 376, -1,
  425, 85, 381, 382, -1, 379, 425, 101,
  426, -1, 426, 100, 422, 379, -1, 428,
  86, 384, 385, -1, 382, 428, 102, 429,
  -1, 429, 101, 425, 382, -1, 431, 87,
  387, 388, -1, 385, 431, 103, 432, -1,
  432, 102, 428, 385, -1, 434, 88, 390,
  391, -1, 388, 434, 104, 435, -1, 435,
  103, 431, 388, -1, 437, 89, 393, 394,
  -1, 391, 437, 105, 438, -1, 438, 104,
  434, 391, -1, 440, 90, 396, 397, -1,
  394, 440, 106, 441, -1, 441, 105, 437,
  394, -1, 443, 91, 399, 400, -1, 397,
  443, 107, 444, -1, 444, 106, 440, 397,
  -1, 446, 92, 402, 403, -1, 400, 446,
  108, 447, -1, 447, 107, 443, 400, -1,
  449, 93, 405, 406, -1, 403, 449, 109,
  450, -1, 450, 108, 446, 403, -1, 452,
  94, 408, 409, -1, 406, 452, 110, 453,
  -1, 453, 109, 449, 406, -1, 455, 95,
  411, 412, -1, 409, 455, 111, 456, -1,
  456, 110, 452, 409, -1, 458, 96, 414,
  415, -1, 412, 458, 112, 459, -1, 459,
  111, 455, 412, -1, 461, 97, 416, 417,
  -1, 415, 461, 113, 462, -1, 462, 112,
  458, 415, -1, 464, 113, 461, 417, -1,
  466, 99, 423, 424, -1, 420, 466, 1,
  467, -1, 465, 467, 1, 481, -1, 467,
  98, 419, 420, -1, 468, 100, 426, 427,
  -1, 468, 1, 466, 424, -1, 469, 101,
  429, 430, -1, 469, 1, 468, 427, -1,
  470, 102, 432, 433, -1, 470, 1, 469,
  430, -1, 471, 103, 435, 436, -1, 471,
  1, 470, 433, -1, 472, 104, 438, 439,
  -1, 472, 1, 471, 436, -1, 473, 105,
  441, 442, -1, 473, 1, 472, 439, -1,
  474, 106, 444, 445, -1, 474, 1, 473,
  442, -1, 475, 107, 447, 448, -1, 475,
  1, 474, 445, -1, 476, 108, 450, 451,
  -1, 476, 1, 475, 448, -1, 477, 109,
  453, 454, -1, 477, 1, 476, 451, -1,
  478, 110, 456, 457, -1, 478, 1, 477,
  454, -1, 479, 111, 459, 460, -1, 479,
  1, 478, 457, -1, 480, 112, 462, 463,
  -1, 480, 1, 479, 460, -1, 481, 113,
  464, 465, -1, 481, 1, 480, 463, -1 ]
colorPerVertex	FALSE
ccw	FALSE
solid	TRUE
creaseAngle	0.559
normalIndex	[  ]
texCoordIndex	[  ]
}

}

translation	-1.02628 0.297956 1.16583
rotation	-3.59223e-009 1 -3.23301e-008  0.207
scale	0.0793 0.188 0.305
scaleOrientation	0 0 1  0
center	-1.49012e-007 0 0
}
DEF reye_11 Transform {
children	Shape {
appearance	Appearance {
material	Material {
ambientIntensity	0.1
diffuseColor	0.2 0.2 0.2
specularColor	0.1 0.1 0.1
emissiveColor	0 0 0
shininess	0
transparency	0
}

}

geometry	DEF _12 IndexedFaceSet {
coord	Coordinate {
point	[ 0 0 1,
  0 0 -1,
  0.383 0 0.924,
  0.354 0.146 0.924,
  0.271 0.271 0.924,
  0.146 0.354 0.924,
  -3.96e-014 0.383 0.924,
  -0.146 0.354 0.924,
  -0.271 0.271 0.924,
  -0.354 0.146 0.924,
  -0.383 -7.91e-014 0.924,
  -0.354 -0.146 0.924,
  -0.271 -0.271 0.924,
  -0.146 -0.354 0.924,
  1.19e-013 -0.383 0.924,
  0.146 -0.354 0.924,
  0.271 -0.271 0.924,
  0.354 -0.146 0.924,
  0.707 0 0.707,
  0.653 0.271 0.707,
  0.5 0.5 0.707,
  0.271 0.653 0.707,
  -7.31e-014 0.707 0.707,
  -0.271 0.653 0.707,
  -0.5 0.5 0.707,
  -0.653 0.271 0.707,
  -0.707 -1.46e-013 0.707,
  -0.653 -0.271 0.707,
  -0.5 -0.5 0.707,
  -0.271 -0.653 0.707,
  2.2e-013 -0.707 0.707,
  0.271 -0.653 0.707,
  0.5 -0.5 0.707,
  0.653 -0.271 0.707,
  0.924 0 0.383,
  0.854 0.354 0.383,
  0.653 0.653 0.383,
  0.354 0.854 0.383,
  -9.55e-014 0.924 0.383,
  -0.354 0.854 0.383,
  -0.653 0.653 0.383,
  -0.854 0.354 0.383,
  -0.924 -1.91e-013 0.383,
  -0.854 -0.354 0.383,
  -0.653 -0.653 0.383,
  -0.354 -0.854 0.383,
  2.87e-013 -0.924 0.383,
  0.354 -0.854 0.383,
  0.653 -0.653 0.383,
  0.854 -0.354 0.383,
  1 0 -1.03e-013,
  0.924 0.383 -1.03e-013,
  0.707 0.707 -1.03e-013,
  0.383 0.924 -1.03e-013,
  -1.03e-013 1 -1.03e-013,
  -0.383 0.924 -1.03e-013,
  -0.707 0.707 -1.03e-013,
  -0.924 0.383 -1.03e-013,
  -1 -2.07e-013 -1.03e-013,
  -0.924 -0.383 -1.03e-013,
  -0.707 -0.707 -1.03e-013,
  -0.383 -0.924 -1.03e-013,
  3.11e-013 -1 -1.03e-013,
  0.383 -0.924 -1.03e-013,
  0.707 -0.707 -1.03e-013,
  0.924 -0.383 -1.03e-013,
  0.924 0 -0.383,
  0.854 0.354 -0.383,
  0.653 0.653 -0.383,
  0.354 0.854 -0.383,
  -9.55e-014 0.924 -0.383,
  -0.354 0.854 -0.383,
  -0.653 0.653 -0.383,
  -0.854 0.354 -0.383,
  -0.924 -1.91e-013 -0.383,
  -0.854 -0.354 -0.383,
  -0.653 -0.653 -0.383,
  -0.354 -0.854 -0.383,
  2.87e-013 -0.924 -0.383,
  0.354 -0.854 -0.383,
  0.653 -0.653 -0.383,
  0.854 -0.354 -0.383,
  0.707 0 -0.707,
  0.653 0.271 -0.707,
  0.5 0.5 -0.707,
  0.271 0.653 -0.707,
  -7.31e-014 0.707 -0.707,
  -0.271 0.653 -0.707,
  -0.5 0.5 -0.707,
  -0.653 0.271 -0.707,
  -0.707 -1.46e-013 -0.707,
  -0.653 -0.271 -0.707,
  -0.5 -0.5 -0.707,
  -0.271 -0.653 -0.707,
  2.2e-013 -0.707 -0.707,
  0.271 -0.653 -0.707,
  0.5 -0.5 -0.707,
  0.653 -0.271 -0.707,
  0.383 0 -0.924,
  0.354 0.146 -0.924,
  0.271 0.271 -0.924,
  0.146 0.354 -0.924,
  -3.96e-014 0.383 -0.924,
  -0.146 0.354 -0.924,
  -0.271 0.271 -0.924,
  -0.354 0.146 -0.924,
  -0.383 -7.91e-014 -0.924,
  -0.354 -0.146 -0.924,
  -0.271 -0.271 -0.924,
  -0.146 -0.354 -0.924,
  1.19e-013 -0.383 -0.924,
  0.146 -0.354 -0.924,
  0.271 -0.271 -0.924,
  0.354 -0.146 -0.924,
  0.18 0.0746 0.981,
  0.159 0.106 0.981,
  0.188 0.0374 0.981,
  0.369 0.0734 0.926,
  0.538 0.107 0.836,
  0.195 1.78e-010 0.981,
  0.188 -0.0374 0.981,
  0.138 0.138 0.981,
  0.106 0.159 0.981,
  0.313 0.209 0.926,
  0.456 0.305 0.836,
  0.0746 0.18 0.981,
  0.0374 0.188 0.981,
  0.209 0.313 0.926,
  0.305 0.456 0.836,
  -6.66e-009 0.195 0.981,
  -0.0374 0.188 0.981,
  0.0734 0.369 0.926,
  0.107 0.538 0.836,
  -0.0746 0.18 0.981,
  -0.106 0.159 0.981,
  -0.0734 0.369 0.926,
  -0.107 0.538 0.836,
  -0.138 0.138 0.981,
  -0.159 0.106 0.981,
  -0.209 0.313 0.926,
  -0.305 0.456 0.836,
  -0.18 0.0746 0.981,
  -0.188 0.0374 0.981,
  -0.313 0.209 0.926,
  -0.456 0.305 0.836,
  -0.195 -1.78e-010 0.981,
  -0.188 -0.0374 0.981,
  -0.369 0.0734 0.926,
  -0.538 0.107 0.836,
  -0.18 -0.0746 0.981,
  -0.159 -0.106 0.981,
  -0.369 -0.0734 0.926,
  -0.538 -0.107 0.836,
  -0.138 -0.138 0.981,
  -0.106 -0.159 0.981,
  -0.313 -0.209 0.926,
  -0.456 -0.305 0.836,
  -0.0746 -0.18 0.981,
  -0.0374 -0.188 0.981,
  -0.209 -0.313 0.926,
  -0.305 -0.456 0.836,
  6.66e-009 -0.195 0.981,
  0.0374 -0.188 0.981,
  -0.0734 -0.369 0.926,
  -0.107 -0.538 0.836,
  0.0746 -0.18 0.981,
  0.106 -0.159 0.981,
  0.0734 -0.369 0.926,
  0.107 -0.538 0.836,
  0.138 -0.138 0.981,
  0.159 -0.106 0.981,
  0.209 -0.313 0.926,
  0.305 -0.456 0.836,
  0.18 -0.0746 0.981,
  0.313 -0.209 0.926,
  0.456 -0.305 0.836,
  0.369 -0.0734 0.926,
  0.538 -0.107 0.836,
  0.513 0.213 0.831,
  0.687 0.137 0.714,
  0.811 0.161 0.562,
  0.556 -7.16e-011 0.831,
  0.393 0.393 0.831,
  0.582 0.389 0.714,
  0.687 0.459 0.562,
  0.213 0.513 0.831,
  0.389 0.582 0.714,
  0.459 0.687 0.562,
  -1.86e-009 0.556 0.831,
  0.137 0.687 0.714,
  0.161 0.811 0.562,
  -0.213 0.513 0.831,
  -0.137 0.687 0.714,
  -0.161 0.811 0.562,
  -0.393 0.393 0.831,
  -0.389 0.582 0.714,
  -0.459 0.687 0.562,
  -0.513 0.213 0.831,
  -0.582 0.389 0.714,
  -0.687 0.459 0.562,
  -0.556 7.15e-011 0.831,
  -0.687 0.137 0.714,
  -0.811 0.161 0.562,
  -0.513 -0.213 0.831,
  -0.687 -0.137 0.714,
  -0.811 -0.161 0.562,
  -0.393 -0.393 0.831,
  -0.582 -0.389 0.714,
  -0.687 -0.459 0.562,
  -0.213 -0.513 0.831,
  -0.389 -0.582 0.714,
  -0.459 -0.687 0.562,
  1.86e-009 -0.556 0.831,
  -0.137 -0.687 0.714,
  -0.161 -0.811 0.562,
  0.213 -0.513 0.831,
  0.137 -0.687 0.714,
  0.161 -0.811 0.562,
  0.393 -0.393 0.831,
  0.389 -0.582 0.714,
  0.459 -0.687 0.562,
  0.513 -0.213 0.831,
  0.582 -0.389 0.714,
  0.687 -0.459 0.562,
  0.687 -0.137 0.714,
  0.811 -0.161 0.562,
  0.768 0.318 0.556,
  0.904 0.18 0.389,
  0.961 0.191 0.198,
  0.831 5.78e-010 0.556,
  0.588 0.588 0.556,
  0.766 0.512 0.389,
  0.814 0.544 0.198,
  0.318 0.768 0.556,
  0.512 0.766 0.389,
  0.544 0.814 0.198,
  1.44e-010 0.831 0.556,
  0.18 0.904 0.389,
  0.191 0.961 0.198,
  -0.318 0.768 0.556,
  -0.18 0.904 0.389,
  -0.191 0.961 0.198,
  -0.588 0.588 0.556,
  -0.512 0.766 0.389,
  -0.544 0.814 0.198,
  -0.768 0.318 0.556,
  -0.766 0.512 0.389,
  -0.814 0.544 0.198,
  -0.831 -5.78e-010 0.556,
  -0.904 0.18 0.389,
  -0.961 0.191 0.198,
  -0.768 -0.318 0.556,
  -0.904 -0.18 0.389,
  -0.961 -0.191 0.198,
  -0.588 -0.588 0.556,
  -0.766 -0.512 0.389,
  -0.814 -0.544 0.198,
  -0.318 -0.768 0.556,
  -0.512 -0.766 0.389,
  -0.544 -0.814 0.198,
  -1.44e-010 -0.831 0.556,
  -0.18 -0.904 0.389,
  -0.191 -0.961 0.198,
  0.318 -0.768 0.556,
  0.18 -0.904 0.389,
  0.191 -0.961 0.198,
  0.588 -0.588 0.556,
  0.512 -0.766 0.389,
  0.544 -0.814 0.198,
  0.768 -0.318 0.556,
  0.766 -0.512 0.389,
  0.814 -0.544 0.198,
  0.904 -0.18 0.389,
  0.961 -0.191 0.198,
  0.906 0.375 0.195,
  0.981 0.195 4.35e-010,
  0.961 0.191 -0.198,
  0.981 8.72e-010 0.195,
  0.693 0.693 0.195,
  0.831 0.556 2.9e-010,
  0.814 0.544 -0.198,
  0.375 0.906 0.195,
  0.556 0.831 -1.03e-013,
  0.544 0.814 -0.198,
  -1.45e-010 0.981 0.195,
  0.195 0.981 5.81e-010,
  0.191 0.961 -0.198,
  -0.375 0.906 0.195,
  -0.195 0.981 5.81e-010,
  -0.191 0.961 -0.198,
  -0.693 0.693 0.195,
  -0.556 0.831 -1.03e-013,
  -0.544 0.814 -0.198,
  -0.906 0.375 0.195,
  -0.831 0.556 4.35e-010,
  -0.814 0.544 -0.198,
  -0.981 -8.72e-010 0.195,
  -0.981 0.195 -1.03e-013,
  -0.961 0.191 -0.198,
  -0.906 -0.375 0.195,
  -0.981 -0.195 4.35e-010,
  -0.961 -0.191 -0.198,
  -0.693 -0.693 0.195,
  -0.831 -0.556 2.9e-010,
  -0.814 -0.544 -0.198,
  -0.375 -0.906 0.195,
  -0.556 -0.831 -1.03e-013,
  -0.544 -0.814 -0.198,
  1.46e-010 -0.981 0.195,
  -0.195 -0.981 5.81e-010,
  -0.191 -0.961 -0.198,
  0.375 -0.906 0.195,
  0.195 -0.981 5.81e-010,
  0.191 -0.961 -0.198,
  0.693 -0.693 0.195,
  0.556 -0.831 -1.03e-013,
  0.544 -0.814 -0.198,
  0.906 -0.375 0.195,
  0.831 -0.556 4.35e-010,
  0.814 -0.544 -0.198,
  0.981 -0.195 -1.03e-013,
  0.961 -0.191 -0.198,
  0.906 0.375 -0.195,
  0.904 0.18 -0.389,
  0.811 0.161 -0.562,
  0.981 7.27e-010 -0.195,
  0.693 0.693 -0.195,
  0.766 0.512 -0.389,
  0.687 0.459 -0.562,
  0.375 0.906 -0.195,
  0.512 0.766 -0.389,
  0.459 0.687 -0.562,
  -9.95e-014 0.981 -0.195,
  0.18 0.904 -0.389,
  0.161 0.811 -0.562,
  -0.375 0.906 -0.195,
  -0.18 0.904 -0.389,
  -0.161 0.811 -0.562,
  -0.693 0.693 -0.195,
  -0.512 0.766 -0.389,
  -0.459 0.687 -0.562,
  -0.906 0.375 -0.195,
  -0.766 0.512 -0.389,
  -0.687 0.459 -0.562,
  -0.981 -7.27e-010 -0.195,
  -0.904 0.18 -0.389,
  -0.811 0.161 -0.562,
  -0.906 -0.375 -0.195,
  -0.904 -0.18 -0.389,
  -0.811 -0.161 -0.562,
  -0.693 -0.693 -0.195,
  -0.766 -0.512 -0.389,
  -0.687 -0.459 -0.562,
  -0.375 -0.906 -0.195,
  -0.512 -0.766 -0.389,
  -0.459 -0.687 -0.562,
  2.99e-013 -0.981 -0.195,
  -0.18 -0.904 -0.389,
  -0.161 -0.811 -0.562,
  0.375 -0.906 -0.195,
  0.18 -0.904 -0.389,
  0.161 -0.811 -0.562,
  0.693 -0.693 -0.195,
  0.512 -0.766 -0.389,
  0.459 -0.687 -0.562,
  0.906 -0.375 -0.195,
  0.766 -0.512 -0.389,
  0.687 -0.459 -0.562,
  0.904 -0.18 -0.389,
  0.811 -0.161 -0.562,
  0.768 0.318 -0.556,
  0.687 0.137 -0.714,
  0.538 0.107 -0.836,
  0.831 4.33e-010 -0.556,
  0.588 0.588 -0.556,
  0.582 0.389 -0.714,
  0.456 0.305 -0.836,
  0.318 0.768 -0.556,
  0.389 0.582 -0.714,
  0.305 0.456 -0.836,
  -4.34e-010 0.831 -0.556,
  0.137 0.687 -0.714,
  0.107 0.538 -0.836,
  -0.318 0.768 -0.556,
  -0.137 0.687 -0.714,
  -0.107 0.538 -0.836,
  -0.588 0.588 -0.556,
  -0.389 0.582 -0.714,
  -0.305 0.456 -0.836,
  -0.768 0.318 -0.556,
  -0.582 0.389 -0.714,
  -0.456 0.305 -0.836,
  -0.831 -4.34e-010 -0.556,
  -0.687 0.137 -0.714,
  -0.538 0.107 -0.836,
  -0.768 -0.318 -0.556,
  -0.687 -0.137 -0.714,
  -0.538 -0.107 -0.836,
  -0.588 -0.588 -0.556,
  -0.582 -0.389 -0.714,
  -0.456 -0.305 -0.836,
  -0.318 -0.768 -0.556,
  -0.389 -0.582 -0.714,
  -0.305 -0.456 -0.836,
  4.34e-010 -0.831 -0.556,
  -0.137 -0.687 -0.714,
  -0.107 -0.538 -0.836,
  0.318 -0.768 -0.556,
  0.137 -0.687 -0.714,
  0.107 -0.538 -0.836,
  0.588 -0.588 -0.556,
  0.389 -0.582 -0.714,
  0.305 -0.456 -0.836,
  0.768 -0.318 -0.556,
  0.582 -0.389 -0.714,
  0.456 -0.305 -0.836,
  0.687 -0.137 -0.714,
  0.538 -0.107 -0.836,
  0.513 0.213 -0.831,
  0.369 0.0734 -0.926,
  0.188 0.0374 -0.981,
  0.556 -7.16e-011 -0.831,
  0.393 0.393 -0.831,
  0.313 0.209 -0.926,
  0.159 0.106 -0.981,
  0.213 0.513 -0.831,
  0.209 0.313 -0.926,
  0.106 0.159 -0.981,
  -3.87e-009 0.556 -0.831,
  0.0734 0.369 -0.926,
  0.0374 0.188 -0.981,
  -0.213 0.513 -0.831,
  -0.0734 0.369 -0.926,
  -0.0374 0.188 -0.981,
  -0.393 0.393 -0.831,
  -0.209 0.313 -0.926,
  -0.106 0.159 -0.981,
  -0.513 0.213 -0.831,
  -0.313 0.209 -0.926,
  -0.159 0.106 -0.981,
  -0.556 7.15e-011 -0.831,
  -0.369 0.0734 -0.926,
  -0.188 0.0374 -0.981,
  -0.513 -0.213 -0.831,
  -0.369 -0.0734 -0.926,
  -0.188 -0.0374 -0.981,
  -0.393 -0.393 -0.831,
  -0.313 -0.209 -0.926,
  -0.159 -0.106 -0.981,
  -0.213 -0.513 -0.831,
  -0.209 -0.313 -0.926,
  -0.106 -0.159 -0.981,
  3.87e-009 -0.556 -0.831,
  -0.0734 -0.369 -0.926,
  -0.0374 -0.188 -0.981,
  0.213 -0.513 -0.831,
  0.0734 -0.369 -0.926,
  0.0374 -0.188 -0.981,
  0.393 -0.393 -0.831,
  0.209 -0.313 -0.926,
  0.106 -0.159 -0.981,
  0.513 -0.213 -0.831,
  0.313 -0.209 -0.926,
  0.159 -0.106 -0.981,
  0.369 -0.0734 -0.926,
  0.188 -0.0374 -0.981,
  0.18 0.0746 -0.981,
  0.195 1.78e-010 -0.981,
  0.138 0.138 -0.981,
  0.0746 0.18 -0.981,
  -6.83e-009 0.195 -0.981,
  -0.0746 0.18 -0.981,
  -0.138 0.138 -0.981,
  -0.18 0.0746 -0.981,
  -0.195 -1.78e-010 -0.981,
  -0.18 -0.0746 -0.981,
  -0.138 -0.138 -0.981,
  -0.0746 -0.18 -0.981,
  6.83e-009 -0.195 -0.981,
  0.0746 -0.18 -0.981,
  0.138 -0.138 -0.981,
  0.18 -0.0746 -0.981 ]
}

coordIndex	[ 116, 114, 3, 117, -1, 115, 114, 0,
  121, -1, 122, 121, 0, 125, -1, 126,
  125, 0, 129, -1, 130, 129, 0, 133,
  -1, 134, 133, 0, 137, -1, 138, 137,
  0, 141, -1, 142, 141, 0, 145, -1,
  146, 145, 0, 149, -1, 150, 149, 0,
  153, -1, 154, 153, 0, 157, -1, 158,
  157, 0, 161, -1, 162, 161, 0, 165,
  -1, 166, 165, 0, 169, -1, 170, 169,
  0, 173, -1, 120, 119, 2, 176, -1,
  118, 117, 3, 178, -1, 124, 123, 4,
  182, -1, 128, 127, 5, 185, -1, 132,
  131, 6, 188, -1, 136, 135, 7, 191,
  -1, 140, 139, 8, 194, -1, 144, 143,
  9, 197, -1, 148, 147, 10, 200, -1,
  152, 151, 11, 203, -1, 156, 155, 12,
  206, -1, 160, 159, 13, 209, -1, 164,
  163, 14, 212, -1, 168, 167, 15, 215,
  -1, 172, 171, 16, 218, -1, 175, 174,
  17, 221, -1, 177, 176, 2, 181, -1,
  180, 179, 19, 226, -1, 184, 183, 20,
  230, -1, 187, 186, 21, 233, -1, 190,
  189, 22, 236, -1, 193, 192, 23, 239,
  -1, 196, 195, 24, 242, -1, 199, 198,
  25, 245, -1, 202, 201, 26, 248, -1,
  205, 204, 27, 251, -1, 208, 207, 28,
  254, -1, 211, 210, 29, 257, -1, 214,
  213, 30, 260, -1, 217, 216, 31, 263,
  -1, 220, 219, 32, 266, -1, 223, 222,
  33, 269, -1, 225, 224, 18, 229, -1,
  228, 227, 35, 274, -1, 232, 231, 36,
  278, -1, 235, 234, 37, 281, -1, 238,
  237, 38, 284, -1, 241, 240, 39, 287,
  -1, 244, 243, 40, 290, -1, 247, 246,
  41, 293, -1, 250, 249, 42, 296, -1,
  253, 252, 43, 299, -1, 256, 255, 44,
  302, -1, 259, 258, 45, 305, -1, 262,
  261, 46, 308, -1, 265, 264, 47, 311,
  -1, 268, 267, 48, 314, -1, 271, 270,
  49, 317, -1, 273, 272, 34, 277, -1,
  276, 275, 51, 322, -1, 280, 279, 52,
  326, -1, 283, 282, 53, 329, -1, 286,
  285, 54, 332, -1, 289, 288, 55, 335,
  -1, 292, 291, 56, 338, -1, 295, 294,
  57, 341, -1, 298, 297, 58, 344, -1,
  301, 300, 59, 347, -1, 304, 303, 60,
  350, -1, 307, 306, 61, 353, -1, 310,
  309, 62, 356, -1, 313, 312, 63, 359,
  -1, 316, 315, 64, 362, -1, 319, 318,
  65, 365, -1, 321, 320, 50, 325, -1,
  324, 323, 67, 370, -1, 328, 327, 68,
  374, -1, 331, 330, 69, 377, -1, 334,
  333, 70, 380, -1, 337, 336, 71, 383,
  -1, 340, 339, 72, 386, -1, 343, 342,
  73, 389, -1, 346, 345, 74, 392, -1,
  349, 348, 75, 395, -1, 352, 351, 76,
  398, -1, 355, 354, 77, 401, -1, 358,
  357, 78, 404, -1, 361, 360, 79, 407,
  -1, 364, 363, 80, 410, -1, 367, 366,
  81, 413, -1, 369, 368, 66, 373, -1,
  372, 371, 83, 418, -1, 376, 375, 84,
  422, -1, 379, 378, 85, 425, -1, 382,
  381, 86, 428, -1, 385, 384, 87, 431,
  -1, 388, 387, 88, 434, -1, 391, 390,
  89, 437, -1, 394, 393, 90, 440, -1,
  397, 396, 91, 443, -1, 400, 399, 92,
  446, -1, 403, 402, 93, 449, -1, 406,
  405, 94, 452, -1, 409, 408, 95, 455,
  -1, 412, 411, 96, 458, -1, 415, 414,
  97, 461, -1, 417, 416, 82, 421, -1,
  420, 419, 99, 466, -1, 424, 423, 100,
  468, -1, 427, 426, 101, 469, -1, 430,
  429, 102, 470, -1, 433, 432, 103, 471,
  -1, 436, 435, 104, 472, -1, 439, 438,
  105, 473, -1, 442, 441, 106, 474, -1,
  445, 444, 107, 475, -1, 448, 447, 108,
  476, -1, 451, 450, 109, 477, -1, 454,
  453, 110, 478, -1, 457, 456, 111, 479,
  -1, 460, 459, 112, 480, -1, 463, 462,
  113, 481, -1, 465, 464, 98, 467, -1,
  116, 117, 2, 119, -1, 119, 0, 114,
  116, -1, 115, 121, 4, 123, -1, 123,
  3, 114, 115, -1, 122, 125, 5, 127,
  -1, 127, 4, 121, 122, -1, 126, 129,
  6, 131, -1, 131, 5, 125, 126, -1,
  130, 133, 7, 135, -1, 135, 6, 129,
  130, -1, 134, 137, 8, 139, -1, 139,
  7, 133, 134, -1, 138, 141, 9, 143,
  -1, 143, 8, 137, 138, -1, 142, 145,
  10, 147, -1, 147, 9, 141, 142, -1,
  146, 149, 11, 151, -1, 151, 10, 145,
  146, -1, 150, 153, 12, 155, -1, 155,
  11, 149, 150, -1, 154, 157, 13, 159,
  -1, 159, 12, 153, 154, -1, 158, 161,
  14, 163, -1, 163, 13, 157, 158, -1,
  162, 165, 15, 167, -1, 167, 14, 161,
  162, -1, 166, 169, 16, 171, -1, 171,
  15, 165, 166, -1, 173, 0, 119, 120,
  -1, 170, 173, 17, 174, -1, 174, 16,
  169, 170, -1, 176, 17, 173, 120, -1,
  178, 3, 123, 124, -1, 118, 178, 19,
  179, -1, 118, 179, 18, 181, -1, 177,
  181, 18, 224, -1, 181, 2, 117, 118,
  -1, 182, 4, 127, 128, -1, 124, 182,
  20, 183, -1, 183, 19, 178, 124, -1,
  185, 5, 131, 132, -1, 128, 185, 21,
  186, -1, 186, 20, 182, 128, -1, 188,
  6, 135, 136, -1, 132, 188, 22, 189,
  -1, 189, 21, 185, 132, -1, 191, 7,
  139, 140, -1, 136, 191, 23, 192, -1,
  192, 22, 188, 136, -1, 194, 8, 143,
  144, -1, 140, 194, 24, 195, -1, 195,
  23, 191, 140, -1, 197, 9, 147, 148,
  -1, 144, 197, 25, 198, -1, 198, 24,
  194, 144, -1, 200, 10, 151, 152, -1,
  148, 200, 26, 201, -1, 201, 25, 197,
  148, -1, 203, 11, 155, 156, -1, 152,
  203, 27, 204, -1, 204, 26, 200, 152,
  -1, 206, 12, 159, 160, -1, 156, 206,
  28, 207, -1, 207, 27, 203, 156, -1,
  209, 13, 163, 164, -1, 160, 209, 29,
  210, -1, 210, 28, 206, 160, -1, 212,
  14, 167, 168, -1, 164, 212, 30, 213,
  -1, 213, 29, 209, 164, -1, 215, 15,
  171, 172, -1, 168, 215, 31, 216, -1,
  216, 30, 212, 168, -1, 218, 16, 174,
  175, -1, 172, 218, 32, 219, -1, 219,
  31, 215, 172, -1, 221, 17, 176, 177,
  -1, 175, 221, 33, 222, -1, 222, 32,
  218, 175, -1, 224, 33, 221, 177, -1,
  226, 19, 183, 184, -1, 180, 226, 35,
  227, -1, 180, 227, 34, 229, -1, 225,
  229, 34, 272, -1, 229, 18, 179, 180,
  -1, 230, 20, 186, 187, -1, 184, 230,
  36, 231, -1, 231, 35, 226, 184, -1,
  233, 21, 189, 190, -1, 187, 233, 37,
  234, -1, 234, 36, 230, 187, -1, 236,
  22, 192, 193, -1, 190, 236, 38, 237,
  -1, 237, 37, 233, 190, -1, 239, 23,
  195, 196, -1, 193, 239, 39, 240, -1,
  240, 38, 236, 193, -1, 242, 24, 198,
  199, -1, 196, 242, 40, 243, -1, 243,
  39, 239, 196, -1, 245, 25, 201, 202,
  -1, 199, 245, 41, 246, -1, 246, 40,
  242, 199, -1, 248, 26, 204, 205, -1,
  202, 248, 42, 249, -1, 249, 41, 245,
  202, -1, 251, 27, 207, 208, -1, 205,
  251, 43, 252, -1, 252, 42, 248, 205,
  -1, 254, 28, 210, 211, -1, 208, 254,
  44, 255, -1, 255, 43, 251, 208, -1,
  257, 29, 213, 214, -1, 211, 257, 45,
  258, -1, 258, 44, 254, 211, -1, 260,
  30, 216, 217, -1, 214, 260, 46, 261,
  -1, 261, 45, 257, 214, -1, 263, 31,
  219, 220, -1, 217, 263, 47, 264, -1,
  264, 46, 260, 217, -1, 266, 32, 222,
  223, -1, 220, 266, 48, 267, -1, 267,
  47, 263, 220, -1, 269, 33, 224, 225,
  -1, 223, 269, 49, 270, -1, 270, 48,
  266, 223, -1, 272, 49, 269, 225, -1,
  274, 35, 231, 232, -1, 228, 274, 51,
  275, -1, 228, 275, 50, 277, -1, 273,
  277, 50, 320, -1, 277, 34, 227, 228,
  -1, 278, 36, 234, 235, -1, 232, 278,
  52, 279, -1, 279, 51, 274, 232, -1,
  281, 37, 237, 238, -1, 235, 281, 53,
  282, -1, 282, 52, 278, 235, -1, 284,
  38, 240, 241, -1, 238, 284, 54, 285,
  -1, 285, 53, 281, 238, -1, 287, 39,
  243, 244, -1, 241, 287, 55, 288, -1,
  288, 54, 284, 241, -1, 290, 40, 246,
  247, -1, 244, 290, 56, 291, -1, 291,
  55, 287, 244, -1, 293, 41, 249, 250,
  -1, 247, 293, 57, 294, -1, 294, 56,
  290, 247, -1, 296, 42, 252, 253, -1,
  250, 296, 58, 297, -1, 297, 57, 293,
  250, -1, 299, 43, 255, 256, -1, 253,
  299, 59, 300, -1, 300, 58, 296, 253,
  -1, 302, 44, 258, 259, -1, 256, 302,
  60, 303, -1, 303, 59, 299, 256, -1,
  305, 45, 261, 262, -1, 259, 305, 61,
  306, -1, 306, 60, 302, 259, -1, 308,
  46, 264, 265, -1, 262, 308, 62, 309,
  -1, 309, 61, 305, 262, -1, 311, 47,
  267, 268, -1, 265, 311, 63, 312, -1,
  312, 62, 308, 265, -1, 314, 48, 270,
  271, -1, 268, 314, 64, 315, -1, 315,
  63, 311, 268, -1, 317, 49, 272, 273,
  -1, 271, 317, 65, 318, -1, 318, 64,
  314, 271, -1, 320, 65, 317, 273, -1,
  322, 51, 279, 280, -1, 276, 322, 67,
  323, -1, 276, 323, 66, 325, -1, 321,
  325, 66, 368, -1, 325, 50, 275, 276,
  -1, 326, 52, 282, 283, -1, 280, 326,
  68, 327, -1, 327, 67, 322, 280, -1,
  329, 53, 285, 286, -1, 283, 329, 69,
  330, -1, 330, 68, 326, 283, -1, 332,
  54, 288, 289, -1, 286, 332, 70, 333,
  -1, 333, 69, 329, 286, -1, 335, 55,
  291, 292, -1, 289, 335, 71, 336, -1,
  336, 70, 332, 289, -1, 338, 56, 294,
  295, -1, 292, 338, 72, 339, -1, 339,
  71, 335, 292, -1, 341, 57, 297, 298,
  -1, 295, 341, 73, 342, -1, 342, 72,
  338, 295, -1, 344, 58, 300, 301, -1,
  298, 344, 74, 345, -1, 345, 73, 341,
  298, -1, 347, 59, 303, 304, -1, 301,
  347, 75, 348, -1, 348, 74, 344, 301,
  -1, 350, 60, 306, 307, -1, 304, 350,
  76, 351, -1, 351, 75, 347, 304, -1,
  353, 61, 309, 310, -1, 307, 353, 77,
  354, -1, 354, 76, 350, 307, -1, 356,
  62, 312, 313, -1, 310, 356, 78, 357,
  -1, 357, 77, 353, 310, -1, 359, 63,
  315, 316, -1, 313, 359, 79, 360, -1,
  360, 78, 356, 313, -1, 362, 64, 318,
  319, -1, 316, 362, 80, 363, -1, 363,
  79, 359, 316, -1, 365, 65, 320, 321,
  -1, 319, 365, 81, 366, -1, 366, 80,
  362, 319, -1, 368, 81, 365, 321, -1,
  370, 67, 327, 328, -1, 324, 370, 83,
  371, -1, 324, 371, 82, 373, -1, 369,
  373, 82, 416, -1, 373, 66, 323, 324,
  -1, 374, 68, 330, 331, -1, 328, 374,
  84, 375, -1, 375, 83, 370, 328, -1,
  377, 69, 333, 334, -1, 331, 377, 85,
  378, -1, 378, 84, 374, 331, -1, 380,
  70, 336, 337, -1, 334, 380, 86, 381,
  -1, 381, 85, 377, 334, -1, 383, 71,
  339, 340, -1, 337, 383, 87, 384, -1,
  384, 86, 380, 337, -1, 386, 72, 342,
  343, -1, 340, 386, 88, 387, -1, 387,
  87, 383, 340, -1, 389, 73, 345, 346,
  -1, 343, 389, 89, 390, -1, 390, 88,
  386, 343, -1, 392, 74, 348, 349, -1,
  346, 392, 90, 393, -1, 393, 89, 389,
  346, -1, 395, 75, 351, 352, -1, 349,
  395, 91, 396, -1, 396, 90, 392, 349,
  -1, 398, 76, 354, 355, -1, 352, 398,
  92, 399, -1, 399, 91, 395, 352, -1,
  401, 77, 357, 358, -1, 355, 401, 93,
  402, -1, 402, 92, 398, 355, -1, 404,
  78, 360, 361, -1, 358, 404, 94, 405,
  -1, 405, 93, 401, 358, -1, 407, 79,
  363, 364, -1, 361, 407, 95, 408, -1,
  408, 94, 404, 361, -1, 410, 80, 366,
  367, -1, 364, 410, 96, 411, -1, 411,
  95, 407, 364, -1, 413, 81, 368, 369,
  -1, 367, 413, 97, 414, -1, 414, 96,
  410, 367, -1, 416, 97, 413, 369, -1,
  418, 83, 375, 376, -1, 372, 418, 99,
  419, -1, 372, 419, 98, 421, -1, 417,
  421, 98, 464, -1, 421, 82, 371, 372,
  -1, 422, 84, 378, 379, -1, 376, 422,
  100, 423, -1, 423, 99, 418, 376, -1,
  425, 85, 381, 382, -1, 379, 425, 101,
  426, -1, 426, 100, 422, 379, -1, 428,
  86, 384, 385, -1, 382, 428, 102, 429,
  -1, 429, 101, 425, 382, -1, 431, 87,
  387, 388, -1, 385, 431, 103, 432, -1,
  432, 102, 428, 385, -1, 434, 88, 390,
  391, -1, 388, 434, 104, 435, -1, 435,
  103, 431, 388, -1, 437, 89, 393, 394,
  -1, 391, 437, 105, 438, -1, 438, 104,
  434, 391, -1, 440, 90, 396, 397, -1,
  394, 440, 106, 441, -1, 441, 105, 437,
  394, -1, 443, 91, 399, 400, -1, 397,
  443, 107, 444, -1, 444, 106, 440, 397,
  -1, 446, 92, 402, 403, -1, 400, 446,
  108, 447, -1, 447, 107, 443, 400, -1,
  449, 93, 405, 406, -1, 403, 449, 109,
  450, -1, 450, 108, 446, 403, -1, 452,
  94, 408, 409, -1, 406, 452, 110, 453,
  -1, 453, 109, 449, 406, -1, 455, 95,
  411, 412, -1, 409, 455, 111, 456, -1,
  456, 110, 452, 409, -1, 458, 96, 414,
  415, -1, 412, 458, 112, 459, -1, 459,
  111, 455, 412, -1, 461, 97, 416, 417,
  -1, 415, 461, 113, 462, -1, 462, 112,
  458, 415, -1, 464, 113, 461, 417, -1,
  466, 99, 423, 424, -1, 420, 466, 1,
  467, -1, 465, 467, 1, 481, -1, 467,
  98, 419, 420, -1, 468, 100, 426, 427,
  -1, 468, 1, 466, 424, -1, 469, 101,
  429, 430, -1, 469, 1, 468, 427, -1,
  470, 102, 432, 433, -1, 470, 1, 469,
  430, -1, 471, 103, 435, 436, -1, 471,
  1, 470, 433, -1, 472, 104, 438, 439,
  -1, 472, 1, 471, 436, -1, 473, 105,
  441, 442, -1, 473, 1, 472, 439, -1,
  474, 106, 444, 445, -1, 474, 1, 473,
  442, -1, 475, 107, 447, 448, -1, 475,
  1, 474, 445, -1, 476, 108, 450, 451,
  -1, 476, 1, 475, 448, -1, 477, 109,
  453, 454, -1, 477, 1, 476, 451, -1,
  478, 110, 456, 457, -1, 478, 1, 477,
  454, -1, 479, 111, 459, 460, -1, 479,
  1, 478, 457, -1, 480, 112, 462, 463,
  -1, 480, 1, 479, 460, -1, 481, 113,
  464, 465, -1, 481, 1, 480, 463, -1 ]
colorPerVertex	FALSE
ccw	FALSE
solid	TRUE
creaseAngle	0.559
normalIndex	[  ]
texCoordIndex	[  ]
}

}

translation	-1.02703 -0.43358 1.15129
rotation	-3.59223e-009 1 -3.23301e-008  0.207
scale	0.0793 0.188 0.305
scaleOrientation	0 0 1  0
center	2.68221e-007 -2.98023e-008 -2.98023e-008
}
Transform {
children	[
Transform {
children	Shape {
appearance	Appearance {
material	Material {
ambientIntensity	0.1
diffuseColor	0.957 0.957 0.957
specularColor	0.1 0.1 0.1
emissiveColor	0 0 0
shininess	0
transparency	0
}

}

geometry	DEF _13 IndexedFaceSet {
coord	Coordinate {
point	[ 0 0 1,
  0 0 -1,
  -3.96e-014 0.383 0.924,
  -0.146 0.354 0.924,
  -0.271 0.271 0.924,
  -0.354 0.146 0.924,
  -0.383 -7.91e-014 0.924,
  -0.354 -0.146 0.924,
  -0.271 -0.271 0.924,
  -0.146 -0.354 0.924,
  1.19e-013 -0.383 0.924,
  -0.271 0.653 0.707,
  -0.5 0.5 0.707,
  -0.653 0.271 0.707,
  -0.707 -1.46e-013 0.707,
  -0.653 -0.271 0.707,
  -0.5 -0.5 0.707,
  -0.271 -0.653 0.707,
  2.2e-013 -0.707 0.707,
  -0.354 0.854 0.383,
  -0.653 0.653 0.383,
  -0.854 0.354 0.383,
  -0.924 -1.91e-013 0.383,
  -0.854 -0.354 0.383,
  -0.653 -0.653 0.383,
  -0.354 -0.854 0.383,
  2.87e-013 -0.924 0.383,
  -0.383 0.924 -1.03e-013,
  -0.707 0.707 -1.03e-013,
  -0.924 0.383 -1.03e-013,
  -1 -2.07e-013 -1.03e-013,
  -0.924 -0.383 -1.03e-013,
  -0.707 -0.707 -1.03e-013,
  -0.383 -0.924 -1.03e-013,
  3.11e-013 -1 -1.03e-013,
  -0.354 0.854 -0.383,
  -0.653 0.653 -0.383,
  -0.854 0.354 -0.383,
  -0.924 -1.91e-013 -0.383,
  -0.854 -0.354 -0.383,
  -0.653 -0.653 -0.383,
  -0.354 -0.854 -0.383,
  2.87e-013 -0.924 -0.383,
  -7.31e-014 0.707 -0.707,
  -0.271 0.653 -0.707,
  -0.5 0.5 -0.707,
  -0.653 0.271 -0.707,
  -0.707 -1.46e-013 -0.707,
  -0.653 -0.271 -0.707,
  -0.5 -0.5 -0.707,
  -0.271 -0.653 -0.707,
  2.2e-013 -0.707 -0.707,
  -3.96e-014 0.383 -0.924,
  -0.146 0.354 -0.924,
  -0.271 0.271 -0.924,
  -0.354 0.146 -0.924,
  -0.383 -7.91e-014 -0.924,
  -0.354 -0.146 -0.924,
  -0.271 -0.271 -0.924,
  -0.146 -0.354 -0.924,
  1.19e-013 -0.383 -0.924,
  0.103 -0.0429 -0.978,
  0.11 -0.11 -0.969,
  0.127 -0.308 -0.934,
  0.0807 0.195 -0.958,
  0.0909 0.0909 -0.974,
  0.0995 0 -0.98,
  0.0958 0.0397 -0.979,
  0.132 -0.356 -0.924,
  0.0636 0.37 -0.924,
  0.157 -0.676 -0.707,
  0.0278 0.702 -0.707,
  0.17 -0.89 -0.383,
  0.169 -0.966 -1.03e-013,
  -0.015 0.997 -1.03e-013,
  0.154 -0.893 0.383,
  -0.016 0.921 0.383,
  0.127 -0.682 0.707,
  -0.00287 0.707 0.707,
  -6.93e-014 0.67 0.732,
  0.0598 -0.0248 0.987,
  0.0636 -0.0636 0.982,
  0.093 -0.364 0.924,
  0.0751 -0.181 0.961,
  0.0233 0.378 0.924,
  0.0471 0.114 0.976,
  0.0526 0.0526 0.985,
  0.0575 0 0.989,
  0.0553 0.0229 0.988,
  -9.55e-014 0.924 -0.383,
  0.103 -0.0429 -0.978,
  0.11 -0.11 -0.969,
  0.127 -0.308 -0.934,
  0.0807 0.195 -0.958,
  0.0909 0.0909 -0.974,
  0.0995 0 -0.98,
  0.0958 0.0397 -0.979,
  0.132 -0.356 -0.924,
  0.0636 0.37 -0.924,
  0.157 -0.676 -0.707,
  0.0278 0.702 -0.707,
  0.17 -0.89 -0.383,
  0.169 -0.966 -1.03e-013,
  -0.015 0.997 -1.03e-013,
  0.154 -0.893 0.383,
  -0.016 0.921 0.383,
  0.127 -0.682 0.707,
  -0.00287 0.707 0.707,
  -6.93e-014 0.67 0.732,
  0.0598 -0.0248 0.987,
  0.0636 -0.0636 0.982,
  0.093 -0.364 0.924,
  0.0751 -0.181 0.961,
  0.0233 0.378 0.924,
  0.0471 0.114 0.976,
  0.0526 0.0526 0.985,
  0.0575 0 0.989,
  0.0553 0.0229 0.988,
  -9.55e-014 0.924 -0.383,
  0.0285 0.0118 0.998,
  0.0281 0.0197 1,
  0.0294 0.00596 1,
  0.0265 0.0265 0.994,
  0.0252 0.042 0.993,
  0.0238 0.0574 0.991,
  0.018 0.221 0.966,
  1.92e-008 0.195 0.981,
  -0.0374 0.188 0.981,
  0.0117 0.38 0.924,
  0.00696 0.531 0.836,
  -0.0746 0.18 0.981,
  -0.106 0.159 0.981,
  -0.0734 0.369 0.926,
  -0.0858 0.562 0.812,
  -0.138 0.138 0.981,
  -0.159 0.106 0.981,
  -0.209 0.313 0.926,
  -0.305 0.456 0.836,
  -0.18 0.0746 0.981,
  -0.188 0.0374 0.981,
  -0.313 0.209 0.926,
  -0.456 0.305 0.836,
  -0.195 -1.78e-010 0.981,
  -0.188 -0.0374 0.981,
  -0.369 0.0734 0.926,
  -0.538 0.107 0.836,
  -0.18 -0.0746 0.981,
  -0.159 -0.106 0.981,
  -0.369 -0.0734 0.926,
  -0.538 -0.107 0.836,
  -0.138 -0.138 0.981,
  -0.106 -0.159 0.981,
  -0.313 -0.209 0.926,
  -0.456 -0.305 0.836,
  -0.0746 -0.18 0.981,
  -0.0374 -0.188 0.981,
  -0.209 -0.313 0.926,
  -0.305 -0.456 0.836,
  6.12e-009 -0.195 0.981,
  0.0424 -0.234 0.961,
  -0.0734 -0.369 0.926,
  -0.107 -0.538 0.836,
  0.0379 -0.0915 0.985,
  0.0537 -0.107 0.978,
  0.0321 -0.0321 0.993,
  0.0322 -0.023 1,
  0.0307 -0.0127 0.998,
  0.0306 -0.00644 1,
  -3.33e-009 0.531 0.835,
  -0.213 0.513 0.831,
  -0.137 0.683 0.71,
  -0.165 0.804 0.559,
  -0.393 0.393 0.831,
  -0.389 0.582 0.714,
  -0.459 0.687 0.562,
  -0.513 0.213 0.831,
  -0.582 0.389 0.714,
  -0.687 0.459 0.562,
  -0.556 7.15e-011 0.831,
  -0.687 0.137 0.714,
  -0.811 0.161 0.562,
  -0.513 -0.213 0.831,
  -0.687 -0.137 0.714,
  -0.811 -0.161 0.562,
  -0.393 -0.393 0.831,
  -0.582 -0.389 0.714,
  -0.687 -0.459 0.562,
  -0.213 -0.513 0.831,
  -0.389 -0.582 0.714,
  -0.459 -0.687 0.562,
  2.87e-010 -0.556 0.831,
  0.0574 -0.545 0.832,
  -0.137 -0.687 0.714,
  -0.161 -0.811 0.562,
  -0.318 0.768 0.556,
  -0.186 0.894 0.386,
  -0.197 0.95 0.197,
  -0.588 0.588 0.556,
  -0.512 0.766 0.389,
  -0.544 0.814 0.198,
  -0.768 0.318 0.556,
  -0.766 0.512 0.389,
  -0.814 0.544 0.198,
  -0.831 -5.78e-010 0.556,
  -0.904 0.18 0.389,
  -0.961 0.191 0.198,
  -0.768 -0.318 0.556,
  -0.904 -0.18 0.389,
  -0.961 -0.191 0.198,
  -0.588 -0.588 0.556,
  -0.766 -0.512 0.389,
  -0.814 -0.544 0.198,
  -0.318 -0.768 0.556,
  -0.512 -0.766 0.389,
  -0.544 -0.814 0.198,
  8.67e-010 -0.831 0.556,
  0.074 -0.819 0.557,
  -0.18 -0.904 0.389,
  -0.191 -0.961 0.198,
  -0.375 0.906 0.195,
  -0.201 0.969 -1.39e-010,
  -0.193 0.951 -0.197,
  -0.693 0.693 0.195,
  -0.556 0.831 -1.03e-013,
  -0.544 0.814 -0.198,
  -0.906 0.375 0.195,
  -0.831 0.556 4.35e-010,
  -0.814 0.544 -0.198,
  -0.981 -8.72e-010 0.195,
  -0.981 0.195 -1.03e-013,
  -0.961 0.191 -0.198,
  -0.906 -0.375 0.195,
  -0.981 -0.195 4.35e-010,
  -0.961 -0.191 -0.198,
  -0.693 -0.693 0.195,
  -0.831 -0.556 2.9e-010,
  -0.814 -0.544 -0.198,
  -0.375 -0.906 0.195,
  -0.556 -0.831 -1.03e-013,
  -0.544 -0.814 -0.198,
  -7.26e-010 -0.981 0.195,
  0.0852 -0.968 0.196,
  -0.195 -0.981 5.81e-010,
  -0.191 -0.961 -0.198,
  -0.375 0.906 -0.195,
  -0.179 0.901 -0.388,
  -0.161 0.811 -0.562,
  -0.693 0.693 -0.195,
  -0.512 0.766 -0.389,
  -0.459 0.687 -0.562,
  -0.906 0.375 -0.195,
  -0.766 0.512 -0.389,
  -0.687 0.459 -0.562,
  -0.981 -7.27e-010 -0.195,
  -0.904 0.18 -0.389,
  -0.811 0.161 -0.562,
  -0.906 -0.375 -0.195,
  -0.904 -0.18 -0.389,
  -0.811 -0.161 -0.562,
  -0.693 -0.693 -0.195,
  -0.766 -0.512 -0.389,
  -0.687 -0.459 -0.562,
  -0.375 -0.906 -0.195,
  -0.512 -0.766 -0.389,
  -0.459 -0.687 -0.562,
  -7.26e-010 -0.981 -0.195,
  0.0893 -0.967 -0.196,
  -0.18 -0.904 -0.389,
  -0.161 -0.811 -0.562,
  -9.97e-009 0.829 -0.554,
  0.00959 0.827 -0.554,
  0.0142 0.706 -0.708,
  0.025 0.551 -0.832,
  -0.318 0.768 -0.556,
  -0.137 0.687 -0.714,
  -0.107 0.538 -0.836,
  -0.588 0.588 -0.556,
  -0.389 0.582 -0.714,
  -0.305 0.456 -0.836,
  -0.768 0.318 -0.556,
  -0.582 0.389 -0.714,
  -0.456 0.305 -0.836,
  -0.831 -4.34e-010 -0.556,
  -0.687 0.137 -0.714,
  -0.538 0.107 -0.836,
  -0.768 -0.318 -0.556,
  -0.687 -0.137 -0.714,
  -0.538 -0.107 -0.836,
  -0.588 -0.588 -0.556,
  -0.582 -0.389 -0.714,
  -0.456 -0.305 -0.836,
  -0.318 -0.768 -0.556,
  -0.389 -0.582 -0.714,
  -0.305 -0.456 -0.836,
  -1.01e-009 -0.831 -0.556,
  0.0855 -0.817 -0.557,
  -0.137 -0.687 -0.714,
  -0.107 -0.538 -0.836,
  -1e-009 0.556 -0.831,
  0.0318 0.377 -0.924,
  0.0364 0.239 -0.96,
  -0.213 0.513 -0.831,
  -0.0734 0.369 -0.926,
  -0.0374 0.188 -0.981,
  -0.393 0.393 -0.831,
  -0.209 0.313 -0.926,
  -0.106 0.159 -0.981,
  -0.513 0.213 -0.831,
  -0.313 0.209 -0.926,
  -0.159 0.106 -0.981,
  -0.556 7.15e-011 -0.831,
  -0.369 0.0734 -0.926,
  -0.188 0.0374 -0.981,
  -0.513 -0.213 -0.831,
  -0.369 -0.0734 -0.926,
  -0.188 -0.0374 -0.981,
  -0.393 -0.393 -0.831,
  -0.313 -0.209 -0.926,
  -0.159 -0.106 -0.981,
  -0.213 -0.513 -0.831,
  -0.209 -0.313 -0.926,
  -0.106 -0.159 -0.981,
  5.02e-010 -0.556 -0.831,
  0.0745 -0.542 -0.833,
  -0.0734 -0.369 -0.926,
  -0.0374 -0.188 -0.981,
  0.0502 8.45e-010 -0.993,
  0.0513 -0.0108 -0.992,
  0.0509 0.0103 -1,
  5.91e-009 0.195 -0.981,
  -0.0746 0.18 -0.981,
  -0.138 0.138 -0.981,
  -0.18 0.0746 -0.981,
  -0.195 -1.78e-010 -0.981,
  -0.18 -0.0746 -0.981,
  -0.138 -0.138 -0.981,
  -0.0746 -0.18 -0.981,
  1.13e-008 -0.195 -0.981,
  0.0651 -0.263 -0.953,
  0.0296 1.68e-009 0.999,
  0.0466 -0.374 0.925,
  0.0641 -0.696 0.709,
  0.0778 -0.912 0.384,
  0.0855 -0.987 3.19e-011,
  0.0859 -0.91 -0.384,
  0.079 -0.693 -0.709,
  0.066 -0.37 -0.925,
  0.0484 0.02 -0.992,
  0.0472 0.033 -0.991,
  0.0459 0.0459 -0.99,
  0.0434 0.0722 -0.988,
  0.0408 0.0984 -0.984,
  0.0643 -0.155 -0.975,
  0.0915 -0.182 -0.963,
  0.0553 -0.0553 -0.988,
  0.0538 -0.0385 -0.99,
  0.0522 -0.0216 -0.992,
  -0.00512 0.973 0.194,
  0.0962 0.0235 0.0289,
  0.00114 0.825 0.552,
  0.00506 0.977 -0.194,
  -0.000792 0.689 0.72,
  0.017 0.527 0.832,
  0.0247 0.821 -0.55,
  0.0394 0.247 0.954,
  0.0501 0.0832 0.981,
  0.0541 0.0378 0.987,
  0.0565 0.0115 0.988,
  0.0588 -0.0124 0.988,
  0.0619 -0.0442 0.985,
  0.0574 0.543 -0.824,
  0.0696 -0.122 0.972,
  0.075 0.283 -0.944,
  0.0862 0.143 -0.967,
  0.0871 -0.273 0.945,
  0.0936 0.0653 -0.977,
  0.0979 0.0199 -0.98,
  0.102 -0.0214 -0.979,
  0.107 -0.0762 -0.974,
  0.119 -0.209 -0.952,
  0.123 -0.528 0.825,
  0.13 -0.332 -0.93,
  0.154 -0.795 0.551,
  0.157 -0.521 -0.825,
  0.175 -0.939 0.194,
  0.183 -0.938 -0.193,
  0.177 -0.791 -0.551 ]
}

coordIndex	[ 358, 357, 74, 360, -1, 359, 76, 357,
  358, -1, 358, 360, 89, 363, -1, 359,
  361, 78, -1, 358, 361, 359, -1, 362,
  79, 361, 358, -1, 358, 363, 71, 370,
  -1, 362, 364, 84, -1, 358, 364, 362,
  -1, 365, 85, 364, 358, -1, 366, 86,
  365, 358, -1, 367, 88, 366, 358, -1,
  368, 87, 367, 358, -1, 369, 80, 368,
  358, -1, 358, 370, 69, 372, -1, 371,
  81, 369, 358, -1, 358, 372, 64, 373,
  -1, 358, 373, 65, 375, -1, 374, 83,
  371, 358, -1, 358, 375, 67, 376, -1,
  358, 376, 66, 377, -1, 358, 377, 61,
  378, -1, 358, 378, 62, 379, -1, 358,
  379, 63, 381, -1, 380, 82, 374, -1,
  358, 380, 374, -1, 358, 381, 68, 383,
  -1, 382, 77, 380, 358, -1, 358, 383,
  70, 386, -1, 384, 75, 382, 358, -1,
  385, 73, 384, 358, -1, 386, 72, 385,
  358, -1 ]
colorPerVertex	FALSE
ccw	FALSE
solid	TRUE
creaseAngle	0.559
normalIndex	[  ]
texCoordIndex	[  ]
}

}

center	0.0835 0.0155 0.0045
}
Transform {
children	Shape {
appearance	Appearance {
material	Material {
ambientIntensity	0.1
diffuseColor	0.957 0.957 0.957
specularColor	0.1 0.1 0.1
emissiveColor	0 0 0
shininess	0
transparency	0
}

}

geometry	DEF _14 IndexedFaceSet {
coord	Coordinate {
point	[ 0 0 1,
  0 0 -1,
  -3.96e-014 0.383 0.924,
  -0.146 0.354 0.924,
  -0.271 0.271 0.924,
  -0.354 0.146 0.924,
  -0.383 -7.91e-014 0.924,
  -0.354 -0.146 0.924,
  -0.271 -0.271 0.924,
  -0.146 -0.354 0.924,
  1.19e-013 -0.383 0.924,
  -0.271 0.653 0.707,
  -0.5 0.5 0.707,
  -0.653 0.271 0.707,
  -0.707 -1.46e-013 0.707,
  -0.653 -0.271 0.707,
  -0.5 -0.5 0.707,
  -0.271 -0.653 0.707,
  2.2e-013 -0.707 0.707,
  -0.354 0.854 0.383,
  -0.653 0.653 0.383,
  -0.854 0.354 0.383,
  -0.924 -1.91e-013 0.383,
  -0.854 -0.354 0.383,
  -0.653 -0.653 0.383,
  -0.354 -0.854 0.383,
  2.87e-013 -0.924 0.383,
  -0.383 0.924 -1.03e-013,
  -0.707 0.707 -1.03e-013,
  -0.924 0.383 -1.03e-013,
  -1 -2.07e-013 -1.03e-013,
  -0.924 -0.383 -1.03e-013,
  -0.707 -0.707 -1.03e-013,
  -0.383 -0.924 -1.03e-013,
  3.11e-013 -1 -1.03e-013,
  -0.354 0.854 -0.383,
  -0.653 0.653 -0.383,
  -0.854 0.354 -0.383,
  -0.924 -1.91e-013 -0.383,
  -0.854 -0.354 -0.383,
  -0.653 -0.653 -0.383,
  -0.354 -0.854 -0.383,
  2.87e-013 -0.924 -0.383,
  -7.31e-014 0.707 -0.707,
  -0.271 0.653 -0.707,
  -0.5 0.5 -0.707,
  -0.653 0.271 -0.707,
  -0.707 -1.46e-013 -0.707,
  -0.653 -0.271 -0.707,
  -0.5 -0.5 -0.707,
  -0.271 -0.653 -0.707,
  2.2e-013 -0.707 -0.707,
  -3.96e-014 0.383 -0.924,
  -0.146 0.354 -0.924,
  -0.271 0.271 -0.924,
  -0.354 0.146 -0.924,
  -0.383 -7.91e-014 -0.924,
  -0.354 -0.146 -0.924,
  -0.271 -0.271 -0.924,
  -0.146 -0.354 -0.924,
  1.19e-013 -0.383 -0.924,
  0.103 -0.0429 -0.978,
  0.11 -0.11 -0.969,
  0.127 -0.308 -0.934,
  0.0807 0.195 -0.958,
  0.0909 0.0909 -0.974,
  0.0995 0 -0.98,
  0.0958 0.0397 -0.979,
  0.132 -0.356 -0.924,
  0.0636 0.37 -0.924,
  0.157 -0.676 -0.707,
  0.0278 0.702 -0.707,
  0.17 -0.89 -0.383,
  0.169 -0.966 -1.03e-013,
  -0.015 0.997 -1.03e-013,
  0.154 -0.893 0.383,
  -0.016 0.921 0.383,
  0.127 -0.682 0.707,
  -0.00287 0.707 0.707,
  -6.93e-014 0.67 0.732,
  0.0598 -0.0248 0.987,
  0.0636 -0.0636 0.982,
  0.093 -0.364 0.924,
  0.0751 -0.181 0.961,
  0.0233 0.378 0.924,
  0.0471 0.114 0.976,
  0.0526 0.0526 0.985,
  0.0575 0 0.989,
  0.0553 0.0229 0.988,
  -9.55e-014 0.924 -0.383,
  0.103 -0.0429 -0.978,
  0.11 -0.11 -0.969,
  0.127 -0.308 -0.934,
  0.0807 0.195 -0.958,
  0.0909 0.0909 -0.974,
  0.0995 0 -0.98,
  0.0958 0.0397 -0.979,
  0.132 -0.356 -0.924,
  0.0636 0.37 -0.924,
  0.157 -0.676 -0.707,
  0.0278 0.702 -0.707,
  0.17 -0.89 -0.383,
  0.169 -0.966 -1.03e-013,
  -0.015 0.997 -1.03e-013,
  0.154 -0.893 0.383,
  -0.016 0.921 0.383,
  0.127 -0.682 0.707,
  -0.00287 0.707 0.707,
  -6.93e-014 0.67 0.732,
  0.0598 -0.0248 0.987,
  0.0636 -0.0636 0.982,
  0.093 -0.364 0.924,
  0.0751 -0.181 0.961,
  0.0233 0.378 0.924,
  0.0471 0.114 0.976,
  0.0526 0.0526 0.985,
  0.0575 0 0.989,
  0.0553 0.0229 0.988,
  -9.55e-014 0.924 -0.383,
  0.0285 0.0118 0.998,
  0.0281 0.0197 1,
  0.0294 0.00596 1,
  0.0265 0.0265 0.994,
  0.0252 0.042 0.993,
  0.0238 0.0574 0.991,
  0.018 0.221 0.966,
  1.92e-008 0.195 0.981,
  -0.0374 0.188 0.981,
  0.0117 0.38 0.924,
  0.00696 0.531 0.836,
  -0.0746 0.18 0.981,
  -0.106 0.159 0.981,
  -0.0734 0.369 0.926,
  -0.0858 0.562 0.812,
  -0.138 0.138 0.981,
  -0.159 0.106 0.981,
  -0.209 0.313 0.926,
  -0.305 0.456 0.836,
  -0.18 0.0746 0.981,
  -0.188 0.0374 0.981,
  -0.313 0.209 0.926,
  -0.456 0.305 0.836,
  -0.195 -1.78e-010 0.981,
  -0.188 -0.0374 0.981,
  -0.369 0.0734 0.926,
  -0.538 0.107 0.836,
  -0.18 -0.0746 0.981,
  -0.159 -0.106 0.981,
  -0.369 -0.0734 0.926,
  -0.538 -0.107 0.836,
  -0.138 -0.138 0.981,
  -0.106 -0.159 0.981,
  -0.313 -0.209 0.926,
  -0.456 -0.305 0.836,
  -0.0746 -0.18 0.981,
  -0.0374 -0.188 0.981,
  -0.209 -0.313 0.926,
  -0.305 -0.456 0.836,
  6.12e-009 -0.195 0.981,
  0.0424 -0.234 0.961,
  -0.0734 -0.369 0.926,
  -0.107 -0.538 0.836,
  0.0379 -0.0915 0.985,
  0.0537 -0.107 0.978,
  0.0321 -0.0321 0.993,
  0.0322 -0.023 1,
  0.0307 -0.0127 0.998,
  0.0306 -0.00644 1,
  -3.33e-009 0.531 0.835,
  -0.213 0.513 0.831,
  -0.137 0.683 0.71,
  -0.165 0.804 0.559,
  -0.393 0.393 0.831,
  -0.389 0.582 0.714,
  -0.459 0.687 0.562,
  -0.513 0.213 0.831,
  -0.582 0.389 0.714,
  -0.687 0.459 0.562,
  -0.556 7.15e-011 0.831,
  -0.687 0.137 0.714,
  -0.811 0.161 0.562,
  -0.513 -0.213 0.831,
  -0.687 -0.137 0.714,
  -0.811 -0.161 0.562,
  -0.393 -0.393 0.831,
  -0.582 -0.389 0.714,
  -0.687 -0.459 0.562,
  -0.213 -0.513 0.831,
  -0.389 -0.582 0.714,
  -0.459 -0.687 0.562,
  2.87e-010 -0.556 0.831,
  0.0574 -0.545 0.832,
  -0.137 -0.687 0.714,
  -0.161 -0.811 0.562,
  -0.318 0.768 0.556,
  -0.186 0.894 0.386,
  -0.197 0.95 0.197,
  -0.588 0.588 0.556,
  -0.512 0.766 0.389,
  -0.544 0.814 0.198,
  -0.768 0.318 0.556,
  -0.766 0.512 0.389,
  -0.814 0.544 0.198,
  -0.831 -5.78e-010 0.556,
  -0.904 0.18 0.389,
  -0.961 0.191 0.198,
  -0.768 -0.318 0.556,
  -0.904 -0.18 0.389,
  -0.961 -0.191 0.198,
  -0.588 -0.588 0.556,
  -0.766 -0.512 0.389,
  -0.814 -0.544 0.198,
  -0.318 -0.768 0.556,
  -0.512 -0.766 0.389,
  -0.544 -0.814 0.198,
  8.67e-010 -0.831 0.556,
  0.074 -0.819 0.557,
  -0.18 -0.904 0.389,
  -0.191 -0.961 0.198,
  -0.375 0.906 0.195,
  -0.201 0.969 -1.39e-010,
  -0.193 0.951 -0.197,
  -0.693 0.693 0.195,
  -0.556 0.831 -1.03e-013,
  -0.544 0.814 -0.198,
  -0.906 0.375 0.195,
  -0.831 0.556 4.35e-010,
  -0.814 0.544 -0.198,
  -0.981 -8.72e-010 0.195,
  -0.981 0.195 -1.03e-013,
  -0.961 0.191 -0.198,
  -0.906 -0.375 0.195,
  -0.981 -0.195 4.35e-010,
  -0.961 -0.191 -0.198,
  -0.693 -0.693 0.195,
  -0.831 -0.556 2.9e-010,
  -0.814 -0.544 -0.198,
  -0.375 -0.906 0.195,
  -0.556 -0.831 -1.03e-013,
  -0.544 -0.814 -0.198,
  -7.26e-010 -0.981 0.195,
  0.0852 -0.968 0.196,
  -0.195 -0.981 5.81e-010,
  -0.191 -0.961 -0.198,
  -0.375 0.906 -0.195,
  -0.179 0.901 -0.388,
  -0.161 0.811 -0.562,
  -0.693 0.693 -0.195,
  -0.512 0.766 -0.389,
  -0.459 0.687 -0.562,
  -0.906 0.375 -0.195,
  -0.766 0.512 -0.389,
  -0.687 0.459 -0.562,
  -0.981 -7.27e-010 -0.195,
  -0.904 0.18 -0.389,
  -0.811 0.161 -0.562,
  -0.906 -0.375 -0.195,
  -0.904 -0.18 -0.389,
  -0.811 -0.161 -0.562,
  -0.693 -0.693 -0.195,
  -0.766 -0.512 -0.389,
  -0.687 -0.459 -0.562,
  -0.375 -0.906 -0.195,
  -0.512 -0.766 -0.389,
  -0.459 -0.687 -0.562,
  -7.26e-010 -0.981 -0.195,
  0.0893 -0.967 -0.196,
  -0.18 -0.904 -0.389,
  -0.161 -0.811 -0.562,
  -9.97e-009 0.829 -0.554,
  0.00959 0.827 -0.554,
  0.0142 0.706 -0.708,
  0.025 0.551 -0.832,
  -0.318 0.768 -0.556,
  -0.137 0.687 -0.714,
  -0.107 0.538 -0.836,
  -0.588 0.588 -0.556,
  -0.389 0.582 -0.714,
  -0.305 0.456 -0.836,
  -0.768 0.318 -0.556,
  -0.582 0.389 -0.714,
  -0.456 0.305 -0.836,
  -0.831 -4.34e-010 -0.556,
  -0.687 0.137 -0.714,
  -0.538 0.107 -0.836,
  -0.768 -0.318 -0.556,
  -0.687 -0.137 -0.714,
  -0.538 -0.107 -0.836,
  -0.588 -0.588 -0.556,
  -0.582 -0.389 -0.714,
  -0.456 -0.305 -0.836,
  -0.318 -0.768 -0.556,
  -0.389 -0.582 -0.714,
  -0.305 -0.456 -0.836,
  -1.01e-009 -0.831 -0.556,
  0.0855 -0.817 -0.557,
  -0.137 -0.687 -0.714,
  -0.107 -0.538 -0.836,
  -1e-009 0.556 -0.831,
  0.0318 0.377 -0.924,
  0.0364 0.239 -0.96,
  -0.213 0.513 -0.831,
  -0.0734 0.369 -0.926,
  -0.0374 0.188 -0.981,
  -0.393 0.393 -0.831,
  -0.209 0.313 -0.926,
  -0.106 0.159 -0.981,
  -0.513 0.213 -0.831,
  -0.313 0.209 -0.926,
  -0.159 0.106 -0.981,
  -0.556 7.15e-011 -0.831,
  -0.369 0.0734 -0.926,
  -0.188 0.0374 -0.981,
  -0.513 -0.213 -0.831,
  -0.369 -0.0734 -0.926,
  -0.188 -0.0374 -0.981,
  -0.393 -0.393 -0.831,
  -0.313 -0.209 -0.926,
  -0.159 -0.106 -0.981,
  -0.213 -0.513 -0.831,
  -0.209 -0.313 -0.926,
  -0.106 -0.159 -0.981,
  5.02e-010 -0.556 -0.831,
  0.0745 -0.542 -0.833,
  -0.0734 -0.369 -0.926,
  -0.0374 -0.188 -0.981,
  0.0502 8.45e-010 -0.993,
  0.0513 -0.0108 -0.992,
  0.0509 0.0103 -1,
  5.91e-009 0.195 -0.981,
  -0.0746 0.18 -0.981,
  -0.138 0.138 -0.981,
  -0.18 0.0746 -0.981,
  -0.195 -1.78e-010 -0.981,
  -0.18 -0.0746 -0.981,
  -0.138 -0.138 -0.981,
  -0.0746 -0.18 -0.981,
  1.13e-008 -0.195 -0.981,
  0.0651 -0.263 -0.953,
  0.0296 1.68e-009 0.999,
  0.0466 -0.374 0.925,
  0.0641 -0.696 0.709,
  0.0778 -0.912 0.384,
  0.0855 -0.987 3.19e-011,
  0.0859 -0.91 -0.384,
  0.079 -0.693 -0.709,
  0.066 -0.37 -0.925,
  0.0484 0.02 -0.992,
  0.0472 0.033 -0.991,
  0.0459 0.0459 -0.99,
  0.0434 0.0722 -0.988,
  0.0408 0.0984 -0.984,
  0.0643 -0.155 -0.975,
  0.0915 -0.182 -0.963,
  0.0553 -0.0553 -0.988,
  0.0538 -0.0385 -0.99,
  0.0522 -0.0216 -0.992,
  -0.00512 0.973 0.194,
  0.0962 0.0235 0.0289,
  0.00114 0.825 0.552,
  0.00506 0.977 -0.194,
  -0.000792 0.689 0.72,
  0.017 0.527 0.832,
  0.0247 0.821 -0.55,
  0.0394 0.247 0.954,
  0.0501 0.0832 0.981,
  0.0541 0.0378 0.987,
  0.0565 0.0115 0.988,
  0.0588 -0.0124 0.988,
  0.0619 -0.0442 0.985,
  0.0574 0.543 -0.824,
  0.0696 -0.122 0.972,
  0.075 0.283 -0.944,
  0.0862 0.143 -0.967,
  0.0871 -0.273 0.945,
  0.0936 0.0653 -0.977,
  0.0979 0.0199 -0.98,
  0.102 -0.0214 -0.979,
  0.107 -0.0762 -0.974,
  0.119 -0.209 -0.952,
  0.123 -0.528 0.825,
  0.13 -0.332 -0.93,
  0.154 -0.795 0.551,
  0.157 -0.521 -0.825,
  0.175 -0.939 0.194,
  0.183 -0.938 -0.193,
  0.177 -0.791 -0.551 ]
}

coordIndex	[ 127, 126, 0, 130, -1, 131, 130, 0,
  134, -1, 135, 134, 0, 138, -1, 139,
  138, 0, 142, -1, 143, 142, 0, 146,
  -1, 147, 146, 0, 150, -1, 151, 150,
  0, 154, -1, 155, 154, 0, 158, -1,
  137, 136, 4, 172, -1, 141, 140, 5,
  175, -1, 145, 144, 6, 178, -1, 149,
  148, 7, 181, -1, 153, 152, 8, 184,
  -1, 157, 156, 9, 187, -1, 161, 160,
  10, 190, -1, 174, 173, 12, 197, -1,
  177, 176, 13, 200, -1, 180, 179, 14,
  203, -1, 183, 182, 15, 206, -1, 186,
  185, 16, 209, -1, 189, 188, 17, 212,
  -1, 193, 192, 18, 215, -1, 196, 195,
  19, 219, -1, 199, 198, 20, 222, -1,
  202, 201, 21, 225, -1, 205, 204, 22,
  228, -1, 208, 207, 23, 231, -1, 211,
  210, 24, 234, -1, 214, 213, 25, 237,
  -1, 218, 217, 26, 240, -1, 221, 220,
  27, 244, -1, 224, 223, 28, 247, -1,
  227, 226, 29, 250, -1, 230, 229, 30,
  253, -1, 233, 232, 31, 256, -1, 236,
  235, 32, 259, -1, 239, 238, 33, 262,
  -1, 243, 242, 34, 265, -1, 270, 269,
  43, 271, -1, 246, 245, 35, 273, -1,
  249, 248, 36, 276, -1, 252, 251, 37,
  279, -1, 255, 254, 38, 282, -1, 258,
  257, 39, 285, -1, 261, 260, 40, 288,
  -1, 264, 263, 41, 291, -1, 268, 267,
  42, 294, -1, 295, 294, 42, 344, -1,
  272, 271, 43, 298, -1, 275, 274, 44,
  301, -1, 278, 277, 45, 304, -1, 281,
  280, 46, 307, -1, 284, 283, 47, 310,
  -1, 287, 286, 48, 313, -1, 290, 289,
  49, 316, -1, 293, 292, 50, 319, -1,
  297, 296, 51, 322, -1, 323, 322, 51,
  345, -1, 328, 326, 66, 376, -1, 348,
  347, 67, 375, -1, 350, 349, 65, 373,
  -1, 300, 299, 52, 329, -1, 303, 302,
  53, 330, -1, 306, 305, 54, 331, -1,
  309, 308, 55, 332, -1, 312, 311, 56,
  333, -1, 315, 314, 57, 334, -1, 318,
  317, 58, 335, -1, 321, 320, 59, 336,
  -1, 325, 324, 60, 337, -1, 338, 337,
  60, 346, -1, 353, 352, 63, 379, -1,
  355, 354, 62, 378, -1, 327, 326, 1,
  356, -1, 171, 170, 11, 194, -1, 129,
  128, 2, 168, -1, 133, 132, 3, 169,
  -1, 123, 122, 0, 124, -1, 125, 124,
  0, 126, -1, 120, 119, 0, 122, -1,
  121, 119, 88, 367, -1, 167, 166, 0,
  339, -1, 165, 164, 0, 166, -1, 163,
  162, 0, 164, -1, 159, 158, 0, 162,
  -1, 191, 190, 10, 340, -1, 216, 215,
  18, 341, -1, 266, 265, 34, 343, -1,
  241, 240, 26, 342, -1, 120, 122, 86,
  366, -1, 123, 124, 85, 365, -1, 125,
  126, 2, 128, -1, 125, 128, 84, 364,
  -1, 127, 130, 3, 132, -1, 132, 2,
  126, 127, -1, 131, 134, 4, 136, -1,
  136, 3, 130, 131, -1, 135, 138, 5,
  140, -1, 140, 4, 134, 135, -1, 139,
  142, 6, 144, -1, 144, 5, 138, 139,
  -1, 143, 146, 7, 148, -1, 148, 6,
  142, 143, -1, 147, 150, 8, 152, -1,
  152, 7, 146, 147, -1, 151, 154, 9,
  156, -1, 156, 8, 150, 151, -1, 155,
  158, 10, 160, -1, 160, 9, 154, 155,
  -1, 159, 162, 83, 374, -1, 163, 164,
  81, 371, -1, 165, 166, 80, 369, -1,
  168, 2, 132, 133, -1, 129, 168, 79,
  362, -1, 169, 3, 136, 137, -1, 133,
  169, 11, 170, -1, 133, 170, 78, 361,
  -1, 172, 4, 140, 141, -1, 137, 172,
  12, 173, -1, 173, 11, 169, 137, -1,
  175, 5, 144, 145, -1, 141, 175, 13,
  176, -1, 176, 12, 172, 141, -1, 178,
  6, 148, 149, -1, 145, 178, 14, 179,
  -1, 179, 13, 175, 145, -1, 181, 7,
  152, 153, -1, 149, 181, 15, 182, -1,
  182, 14, 178, 149, -1, 184, 8, 156,
  157, -1, 153, 184, 16, 185, -1, 185,
  15, 181, 153, -1, 187, 9, 160, 161,
  -1, 157, 187, 17, 188, -1, 188, 16,
  184, 157, -1, 161, 190, 18, 192, -1,
  192, 17, 187, 161, -1, 194, 11, 173,
  174, -1, 171, 194, 19, 195, -1, 171,
  195, 76, 359, -1, 197, 12, 176, 177,
  -1, 174, 197, 20, 198, -1, 198, 19,
  194, 174, -1, 200, 13, 179, 180, -1,
  177, 200, 21, 201, -1, 201, 20, 197,
  177, -1, 203, 14, 182, 183, -1, 180,
  203, 22, 204, -1, 204, 21, 200, 180,
  -1, 206, 15, 185, 186, -1, 183, 206,
  23, 207, -1, 207, 22, 203, 183, -1,
  209, 16, 188, 189, -1, 186, 209, 24,
  210, -1, 210, 23, 206, 186, -1, 212,
  17, 192, 193, -1, 189, 212, 25, 213,
  -1, 213, 24, 209, 189, -1, 193, 215,
  26, 217, -1, 217, 25, 212, 193, -1,
  219, 19, 198, 199, -1, 196, 219, 27,
  220, -1, 196, 220, 74, 357, -1, 222,
  20, 201, 202, -1, 199, 222, 28, 223,
  -1, 223, 27, 219, 199, -1, 225, 21,
  204, 205, -1, 202, 225, 29, 226, -1,
  226, 28, 222, 202, -1, 228, 22, 207,
  208, -1, 205, 228, 30, 229, -1, 229,
  29, 225, 205, -1, 231, 23, 210, 211,
  -1, 208, 231, 31, 232, -1, 232, 30,
  228, 208, -1, 234, 24, 213, 214, -1,
  211, 234, 32, 235, -1, 235, 31, 231,
  211, -1, 237, 25, 217, 218, -1, 214,
  237, 33, 238, -1, 238, 32, 234, 214,
  -1, 218, 240, 34, 242, -1, 242, 33,
  237, 218, -1, 244, 27, 223, 224, -1,
  221, 244, 35, 245, -1, 221, 245, 89,
  360, -1, 247, 28, 226, 227, -1, 224,
  247, 36, 248, -1, 248, 35, 244, 224,
  -1, 250, 29, 229, 230, -1, 227, 250,
  37, 251, -1, 251, 36, 247, 227, -1,
  253, 30, 232, 233, -1, 230, 253, 38,
  254, -1, 254, 37, 250, 230, -1, 256,
  31, 235, 236, -1, 233, 256, 39, 257,
  -1, 257, 38, 253, 233, -1, 259, 32,
  238, 239, -1, 236, 259, 40, 260, -1,
  260, 39, 256, 236, -1, 262, 33, 242,
  243, -1, 239, 262, 41, 263, -1, 263,
  40, 259, 239, -1, 243, 265, 42, 267,
  -1, 267, 41, 262, 243, -1, 269, 89,
  245, 246, -1, 270, 271, 71, 363, -1,
  273, 35, 248, 249, -1, 246, 273, 44,
  274, -1, 274, 43, 269, 246, -1, 276,
  36, 251, 252, -1, 249, 276, 45, 277,
  -1, 277, 44, 273, 249, -1, 279, 37,
  254, 255, -1, 252, 279, 46, 280, -1,
  280, 45, 276, 252, -1, 282, 38, 257,
  258, -1, 255, 282, 47, 283, -1, 283,
  46, 279, 255, -1, 285, 39, 260, 261,
  -1, 258, 285, 48, 286, -1, 286, 47,
  282, 258, -1, 288, 40, 263, 264, -1,
  261, 288, 49, 289, -1, 289, 48, 285,
  261, -1, 291, 41, 267, 268, -1, 264,
  291, 50, 292, -1, 292, 49, 288, 264,
  -1, 268, 294, 51, 296, -1, 296, 50,
  291, 268, -1, 298, 43, 274, 275, -1,
  272, 298, 52, 299, -1, 272, 299, 69,
  370, -1, 301, 44, 277, 278, -1, 275,
  301, 53, 302, -1, 302, 52, 298, 275,
  -1, 304, 45, 280, 281, -1, 278, 304,
  54, 305, -1, 305, 53, 301, 278, -1,
  307, 46, 283, 284, -1, 281, 307, 55,
  308, -1, 308, 54, 304, 281, -1, 310,
  47, 286, 287, -1, 284, 310, 56, 311,
  -1, 311, 55, 307, 284, -1, 313, 48,
  289, 290, -1, 287, 313, 57, 314, -1,
  314, 56, 310, 287, -1, 316, 49, 292,
  293, -1, 290, 316, 58, 317, -1, 317,
  57, 313, 290, -1, 319, 50, 296, 297,
  -1, 293, 319, 59, 320, -1, 320, 58,
  316, 293, -1, 297, 322, 60, 324, -1,
  324, 59, 319, 297, -1, 329, 52, 302,
  303, -1, 300, 329, 1, 351, -1, 330,
  53, 305, 306, -1, 330, 1, 329, 303,
  -1, 331, 54, 308, 309, -1, 331, 1,
  330, 306, -1, 332, 55, 311, 312, -1,
  332, 1, 331, 309, -1, 333, 56, 314,
  315, -1, 333, 1, 332, 312, -1, 334,
  57, 317, 318, -1, 334, 1, 333, 315,
  -1, 335, 58, 320, 321, -1, 335, 1,
  334, 318, -1, 336, 59, 324, 325, -1,
  336, 1, 335, 321, -1, 337, 1, 336,
  325, -1, 167, 339, 87, 368, -1, 339,
  0, 119, 121, -1, 191, 340, 82, 380,
  -1, 340, 10, 158, 159, -1, 216, 341,
  77, 382, -1, 341, 18, 190, 191, -1,
  241, 342, 75, 384, -1, 342, 26, 215,
  216, -1, 266, 343, 73, 385, -1, 343,
  34, 240, 241, -1, 295, 344, 72, 386,
  -1, 344, 42, 265, 266, -1, 323, 345,
  70, 383, -1, 345, 51, 294, 295, -1,
  338, 346, 68, 381, -1, 346, 60, 322,
  323, -1, 347, 1, 326, 328, -1, 349,
  1, 347, 348, -1, 300, 351, 64, 372,
  -1, 351, 1, 349, 350, -1, 352, 1,
  337, 338, -1, 354, 1, 352, 353, -1,
  327, 356, 61, 377, -1, 356, 1, 354,
  355, -1, 357, 76, 195, 196, -1, 359,
  78, 170, 171, -1, 360, 74, 220, 221,
  -1, 361, 79, 168, 133, -1, 362, 84,
  128, 129, -1, 363, 89, 269, 270, -1,
  364, 85, 124, 125, -1, 365, 86, 122,
  123, -1, 366, 88, 119, 120, -1, 367,
  87, 339, 121, -1, 368, 80, 166, 167,
  -1, 369, 81, 164, 165, -1, 370, 71,
  271, 272, -1, 371, 83, 162, 163, -1,
  372, 69, 299, 300, -1, 373, 64, 351,
  350, -1, 374, 82, 340, 159, -1, 375,
  65, 349, 348, -1, 376, 67, 347, 328,
  -1, 377, 66, 326, 327, -1, 378, 61,
  356, 355, -1, 379, 62, 354, 353, -1,
  380, 77, 341, 191, -1, 381, 63, 352,
  338, -1, 382, 75, 342, 216, -1, 383,
  68, 346, 323, -1, 384, 73, 343, 241,
  -1, 385, 72, 344, 266, -1, 386, 70,
  345, 295, -1 ]
colorPerVertex	FALSE
ccw	FALSE
solid	TRUE
creaseAngle	0.559
normalIndex	[  ]
texCoordIndex	[  ]
}

}

center	-0.4085 -0.00150001 0
}
]
translation	-0.690663 -0.447175 1.33175
rotation	-0.134527 0.949602 -0.283122  0.228
scale	0.249 0.348 0.508
scaleOrientation	0 0 1  0
center	-0.4085 -0.00150001 -8.9407e-008
}
DEF Sphere Transform {
children	Shape {
appearance	Appearance {
material	Material {
ambientIntensity	0.1
diffuseColor	0.192 0.204 0.427
specularColor	0.1 0.1 0.1
emissiveColor	0 0 0
shininess	0
transparency	0
}

}

geometry	DEF _15 IndexedFaceSet {
coord	Coordinate {
point	[ 0 0 1,
  0 0 -1,
  0.383 0 0.924,
  0.354 0.146 0.924,
  0.271 0.271 0.924,
  0.146 0.354 0.924,
  -3.96e-014 0.383 0.924,
  -0.146 0.354 0.924,
  -0.271 0.271 0.924,
  -0.354 0.146 0.924,
  -0.383 -7.91e-014 0.924,
  -0.354 -0.146 0.924,
  -0.271 -0.271 0.924,
  -0.146 -0.354 0.924,
  1.19e-013 -0.383 0.924,
  0.146 -0.354 0.924,
  0.271 -0.271 0.924,
  0.354 -0.146 0.924,
  0.707 0 0.707,
  0.653 0.271 0.707,
  0.5 0.5 0.707,
  0.271 0.653 0.707,
  -7.31e-014 0.707 0.707,
  -0.271 0.653 0.707,
  -0.5 0.5 0.707,
  -0.653 0.271 0.707,
  -0.707 -1.46e-013 0.707,
  -0.653 -0.271 0.707,
  -0.5 -0.5 0.707,
  -0.271 -0.653 0.707,
  2.2e-013 -0.707 0.707,
  0.271 -0.653 0.707,
  0.5 -0.5 0.707,
  0.653 -0.271 0.707,
  0.924 0 0.383,
  0.854 0.354 0.383,
  0.653 0.653 0.383,
  0.354 0.854 0.383,
  -9.55e-014 0.924 0.383,
  -0.354 0.854 0.383,
  -0.653 0.653 0.383,
  -0.854 0.354 0.383,
  -0.924 -1.91e-013 0.383,
  -0.854 -0.354 0.383,
  -0.653 -0.653 0.383,
  -0.354 -0.854 0.383,
  2.87e-013 -0.924 0.383,
  0.354 -0.854 0.383,
  0.653 -0.653 0.383,
  0.854 -0.354 0.383,
  1 0 -1.03e-013,
  0.924 0.383 -1.03e-013,
  0.707 0.707 -1.03e-013,
  0.383 0.924 -1.03e-013,
  -1.03e-013 1 -1.03e-013,
  -0.383 0.924 -1.03e-013,
  -0.707 0.707 -1.03e-013,
  -0.924 0.383 -1.03e-013,
  -1 -2.07e-013 -1.03e-013,
  -0.924 -0.383 -1.03e-013,
  -0.707 -0.707 -1.03e-013,
  -0.383 -0.924 -1.03e-013,
  3.11e-013 -1 -1.03e-013,
  0.383 -0.924 -1.03e-013,
  0.707 -0.707 -1.03e-013,
  0.924 -0.383 -1.03e-013,
  0.924 0 -0.383,
  0.854 0.354 -0.383,
  0.653 0.653 -0.383,
  0.354 0.854 -0.383,
  -9.55e-014 0.924 -0.383,
  -0.354 0.854 -0.383,
  -0.653 0.653 -0.383,
  -0.854 0.354 -0.383,
  -0.924 -1.91e-013 -0.383,
  -0.854 -0.354 -0.383,
  -0.653 -0.653 -0.383,
  -0.354 -0.854 -0.383,
  2.87e-013 -0.924 -0.383,
  0.354 -0.854 -0.383,
  0.653 -0.653 -0.383,
  0.854 -0.354 -0.383,
  0.707 0 -0.707,
  0.653 0.271 -0.707,
  0.5 0.5 -0.707,
  0.271 0.653 -0.707,
  -7.31e-014 0.707 -0.707,
  -0.271 0.653 -0.707,
  -0.5 0.5 -0.707,
  -0.653 0.271 -0.707,
  -0.707 -1.46e-013 -0.707,
  -0.653 -0.271 -0.707,
  -0.5 -0.5 -0.707,
  -0.271 -0.653 -0.707,
  2.2e-013 -0.707 -0.707,
  0.271 -0.653 -0.707,
  0.5 -0.5 -0.707,
  0.653 -0.271 -0.707,
  0.383 0 -0.924,
  0.354 0.146 -0.924,
  0.271 0.271 -0.924,
  0.146 0.354 -0.924,
  -3.96e-014 0.383 -0.924,
  -0.146 0.354 -0.924,
  -0.271 0.271 -0.924,
  -0.354 0.146 -0.924,
  -0.383 -7.91e-014 -0.924,
  -0.354 -0.146 -0.924,
  -0.271 -0.271 -0.924,
  -0.146 -0.354 -0.924,
  1.19e-013 -0.383 -0.924,
  0.146 -0.354 -0.924,
  0.271 -0.271 -0.924,
  0.354 -0.146 -0.924 ]
}

coordIndex	[ 0, 3, 2, -1, 0, 4, 3, -1,
  0, 5, 4, -1, 0, 6, 5, -1,
  0, 7, 6, -1, 0, 8, 7, -1,
  0, 9, 8, -1, 0, 10, 9, -1,
  0, 11, 10, -1, 0, 12, 11, -1,
  0, 13, 12, -1, 0, 14, 13, -1,
  0, 15, 14, -1, 0, 16, 15, -1,
  0, 17, 16, -1, 0, 2, 17, -1,
  2, 3, 19, 18, -1, 3, 4, 20,
  19, -1, 4, 5, 21, 20, -1, 5,
  6, 22, 21, -1, 6, 7, 23, 22,
  -1, 7, 8, 24, 23, -1, 8, 9,
  25, 24, -1, 9, 10, 26, 25, -1,
  10, 11, 27, 26, -1, 11, 12, 28,
  27, -1, 12, 13, 29, 28, -1, 13,
  14, 30, 29, -1, 14, 15, 31, 30,
  -1, 15, 16, 32, 31, -1, 16, 17,
  33, 32, -1, 17, 2, 18, 33, -1,
  18, 19, 35, 34, -1, 19, 20, 36,
  35, -1, 20, 21, 37, 36, -1, 21,
  22, 38, 37, -1, 22, 23, 39, 38,
  -1, 23, 24, 40, 39, -1, 24, 25,
  41, 40, -1, 25, 26, 42, 41, -1,
  26, 27, 43, 42, -1, 27, 28, 44,
  43, -1, 28, 29, 45, 44, -1, 29,
  30, 46, 45, -1, 30, 31, 47, 46,
  -1, 31, 32, 48, 47, -1, 32, 33,
  49, 48, -1, 33, 18, 34, 49, -1,
  34, 35, 51, 50, -1, 35, 36, 52,
  51, -1, 36, 37, 53, 52, -1, 37,
  38, 54, 53, -1, 38, 39, 55, 54,
  -1, 39, 40, 56, 55, -1, 40, 41,
  57, 56, -1, 41, 42, 58, 57, -1,
  42, 43, 59, 58, -1, 43, 44, 60,
  59, -1, 44, 45, 61, 60, -1, 45,
  46, 62, 61, -1, 46, 47, 63, 62,
  -1, 47, 48, 64, 63, -1, 48, 49,
  65, 64, -1, 49, 34, 50, 65, -1,
  50, 51, 67, 66, -1, 51, 52, 68,
  67, -1, 52, 53, 69, 68, -1, 53,
  54, 70, 69, -1, 54, 55, 71, 70,
  -1, 55, 56, 72, 71, -1, 56, 57,
  73, 72, -1, 57, 58, 74, 73, -1,
  58, 59, 75, 74, -1, 59, 60, 76,
  75, -1, 60, 61, 77, 76, -1, 61,
  62, 78, 77, -1, 62, 63, 79, 78,
  -1, 63, 64, 80, 79, -1, 64, 65,
  81, 80, -1, 65, 50, 66, 81, -1,
  66, 67, 83, 82, -1, 67, 68, 84,
  83, -1, 68, 69, 85, 84, -1, 69,
  70, 86, 85, -1, 70, 71, 87, 86,
  -1, 71, 72, 88, 87, -1, 72, 73,
  89, 88, -1, 73, 74, 90, 89, -1,
  74, 75, 91, 90, -1, 75, 76, 92,
  91, -1, 76, 77, 93, 92, -1, 77,
  78, 94, 93, -1, 78, 79, 95, 94,
  -1, 79, 80, 96, 95, -1, 80, 81,
  97, 96, -1, 81, 66, 82, 97, -1,
  82, 83, 99, 98, -1, 83, 84, 100,
  99, -1, 84, 85, 101, 100, -1, 85,
  86, 102, 101, -1, 86, 87, 103, 102,
  -1, 87, 88, 104, 103, -1, 88, 89,
  105, 104, -1, 89, 90, 106, 105, -1,
  90, 91, 107, 106, -1, 91, 92, 108,
  107, -1, 92, 93, 109, 108, -1, 93,
  94, 110, 109, -1, 94, 95, 111, 110,
  -1, 95, 96, 112, 111, -1, 96, 97,
  113, 112, -1, 97, 82, 98, 113, -1,
  98, 99, 1, -1, 99, 100, 1, -1,
  100, 101, 1, -1, 101, 102, 1, -1,
  102, 103, 1, -1, 103, 104, 1, -1,
  104, 105, 1, -1, 105, 106, 1, -1,
  106, 107, 1, -1, 107, 108, 1, -1,
  108, 109, 1, -1, 109, 110, 1, -1,
  110, 111, 1, -1, 111, 112, 1, -1,
  112, 113, 1, -1, 113, 98, 1, -1 ]
colorPerVertex	FALSE
ccw	FALSE
solid	TRUE
creaseAngle	0.559
normalIndex	[  ]
texCoordIndex	[  ]
}

}

translation	-1.02 0.0352 1.86
rotation	3.17047e-007 -1 2.79045e-008  0.184
scale	0.924 0.855 0.0589
scaleOrientation	0 0 1  0
center	0 0 8.04663e-007
}
DEF NoName Transform {
children	Shape {
appearance	Appearance {
material	Material {
ambientIntensity	0.1
diffuseColor	0.957 1 0.969
specularColor	0.1 0.1 0.1
emissiveColor	0 0 0
shininess	0
transparency	0
}

}

geometry	DEF _16 IndexedFaceSet {
coord	Coordinate {
point	[ 0.0649 0.01 0.01,
  0.0649 0.527 0.01,
  0.256 0.527 0.01,
  0.31 0.523 0.01,
  0.351 0.511 0.01,
  0.382 0.492 0.01,
  0.405 0.465 0.01,
  0.419 0.433 0.01,
  0.424 0.4 0.01,
  0.407 0.34 0.01,
  0.386 0.315 0.01,
  0.338 0.284 0.01,
  0.397 0.258 0.01,
  0.426 0.231 0.01,
  0.444 0.196 0.01,
  0.45 0.156 0.01,
  0.435 0.0899 0.01,
  0.399 0.0436 0.01,
  0.344 0.0188 0.01,
  0.259 0.01 0.01,
  0.116 0.301 0.01,
  0.243 0.301 0.01,
  0.313 0.308 0.01,
  0.359 0.338 0.01,
  0.375 0.391 0.01,
  0.36 0.444 0.01,
  0.319 0.476 0.01,
  0.234 0.484 0.01,
  0.116 0.484 0.01,
  0.116 0.0534 0.01,
  0.26 0.0534 0.01,
  0.31 0.056 0.01,
  0.355 0.072 0.01,
  0.385 0.106 0.01,
  0.397 0.156 0.01,
  0.38 0.214 0.01,
  0.332 0.249 0.01,
  0.251 0.258 0.01,
  0.116 0.258 0.01,
  0.0549 0 0,
  0.26 0 0,
  0.346 0.00897 0,
  0.405 0.0355 0,
  0.444 0.0855 0,
  0.46 0.156 0,
  0.454 0.199 0,
  0.434 0.237 0,
  0.402 0.266 0,
  0.359 0.286 0,
  0.392 0.307 0,
  0.416 0.335 0,
  0.434 0.4 0,
  0.429 0.436 0,
  0.413 0.47 0,
  0.388 0.5 0,
  0.355 0.521 0,
  0.312 0.533 0,
  0.256 0.537 0,
  0.0549 0.537 0,
  0.126 0.0634 0,
  0.126 0.248 0,
  0.25 0.248 0,
  0.329 0.239 0,
  0.371 0.208 0,
  0.387 0.156 0,
  0.376 0.11 0,
  0.349 0.0806 0,
  0.308 0.0659 0,
  0.26 0.0634 0,
  0.126 0.311 0,
  0.126 0.474 0,
  0.233 0.474 0,
  0.315 0.466 0,
  0.352 0.438 0,
  0.364 0.391 0,
  0.351 0.344 0,
  0.31 0.318 0,
  0.242 0.311 0 ]
}

coordIndex	[ 37, 38, 11, -1, 12, 37, 11, -1,
  36, 37, 12, -1, 13, 36, 12, -1,
  35, 36, 13, -1, 14, 35, 13, -1,
  15, 35, 14, -1, 34, 35, 15, -1,
  33, 34, 15, -1, 16, 33, 15, -1,
  32, 33, 16, -1, 31, 32, 16, -1,
  17, 31, 16, -1, 17, 30, 31, -1,
  3, 1, 2, -1, 4, 1, 3, -1,
  5, 1, 4, -1, 28, 1, 5, -1,
  20, 1, 28, -1, 11, 20, 21, -1,
  38, 20, 11, -1, 38, 1, 20, -1,
  29, 1, 38, -1, 17, 29, 30, -1,
  18, 29, 17, -1, 0, 1, 29, -1,
  0, 29, 18, -1, 19, 0, 18, -1,
  27, 28, 5, -1, 26, 27, 5, -1,
  6, 26, 5, -1, 25, 26, 6, -1,
  7, 25, 6, -1, 8, 25, 7, -1,
  24, 25, 8, -1, 9, 24, 8, -1,
  23, 24, 9, -1, 10, 23, 9, -1,
  22, 23, 10, -1, 11, 22, 10, -1,
  11, 21, 22, -1, 39, 0, 19, 40,
  -1, 59, 29, 38, 60, -1, 69, 20,
  28, 70, -1, 40, 19, 18, 41, -1,
  41, 18, 17, 42, -1, 42, 17, 16,
  43, -1, 43, 16, 15, 44, -1, 44,
  15, 14, 45, -1, 45, 14, 13, 46,
  -1, 46, 13, 12, 47, -1, 47, 12,
  11, 48, -1, 48, 11, 10, 49, -1,
  49, 10, 9, 50, -1, 50, 9, 8,
  51, -1, 51, 8, 7, 52, -1, 52,
  7, 6, 53, -1, 53, 6, 5, 54,
  -1, 54, 5, 4, 55, -1, 55, 4,
  3, 56, -1, 56, 3, 2, 57, -1,
  57, 2, 1, 58, -1, 58, 1, 0,
  39, -1, 62, 47, 61, -1, 46, 47,
  62, -1, 63, 46, 62, -1, 45, 46,
  63, -1, 44, 45, 63, -1, 64, 44,
  63, -1, 65, 44, 64, -1, 43, 44,
  65, -1, 66, 43, 65, -1, 67, 43,
  66, -1, 42, 43, 67, -1, 42, 67,
  68, -1, 42, 68, 59, -1, 53, 54,
  71, -1, 72, 53, 71, -1, 73, 53,
  72, -1, 52, 53, 73, -1, 51, 52,
  73, -1, 74, 51, 73, -1, 75, 51,
  74, -1, 50, 51, 75, -1, 76, 50,
  75, -1, 49, 50, 76, -1, 49, 76,
  77, -1, 49, 77, 69, -1, 56, 57,
  58, -1, 55, 56, 58, -1, 54, 55,
  58, -1, 71, 54, 58, -1, 70, 71,
  58, -1, 69, 70, 58, -1, 48, 49,
  69, -1, 47, 48, 69, -1, 61, 47,
  69, -1, 60, 61, 69, -1, 60, 69,
  58, -1, 59, 60, 58, -1, 41, 42,
  59, -1, 40, 41, 59, -1, 39, 59,
  58, -1, 39, 40, 59, -1, 60, 38,
  37, 61, -1, 61, 37, 36, 62, -1,
  62, 36, 35, 63, -1, 63, 35, 34,
  64, -1, 64, 34, 33, 65, -1, 65,
  33, 32, 66, -1, 66, 32, 31, 67,
  -1, 67, 31, 30, 68, -1, 68, 30,
  29, 59, -1, 70, 28, 27, 71, -1,
  71, 27, 26, 72, -1, 72, 26, 25,
  73, -1, 73, 25, 24, 74, -1, 74,
  24, 23, 75, -1, 75, 23, 22, 76,
  -1, 76, 22, 21, 77, -1, 77, 21,
  20, 69, -1 ]
colorPerVertex	FALSE
ccw	FALSE
solid	TRUE
creaseAngle	0.559
normalIndex	[  ]
texCoordIndex	[  ]
}

}

translation	-1.44507 -0.563372 2.29355
rotation	0.444445 0.471735 0.761534  1.76
scale	1 1 1
scaleOrientation	-0.212983 0.967899 0.133455  0.782502
center	0.25745 0.2685 0.005
}
DEF Sphere Transform {
children	Shape {
appearance	Appearance {
material	Material {
ambientIntensity	0.1
diffuseColor	0.957 0.898 0.365
specularColor	0.1 0.1 0.1
emissiveColor	0 0 0
shininess	0
transparency	0
}

}

geometry	DEF _17 IndexedFaceSet {
coord	Coordinate {
point	[ 5.96e-008 5.96e-008 1,
  5.96e-008 5.96e-008 -1,
  0.383 5.96e-008 0.924,
  0.354 0.146 0.924,
  0.271 0.271 0.924,
  0.146 0.354 0.924,
  5.96e-008 0.383 0.924,
  -0.146 0.354 0.924,
  -0.271 0.271 0.924,
  -0.354 0.146 0.924,
  -0.383 5.96e-008 0.924,
  -0.354 -0.146 0.924,
  -0.271 -0.271 0.924,
  -0.146 -0.354 0.924,
  5.96e-008 -0.383 0.924,
  0.146 -0.354 0.924,
  0.271 -0.271 0.924,
  0.354 -0.146 0.924,
  0.707 5.96e-008 0.707,
  0.653 0.271 0.707,
  0.5 0.5 0.707,
  0.271 0.653 0.707,
  5.96e-008 0.707 0.707,
  -0.271 0.653 0.707,
  -0.5 0.5 0.707,
  -2.32 0.271 0.88,
  -1.92 -5.47e-006 0.833,
  -0.653 -0.271 0.707,
  -0.5 -0.5 0.707,
  -0.271 -0.653 0.707,
  5.96e-008 -0.707 0.707,
  0.271 -0.653 0.707,
  0.5 -0.5 0.707,
  0.653 -0.271 0.707,
  0.924 5.96e-008 0.383,
  0.854 0.354 0.383,
  0.653 0.653 0.383,
  0.354 0.854 0.383,
  5.96e-008 0.924 0.383,
  -0.354 0.854 0.383,
  -0.653 0.653 0.383,
  -0.854 0.354 0.383,
  -0.924 5.96e-008 0.383,
  -0.854 -0.354 0.383,
  -0.653 -0.653 0.383,
  -0.354 -0.854 0.383,
  5.96e-008 -0.924 0.383,
  0.354 -0.854 0.383,
  0.653 -0.653 0.383,
  0.854 -0.354 0.383,
  1 5.96e-008 0,
  0.924 0.383 0,
  0.707 0.707 0,
  0.383 0.924 0,
  5.96e-008 1 0,
  -0.383 0.924 0,
  -0.707 0.707 0,
  -1.76 0.383 0.241,
  -1.58 2.63e-006 0.168,
  -0.924 -0.383 0,
  -0.707 -0.707 0,
  -0.383 -0.924 0,
  5.96e-008 -1 0,
  0.383 -0.924 0,
  0.707 -0.707 0,
  0.924 -0.383 0,
  0.924 5.96e-008 -0.383,
  0.854 0.354 -0.383,
  0.653 0.653 -0.383,
  0.354 0.854 -0.383,
  5.96e-008 0.924 -0.383,
  -0.354 0.854 -0.383,
  -0.653 0.653 -0.383,
  -0.854 0.354 -0.383,
  -0.924 5.96e-008 -0.383,
  -0.854 -0.354 -0.383,
  -0.653 -0.653 -0.383,
  -0.354 -0.854 -0.383,
  5.96e-008 -0.924 -0.383,
  0.354 -0.854 -0.383,
  0.653 -0.653 -0.383,
  0.854 -0.354 -0.383,
  0.707 5.96e-008 -0.707,
  0.653 0.271 -0.707,
  0.5 0.5 -0.707,
  0.271 0.653 -0.707,
  5.96e-008 0.707 -0.707,
  -0.271 0.653 -0.707,
  -0.5 0.5 -0.707,
  -0.653 0.271 -0.707,
  -0.707 5.96e-008 -0.707,
  -0.653 -0.271 -0.707,
  -0.5 -0.5 -0.707,
  -0.271 -0.653 -0.707,
  5.96e-008 -0.707 -0.707,
  0.271 -0.653 -0.707,
  0.5 -0.5 -0.707,
  0.653 -0.271 -0.707,
  0.383 5.96e-008 -0.924,
  0.354 0.146 -0.924,
  0.271 0.271 -0.924,
  0.146 0.354 -0.924,
  5.96e-008 0.383 -0.924,
  -0.146 0.354 -0.924,
  -0.271 0.271 -0.924,
  -0.354 0.146 -0.924,
  -0.383 5.96e-008 -0.924,
  -0.354 -0.146 -0.924,
  -0.271 -0.271 -0.924,
  -0.146 -0.354 -0.924,
  5.96e-008 -0.383 -0.924,
  0.146 -0.354 -0.924,
  0.271 -0.271 -0.924,
  0.354 -0.146 -0.924,
  0.18 0.0746 0.981,
  0.159 0.106 0.981,
  0.188 0.0374 0.981,
  0.369 0.0734 0.926,
  0.538 0.107 0.836,
  0.195 6.36e-008 0.981,
  0.188 -0.0374 0.981,
  0.138 0.138 0.981,
  0.106 0.159 0.981,
  0.313 0.209 0.926,
  0.456 0.305 0.836,
  0.0746 0.18 0.981,
  0.0374 0.188 0.981,
  0.209 0.313 0.926,
  0.305 0.456 0.836,
  6.22e-008 0.195 0.981,
  -0.0374 0.188 0.981,
  0.0734 0.369 0.926,
  0.107 0.538 0.836,
  -0.0746 0.18 0.981,
  -0.106 0.159 0.981,
  -0.0734 0.369 0.926,
  -0.107 0.538 0.836,
  -0.138 0.138 0.979,
  -0.158 0.106 0.974,
  -0.209 0.312 0.924,
  -0.303 0.453 0.831,
  -0.178 0.0738 0.969,
  -0.185 0.0368 0.967,
  -0.312 0.209 0.926,
  -0.863 0.355 0.955,
  -0.193 6.24e-008 0.969,
  -0.186 -0.037 0.972,
  -0.369 0.0729 0.93,
  -1.25 0.104 0.89,
  -0.18 -0.0744 0.978,
  -0.159 -0.106 0.981,
  -0.368 -0.0736 0.925,
  -0.836 -0.147 0.909,
  -0.138 -0.138 0.981,
  -0.106 -0.159 0.981,
  -0.312 -0.208 0.924,
  -0.452 -0.302 0.829,
  -0.0746 -0.18 0.981,
  -0.0374 -0.188 0.981,
  -0.209 -0.313 0.926,
  -0.305 -0.456 0.836,
  6.04e-008 -0.195 0.981,
  0.0374 -0.188 0.981,
  -0.0734 -0.369 0.926,
  -0.107 -0.538 0.836,
  0.0746 -0.18 0.981,
  0.106 -0.159 0.981,
  0.0734 -0.369 0.926,
  0.107 -0.538 0.836,
  0.138 -0.138 0.981,
  0.159 -0.106 0.981,
  0.209 -0.313 0.926,
  0.305 -0.456 0.836,
  0.18 -0.0746 0.981,
  0.313 -0.209 0.926,
  0.456 -0.305 0.836,
  0.369 -0.0734 0.926,
  0.538 -0.107 0.836,
  0.513 0.213 0.831,
  0.687 0.137 0.714,
  0.811 0.161 0.562,
  0.556 6.01e-008 0.831,
  0.393 0.393 0.831,
  0.582 0.389 0.714,
  0.687 0.459 0.562,
  0.213 0.513 0.831,
  0.389 0.582 0.714,
  0.459 0.687 0.562,
  6.06e-008 0.556 0.831,
  0.137 0.687 0.714,
  0.161 0.811 0.562,
  -0.213 0.513 0.831,
  -0.137 0.687 0.714,
  -0.161 0.811 0.562,
  -0.39 0.398 0.837,
  -0.385 0.576 0.706,
  -0.452 0.677 0.554,
  -1.34 0.205 0.884,
  -1.41 0.362 0.782,
  -1.08 0.443 0.588,
  -1.15 0.00432 0.868,
  -2.14 0.12 0.86,
  -1.51 0.154 0.602,
  -0.511 -0.22 0.838,
  -1.28 -0.0996 0.758,
  -1.1 -0.182 0.566,
  -0.393 -0.393 0.831,
  -0.574 -0.384 0.704,
  -0.674 -0.45 0.552,
  -0.213 -0.513 0.831,
  -0.389 -0.582 0.714,
  -0.459 -0.687 0.562,
  6.58e-008 -0.556 0.831,
  -0.137 -0.687 0.714,
  -0.161 -0.811 0.562,
  0.213 -0.513 0.831,
  0.137 -0.687 0.714,
  0.161 -0.811 0.562,
  0.393 -0.393 0.831,
  0.389 -0.582 0.714,
  0.459 -0.687 0.562,
  0.513 -0.213 0.831,
  0.582 -0.389 0.714,
  0.687 -0.459 0.562,
  0.687 -0.137 0.714,
  0.811 -0.161 0.562,
  0.768 0.318 0.556,
  0.904 0.18 0.389,
  0.961 0.191 0.198,
  0.831 5.77e-008 0.556,
  0.588 0.588 0.556,
  0.766 0.512 0.389,
  0.814 0.544 0.198,
  0.318 0.768 0.556,
  0.512 0.766 0.389,
  0.544 0.814 0.198,
  6.25e-008 0.831 0.556,
  0.18 0.904 0.389,
  0.191 0.961 0.198,
  -0.318 0.768 0.556,
  -0.18 0.904 0.389,
  -0.191 0.961 0.198,
  -0.583 0.59 0.548,
  -0.504 0.755 0.383,
  -0.537 0.803 0.196,
  -1.59 0.312 0.631,
  -0.755 0.507 0.384,
  -1.01 0.563 0.282,
  -1.42 -2.7e-006 0.608,
  -0.901 0.172 0.383,
  -1.29 0.18 0.327,
  -0.764 -0.324 0.547,
  -0.888 -0.175 0.382,
  -1.08 -0.199 0.248,
  -0.588 -0.588 0.556,
  -0.753 -0.503 0.382,
  -0.803 -0.536 0.196,
  -0.318 -0.768 0.556,
  -0.512 -0.766 0.389,
  -0.544 -0.814 0.198,
  6.21e-008 -0.831 0.556,
  -0.18 -0.904 0.389,
  -0.191 -0.961 0.198,
  0.318 -0.768 0.556,
  0.18 -0.904 0.389,
  0.191 -0.961 0.198,
  0.588 -0.588 0.556,
  0.512 -0.766 0.389,
  0.544 -0.814 0.198,
  0.768 -0.318 0.556,
  0.766 -0.512 0.389,
  0.814 -0.544 0.198,
  0.904 -0.18 0.389,
  0.961 -0.191 0.198,
  0.906 0.375 0.195,
  0.981 0.195 -5.81e-010,
  0.961 0.191 -0.198,
  0.981 6.12e-008 0.195,
  0.693 0.693 0.195,
  0.831 0.556 -1.89e-009,
  0.814 0.544 -0.198,
  0.375 0.906 0.195,
  0.556 0.831 -7.26e-010,
  0.544 0.814 -0.198,
  6.19e-008 0.981 0.195,
  0.195 0.981 -1.16e-009,
  0.191 0.961 -0.198,
  -0.375 0.906 0.195,
  -0.195 0.981 7.26e-010,
  -0.191 0.961 -0.198,
  -0.686 0.692 0.197,
  -0.548 0.821 -5.86e-010,
  -0.539 0.807 -0.197,
  -1.31 0.364 0.301,
  -1.24 0.556 0.121,
  -1.03 0.586 -0.173,
  -1.25 0.00704 0.26,
  -1.73 0.182 0.216,
  -1.29 0.184 -0.0971,
  -0.898 -0.376 0.197,
  -1.26 -0.198 0.0843,
  -1.11 -0.214 -0.179,
  -0.693 -0.693 0.195,
  -0.82 -0.548 -6.97e-010,
  -0.806 -0.538 -0.196,
  -0.375 -0.906 0.195,
  -0.556 -0.831 -4.35e-010,
  -0.544 -0.814 -0.198,
  6.08e-008 -0.981 0.195,
  -0.195 -0.981 1.45e-010,
  -0.191 -0.961 -0.198,
  0.375 -0.906 0.195,
  0.195 -0.981 -4.35e-010,
  0.191 -0.961 -0.198,
  0.693 -0.693 0.195,
  0.556 -0.831 -3.05e-009,
  0.544 -0.814 -0.198,
  0.906 -0.375 0.195,
  0.831 -0.556 -2.9e-009,
  0.814 -0.544 -0.198,
  0.981 -0.195 -2.9e-010,
  0.961 -0.191 -0.198,
  0.906 0.375 -0.195,
  0.904 0.18 -0.389,
  0.811 0.161 -0.562,
  0.981 6.13e-008 -0.195,
  0.693 0.693 -0.195,
  0.766 0.512 -0.389,
  0.687 0.459 -0.562,
  0.375 0.906 -0.195,
  0.512 0.766 -0.389,
  0.459 0.687 -0.562,
  6.12e-008 0.981 -0.195,
  0.18 0.904 -0.389,
  0.161 0.811 -0.562,
  -0.375 0.906 -0.195,
  -0.18 0.904 -0.389,
  -0.161 0.811 -0.562,
  -0.693 0.699 -0.2,
  -0.509 0.762 -0.387,
  -0.459 0.687 -0.562,
  -1.3 0.361 -0.0582,
  -0.763 0.513 -0.391,
  -0.681 0.455 -0.557,
  -1.25 0.00355 -0.0988,
  -0.905 0.179 -0.398,
  -0.796 0.158 -0.552,
  -0.907 -0.382 -0.2,
  -0.899 -0.181 -0.39,
  -0.802 -0.16 -0.557,
  -0.693 -0.693 -0.195,
  -0.762 -0.509 -0.387,
  -0.687 -0.459 -0.562,
  -0.375 -0.906 -0.195,
  -0.512 -0.766 -0.389,
  -0.459 -0.687 -0.562,
  6e-008 -0.981 -0.195,
  -0.18 -0.904 -0.389,
  -0.161 -0.811 -0.562,
  0.375 -0.906 -0.195,
  0.18 -0.904 -0.389,
  0.161 -0.811 -0.562,
  0.693 -0.693 -0.195,
  0.512 -0.766 -0.389,
  0.459 -0.687 -0.562,
  0.906 -0.375 -0.195,
  0.766 -0.512 -0.389,
  0.687 -0.459 -0.562,
  0.904 -0.18 -0.389,
  0.811 -0.161 -0.562,
  0.768 0.318 -0.556,
  0.687 0.137 -0.714,
  0.538 0.107 -0.836,
  0.831 5.87e-008 -0.556,
  0.588 0.588 -0.556,
  0.582 0.389 -0.714,
  0.456 0.305 -0.836,
  0.318 0.768 -0.556,
  0.389 0.582 -0.714,
  0.305 0.456 -0.836,
  6.16e-008 0.831 -0.556,
  0.137 0.687 -0.714,
  0.107 0.538 -0.836,
  -0.318 0.768 -0.556,
  -0.137 0.687 -0.714,
  -0.107 0.538 -0.836,
  -0.585 0.585 -0.553,
  -0.389 0.582 -0.714,
  -0.305 0.456 -0.836,
  -0.757 0.314 -0.547,
  -0.582 0.389 -0.714,
  -0.456 0.305 -0.836,
  -0.819 5.99e-008 -0.547,
  -0.687 0.137 -0.714,
  -0.538 0.107 -0.836,
  -0.764 -0.317 -0.553,
  -0.687 -0.137 -0.714,
  -0.538 -0.107 -0.836,
  -0.588 -0.588 -0.556,
  -0.582 -0.389 -0.714,
  -0.456 -0.305 -0.836,
  -0.318 -0.768 -0.556,
  -0.389 -0.582 -0.714,
  -0.305 -0.456 -0.836,
  5.9e-008 -0.831 -0.556,
  -0.137 -0.687 -0.714,
  -0.107 -0.538 -0.836,
  0.318 -0.768 -0.556,
  0.137 -0.687 -0.714,
  0.107 -0.538 -0.836,
  0.588 -0.588 -0.556,
  0.389 -0.582 -0.714,
  0.305 -0.456 -0.836,
  0.768 -0.318 -0.556,
  0.582 -0.389 -0.714,
  0.456 -0.305 -0.836,
  0.687 -0.137 -0.714,
  0.538 -0.107 -0.836,
  0.513 0.213 -0.831,
  0.369 0.0734 -0.926,
  0.188 0.0374 -0.981,
  0.556 5.87e-008 -0.831,
  0.393 0.393 -0.831,
  0.313 0.209 -0.926,
  0.159 0.106 -0.981,
  0.213 0.513 -0.831,
  0.209 0.313 -0.926,
  0.106 0.159 -0.981,
  5.85e-008 0.556 -0.831,
  0.0734 0.369 -0.926,
  0.0374 0.188 -0.981,
  -0.213 0.513 -0.831,
  -0.0734 0.369 -0.926,
  -0.0374 0.188 -0.981,
  -0.393 0.393 -0.831,
  -0.209 0.313 -0.926,
  -0.106 0.159 -0.981,
  -0.513 0.213 -0.831,
  -0.313 0.209 -0.926,
  -0.159 0.106 -0.981,
  -0.556 5.93e-008 -0.831,
  -0.369 0.0734 -0.926,
  -0.188 0.0374 -0.981,
  -0.513 -0.213 -0.831,
  -0.369 -0.0734 -0.926,
  -0.188 -0.0374 -0.981,
  -0.393 -0.393 -0.831,
  -0.313 -0.209 -0.926,
  -0.159 -0.106 -0.981,
  -0.213 -0.513 -0.831,
  -0.209 -0.313 -0.926,
  -0.106 -0.159 -0.981,
  6.18e-008 -0.556 -0.831,
  -0.0734 -0.369 -0.926,
  -0.0374 -0.188 -0.981,
  0.213 -0.513 -0.831,
  0.0734 -0.369 -0.926,
  0.0374 -0.188 -0.981,
  0.393 -0.393 -0.831,
  0.209 -0.313 -0.926,
  0.106 -0.159 -0.981,
  0.513 -0.213 -0.831,
  0.313 -0.209 -0.926,
  0.159 -0.106 -0.981,
  0.369 -0.0734 -0.926,
  0.188 -0.0374 -0.981,
  0.18 0.0746 -0.981,
  0.195 5.99e-008 -0.981,
  0.138 0.138 -0.981,
  0.0746 0.18 -0.981,
  5.45e-008 0.195 -0.981,
  -0.0746 0.18 -0.981,
  -0.138 0.138 -0.981,
  -0.18 0.0746 -0.981,
  -0.195 6.35e-008 -0.981,
  -0.18 -0.0746 -0.981,
  -0.138 -0.138 -0.981,
  -0.0746 -0.18 -0.981,
  7.29e-008 -0.195 -0.981,
  0.0746 -0.18 -0.981,
  0.138 -0.138 -0.981,
  0.18 -0.0746 -0.981 ]
}

coordIndex	[ 116, 114, 3, 117, -1, 115, 114, 0,
  121, -1, 122, 121, 0, 125, -1, 126,
  125, 0, 129, -1, 130, 129, 0, 133,
  -1, 134, 133, 0, 137, -1, 138, 137,
  0, 141, -1, 142, 141, 0, 145, -1,
  146, 145, 0, 149, -1, 150, 149, 0,
  153, -1, 154, 153, 0, 157, -1, 158,
  157, 0, 161, -1, 162, 161, 0, 165,
  -1, 166, 165, 0, 169, -1, 170, 169,
  0, 173, -1, 120, 119, 2, 176, -1,
  118, 117, 3, 178, -1, 124, 123, 4,
  182, -1, 128, 127, 5, 185, -1, 132,
  131, 6, 188, -1, 136, 135, 7, 191,
  -1, 140, 139, 8, 194, -1, 197, 144,
  143, -1, 9, 197, 143, -1, 148, 147,
  10, 200, -1, 203, 151, 11, -1, 152,
  151, 203, -1, 156, 155, 12, 206, -1,
  160, 159, 13, 209, -1, 164, 163, 14,
  212, -1, 168, 167, 15, 215, -1, 172,
  171, 16, 218, -1, 175, 174, 17, 221,
  -1, 177, 176, 2, 181, -1, 180, 179,
  19, 226, -1, 184, 183, 20, 230, -1,
  187, 186, 21, 233, -1, 190, 189, 22,
  236, -1, 193, 192, 23, 239, -1, 196,
  195, 24, 242, -1, 245, 199, 198, -1,
  25, 245, 198, -1, 202, 201, 26, 248,
  -1, 205, 204, 27, 251, -1, 208, 207,
  28, 254, -1, 211, 210, 29, 257, -1,
  214, 213, 30, 260, -1, 217, 216, 31,
  263, -1, 220, 219, 32, 266, -1, 223,
  222, 33, 269, -1, 225, 224, 18, 229,
  -1, 228, 227, 35, 274, -1, 232, 231,
  36, 278, -1, 235, 234, 37, 281, -1,
  238, 237, 38, 284, -1, 241, 240, 39,
  287, -1, 244, 243, 40, 290, -1, 247,
  246, 41, 293, -1, 296, 250, 249, -1,
  42, 296, 249, -1, 299, 252, 43, -1,
  253, 252, 299, -1, 256, 255, 44, 302,
  -1, 259, 258, 45, 305, -1, 262, 261,
  46, 308, -1, 265, 264, 47, 311, -1,
  268, 267, 48, 314, -1, 271, 270, 49,
  317, -1, 273, 272, 34, 277, -1, 276,
  275, 51, 322, -1, 280, 279, 52, 326,
  -1, 283, 282, 53, 329, -1, 286, 285,
  54, 332, -1, 289, 288, 55, 335, -1,
  292, 291, 56, 338, -1, 57, 295, 294,
  -1, 341, 295, 57, -1, 298, 297, 58,
  344, -1, 301, 300, 59, 347, -1, 304,
  303, 60, 350, -1, 307, 306, 61, 353,
  -1, 310, 309, 62, 356, -1, 313, 312,
  63, 359, -1, 316, 315, 64, 362, -1,
  319, 318, 65, 365, -1, 321, 320, 50,
  325, -1, 324, 323, 67, 370, -1, 328,
  327, 68, 374, -1, 331, 330, 69, 377,
  -1, 334, 333, 70, 380, -1, 337, 336,
  71, 383, -1, 340, 339, 72, 386, -1,
  343, 342, 73, 389, -1, 346, 345, 74,
  392, -1, 349, 348, 75, 395, -1, 352,
  351, 76, 398, -1, 355, 354, 77, 401,
  -1, 358, 357, 78, 404, -1, 361, 360,
  79, 407, -1, 364, 363, 80, 410, -1,
  367, 366, 81, 413, -1, 369, 368, 66,
  373, -1, 372, 371, 83, 418, -1, 376,
  375, 84, 422, -1, 379, 378, 85, 425,
  -1, 382, 381, 86, 428, -1, 385, 384,
  87, 431, -1, 388, 387, 88, 434, -1,
  391, 390, 89, 437, -1, 394, 393, 90,
  440, -1, 397, 396, 91, 443, -1, 400,
  399, 92, 446, -1, 403, 402, 93, 449,
  -1, 406, 405, 94, 452, -1, 409, 408,
  95, 455, -1, 412, 411, 96, 458, -1,
  415, 414, 97, 461, -1, 417, 416, 82,
  421, -1, 420, 419, 99, 466, -1, 424,
  423, 100, 468, -1, 427, 426, 101, 469,
  -1, 430, 429, 102, 470, -1, 433, 432,
  103, 471, -1, 436, 435, 104, 472, -1,
  439, 438, 105, 473, -1, 442, 441, 106,
  474, -1, 445, 444, 107, 475, -1, 448,
  447, 108, 476, -1, 451, 450, 109, 477,
  -1, 454, 453, 110, 478, -1, 457, 456,
  111, 479, -1, 460, 459, 112, 480, -1,
  463, 462, 113, 481, -1, 465, 464, 98,
  467, -1, 116, 117, 2, 119, -1, 119,
  0, 114, 116, -1, 115, 121, 4, 123,
  -1, 123, 3, 114, 115, -1, 122, 125,
  5, 127, -1, 127, 4, 121, 122, -1,
  126, 129, 6, 131, -1, 131, 5, 125,
  126, -1, 130, 133, 7, 135, -1, 135,
  6, 129, 130, -1, 134, 137, 8, 139,
  -1, 139, 7, 133, 134, -1, 138, 141,
  9, 143, -1, 143, 8, 137, 138, -1,
  142, 145, 10, 147, -1, 147, 9, 141,
  142, -1, 146, 149, 11, 151, -1, 151,
  10, 145, 146, -1, 150, 153, 12, 155,
  -1, 155, 11, 149, 150, -1, 154, 157,
  13, 159, -1, 159, 12, 153, 154, -1,
  158, 161, 14, 163, -1, 163, 13, 157,
  158, -1, 162, 165, 15, 167, -1, 167,
  14, 161, 162, -1, 166, 169, 16, 171,
  -1, 171, 15, 165, 166, -1, 173, 0,
  119, 120, -1, 170, 173, 17, 174, -1,
  174, 16, 169, 170, -1, 176, 17, 173,
  120, -1, 178, 3, 123, 124, -1, 118,
  178, 19, 179, -1, 118, 179, 18, 181,
  -1, 177, 181, 18, 224, -1, 181, 2,
  117, 118, -1, 182, 4, 127, 128, -1,
  124, 182, 20, 183, -1, 183, 19, 178,
  124, -1, 185, 5, 131, 132, -1, 128,
  185, 21, 186, -1, 186, 20, 182, 128,
  -1, 188, 6, 135, 136, -1, 132, 188,
  22, 189, -1, 189, 21, 185, 132, -1,
  191, 7, 139, 140, -1, 136, 191, 23,
  192, -1, 192, 22, 188, 136, -1, 194,
  8, 143, 144, -1, 140, 194, 24, 195,
  -1, 195, 23, 191, 140, -1, 197, 9,
  147, 148, -1, 198, 144, 197, -1, 25,
  198, 197, -1, 198, 24, 194, 144, -1,
  200, 10, 151, 152, -1, 148, 200, 26,
  201, -1, 201, 25, 197, 148, -1, 203,
  11, 155, 156, -1, 152, 203, 27, -1,
  204, 152, 27, -1, 204, 26, 200, 152,
  -1, 206, 12, 159, 160, -1, 156, 206,
  28, 207, -1, 207, 27, 203, 156, -1,
  209, 13, 163, 164, -1, 160, 209, 29,
  210, -1, 210, 28, 206, 160, -1, 212,
  14, 167, 168, -1, 164, 212, 30, 213,
  -1, 213, 29, 209, 164, -1, 215, 15,
  171, 172, -1, 168, 215, 31, 216, -1,
  216, 30, 212, 168, -1, 218, 16, 174,
  175, -1, 172, 218, 32, 219, -1, 219,
  31, 215, 172, -1, 221, 17, 176, 177,
  -1, 175, 221, 33, 222, -1, 222, 32,
  218, 175, -1, 224, 33, 221, 177, -1,
  226, 19, 183, 184, -1, 180, 226, 35,
  227, -1, 180, 227, 34, 229, -1, 225,
  229, 34, 272, -1, 229, 18, 179, 180,
  -1, 230, 20, 186, 187, -1, 184, 230,
  36, 231, -1, 231, 35, 226, 184, -1,
  233, 21, 189, 190, -1, 187, 233, 37,
  234, -1, 234, 36, 230, 187, -1, 236,
  22, 192, 193, -1, 190, 236, 38, 237,
  -1, 237, 37, 233, 190, -1, 239, 23,
  195, 196, -1, 193, 239, 39, 240, -1,
  240, 38, 236, 193, -1, 199, 242, 24,
  -1, 198, 199, 24, -1, 196, 242, 40,
  243, -1, 243, 39, 239, 196, -1, 245,
  25, 201, 202, -1, 199, 245, 41, 246,
  -1, 246, 40, 242, 199, -1, 248, 26,
  204, 205, -1, 42, 249, 202, -1, 248,
  42, 202, -1, 249, 41, 245, 202, -1,
  251, 27, 207, 208, -1, 205, 43, 252,
  -1, 205, 251, 43, -1, 252, 42, 248,
  -1, 205, 252, 248, -1, 254, 28, 210,
  211, -1, 208, 254, 44, 255, -1, 255,
  43, 251, 208, -1, 257, 29, 213, 214,
  -1, 211, 257, 45, 258, -1, 258, 44,
  254, 211, -1, 260, 30, 216, 217, -1,
  214, 260, 46, 261, -1, 261, 45, 257,
  214, -1, 263, 31, 219, 220, -1, 217,
  263, 47, 264, -1, 264, 46, 260, 217,
  -1, 266, 32, 222, 223, -1, 220, 266,
  48, 267, -1, 267, 47, 263, 220, -1,
  269, 33, 224, 225, -1, 223, 269, 49,
  270, -1, 270, 48, 266, 223, -1, 272,
  49, 269, 225, -1, 274, 35, 231, 232,
  -1, 228, 274, 51, 275, -1, 228, 275,
  50, 277, -1, 273, 277, 50, 320, -1,
  277, 34, 227, 228, -1, 278, 36, 234,
  235, -1, 232, 278, 52, 279, -1, 279,
  51, 274, 232, -1, 281, 37, 237, 238,
  -1, 235, 281, 53, 282, -1, 282, 52,
  278, 235, -1, 284, 38, 240, 241, -1,
  238, 284, 54, 285, -1, 285, 53, 281,
  238, -1, 287, 39, 243, 244, -1, 241,
  287, 55, 288, -1, 288, 54, 284, 241,
  -1, 290, 40, 246, 247, -1, 244, 290,
  56, 291, -1, 291, 55, 287, 244, -1,
  293, 41, 249, 250, -1, 293, 294, 247,
  -1, 57, 294, 293, -1, 294, 56, 290,
  247, -1, 252, 296, 42, -1, 253, 296,
  252, -1, 250, 296, 58, 297, -1, 297,
  57, 293, 250, -1, 299, 43, 255, 256,
  -1, 253, 299, 59, 300, -1, 300, 58,
  296, 253, -1, 302, 44, 258, 259, -1,
  256, 302, 60, 303, -1, 303, 59, 299,
  256, -1, 305, 45, 261, 262, -1, 259,
  305, 61, 306, -1, 306, 60, 302, 259,
  -1, 308, 46, 264, 265, -1, 262, 308,
  62, 309, -1, 309, 61, 305, 262, -1,
  311, 47, 267, 268, -1, 265, 311, 63,
  312, -1, 312, 62, 308, 265, -1, 314,
  48, 270, 271, -1, 268, 314, 64, 315,
  -1, 315, 63, 311, 268, -1, 317, 49,
  272, 273, -1, 271, 317, 65, 318, -1,
  318, 64, 314, 271, -1, 320, 65, 317,
  273, -1, 322, 51, 279, 280, -1, 276,
  322, 67, 323, -1, 276, 323, 66, 325,
  -1, 321, 325, 66, 368, -1, 325, 50,
  275, 276, -1, 326, 52, 282, 283, -1,
  280, 326, 68, 327, -1, 327, 67, 322,
  280, -1, 329, 53, 285, 286, -1, 283,
  329, 69, 330, -1, 330, 68, 326, 283,
  -1, 332, 54, 288, 289, -1, 286, 332,
  70, 333, -1, 333, 69, 329, 286, -1,
  335, 55, 291, 292, -1, 289, 335, 71,
  336, -1, 336, 70, 332, 289, -1, 338,
  56, 294, 295, -1, 292, 338, 72, 339,
  -1, 339, 71, 335, 292, -1, 341, 57,
  297, 298, -1, 295, 341, 73, 342, -1,
  342, 72, 338, 295, -1, 344, 58, 300,
  301, -1, 298, 344, 74, 345, -1, 345,
  73, 341, 298, -1, 347, 59, 303, 304,
  -1, 75, 348, 301, -1, 347, 75, 301,
  -1, 348, 74, 344, 301, -1, 350, 60,
  306, 307, -1, 304, 350, 76, 351, -1,
  351, 75, 347, 304, -1, 353, 61, 309,
  310, -1, 307, 353, 77, 354, -1, 354,
  76, 350, 307, -1, 356, 62, 312, 313,
  -1, 310, 356, 78, 357, -1, 357, 77,
  353, 310, -1, 359, 63, 315, 316, -1,
  313, 359, 79, 360, -1, 360, 78, 356,
  313, -1, 362, 64, 318, 319, -1, 316,
  362, 80, 363, -1, 363, 79, 359, 316,
  -1, 365, 65, 320, 321, -1, 319, 365,
  81, 366, -1, 366, 80, 362, 319, -1,
  368, 81, 365, 321, -1, 370, 67, 327,
  328, -1, 324, 370, 83, 371, -1, 324,
  371, 82, 373, -1, 369, 373, 82, 416,
  -1, 373, 66, 323, 324, -1, 374, 68,
  330, 331, -1, 328, 374, 84, 375, -1,
  375, 83, 370, 328, -1, 377, 69, 333,
  334, -1, 331, 377, 85, 378, -1, 378,
  84, 374, 331, -1, 380, 70, 336, 337,
  -1, 334, 380, 86, 381, -1, 381, 85,
  377, 334, -1, 383, 71, 339, 340, -1,
  337, 383, 87, 384, -1, 384, 86, 380,
  337, -1, 386, 72, 342, 343, -1, 340,
  386, 88, 387, -1, 387, 87, 383, 340,
  -1, 389, 73, 345, 346, -1, 343, 389,
  89, 390, -1, 390, 88, 386, 343, -1,
  392, 74, 348, 349, -1, 346, 392, 90,
  393, -1, 393, 89, 389, 346, -1, 395,
  75, 351, 352, -1, 349, 395, 91, 396,
  -1, 396, 90, 392, 349, -1, 398, 76,
  354, 355, -1, 352, 398, 92, 399, -1,
  399, 91, 395, 352, -1, 401, 77, 357,
  358, -1, 355, 401, 93, 402, -1, 402,
  92, 398, 355, -1, 404, 78, 360, 361,
  -1, 358, 404, 94, 405, -1, 405, 93,
  401, 358, -1, 407, 79, 363, 364, -1,
  361, 407, 95, 408, -1, 408, 94, 404,
  361, -1, 410, 80, 366, 367, -1, 364,
  410, 96, 411, -1, 411, 95, 407, 364,
  -1, 413, 81, 368, 369, -1, 367, 413,
  97, 414, -1, 414, 96, 410, 367, -1,
  416, 97, 413, 369, -1, 418, 83, 375,
  376, -1, 372, 418, 99, 419, -1, 372,
  419, 98, 421, -1, 417, 421, 98, 464,
  -1, 421, 82, 371, 372, -1, 422, 84,
  378, 379, -1, 376, 422, 100, 423, -1,
  423, 99, 418, 376, -1, 425, 85, 381,
  382, -1, 379, 425, 101, 426, -1, 426,
  100, 422, 379, -1, 428, 86, 384, 385,
  -1, 382, 428, 102, 429, -1, 429, 101,
  425, 382, -1, 431, 87, 387, 388, -1,
  385, 431, 103, 432, -1, 432, 102, 428,
  385, -1, 434, 88, 390, 391, -1, 388,
  434, 104, 435, -1, 435, 103, 431, 388,
  -1, 437, 89, 393, 394, -1, 391, 437,
  105, 438, -1, 438, 104, 434, 391, -1,
  440, 90, 396, 397, -1, 394, 440, 106,
  441, -1, 441, 105, 437, 394, -1, 443,
  91, 399, 400, -1, 397, 443, 107, 444,
  -1, 444, 106, 440, 397, -1, 446, 92,
  402, 403, -1, 400, 446, 108, 447, -1,
  447, 107, 443, 400, -1, 449, 93, 405,
  406, -1, 403, 449, 109, 450, -1, 450,
  108, 446, 403, -1, 452, 94, 408, 409,
  -1, 406, 452, 110, 453, -1, 453, 109,
  449, 406, -1, 455, 95, 411, 412, -1,
  409, 455, 111, 456, -1, 456, 110, 452,
  409, -1, 458, 96, 414, 415, -1, 412,
  458, 112, 459, -1, 459, 111, 455, 412,
  -1, 461, 97, 416, 417, -1, 415, 461,
  113, 462, -1, 462, 112, 458, 415, -1,
  464, 113, 461, 417, -1, 466, 99, 423,
  424, -1, 420, 466, 1, 467, -1, 465,
  467, 1, 481, -1, 467, 98, 419, 420,
  -1, 468, 100, 426, 427, -1, 468, 1,
  466, 424, -1, 469, 101, 429, 430, -1,
  469, 1, 468, 427, -1, 470, 102, 432,
  433, -1, 470, 1, 469, 430, -1, 471,
  103, 435, 436, -1, 471, 1, 470, 433,
  -1, 472, 104, 438, 439, -1, 472, 1,
  471, 436, -1, 473, 105, 441, 442, -1,
  473, 1, 472, 439, -1, 474, 106, 444,
  445, -1, 474, 1, 473, 442, -1, 475,
  107, 447, 448, -1, 475, 1, 474, 445,
  -1, 476, 108, 450, 451, -1, 476, 1,
  475, 448, -1, 477, 109, 453, 454, -1,
  477, 1, 476, 451, -1, 478, 110, 456,
  457, -1, 478, 1, 477, 454, -1, 479,
  111, 459, 460, -1, 479, 1, 478, 457,
  -1, 480, 112, 462, 463, -1, 480, 1,
  479, 460, -1, 481, 113, 464, 465, -1,
  481, 1, 480, 463, -1 ]
colorPerVertex	FALSE
ccw	FALSE
solid	TRUE
creaseAngle	0.559
normalIndex	[  ]
texCoordIndex	[  ]
}

}

translation	-1.94314 -0.814939 2.14826
rotation	-0.948332 0.309919 -0.0679475  0.412
scale	0.616 0.107 0.316
scaleOrientation	0 0 1  0
center	-0.66 -2.98023e-007 2.38419e-007
}
DEF NoName Transform {
children	Shape {
appearance	Appearance {
material	Material {
ambientIntensity	0.1
diffuseColor	0.957 1 0.969
specularColor	0.1 0.1 0.1
emissiveColor	0 0 0
shininess	0
transparency	0
}

}

geometry	DEF _18 IndexedFaceSet {
coord	Coordinate {
point	[ 0.0649 0.01 0.01,
  0.0649 0.527 0.01,
  0.256 0.527 0.01,
  0.31 0.523 0.01,
  0.351 0.511 0.01,
  0.382 0.492 0.01,
  0.405 0.465 0.01,
  0.419 0.433 0.01,
  0.424 0.4 0.01,
  0.407 0.34 0.01,
  0.386 0.315 0.01,
  0.338 0.284 0.01,
  0.397 0.258 0.01,
  0.426 0.231 0.01,
  0.444 0.196 0.01,
  0.45 0.156 0.01,
  0.435 0.0899 0.01,
  0.399 0.0436 0.01,
  0.344 0.0188 0.01,
  0.259 0.01 0.01,
  0.116 0.301 0.01,
  0.243 0.301 0.01,
  0.313 0.308 0.01,
  0.359 0.338 0.01,
  0.375 0.391 0.01,
  0.36 0.444 0.01,
  0.319 0.476 0.01,
  0.234 0.484 0.01,
  0.116 0.484 0.01,
  0.116 0.0534 0.01,
  0.26 0.0534 0.01,
  0.31 0.056 0.01,
  0.355 0.072 0.01,
  0.385 0.106 0.01,
  0.397 0.156 0.01,
  0.38 0.214 0.01,
  0.332 0.249 0.01,
  0.251 0.258 0.01,
  0.116 0.258 0.01,
  0.0549 0 0,
  0.26 0 0,
  0.346 0.00897 0,
  0.405 0.0355 0,
  0.444 0.0855 0,
  0.46 0.156 0,
  0.454 0.199 0,
  0.434 0.237 0,
  0.402 0.266 0,
  0.359 0.286 0,
  0.392 0.307 0,
  0.416 0.335 0,
  0.434 0.4 0,
  0.429 0.436 0,
  0.413 0.47 0,
  0.388 0.5 0,
  0.355 0.521 0,
  0.312 0.533 0,
  0.256 0.537 0,
  0.0549 0.537 0,
  0.126 0.0634 0,
  0.126 0.248 0,
  0.25 0.248 0,
  0.329 0.239 0,
  0.371 0.208 0,
  0.387 0.156 0,
  0.376 0.11 0,
  0.349 0.0806 0,
  0.308 0.0659 0,
  0.26 0.0634 0,
  0.126 0.311 0,
  0.126 0.474 0,
  0.233 0.474 0,
  0.315 0.466 0,
  0.352 0.438 0,
  0.364 0.391 0,
  0.351 0.344 0,
  0.31 0.318 0,
  0.242 0.311 0 ]
}

coordIndex	[ 37, 38, 11, -1, 12, 37, 11, -1,
  36, 37, 12, -1, 13, 36, 12, -1,
  35, 36, 13, -1, 14, 35, 13, -1,
  15, 35, 14, -1, 34, 35, 15, -1,
  33, 34, 15, -1, 16, 33, 15, -1,
  32, 33, 16, -1, 31, 32, 16, -1,
  17, 31, 16, -1, 17, 30, 31, -1,
  3, 1, 2, -1, 4, 1, 3, -1,
  5, 1, 4, -1, 28, 1, 5, -1,
  20, 1, 28, -1, 11, 20, 21, -1,
  38, 20, 11, -1, 38, 1, 20, -1,
  29, 1, 38, -1, 17, 29, 30, -1,
  18, 29, 17, -1, 0, 1, 29, -1,
  0, 29, 18, -1, 19, 0, 18, -1,
  27, 28, 5, -1, 26, 27, 5, -1,
  6, 26, 5, -1, 25, 26, 6, -1,
  7, 25, 6, -1, 8, 25, 7, -1,
  24, 25, 8, -1, 9, 24, 8, -1,
  23, 24, 9, -1, 10, 23, 9, -1,
  22, 23, 10, -1, 11, 22, 10, -1,
  11, 21, 22, -1, 39, 0, 19, 40,
  -1, 59, 29, 38, 60, -1, 69, 20,
  28, 70, -1, 40, 19, 18, 41, -1,
  41, 18, 17, 42, -1, 42, 17, 16,
  43, -1, 43, 16, 15, 44, -1, 44,
  15, 14, 45, -1, 45, 14, 13, 46,
  -1, 46, 13, 12, 47, -1, 47, 12,
  11, 48, -1, 48, 11, 10, 49, -1,
  49, 10, 9, 50, -1, 50, 9, 8,
  51, -1, 51, 8, 7, 52, -1, 52,
  7, 6, 53, -1, 53, 6, 5, 54,
  -1, 54, 5, 4, 55, -1, 55, 4,
  3, 56, -1, 56, 3, 2, 57, -1,
  57, 2, 1, 58, -1, 58, 1, 0,
  39, -1, 62, 47, 61, -1, 46, 47,
  62, -1, 63, 46, 62, -1, 45, 46,
  63, -1, 44, 45, 63, -1, 64, 44,
  63, -1, 65, 44, 64, -1, 43, 44,
  65, -1, 66, 43, 65, -1, 67, 43,
  66, -1, 42, 43, 67, -1, 42, 67,
  68, -1, 42, 68, 59, -1, 53, 54,
  71, -1, 72, 53, 71, -1, 73, 53,
  72, -1, 52, 53, 73, -1, 51, 52,
  73, -1, 74, 51, 73, -1, 75, 51,
  74, -1, 50, 51, 75, -1, 76, 50,
  75, -1, 49, 50, 76, -1, 49, 76,
  77, -1, 49, 77, 69, -1, 56, 57,
  58, -1, 55, 56, 58, -1, 54, 55,
  58, -1, 71, 54, 58, -1, 70, 71,
  58, -1, 69, 70, 58, -1, 48, 49,
  69, -1, 47, 48, 69, -1, 61, 47,
  69, -1, 60, 61, 69, -1, 60, 69,
  58, -1, 59, 60, 58, -1, 41, 42,
  59, -1, 40, 41, 59, -1, 39, 59,
  58, -1, 39, 40, 59, -1, 60, 38,
  37, 61, -1, 61, 37, 36, 62, -1,
  62, 36, 35, 63, -1, 63, 35, 34,
  64, -1, 64, 34, 33, 65, -1, 65,
  33, 32, 66, -1, 66, 32, 31, 67,
  -1, 67, 31, 30, 68, -1, 68, 30,
  29, 59, -1, 70, 28, 27, 71, -1,
  71, 27, 26, 72, -1, 72, 26, 25,
  73, -1, 73, 25, 24, 74, -1, 74,
  24, 23, 75, -1, 75, 23, 22, 76,
  -1, 76, 22, 21, 77, -1, 77, 21,
  20, 69, -1 ]
colorPerVertex	FALSE
ccw	FALSE
solid	TRUE
creaseAngle	0.559
normalIndex	[  ]
texCoordIndex	[  ]
}

}

translation	-1.41507 0.0145981 2.28355
rotation	0.444445 0.471735 0.761534  1.76
scale	1 1 1
scaleOrientation	-0.212983 0.967899 0.133455  0.782502
center	0.25745 0.2685 0.00499999
}
DEF Sphere Transform {
children	Shape {
appearance	Appearance {
material	Material {
ambientIntensity	0.1
diffuseColor	0.388 0.408 0.859
specularColor	0.1 0.1 0.1
emissiveColor	0 0 0
shininess	0
transparency	0
}

}

geometry	DEF _19 IndexedFaceSet {
coord	Coordinate {
point	[ 0 0 1,
  0.383 0 0.924,
  0.354 0.146 0.924,
  0.271 0.271 0.924,
  0.146 0.354 0.924,
  -3.96e-014 0.383 0.924,
  -0.146 0.354 0.924,
  -0.271 0.271 0.924,
  -0.354 0.146 0.924,
  -0.383 -7.91e-014 0.924,
  -0.354 -0.146 0.924,
  -0.271 -0.271 0.924,
  -0.146 -0.354 0.924,
  1.19e-013 -0.383 0.924,
  0.146 -0.354 0.924,
  0.271 -0.271 0.924,
  0.354 -0.146 0.924,
  0.707 0 0.707,
  0.653 0.271 0.707,
  0.5 0.5 0.707,
  0.271 0.653 0.707,
  -7.31e-014 0.707 0.707,
  -0.271 0.653 0.707,
  -0.5 0.5 0.707,
  -0.653 0.271 0.707,
  -0.707 -1.46e-013 0.707,
  -0.653 -0.271 0.707,
  -0.5 -0.5 0.707,
  -0.271 -0.653 0.707,
  2.2e-013 -0.707 0.707,
  0.271 -0.653 0.707,
  0.5 -0.5 0.707,
  0.653 -0.271 0.707,
  0.924 0 0.383,
  0.854 0.354 0.383,
  0.653 0.653 0.383,
  0.354 0.854 0.383,
  -9.55e-014 0.924 0.383,
  -0.354 0.854 0.383,
  -0.653 0.653 0.383,
  -0.854 0.354 0.383,
  -0.924 -1.91e-013 0.383,
  -0.854 -0.354 0.383,
  -0.653 -0.653 0.383,
  -0.354 -0.854 0.383,
  2.87e-013 -0.924 0.383,
  0.354 -0.854 0.383,
  0.653 -0.653 0.383,
  0.854 -0.354 0.383,
  0.896 -0.371 0.15,
  0.686 -0.686 0.15,
  0.371 -0.896 0.15,
  3.01e-013 -0.97 0.15,
  -0.371 -0.896 0.15,
  -0.686 -0.686 0.15,
  -0.896 -0.371 0.15,
  -0.97 -2.01e-013 0.15,
  -0.896 0.371 0.15,
  -0.686 0.686 0.15,
  -0.371 0.896 0.15,
  -1e-013 0.97 0.15,
  0.371 0.896 0.15,
  0.686 0.686 0.15,
  0.97 0 0.15,
  0.896 0.371 0.15,
  0.896 -0.371 0.15,
  0.686 -0.686 0.15,
  0.371 -0.896 0.15,
  3.01e-013 -0.97 0.15,
  -0.371 -0.896 0.15,
  -0.686 -0.686 0.15,
  -0.896 -0.371 0.15,
  -0.97 -2.01e-013 0.15,
  -0.896 0.371 0.15,
  -0.686 0.686 0.15,
  -0.371 0.896 0.15,
  -1e-013 0.97 0.15,
  0.371 0.896 0.15,
  0.686 0.686 0.15,
  0.97 0 0.15,
  0.896 0.371 0.15,
  0.369 0.0734 0.926,
  0.538 0.107 0.836,
  0.188 0.0374 0.981,
  0.195 -1.78e-010 0.981,
  0.188 -0.0374 0.981,
  0.18 0.0746 0.981,
  0.159 0.106 0.981,
  0.313 0.209 0.926,
  0.456 0.305 0.836,
  0.138 0.138 0.981,
  0.106 0.159 0.981,
  0.209 0.313 0.926,
  0.305 0.456 0.836,
  0.0746 0.18 0.981,
  0.0374 0.188 0.981,
  0.0734 0.369 0.926,
  0.107 0.538 0.836,
  6.83e-009 0.195 0.981,
  -0.0374 0.188 0.981,
  -0.0734 0.369 0.926,
  -0.107 0.538 0.836,
  -0.0746 0.18 0.981,
  -0.106 0.159 0.981,
  -0.209 0.313 0.926,
  -0.305 0.456 0.836,
  -0.138 0.138 0.981,
  -0.159 0.106 0.981,
  -0.313 0.209 0.926,
  -0.456 0.305 0.836,
  -0.18 0.0746 0.981,
  -0.188 0.0374 0.981,
  -0.369 0.0734 0.926,
  -0.538 0.107 0.836,
  -0.195 1.78e-010 0.981,
  -0.188 -0.0374 0.981,
  -0.369 -0.0734 0.926,
  -0.538 -0.107 0.836,
  -0.18 -0.0746 0.981,
  -0.159 -0.106 0.981,
  -0.313 -0.209 0.926,
  -0.456 -0.305 0.836,
  -0.138 -0.138 0.981,
  -0.106 -0.159 0.981,
  -0.209 -0.313 0.926,
  -0.305 -0.456 0.836,
  -0.0746 -0.18 0.981,
  -0.0374 -0.188 0.981,
  -0.0734 -0.369 0.926,
  -0.107 -0.538 0.836,
  -6.83e-009 -0.195 0.981,
  0.0374 -0.188 0.981,
  0.0734 -0.369 0.926,
  0.107 -0.538 0.836,
  0.0746 -0.18 0.981,
  0.106 -0.159 0.981,
  0.209 -0.313 0.926,
  0.305 -0.456 0.836,
  0.138 -0.138 0.981,
  0.159 -0.106 0.981,
  0.313 -0.209 0.926,
  0.456 -0.305 0.836,
  0.18 -0.0746 0.981,
  0.369 -0.0734 0.926,
  0.538 -0.107 0.836,
  0.513 0.213 0.831,
  0.687 0.137 0.714,
  0.811 0.161 0.562,
  0.556 -7.16e-011 0.831,
  0.393 0.393 0.831,
  0.582 0.389 0.714,
  0.687 0.459 0.562,
  0.213 0.513 0.831,
  0.389 0.582 0.714,
  0.459 0.687 0.562,
  3.08e-009 0.556 0.831,
  0.137 0.687 0.714,
  0.161 0.811 0.562,
  -0.213 0.513 0.831,
  -0.137 0.687 0.714,
  -0.161 0.811 0.562,
  -0.393 0.393 0.831,
  -0.389 0.582 0.714,
  -0.459 0.687 0.562,
  -0.513 0.213 0.831,
  -0.582 0.389 0.714,
  -0.687 0.459 0.562,
  -0.556 7.15e-011 0.831,
  -0.687 0.137 0.714,
  -0.811 0.161 0.562,
  -0.513 -0.213 0.831,
  -0.687 -0.137 0.714,
  -0.811 -0.161 0.562,
  -0.393 -0.393 0.831,
  -0.582 -0.389 0.714,
  -0.687 -0.459 0.562,
  -0.213 -0.513 0.831,
  -0.389 -0.582 0.714,
  -0.459 -0.687 0.562,
  -3.08e-009 -0.556 0.831,
  -0.137 -0.687 0.714,
  -0.161 -0.811 0.562,
  0.213 -0.513 0.831,
  0.137 -0.687 0.714,
  0.161 -0.811 0.562,
  0.393 -0.393 0.831,
  0.389 -0.582 0.714,
  0.459 -0.687 0.562,
  0.513 -0.213 0.831,
  0.582 -0.389 0.714,
  0.687 -0.459 0.562,
  0.687 -0.137 0.714,
  0.811 -0.161 0.562,
  0.768 0.318 0.556,
  0.904 0.18 0.389,
  0.934 0.186 0.271,
  0.831 4.33e-010 0.556,
  0.588 0.588 0.556,
  0.766 0.512 0.389,
  0.791 0.529 0.271,
  0.318 0.768 0.556,
  0.512 0.766 0.389,
  0.529 0.791 0.271,
  -2.89e-010 0.831 0.556,
  0.18 0.904 0.389,
  0.186 0.934 0.271,
  -0.318 0.768 0.556,
  -0.18 0.904 0.389,
  -0.186 0.934 0.271,
  -0.588 0.588 0.556,
  -0.512 0.766 0.389,
  -0.529 0.791 0.271,
  -0.768 0.318 0.556,
  -0.766 0.512 0.389,
  -0.791 0.529 0.271,
  -0.831 -4.34e-010 0.556,
  -0.904 0.18 0.389,
  -0.934 0.186 0.271,
  -0.768 -0.318 0.556,
  -0.904 -0.18 0.389,
  -0.934 -0.186 0.271,
  -0.588 -0.588 0.556,
  -0.766 -0.512 0.389,
  -0.791 -0.529 0.271,
  -0.318 -0.768 0.556,
  -0.512 -0.766 0.389,
  -0.529 -0.791 0.271,
  2.89e-010 -0.831 0.556,
  -0.18 -0.904 0.389,
  -0.186 -0.934 0.271,
  0.318 -0.768 0.556,
  0.18 -0.904 0.389,
  0.186 -0.934 0.271,
  0.588 -0.588 0.556,
  0.512 -0.766 0.389,
  0.529 -0.791 0.271,
  0.768 -0.318 0.556,
  0.766 -0.512 0.389,
  0.791 -0.529 0.271,
  0.904 -0.18 0.389,
  0.934 -0.186 0.271,
  -0.953 -1.96e-013 0.267,
  -0.88 -0.365 0.267,
  -0.951 -0.189 0.15,
  -0.674 -0.674 0.267,
  -0.806 -0.539 0.15,
  -0.365 -0.88 0.267,
  -0.539 -0.806 0.15,
  -8.79e-011 -0.953 0.267,
  -0.189 -0.951 0.15,
  0.365 -0.88 0.267,
  0.189 -0.951 0.15,
  0.674 -0.674 0.267,
  0.539 -0.806 0.15,
  0.88 -0.365 0.267,
  0.806 -0.539 0.15,
  0.953 0 0.267,
  0.951 -0.189 0.15,
  -0.88 0.365 0.267,
  -0.951 0.189 0.15,
  -0.674 0.674 0.267,
  -0.806 0.539 0.15,
  8.81e-011 0.953 0.267,
  -0.365 0.88 0.267,
  -0.189 0.951 0.15,
  -0.539 0.806 0.15,
  0.365 0.88 0.267,
  0.189 0.951 0.15,
  0.674 0.674 0.267,
  0.539 0.806 0.15,
  0.88 0.365 0.267,
  0.951 0.189 0.15,
  0.806 0.539 0.15 ]
}

coordIndex	[ 83, 81, 1, 84, -1, 87, 86, 0,
  90, -1, 91, 90, 0, 94, -1, 95,
  94, 0, 98, -1, 99, 98, 0, 102,
  -1, 103, 102, 0, 106, -1, 107, 106,
  0, 110, -1, 111, 110, 0, 114, -1,
  115, 114, 0, 118, -1, 119, 118, 0,
  122, -1, 123, 122, 0, 126, -1, 127,
  126, 0, 130, -1, 131, 130, 0, 134,
  -1, 135, 134, 0, 138, -1, 139, 138,
  0, 142, -1, 85, 84, 1, 143, -1,
  82, 81, 2, 145, -1, 89, 88, 3,
  149, -1, 93, 92, 4, 152, -1, 97,
  96, 5, 155, -1, 101, 100, 6, 158,
  -1, 105, 104, 7, 161, -1, 109, 108,
  8, 164, -1, 113, 112, 9, 167, -1,
  117, 116, 10, 170, -1, 121, 120, 11,
  173, -1, 125, 124, 12, 176, -1, 129,
  128, 13, 179, -1, 133, 132, 14, 182,
  -1, 137, 136, 15, 185, -1, 141, 140,
  16, 188, -1, 144, 143, 1, 148, -1,
  147, 146, 18, 193, -1, 151, 150, 19,
  197, -1, 154, 153, 20, 200, -1, 157,
  156, 21, 203, -1, 160, 159, 22, 206,
  -1, 163, 162, 23, 209, -1, 166, 165,
  24, 212, -1, 169, 168, 25, 215, -1,
  172, 171, 26, 218, -1, 175, 174, 27,
  221, -1, 178, 177, 28, 224, -1, 181,
  180, 29, 227, -1, 184, 183, 30, 230,
  -1, 187, 186, 31, 233, -1, 190, 189,
  32, 236, -1, 192, 191, 17, 196, -1,
  220, 219, 42, 242, -1, 223, 222, 43,
  244, -1, 226, 225, 44, 246, -1, 229,
  228, 45, 248, -1, 232, 231, 46, 250,
  -1, 235, 234, 47, 252, -1, 238, 237,
  48, 254, -1, 240, 239, 33, 256, -1,
  217, 216, 41, 241, -1, 214, 213, 40,
  258, -1, 208, 207, 38, 263, -1, 211,
  210, 39, 260, -1, 205, 204, 37, 262,
  -1, 202, 201, 36, 266, -1, 195, 194,
  34, 270, -1, 199, 198, 35, 268, -1,
  62, 269, 61, 267, 60, 264, 59, 265,
  58, 261, 57, 259, 56, 243, 55, 245,
  54, 247, 53, 249, 52, 251, 51, 253,
  50, 255, 49, 257, 63, 271, 64, 272,
  -1, 83, 84, 0, 86, -1, 86, 2,
  81, 83, -1, 88, 2, 86, 87, -1,
  90, 3, 88, 87, -1, 92, 3, 90,
  91, -1, 94, 4, 92, 91, -1, 96,
  4, 94, 95, -1, 98, 5, 96, 95,
  -1, 100, 5, 98, 99, -1, 102, 6,
  100, 99, -1, 104, 6, 102, 103, -1,
  106, 7, 104, 103, -1, 108, 7, 106,
  107, -1, 110, 8, 108, 107, -1, 112,
  8, 110, 111, -1, 114, 9, 112, 111,
  -1, 116, 9, 114, 115, -1, 118, 10,
  116, 115, -1, 120, 10, 118, 119, -1,
  122, 11, 120, 119, -1, 124, 11, 122,
  123, -1, 126, 12, 124, 123, -1, 128,
  12, 126, 127, -1, 130, 13, 128, 127,
  -1, 132, 13, 130, 131, -1, 134, 14,
  132, 131, -1, 136, 14, 134, 135, -1,
  138, 15, 136, 135, -1, 140, 15, 138,
  139, -1, 142, 0, 84, 85, -1, 142,
  16, 140, 139, -1, 143, 16, 142, 85,
  -1, 145, 2, 88, 89, -1, 82, 145,
  18, 146, -1, 82, 146, 17, 148, -1,
  144, 148, 17, 191, -1, 148, 1, 81,
  82, -1, 149, 3, 92, 93, -1, 89,
  149, 19, 150, -1, 150, 18, 145, 89,
  -1, 152, 4, 96, 97, -1, 93, 152,
  20, 153, -1, 153, 19, 149, 93, -1,
  155, 5, 100, 101, -1, 97, 155, 21,
  156, -1, 156, 20, 152, 97, -1, 158,
  6, 104, 105, -1, 101, 158, 22, 159,
  -1, 159, 21, 155, 101, -1, 161, 7,
  108, 109, -1, 105, 161, 23, 162, -1,
  162, 22, 158, 105, -1, 164, 8, 112,
  113, -1, 109, 164, 24, 165, -1, 165,
  23, 161, 109, -1, 167, 9, 116, 117,
  -1, 113, 167, 25, 168, -1, 168, 24,
  164, 113, -1, 170, 10, 120, 121, -1,
  117, 170, 26, 171, -1, 171, 25, 167,
  117, -1, 173, 11, 124, 125, -1, 121,
  173, 27, 174, -1, 174, 26, 170, 121,
  -1, 176, 12, 128, 129, -1, 125, 176,
  28, 177, -1, 177, 27, 173, 125, -1,
  179, 13, 132, 133, -1, 129, 179, 29,
  180, -1, 180, 28, 176, 129, -1, 182,
  14, 136, 137, -1, 133, 182, 30, 183,
  -1, 183, 29, 179, 133, -1, 185, 15,
  140, 141, -1, 137, 185, 31, 186, -1,
  186, 30, 182, 137, -1, 188, 16, 143,
  144, -1, 141, 188, 32, 189, -1, 189,
  31, 185, 141, -1, 191, 32, 188, 144,
  -1, 193, 18, 150, 151, -1, 147, 193,
  34, 194, -1, 147, 194, 33, 196, -1,
  192, 196, 33, 239, -1, 196, 17, 146,
  147, -1, 197, 19, 153, 154, -1, 151,
  197, 35, 198, -1, 198, 34, 193, 151,
  -1, 200, 20, 156, 157, -1, 154, 200,
  36, 201, -1, 201, 35, 197, 154, -1,
  203, 21, 159, 160, -1, 157, 203, 37,
  204, -1, 204, 36, 200, 157, -1, 206,
  22, 162, 163, -1, 160, 206, 38, 207,
  -1, 207, 37, 203, 160, -1, 209, 23,
  165, 166, -1, 163, 209, 39, 210, -1,
  210, 38, 206, 163, -1, 212, 24, 168,
  169, -1, 166, 212, 40, 213, -1, 213,
  39, 209, 166, -1, 215, 25, 171, 172,
  -1, 169, 215, 41, 216, -1, 216, 40,
  212, 169, -1, 218, 26, 174, 175, -1,
  172, 218, 42, 219, -1, 219, 41, 215,
  172, -1, 221, 27, 177, 178, -1, 175,
  221, 43, 222, -1, 222, 42, 218, 175,
  -1, 224, 28, 180, 181, -1, 178, 224,
  44, 225, -1, 225, 43, 221, 178, -1,
  227, 29, 183, 184, -1, 181, 227, 45,
  228, -1, 228, 44, 224, 181, -1, 230,
  30, 186, 187, -1, 184, 230, 46, 231,
  -1, 231, 45, 227, 184, -1, 233, 31,
  189, 190, -1, 187, 233, 47, 234, -1,
  234, 46, 230, 187, -1, 236, 32, 191,
  192, -1, 190, 236, 48, 237, -1, 237,
  47, 233, 190, -1, 239, 48, 236, 192,
  -1, 217, 241, 56, 259, -1, 241, 41,
  219, 220, -1, 242, 42, 222, 223, -1,
  220, 242, 55, 243, -1, 243, 56, 241,
  220, -1, 244, 43, 225, 226, -1, 223,
  244, 54, 245, -1, 245, 55, 242, 223,
  -1, 246, 44, 228, 229, -1, 226, 246,
  53, 247, -1, 247, 54, 244, 226, -1,
  248, 45, 231, 232, -1, 229, 248, 52,
  249, -1, 249, 53, 246, 229, -1, 250,
  46, 234, 235, -1, 232, 250, 51, 251,
  -1, 251, 52, 248, 232, -1, 252, 47,
  237, 238, -1, 235, 252, 50, 253, -1,
  253, 51, 250, 235, -1, 254, 48, 239,
  240, -1, 238, 254, 49, 255, -1, 255,
  50, 252, 238, -1, 256, 33, 194, 195,
  -1, 240, 256, 63, 257, -1, 257, 49,
  254, 240, -1, 214, 258, 57, 261, -1,
  258, 40, 216, 217, -1, 259, 57, 258,
  217, -1, 211, 260, 58, 265, -1, 260,
  39, 213, 214, -1, 261, 58, 260, 214,
  -1, 205, 262, 60, 267, -1, 262, 37,
  207, 208, -1, 263, 38, 210, 211, -1,
  208, 263, 59, 264, -1, 264, 60, 262,
  208, -1, 265, 59, 263, 211, -1, 202,
  266, 61, 269, -1, 266, 36, 204, 205,
  -1, 267, 61, 266, 205, -1, 199, 268,
  62, 272, -1, 268, 35, 201, 202, -1,
  269, 62, 268, 202, -1, 270, 34, 198,
  199, -1, 195, 270, 64, 271, -1, 271,
  63, 256, 195, -1, 272, 64, 270, 199,
  -1 ]
colorPerVertex	FALSE
ccw	FALSE
solid	TRUE
creaseAngle	0.559
normalIndex	[  ]
texCoordIndex	[  ]
}

}

translation	-2.06106 -0.00154986 1.53845
rotation	-6.40347e-009 -1 -8.79826e-009  0.185
scale	1.05 1.04 1.05
scaleOrientation	-1.29228e-005 1 -1.1752e-005  1.5708
center	5.96046e-008 0 0.575
}
DEF Sphere Transform {
children	Shape {
appearance	Appearance {
material	Material {
ambientIntensity	0.1
diffuseColor	0.957 0.898 0.365
specularColor	0.1 0.1 0.1
emissiveColor	0 0 0
shininess	0
transparency	0
}

}

geometry	DEF _20 IndexedFaceSet {
coord	Coordinate {
point	[ 5.96e-008 5.96e-008 1,
  5.96e-008 5.96e-008 -1,
  0.383 5.96e-008 0.924,
  0.354 0.146 0.924,
  0.271 0.271 0.924,
  0.146 0.354 0.924,
  5.96e-008 0.383 0.924,
  -0.146 0.354 0.924,
  -0.271 0.271 0.924,
  -0.354 0.146 0.924,
  -0.383 5.96e-008 0.924,
  -0.354 -0.146 0.924,
  -0.271 -0.271 0.924,
  -0.146 -0.354 0.924,
  5.96e-008 -0.383 0.924,
  0.146 -0.354 0.924,
  0.271 -0.271 0.924,
  0.354 -0.146 0.924,
  0.707 5.96e-008 0.707,
  0.653 0.271 0.707,
  0.5 0.5 0.707,
  0.271 0.653 0.707,
  5.96e-008 0.707 0.707,
  -0.271 0.653 0.707,
  -0.5 0.5 0.707,
  -2.32 0.271 0.88,
  -1.92 -5.47e-006 0.833,
  -0.653 -0.271 0.707,
  -0.5 -0.5 0.707,
  -0.271 -0.653 0.707,
  5.96e-008 -0.707 0.707,
  0.271 -0.653 0.707,
  0.5 -0.5 0.707,
  0.653 -0.271 0.707,
  0.924 5.96e-008 0.383,
  0.854 0.354 0.383,
  0.653 0.653 0.383,
  0.354 0.854 0.383,
  5.96e-008 0.924 0.383,
  -0.354 0.854 0.383,
  -0.653 0.653 0.383,
  -0.854 0.354 0.383,
  -0.924 5.96e-008 0.383,
  -0.854 -0.354 0.383,
  -0.653 -0.653 0.383,
  -0.354 -0.854 0.383,
  5.96e-008 -0.924 0.383,
  0.354 -0.854 0.383,
  0.653 -0.653 0.383,
  0.854 -0.354 0.383,
  1 5.96e-008 0,
  0.924 0.383 0,
  0.707 0.707 0,
  0.383 0.924 0,
  5.96e-008 1 0,
  -0.383 0.924 0,
  -0.707 0.707 0,
  -1.76 0.383 0.241,
  -1.58 2.63e-006 0.168,
  -0.924 -0.383 0,
  -0.707 -0.707 0,
  -0.383 -0.924 0,
  5.96e-008 -1 0,
  0.383 -0.924 0,
  0.707 -0.707 0,
  0.924 -0.383 0,
  0.924 5.96e-008 -0.383,
  0.854 0.354 -0.383,
  0.653 0.653 -0.383,
  0.354 0.854 -0.383,
  5.96e-008 0.924 -0.383,
  -0.354 0.854 -0.383,
  -0.653 0.653 -0.383,
  -0.854 0.354 -0.383,
  -0.924 5.96e-008 -0.383,
  -0.854 -0.354 -0.383,
  -0.653 -0.653 -0.383,
  -0.354 -0.854 -0.383,
  5.96e-008 -0.924 -0.383,
  0.354 -0.854 -0.383,
  0.653 -0.653 -0.383,
  0.854 -0.354 -0.383,
  0.707 5.96e-008 -0.707,
  0.653 0.271 -0.707,
  0.5 0.5 -0.707,
  0.271 0.653 -0.707,
  5.96e-008 0.707 -0.707,
  -0.271 0.653 -0.707,
  -0.5 0.5 -0.707,
  -0.653 0.271 -0.707,
  -0.707 5.96e-008 -0.707,
  -0.653 -0.271 -0.707,
  -0.5 -0.5 -0.707,
  -0.271 -0.653 -0.707,
  5.96e-008 -0.707 -0.707,
  0.271 -0.653 -0.707,
  0.5 -0.5 -0.707,
  0.653 -0.271 -0.707,
  0.383 5.96e-008 -0.924,
  0.354 0.146 -0.924,
  0.271 0.271 -0.924,
  0.146 0.354 -0.924,
  5.96e-008 0.383 -0.924,
  -0.146 0.354 -0.924,
  -0.271 0.271 -0.924,
  -0.354 0.146 -0.924,
  -0.383 5.96e-008 -0.924,
  -0.354 -0.146 -0.924,
  -0.271 -0.271 -0.924,
  -0.146 -0.354 -0.924,
  5.96e-008 -0.383 -0.924,
  0.146 -0.354 -0.924,
  0.271 -0.271 -0.924,
  0.354 -0.146 -0.924,
  0.18 0.0746 0.981,
  0.159 0.106 0.981,
  0.188 0.0374 0.981,
  0.369 0.0734 0.926,
  0.538 0.107 0.836,
  0.195 6.36e-008 0.981,
  0.188 -0.0374 0.981,
  0.138 0.138 0.981,
  0.106 0.159 0.981,
  0.313 0.209 0.926,
  0.456 0.305 0.836,
  0.0746 0.18 0.981,
  0.0374 0.188 0.981,
  0.209 0.313 0.926,
  0.305 0.456 0.836,
  6.22e-008 0.195 0.981,
  -0.0374 0.188 0.981,
  0.0734 0.369 0.926,
  0.107 0.538 0.836,
  -0.0746 0.18 0.981,
  -0.106 0.159 0.981,
  -0.0734 0.369 0.926,
  -0.107 0.538 0.836,
  -0.138 0.138 0.979,
  -0.158 0.106 0.974,
  -0.209 0.312 0.924,
  -0.303 0.453 0.831,
  -0.178 0.0738 0.969,
  -0.185 0.0368 0.967,
  -0.312 0.209 0.926,
  -0.863 0.355 0.955,
  -0.193 6.24e-008 0.969,
  -0.186 -0.037 0.972,
  -0.369 0.0729 0.93,
  -1.25 0.104 0.89,
  -0.18 -0.0744 0.978,
  -0.159 -0.106 0.981,
  -0.368 -0.0736 0.925,
  -0.836 -0.147 0.909,
  -0.138 -0.138 0.981,
  -0.106 -0.159 0.981,
  -0.312 -0.208 0.924,
  -0.452 -0.302 0.829,
  -0.0746 -0.18 0.981,
  -0.0374 -0.188 0.981,
  -0.209 -0.313 0.926,
  -0.305 -0.456 0.836,
  6.04e-008 -0.195 0.981,
  0.0374 -0.188 0.981,
  -0.0734 -0.369 0.926,
  -0.107 -0.538 0.836,
  0.0746 -0.18 0.981,
  0.106 -0.159 0.981,
  0.0734 -0.369 0.926,
  0.107 -0.538 0.836,
  0.138 -0.138 0.981,
  0.159 -0.106 0.981,
  0.209 -0.313 0.926,
  0.305 -0.456 0.836,
  0.18 -0.0746 0.981,
  0.313 -0.209 0.926,
  0.456 -0.305 0.836,
  0.369 -0.0734 0.926,
  0.538 -0.107 0.836,
  0.513 0.213 0.831,
  0.687 0.137 0.714,
  0.811 0.161 0.562,
  0.556 6.01e-008 0.831,
  0.393 0.393 0.831,
  0.582 0.389 0.714,
  0.687 0.459 0.562,
  0.213 0.513 0.831,
  0.389 0.582 0.714,
  0.459 0.687 0.562,
  6.06e-008 0.556 0.831,
  0.137 0.687 0.714,
  0.161 0.811 0.562,
  -0.213 0.513 0.831,
  -0.137 0.687 0.714,
  -0.161 0.811 0.562,
  -0.39 0.398 0.837,
  -0.385 0.576 0.706,
  -0.452 0.677 0.554,
  -1.34 0.205 0.884,
  -1.41 0.362 0.782,
  -1.08 0.443 0.588,
  -1.15 0.00432 0.868,
  -2.14 0.12 0.86,
  -1.51 0.154 0.602,
  -0.511 -0.22 0.838,
  -1.28 -0.0996 0.758,
  -1.1 -0.182 0.566,
  -0.393 -0.393 0.831,
  -0.574 -0.384 0.704,
  -0.674 -0.45 0.552,
  -0.213 -0.513 0.831,
  -0.389 -0.582 0.714,
  -0.459 -0.687 0.562,
  6.58e-008 -0.556 0.831,
  -0.137 -0.687 0.714,
  -0.161 -0.811 0.562,
  0.213 -0.513 0.831,
  0.137 -0.687 0.714,
  0.161 -0.811 0.562,
  0.393 -0.393 0.831,
  0.389 -0.582 0.714,
  0.459 -0.687 0.562,
  0.513 -0.213 0.831,
  0.582 -0.389 0.714,
  0.687 -0.459 0.562,
  0.687 -0.137 0.714,
  0.811 -0.161 0.562,
  0.768 0.318 0.556,
  0.904 0.18 0.389,
  0.961 0.191 0.198,
  0.831 5.77e-008 0.556,
  0.588 0.588 0.556,
  0.766 0.512 0.389,
  0.814 0.544 0.198,
  0.318 0.768 0.556,
  0.512 0.766 0.389,
  0.544 0.814 0.198,
  6.25e-008 0.831 0.556,
  0.18 0.904 0.389,
  0.191 0.961 0.198,
  -0.318 0.768 0.556,
  -0.18 0.904 0.389,
  -0.191 0.961 0.198,
  -0.583 0.59 0.548,
  -0.504 0.755 0.383,
  -0.537 0.803 0.196,
  -1.59 0.312 0.631,
  -0.755 0.507 0.384,
  -1.01 0.563 0.282,
  -1.42 -2.7e-006 0.608,
  -0.901 0.172 0.383,
  -1.29 0.18 0.327,
  -0.764 -0.324 0.547,
  -0.888 -0.175 0.382,
  -1.08 -0.199 0.248,
  -0.588 -0.588 0.556,
  -0.753 -0.503 0.382,
  -0.803 -0.536 0.196,
  -0.318 -0.768 0.556,
  -0.512 -0.766 0.389,
  -0.544 -0.814 0.198,
  6.21e-008 -0.831 0.556,
  -0.18 -0.904 0.389,
  -0.191 -0.961 0.198,
  0.318 -0.768 0.556,
  0.18 -0.904 0.389,
  0.191 -0.961 0.198,
  0.588 -0.588 0.556,
  0.512 -0.766 0.389,
  0.544 -0.814 0.198,
  0.768 -0.318 0.556,
  0.766 -0.512 0.389,
  0.814 -0.544 0.198,
  0.904 -0.18 0.389,
  0.961 -0.191 0.198,
  0.906 0.375 0.195,
  0.981 0.195 -5.81e-010,
  0.961 0.191 -0.198,
  0.981 6.12e-008 0.195,
  0.693 0.693 0.195,
  0.831 0.556 -1.89e-009,
  0.814 0.544 -0.198,
  0.375 0.906 0.195,
  0.556 0.831 -7.26e-010,
  0.544 0.814 -0.198,
  6.19e-008 0.981 0.195,
  0.195 0.981 -1.16e-009,
  0.191 0.961 -0.198,
  -0.375 0.906 0.195,
  -0.195 0.981 7.26e-010,
  -0.191 0.961 -0.198,
  -0.686 0.692 0.197,
  -0.548 0.821 -5.86e-010,
  -0.539 0.807 -0.197,
  -1.31 0.364 0.301,
  -1.24 0.556 0.121,
  -1.03 0.586 -0.173,
  -1.25 0.00704 0.26,
  -1.73 0.182 0.216,
  -1.29 0.184 -0.0971,
  -0.898 -0.376 0.197,
  -1.26 -0.198 0.0843,
  -1.11 -0.214 -0.179,
  -0.693 -0.693 0.195,
  -0.82 -0.548 -6.97e-010,
  -0.806 -0.538 -0.196,
  -0.375 -0.906 0.195,
  -0.556 -0.831 -4.35e-010,
  -0.544 -0.814 -0.198,
  6.08e-008 -0.981 0.195,
  -0.195 -0.981 1.45e-010,
  -0.191 -0.961 -0.198,
  0.375 -0.906 0.195,
  0.195 -0.981 -4.35e-010,
  0.191 -0.961 -0.198,
  0.693 -0.693 0.195,
  0.556 -0.831 -3.05e-009,
  0.544 -0.814 -0.198,
  0.906 -0.375 0.195,
  0.831 -0.556 -2.9e-009,
  0.814 -0.544 -0.198,
  0.981 -0.195 -2.9e-010,
  0.961 -0.191 -0.198,
  0.906 0.375 -0.195,
  0.904 0.18 -0.389,
  0.811 0.161 -0.562,
  0.981 6.13e-008 -0.195,
  0.693 0.693 -0.195,
  0.766 0.512 -0.389,
  0.687 0.459 -0.562,
  0.375 0.906 -0.195,
  0.512 0.766 -0.389,
  0.459 0.687 -0.562,
  6.12e-008 0.981 -0.195,
  0.18 0.904 -0.389,
  0.161 0.811 -0.562,
  -0.375 0.906 -0.195,
  -0.18 0.904 -0.389,
  -0.161 0.811 -0.562,
  -0.693 0.699 -0.2,
  -0.509 0.762 -0.387,
  -0.459 0.687 -0.562,
  -1.3 0.361 -0.0582,
  -0.763 0.513 -0.391,
  -0.681 0.455 -0.557,
  -1.25 0.00355 -0.0988,
  -0.905 0.179 -0.398,
  -0.796 0.158 -0.552,
  -0.907 -0.382 -0.2,
  -0.899 -0.181 -0.39,
  -0.802 -0.16 -0.557,
  -0.693 -0.693 -0.195,
  -0.762 -0.509 -0.387,
  -0.687 -0.459 -0.562,
  -0.375 -0.906 -0.195,
  -0.512 -0.766 -0.389,
  -0.459 -0.687 -0.562,
  6e-008 -0.981 -0.195,
  -0.18 -0.904 -0.389,
  -0.161 -0.811 -0.562,
  0.375 -0.906 -0.195,
  0.18 -0.904 -0.389,
  0.161 -0.811 -0.562,
  0.693 -0.693 -0.195,
  0.512 -0.766 -0.389,
  0.459 -0.687 -0.562,
  0.906 -0.375 -0.195,
  0.766 -0.512 -0.389,
  0.687 -0.459 -0.562,
  0.904 -0.18 -0.389,
  0.811 -0.161 -0.562,
  0.768 0.318 -0.556,
  0.687 0.137 -0.714,
  0.538 0.107 -0.836,
  0.831 5.87e-008 -0.556,
  0.588 0.588 -0.556,
  0.582 0.389 -0.714,
  0.456 0.305 -0.836,
  0.318 0.768 -0.556,
  0.389 0.582 -0.714,
  0.305 0.456 -0.836,
  6.16e-008 0.831 -0.556,
  0.137 0.687 -0.714,
  0.107 0.538 -0.836,
  -0.318 0.768 -0.556,
  -0.137 0.687 -0.714,
  -0.107 0.538 -0.836,
  -0.585 0.585 -0.553,
  -0.389 0.582 -0.714,
  -0.305 0.456 -0.836,
  -0.757 0.314 -0.547,
  -0.582 0.389 -0.714,
  -0.456 0.305 -0.836,
  -0.819 5.99e-008 -0.547,
  -0.687 0.137 -0.714,
  -0.538 0.107 -0.836,
  -0.764 -0.317 -0.553,
  -0.687 -0.137 -0.714,
  -0.538 -0.107 -0.836,
  -0.588 -0.588 -0.556,
  -0.582 -0.389 -0.714,
  -0.456 -0.305 -0.836,
  -0.318 -0.768 -0.556,
  -0.389 -0.582 -0.714,
  -0.305 -0.456 -0.836,
  5.9e-008 -0.831 -0.556,
  -0.137 -0.687 -0.714,
  -0.107 -0.538 -0.836,
  0.318 -0.768 -0.556,
  0.137 -0.687 -0.714,
  0.107 -0.538 -0.836,
  0.588 -0.588 -0.556,
  0.389 -0.582 -0.714,
  0.305 -0.456 -0.836,
  0.768 -0.318 -0.556,
  0.582 -0.389 -0.714,
  0.456 -0.305 -0.836,
  0.687 -0.137 -0.714,
  0.538 -0.107 -0.836,
  0.513 0.213 -0.831,
  0.369 0.0734 -0.926,
  0.188 0.0374 -0.981,
  0.556 5.87e-008 -0.831,
  0.393 0.393 -0.831,
  0.313 0.209 -0.926,
  0.159 0.106 -0.981,
  0.213 0.513 -0.831,
  0.209 0.313 -0.926,
  0.106 0.159 -0.981,
  5.85e-008 0.556 -0.831,
  0.0734 0.369 -0.926,
  0.0374 0.188 -0.981,
  -0.213 0.513 -0.831,
  -0.0734 0.369 -0.926,
  -0.0374 0.188 -0.981,
  -0.393 0.393 -0.831,
  -0.209 0.313 -0.926,
  -0.106 0.159 -0.981,
  -0.513 0.213 -0.831,
  -0.313 0.209 -0.926,
  -0.159 0.106 -0.981,
  -0.556 5.93e-008 -0.831,
  -0.369 0.0734 -0.926,
  -0.188 0.0374 -0.981,
  -0.513 -0.213 -0.831,
  -0.369 -0.0734 -0.926,
  -0.188 -0.0374 -0.981,
  -0.393 -0.393 -0.831,
  -0.313 -0.209 -0.926,
  -0.159 -0.106 -0.981,
  -0.213 -0.513 -0.831,
  -0.209 -0.313 -0.926,
  -0.106 -0.159 -0.981,
  6.18e-008 -0.556 -0.831,
  -0.0734 -0.369 -0.926,
  -0.0374 -0.188 -0.981,
  0.213 -0.513 -0.831,
  0.0734 -0.369 -0.926,
  0.0374 -0.188 -0.981,
  0.393 -0.393 -0.831,
  0.209 -0.313 -0.926,
  0.106 -0.159 -0.981,
  0.513 -0.213 -0.831,
  0.313 -0.209 -0.926,
  0.159 -0.106 -0.981,
  0.369 -0.0734 -0.926,
  0.188 -0.0374 -0.981,
  0.18 0.0746 -0.981,
  0.195 5.99e-008 -0.981,
  0.138 0.138 -0.981,
  0.0746 0.18 -0.981,
  5.45e-008 0.195 -0.981,
  -0.0746 0.18 -0.981,
  -0.138 0.138 -0.981,
  -0.18 0.0746 -0.981,
  -0.195 6.35e-008 -0.981,
  -0.18 -0.0746 -0.981,
  -0.138 -0.138 -0.981,
  -0.0746 -0.18 -0.981,
  7.29e-008 -0.195 -0.981,
  0.0746 -0.18 -0.981,
  0.138 -0.138 -0.981,
  0.18 -0.0746 -0.981 ]
}

coordIndex	[ 116, 114, 3, 117, -1, 115, 114, 0,
  121, -1, 122, 121, 0, 125, -1, 126,
  125, 0, 129, -1, 130, 129, 0, 133,
  -1, 134, 133, 0, 137, -1, 138, 137,
  0, 141, -1, 142, 141, 0, 145, -1,
  146, 145, 0, 149, -1, 150, 149, 0,
  153, -1, 154, 153, 0, 157, -1, 158,
  157, 0, 161, -1, 162, 161, 0, 165,
  -1, 166, 165, 0, 169, -1, 170, 169,
  0, 173, -1, 120, 119, 2, 176, -1,
  118, 117, 3, 178, -1, 124, 123, 4,
  182, -1, 128, 127, 5, 185, -1, 132,
  131, 6, 188, -1, 136, 135, 7, 191,
  -1, 140, 139, 8, 194, -1, 197, 144,
  143, -1, 9, 197, 143, -1, 148, 147,
  10, 200, -1, 203, 151, 11, -1, 152,
  151, 203, -1, 156, 155, 12, 206, -1,
  160, 159, 13, 209, -1, 164, 163, 14,
  212, -1, 168, 167, 15, 215, -1, 172,
  171, 16, 218, -1, 175, 174, 17, 221,
  -1, 177, 176, 2, 181, -1, 180, 179,
  19, 226, -1, 184, 183, 20, 230, -1,
  187, 186, 21, 233, -1, 190, 189, 22,
  236, -1, 193, 192, 23, 239, -1, 196,
  195, 24, 242, -1, 245, 199, 198, -1,
  25, 245, 198, -1, 202, 201, 26, 248,
  -1, 205, 204, 27, 251, -1, 208, 207,
  28, 254, -1, 211, 210, 29, 257, -1,
  214, 213, 30, 260, -1, 217, 216, 31,
  263, -1, 220, 219, 32, 266, -1, 223,
  222, 33, 269, -1, 225, 224, 18, 229,
  -1, 228, 227, 35, 274, -1, 232, 231,
  36, 278, -1, 235, 234, 37, 281, -1,
  238, 237, 38, 284, -1, 241, 240, 39,
  287, -1, 244, 243, 40, 290, -1, 247,
  246, 41, 293, -1, 296, 250, 249, -1,
  42, 296, 249, -1, 299, 252, 43, -1,
  253, 252, 299, -1, 256, 255, 44, 302,
  -1, 259, 258, 45, 305, -1, 262, 261,
  46, 308, -1, 265, 264, 47, 311, -1,
  268, 267, 48, 314, -1, 271, 270, 49,
  317, -1, 273, 272, 34, 277, -1, 276,
  275, 51, 322, -1, 280, 279, 52, 326,
  -1, 283, 282, 53, 329, -1, 286, 285,
  54, 332, -1, 289, 288, 55, 335, -1,
  292, 291, 56, 338, -1, 57, 295, 294,
  -1, 341, 295, 57, -1, 298, 297, 58,
  344, -1, 301, 300, 59, 347, -1, 304,
  303, 60, 350, -1, 307, 306, 61, 353,
  -1, 310, 309, 62, 356, -1, 313, 312,
  63, 359, -1, 316, 315, 64, 362, -1,
  319, 318, 65, 365, -1, 321, 320, 50,
  325, -1, 324, 323, 67, 370, -1, 328,
  327, 68, 374, -1, 331, 330, 69, 377,
  -1, 334, 333, 70, 380, -1, 337, 336,
  71, 383, -1, 340, 339, 72, 386, -1,
  343, 342, 73, 389, -1, 346, 345, 74,
  392, -1, 349, 348, 75, 395, -1, 352,
  351, 76, 398, -1, 355, 354, 77, 401,
  -1, 358, 357, 78, 404, -1, 361, 360,
  79, 407, -1, 364, 363, 80, 410, -1,
  367, 366, 81, 413, -1, 369, 368, 66,
  373, -1, 372, 371, 83, 418, -1, 376,
  375, 84, 422, -1, 379, 378, 85, 425,
  -1, 382, 381, 86, 428, -1, 385, 384,
  87, 431, -1, 388, 387, 88, 434, -1,
  391, 390, 89, 437, -1, 394, 393, 90,
  440, -1, 397, 396, 91, 443, -1, 400,
  399, 92, 446, -1, 403, 402, 93, 449,
  -1, 406, 405, 94, 452, -1, 409, 408,
  95, 455, -1, 412, 411, 96, 458, -1,
  415, 414, 97, 461, -1, 417, 416, 82,
  421, -1, 420, 419, 99, 466, -1, 424,
  423, 100, 468, -1, 427, 426, 101, 469,
  -1, 430, 429, 102, 470, -1, 433, 432,
  103, 471, -1, 436, 435, 104, 472, -1,
  439, 438, 105, 473, -1, 442, 441, 106,
  474, -1, 445, 444, 107, 475, -1, 448,
  447, 108, 476, -1, 451, 450, 109, 477,
  -1, 454, 453, 110, 478, -1, 457, 456,
  111, 479, -1, 460, 459, 112, 480, -1,
  463, 462, 113, 481, -1, 465, 464, 98,
  467, -1, 116, 117, 2, 119, -1, 119,
  0, 114, 116, -1, 115, 121, 4, 123,
  -1, 123, 3, 114, 115, -1, 122, 125,
  5, 127, -1, 127, 4, 121, 122, -1,
  126, 129, 6, 131, -1, 131, 5, 125,
  126, -1, 130, 133, 7, 135, -1, 135,
  6, 129, 130, -1, 134, 137, 8, 139,
  -1, 139, 7, 133, 134, -1, 138, 141,
  9, 143, -1, 143, 8, 137, 138, -1,
  142, 145, 10, 147, -1, 147, 9, 141,
  142, -1, 146, 149, 11, 151, -1, 151,
  10, 145, 146, -1, 150, 153, 12, 155,
  -1, 155, 11, 149, 150, -1, 154, 157,
  13, 159, -1, 159, 12, 153, 154, -1,
  158, 161, 14, 163, -1, 163, 13, 157,
  158, -1, 162, 165, 15, 167, -1, 167,
  14, 161, 162, -1, 166, 169, 16, 171,
  -1, 171, 15, 165, 166, -1, 173, 0,
  119, 120, -1, 170, 173, 17, 174, -1,
  174, 16, 169, 170, -1, 176, 17, 173,
  120, -1, 178, 3, 123, 124, -1, 118,
  178, 19, 179, -1, 118, 179, 18, 181,
  -1, 177, 181, 18, 224, -1, 181, 2,
  117, 118, -1, 182, 4, 127, 128, -1,
  124, 182, 20, 183, -1, 183, 19, 178,
  124, -1, 185, 5, 131, 132, -1, 128,
  185, 21, 186, -1, 186, 20, 182, 128,
  -1, 188, 6, 135, 136, -1, 132, 188,
  22, 189, -1, 189, 21, 185, 132, -1,
  191, 7, 139, 140, -1, 136, 191, 23,
  192, -1, 192, 22, 188, 136, -1, 194,
  8, 143, 144, -1, 140, 194, 24, 195,
  -1, 195, 23, 191, 140, -1, 197, 9,
  147, 148, -1, 198, 144, 197, -1, 25,
  198, 197, -1, 198, 24, 194, 144, -1,
  200, 10, 151, 152, -1, 148, 200, 26,
  201, -1, 201, 25, 197, 148, -1, 203,
  11, 155, 156, -1, 152, 203, 27, -1,
  204, 152, 27, -1, 204, 26, 200, 152,
  -1, 206, 12, 159, 160, -1, 156, 206,
  28, 207, -1, 207, 27, 203, 156, -1,
  209, 13, 163, 164, -1, 160, 209, 29,
  210, -1, 210, 28, 206, 160, -1, 212,
  14, 167, 168, -1, 164, 212, 30, 213,
  -1, 213, 29, 209, 164, -1, 215, 15,
  171, 172, -1, 168, 215, 31, 216, -1,
  216, 30, 212, 168, -1, 218, 16, 174,
  175, -1, 172, 218, 32, 219, -1, 219,
  31, 215, 172, -1, 221, 17, 176, 177,
  -1, 175, 221, 33, 222, -1, 222, 32,
  218, 175, -1, 224, 33, 221, 177, -1,
  226, 19, 183, 184, -1, 180, 226, 35,
  227, -1, 180, 227, 34, 229, -1, 225,
  229, 34, 272, -1, 229, 18, 179, 180,
  -1, 230, 20, 186, 187, -1, 184, 230,
  36, 231, -1, 231, 35, 226, 184, -1,
  233, 21, 189, 190, -1, 187, 233, 37,
  234, -1, 234, 36, 230, 187, -1, 236,
  22, 192, 193, -1, 190, 236, 38, 237,
  -1, 237, 37, 233, 190, -1, 239, 23,
  195, 196, -1, 193, 239, 39, 240, -1,
  240, 38, 236, 193, -1, 199, 242, 24,
  -1, 198, 199, 24, -1, 196, 242, 40,
  243, -1, 243, 39, 239, 196, -1, 245,
  25, 201, 202, -1, 199, 245, 41, 246,
  -1, 246, 40, 242, 199, -1, 248, 26,
  204, 205, -1, 42, 249, 202, -1, 248,
  42, 202, -1, 249, 41, 245, 202, -1,
  251, 27, 207, 208, -1, 205, 43, 252,
  -1, 205, 251, 43, -1, 252, 42, 248,
  -1, 205, 252, 248, -1, 254, 28, 210,
  211, -1, 208, 254, 44, 255, -1, 255,
  43, 251, 208, -1, 257, 29, 213, 214,
  -1, 211, 257, 45, 258, -1, 258, 44,
  254, 211, -1, 260, 30, 216, 217, -1,
  214, 260, 46, 261, -1, 261, 45, 257,
  214, -1, 263, 31, 219, 220, -1, 217,
  263, 47, 264, -1, 264, 46, 260, 217,
  -1, 266, 32, 222, 223, -1, 220, 266,
  48, 267, -1, 267, 47, 263, 220, -1,
  269, 33, 224, 225, -1, 223, 269, 49,
  270, -1, 270, 48, 266, 223, -1, 272,
  49, 269, 225, -1, 274, 35, 231, 232,
  -1, 228, 274, 51, 275, -1, 228, 275,
  50, 277, -1, 273, 277, 50, 320, -1,
  277, 34, 227, 228, -1, 278, 36, 234,
  235, -1, 232, 278, 52, 279, -1, 279,
  51, 274, 232, -1, 281, 37, 237, 238,
  -1, 235, 281, 53, 282, -1, 282, 52,
  278, 235, -1, 284, 38, 240, 241, -1,
  238, 284, 54, 285, -1, 285, 53, 281,
  238, -1, 287, 39, 243, 244, -1, 241,
  287, 55, 288, -1, 288, 54, 284, 241,
  -1, 290, 40, 246, 247, -1, 244, 290,
  56, 291, -1, 291, 55, 287, 244, -1,
  293, 41, 249, 250, -1, 293, 294, 247,
  -1, 57, 294, 293, -1, 294, 56, 290,
  247, -1, 252, 296, 42, -1, 253, 296,
  252, -1, 250, 296, 58, 297, -1, 297,
  57, 293, 250, -1, 299, 43, 255, 256,
  -1, 253, 299, 59, 300, -1, 300, 58,
  296, 253, -1, 302, 44, 258, 259, -1,
  256, 302, 60, 303, -1, 303, 59, 299,
  256, -1, 305, 45, 261, 262, -1, 259,
  305, 61, 306, -1, 306, 60, 302, 259,
  -1, 308, 46, 264, 265, -1, 262, 308,
  62, 309, -1, 309, 61, 305, 262, -1,
  311, 47, 267, 268, -1, 265, 311, 63,
  312, -1, 312, 62, 308, 265, -1, 314,
  48, 270, 271, -1, 268, 314, 64, 315,
  -1, 315, 63, 311, 268, -1, 317, 49,
  272, 273, -1, 271, 317, 65, 318, -1,
  318, 64, 314, 271, -1, 320, 65, 317,
  273, -1, 322, 51, 279, 280, -1, 276,
  322, 67, 323, -1, 276, 323, 66, 325,
  -1, 321, 325, 66, 368, -1, 325, 50,
  275, 276, -1, 326, 52, 282, 283, -1,
  280, 326, 68, 327, -1, 327, 67, 322,
  280, -1, 329, 53, 285, 286, -1, 283,
  329, 69, 330, -1, 330, 68, 326, 283,
  -1, 332, 54, 288, 289, -1, 286, 332,
  70, 333, -1, 333, 69, 329, 286, -1,
  335, 55, 291, 292, -1, 289, 335, 71,
  336, -1, 336, 70, 332, 289, -1, 338,
  56, 294, 295, -1, 292, 338, 72, 339,
  -1, 339, 71, 335, 292, -1, 341, 57,
  297, 298, -1, 295, 341, 73, 342, -1,
  342, 72, 338, 295, -1, 344, 58, 300,
  301, -1, 298, 344, 74, 345, -1, 345,
  73, 341, 298, -1, 347, 59, 303, 304,
  -1, 75, 348, 301, -1, 347, 75, 301,
  -1, 348, 74, 344, 301, -1, 350, 60,
  306, 307, -1, 304, 350, 76, 351, -1,
  351, 75, 347, 304, -1, 353, 61, 309,
  310, -1, 307, 353, 77, 354, -1, 354,
  76, 350, 307, -1, 356, 62, 312, 313,
  -1, 310, 356, 78, 357, -1, 357, 77,
  353, 310, -1, 359, 63, 315, 316, -1,
  313, 359, 79, 360, -1, 360, 78, 356,
  313, -1, 362, 64, 318, 319, -1, 316,
  362, 80, 363, -1, 363, 79, 359, 316,
  -1, 365, 65, 320, 321, -1, 319, 365,
  81, 366, -1, 366, 80, 362, 319, -1,
  368, 81, 365, 321, -1, 370, 67, 327,
  328, -1, 324, 370, 83, 371, -1, 324,
  371, 82, 373, -1, 369, 373, 82, 416,
  -1, 373, 66, 323, 324, -1, 374, 68,
  330, 331, -1, 328, 374, 84, 375, -1,
  375, 83, 370, 328, -1, 377, 69, 333,
  334, -1, 331, 377, 85, 378, -1, 378,
  84, 374, 331, -1, 380, 70, 336, 337,
  -1, 334, 380, 86, 381, -1, 381, 85,
  377, 334, -1, 383, 71, 339, 340, -1,
  337, 383, 87, 384, -1, 384, 86, 380,
  337, -1, 386, 72, 342, 343, -1, 340,
  386, 88, 387, -1, 387, 87, 383, 340,
  -1, 389, 73, 345, 346, -1, 343, 389,
  89, 390, -1, 390, 88, 386, 343, -1,
  392, 74, 348, 349, -1, 346, 392, 90,
  393, -1, 393, 89, 389, 346, -1, 395,
  75, 351, 352, -1, 349, 395, 91, 396,
  -1, 396, 90, 392, 349, -1, 398, 76,
  354, 355, -1, 352, 398, 92, 399, -1,
  399, 91, 395, 352, -1, 401, 77, 357,
  358, -1, 355, 401, 93, 402, -1, 402,
  92, 398, 355, -1, 404, 78, 360, 361,
  -1, 358, 404, 94, 405, -1, 405, 93,
  401, 358, -1, 407, 79, 363, 364, -1,
  361, 407, 95, 408, -1, 408, 94, 404,
  361, -1, 410, 80, 366, 367, -1, 364,
  410, 96, 411, -1, 411, 95, 407, 364,
  -1, 413, 81, 368, 369, -1, 367, 413,
  97, 414, -1, 414, 96, 410, 367, -1,
  416, 97, 413, 369, -1, 418, 83, 375,
  376, -1, 372, 418, 99, 419, -1, 372,
  419, 98, 421, -1, 417, 421, 98, 464,
  -1, 421, 82, 371, 372, -1, 422, 84,
  378, 379, -1, 376, 422, 100, 423, -1,
  423, 99, 418, 376, -1, 425, 85, 381,
  382, -1, 379, 425, 101, 426, -1, 426,
  100, 422, 379, -1, 428, 86, 384, 385,
  -1, 382, 428, 102, 429, -1, 429, 101,
  425, 382, -1, 431, 87, 387, 388, -1,
  385, 431, 103, 432, -1, 432, 102, 428,
  385, -1, 434, 88, 390, 391, -1, 388,
  434, 104, 435, -1, 435, 103, 431, 388,
  -1, 437, 89, 393, 394, -1, 391, 437,
  105, 438, -1, 438, 104, 434, 391, -1,
  440, 90, 396, 397, -1, 394, 440, 106,
  441, -1, 441, 105, 437, 394, -1, 443,
  91, 399, 400, -1, 397, 443, 107, 444,
  -1, 444, 106, 440, 397, -1, 446, 92,
  402, 403, -1, 400, 446, 108, 447, -1,
  447, 107, 443, 400, -1, 449, 93, 405,
  406, -1, 403, 449, 109, 450, -1, 450,
  108, 446, 403, -1, 452, 94, 408, 409,
  -1, 406, 452, 110, 453, -1, 453, 109,
  449, 406, -1, 455, 95, 411, 412, -1,
  409, 455, 111, 456, -1, 456, 110, 452,
  409, -1, 458, 96, 414, 415, -1, 412,
  458, 112, 459, -1, 459, 111, 455, 412,
  -1, 461, 97, 416, 417, -1, 415, 461,
  113, 462, -1, 462, 112, 458, 415, -1,
  464, 113, 461, 417, -1, 466, 99, 423,
  424, -1, 420, 466, 1, 467, -1, 465,
  467, 1, 481, -1, 467, 98, 419, 420,
  -1, 468, 100, 426, 427, -1, 468, 1,
  466, 424, -1, 469, 101, 429, 430, -1,
  469, 1, 468, 427, -1, 470, 102, 432,
  433, -1, 470, 1, 469, 430, -1, 471,
  103, 435, 436, -1, 471, 1, 470, 433,
  -1, 472, 104, 438, 439, -1, 472, 1,
  471, 436, -1, 473, 105, 441, 442, -1,
  473, 1, 472, 439, -1, 474, 106, 444,
  445, -1, 474, 1, 473, 442, -1, 475,
  107, 447, 448, -1, 475, 1, 474, 445,
  -1, 476, 108, 450, 451, -1, 476, 1,
  475, 448, -1, 477, 109, 453, 454, -1,
  477, 1, 476, 451, -1, 478, 110, 456,
  457, -1, 478, 1, 477, 454, -1, 479,
  111, 459, 460, -1, 479, 1, 478, 457,
  -1, 480, 112, 462, 463, -1, 480, 1,
  479, 460, -1, 481, 113, 464, 465, -1,
  481, 1, 480, 463, -1 ]
colorPerVertex	FALSE
ccw	FALSE
solid	TRUE
creaseAngle	0.559
normalIndex	[  ]
texCoordIndex	[  ]
}

}

translation	-1.93978 0.833102 2.13809
rotation	0.911126 0.404143 0.0807384  0.447
scale	0.616 0.107 0.316
scaleOrientation	0 0 1  0
center	-0.66 -2.08616e-007 -5.96046e-008
}
DEF bbAni Group {
children	[
DEF UnnamedAnimation0Time_21 TimeSensor {
startTime	-1
cycleInterval	2
loop	TRUE
}
DEF ballboyTranslationInterp_22 PositionInterpolator {
key	[ 0, 0.05, 0.1, 0.15,
  0.2, 0.25, 0.3, 0.35,
  0.4, 0.45, 0.5, 0.55,
  0.6, 0.65, 0.7, 0.75,
  0.8, 0.85, 0.9, 0.95,
  1 ]
keyValue	[ -4.49358e-010 -1.23934 -1.70745,
  -5.6629e-005 -0.889082 -1.69484,
  -0.000201384 -0.493523 -1.68051,
  -0.000396496 -0.0720791 -1.6652,
  -0.000604197 0.355836 -1.64964,
  -0.00078672 0.770809 -1.63457,
  -0.000906296 1.15342 -1.62073,
  -0.000925156 1.48427 -1.60886,
  -0.000805533 1.74393 -1.59969,
  -0.000509657 1.91299 -1.59396,
  2.37969e-007 1.97203 -1.59241,
  0.000749333 1.90812 -1.59553,
  0.00171245 1.73419 -1.60282,
  0.00285181 1.46966 -1.61356,
  0.00412967 1.13395 -1.627,
  0.00550823 0.746468 -1.6424,
  0.00694974 0.326628 -1.65903,
  0.00841644 -0.106156 -1.67616,
  0.00987054 -0.532468 -1.69304,
  0.0112743 -0.932894 -1.70893,
  0.0125899 -1.28802 -1.72311 ]
}
DEF leyeTranslationInterp_23 PositionInterpolator {
key	[ 0, 0.05, 0.1, 0.15,
  0.2, 0.25, 0.3, 0.35,
  0.4, 0.45, 0.5, 0.55,
  0.6, 0.65, 0.7, 0.75,
  0.8, 0.85, 0.9, 0.95,
  1 ]
keyValue	[ -1.01748 0.271495 1.20773,
  -1.01133 0.277925 1.23699,
  -1.00434 0.28501 1.27028,
  -0.996869 0.292471 1.30587,
  -0.989273 0.300025 1.34204,
  -0.981919 0.307392 1.37706,
  -0.97517 0.31429 1.40919,
  -0.969387 0.320439 1.43673,
  -0.964933 0.325557 1.45794,
  -0.962171 0.329363 1.47109,
  -0.961463 0.331576 1.47446,
  -0.963051 0.332009 1.4669,
  -0.966693 0.330849 1.44956,
  -0.972027 0.328377 1.42416,
  -0.97869 0.324874 1.39243,
  -0.986319 0.320622 1.3561,
  -0.994553 0.315902 1.3169,
  -1.00303 0.310994 1.27654,
  -1.01138 0.306179 1.23676,
  -1.01925 0.30174 1.19928,
  -1.02628 0.297956 1.16583 ]
}
DEF reyeTranslationInterp_24 PositionInterpolator {
key	[ 0, 0.05, 0.1, 0.15,
  0.2, 0.25, 0.3, 0.35,
  0.4, 0.45, 0.5, 0.55,
  0.6, 0.65, 0.7, 0.75,
  0.8, 0.85, 0.9, 0.95,
  1 ]
keyValue	[ -1.02207 -0.374916 1.1749,
  -1.01507 -0.381836 1.20824,
  -1.00714 -0.389269 1.24601,
  -0.998674 -0.396994 1.28631,
  -0.990078 -0.404792 1.32724,
  -0.981747 -0.412445 1.36691,
  -0.974081 -0.419731 1.40342,
  -0.96748 -0.426432 1.43485,
  -0.962341 -0.432328 1.45932,
  -0.959065 -0.4372 1.47492,
  -0.958049 -0.440828 1.47976,
  -0.959561 -0.443066 1.47256,
  -0.963333 -0.444061 1.4546,
  -0.968968 -0.444031 1.42777,
  -0.976065 -0.443196 1.39397,
  -0.984227 -0.441777 1.35511,
  -0.993053 -0.439991 1.31308,
  -1.00215 -0.438059 1.26978,
  -1.01111 -0.4362 1.22712,
  -1.01953 -0.434634 1.18699,
  -1.02703 -0.43358 1.15129 ]
}
DEF footRotationInterp_25 OrientationInterpolator {
key	[ 0, 0.05, 0.1, 0.15,
  0.2, 0.25, 0.3, 0.35,
  0.4, 0.45, 0.5, 0.55,
  0.6, 0.65, 0.7, 0.75,
  0.8, 0.85, 0.9, 0.95,
  1 ]
keyValue	[ 0 0 1  0,
  -2.06657e-008 1 5.05901e-009  0.0562115,
  -2.13218e-008 1 7.06446e-009  0.138334,
  -2.16024e-008 1 7.92194e-009  0.238757,
  -2.16782e-008 1 8.15366e-009  0.34986,
  -2.16153e-008 1 7.96157e-009  0.46403,
  -2.1436e-008 1 7.4135e-009  0.573649,
  -2.1137e-008 1 6.49954e-009  0.671103,
  -2.06932e-008 1 5.14306e-009  0.748776,
  -2.00523e-008 1 3.1841e-009  0.799052,
  -1.91171e-008 1 3.25609e-010  0.814315,
  -1.7622e-008 1 -4.24434e-009  0.789058,
  -1.5281e-008 1 -1.13996e-008  0.728118,
  -1.17391e-008 1 -2.22256e-008  0.639399,
  -6.25015e-009 1 -3.90027e-008  0.530802,
  2.84738e-009 1 -6.68097e-008  0.410232,
  1.99145e-008 1 -1.18976e-007  0.28559,
  6.06018e-008 1 -2.43338e-007  0.164779,
  2.48108e-007 1 -8.16458e-007  0.0557001,
  5.026e-007 -1 -1.47811e-006  0.0337378,
  2.0047e-007 -1 -5.54638e-007  0.09564 ]
}
]
}
]
translation	0.0125899 -1.28802 -1.72311
rotation	-1 0 0  1.57
scale	1 1 1
center	-2.03986 0.0963821 1.2039
}
Transform {
children	Shape {
appearance	Appearance {
material	USE _0

texture	NULL
textureTransform	NULL
}

geometry	DEF _26 IndexedFaceSet {
coord	Coordinate {
point	[ 1 1 -1,
  1 -1 -1,
  -1 -1 -1,
  -1 1 -1 ]
}

coordIndex	[ 0, 1, 2, 3, -1 ]
creaseAngle	0.5
normalIndex	[  ]
}

}

translation	-1.22614 -3.18846 -0.458017
rotation	0.507633 0.609467 -0.608982  2.20276
scale	2.93478 2.93478 0.269114
scaleOrientation	0 0 1  0
}
]
translation	-1.68411 -0.0115637 2.08646
rotation	0 1 0  4.50212
}
DEF _27 TimeSensor {
enabled	TRUE
loop	TRUE
}
DEF bbAniTrigger_28 Script {
eventIn SFTime	triggerIn
eventOut SFTime	startTime
eventOut SFBool	firstTime
url	"javascript:function triggerIn(value, time) { startTime = value; firstTime = FALSE; }"
}
DEF _29 TimeSensor {
enabled	TRUE
loop	TRUE
}
DEF bbAniTrigger_30 Script {
eventIn SFTime	triggerIn
eventOut SFTime	startTime
eventOut SFBool	firstTime
url	"javascript:function triggerIn(value, time) { startTime = value; firstTime = FALSE; }"
}
ROUTE footRotationInterp_25.value_changed TO foot_3.set_rotation
ROUTE leyeTranslationInterp_23.value_changed TO leye_9.set_translation
ROUTE reyeTranslationInterp_24.value_changed TO reye_11.set_translation
ROUTE bbAniTrigger_30.startTime TO UnnamedAnimation0Time_21.set_startTime
ROUTE bbAniTrigger_28.startTime TO UnnamedAnimation0Time_21.set_startTime
ROUTE UnnamedAnimation0Time_21.fraction_changed TO ballboyTranslationInterp_22.set_fraction
ROUTE UnnamedAnimation0Time_21.fraction_changed TO leyeTranslationInterp_23.set_fraction
ROUTE UnnamedAnimation0Time_21.fraction_changed TO reyeTranslationInterp_24.set_fraction
ROUTE UnnamedAnimation0Time_21.fraction_changed TO footRotationInterp_25.set_fraction
ROUTE ballboyTranslationInterp_22.value_changed TO ballboy_2.set_translation
ROUTE bbAniTrigger_28.firstTime TO _27.set_enabled
ROUTE _27.time TO bbAniTrigger_28.triggerIn
ROUTE bbAniTrigger_30.firstTime TO _29.set_enabled
ROUTE _29.time TO bbAniTrigger_30.triggerIn
