#VRML V2.0 utf8

#Cosmo Worlds V2.0

WorldInfo {
info	"Published by Cosmo Worlds V2.0"
}
Transform {
children	[
NavigationInfo {
headlight	FALSE
}
DEF room_out Viewpoint {
position	6.47307 14.7591 -36.2812
orientation	-7.99383e-005 0.999848 0.0174394  3.12522
fieldOfView	0.65
description	"room_out"
}
DEF room_in Viewpoint {
position	-13.1 16.2 -7.78
orientation	-0.054452 -0.995623 -0.0759623  1.9
fieldOfView	0.988
description	"room_in"
}
DEF LocLight PointLight {
on	TRUE
intensity	0.16
color	1 0.957 0.929
location	-0.313 21.5 6.43
}
DEF LocLight PointLight {
on	TRUE
intensity	0.48
color	1 1 1
location	-0.462 21.7 0.0366
}
DEF SpotLight SpotLight {
on	TRUE
intensity	0.45
color	1 1 1
location	13.9 22.2 -32.9
direction	-0.951 -1.03 1.43
cutOffAngle	1.05
}
DEF LocLight PointLight {
on	TRUE
intensity	0.36
color	1 0.933 0.906
location	-0.421 21.7 3.23
}
DEF room Transform {
children	Shape {
appearance	Appearance {
material	Material {
ambientIntensity	0.07
diffuseColor	1 1 1
specularColor	0.04 0.04 0.04
emissiveColor	0 0 0
shininess	0
transparency	0
}

}

geometry	DEF _0 IndexedFaceSet {
coord	Coordinate {
point	[ -1 -1 -1,
  -1 -1 1,
  1 -1 -1,
  1 -1 1,
  -1 1 -1,
  1 1 -1,
  1 1 1,
  -1 1 1,
  -0.949 -0.949 -0.949,
  -0.949 -0.949 0.949,
  0.949 -0.949 -0.949,
  0.949 -0.949 0.949,
  -0.949 0.949 -0.949,
  0.949 0.949 -0.949,
  0.949 0.949 0.949,
  -0.949 0.949 0.949,
  -0.448 -1 0.809,
  -0.448 -0.949 0.809,
  0.825 -1 0.809,
  0.825 -0.949 0.809,
  0.825 -1 -0.291,
  0.825 -0.949 -0.291,
  -0.448 -0.949 -0.291,
  -0.448 -1 -0.291,
  -0.16 0.949 0.812,
  -0.16 1 0.812,
  0.574 0.949 0.812,
  0.574 1 0.812,
  0.574 0.949 -0.948,
  0.574 1 -0.948,
  -0.16 1 -0.948,
  -0.16 0.949 -0.948,
  -0.16 0.949 -0.948,
  -0.16 1 -0.948,
  0.574 1 -0.948,
  0.574 0.949 -0.948,
  0.574 1 0.812,
  0.574 0.949 0.812,
  -0.16 1 0.812,
  -0.16 0.949 0.812 ]
}

coordIndex	[ 16, 3, 18, -1, 1, 3, 16, -1,
  1, 16, 23, -1, 0, 1, 23, -1,
  18, 3, 2, -1, 20, 18, 2, -1,
  23, 20, 2, -1, 0, 23, 2, -1,
  2, 5, 4, 0, -1, 3, 6, 5,
  2, -1, 1, 7, 6, 3, -1, 27,
  29, 6, -1, 25, 27, 6, -1, 7,
  25, 6, -1, 7, 4, 25, -1, 29,
  5, 6, -1, 30, 5, 29, -1, 4,
  5, 30, -1, 4, 30, 25, -1, 7,
  1, 0, 4, -1, 21, 10, 11, -1,
  22, 10, 21, -1, 8, 10, 22, -1,
  8, 22, 17, -1, 19, 21, 11, -1,
  17, 19, 11, -1, 9, 17, 11, -1,
  9, 8, 17, -1, 10, 8, 12, 13,
  -1, 11, 10, 13, 14, -1, 9, 11,
  14, 15, -1, 24, 14, 26, -1, 15,
  14, 24, -1, 15, 24, 31, -1, 12,
  15, 31, -1, 26, 14, 13, -1, 28,
  26, 13, -1, 31, 28, 13, -1, 12,
  31, 13, -1, 15, 12, 8, 9, -1,
  16, 17, 22, 23, -1, 18, 19, 17,
  16, -1, 23, 22, 21, 20, -1, 20,
  21, 19, 18, -1, 31, 24, 25, 30,
  -1, 24, 26, 27, 25, -1, 28, 31,
  30, 29, -1, 26, 28, 29, 27, -1 ]
colorPerVertex	FALSE
ccw	FALSE
solid	TRUE
creaseAngle	0.559
normalIndex	[  ]
texCoordIndex	[  ]
}

}

translation	0.152 11.7 -5.1e-007
rotation	-1 0 0  1.57
scale	18.3 18.9 11.7
}
DEF door Transform {
children	Shape {
appearance	Appearance {
material	Material {
ambientIntensity	0.1
diffuseColor	0.863 0.588 0.588
specularColor	0.29 0.29 0.29
emissiveColor	0 0 0
shininess	0.36
transparency	0
}

texture	DEF _1 PixelTexture {
image	200 180 4
0xa75f1fff 0x9f571fff 0x8f4f1fff 0x874717ff
0x974f1fff 0x9f571fff 0x9f571fff 0x9f571fff
0x9f571fff 0x9f571fff 0x9f571fff 0x9f571fff
0x9f571fff 0x9f571fff 0x9f5717ff 0x974f17ff
0x974f17ff 0x975717ff 0x975717ff 0x9f5717ff
0x9f4f17ff 0x9f4f17ff 0x9f4f17ff 0x9f5717ff
0x975717ff 0x974f17ff 0x9f5717ff 0x9f571fff
0x974f1fff 0x8f4717ff 0x8f4717ff 0x8f4717ff
0x873f17ff 0x7f3f17ff 0x7f3f17ff 0x8f4717ff
0x9f571fff 0xa75f1fff 0xa75f1fff 0xaf5f1fff
0xaf5f1fff 0xb7671fff 0xb7671fff 0xaf5f1fff
0x9f571fff 0x9f5f1fff 0xaf671fff 0xaf671fff
0xaf671fff 0xaf671fff 0xaf671fff 0xaf671fff
0xa75f1fff 0x9f571fff 0x8f4f1fff 0x7f4717ff
0x6f3f17ff 0x6f3717ff 0x6f3f17ff 0x773f17ff
0x7f3f17ff 0x874717ff 0x8f4f17ff 0x974f17ff
0x974f17ff 0x8f4f17ff 0x874717ff 0x874717ff
0x974f17ff 0x974f17ff 0x974f17ff 0x974f17ff
0x8f4717ff 0x874717ff 0x7f3f17ff 0x773f17ff
0x773f17ff 0x773f17ff 0x7f4717ff 0x8f4717ff
0x8f4f17ff 0x8f4f17ff 0x874717ff 0x673717ff
0x5f3717ff 0x673717ff 0x6f3717ff 0x773f17ff
0x87471fff 0x8f4f1fff 0x974f17ff 0x9f5717ff
0x9f571fff 0x97571fff 0x97571fff 0x97571fff
0x874f17ff 0x6f3717ff 0x5f2f17ff 0x673717ff
0x673717ff 0x5f2f17ff 0x6f3717ff 0x874f17ff
0x97571fff 0x97571fff 0x97571fff 0x9f571fff
0x9f5717ff 0x974f17ff 0x8f4f1fff 0x87471fff
0x773f17ff 0x6f3717ff 0x673717ff 0x5f3717ff
0x673717ff 0x874717ff 0x8f4f17ff 0x8f4f17ff
0x8f4717ff 0x7f4717ff 0x773f17ff 0x773f17ff
0x773f17ff 0x7f3f17ff 0x874717ff 0x8f4717ff
0x974f17ff 0x974f17ff 0x974f17ff 0x974f17ff
0x874717ff 0x874717ff 0x8f4f17ff 0x974f17ff
0x974f17ff 0x8f4f17ff 0x874717ff 0x7f3f17ff
0x773f17ff 0x6f3f17ff 0x6f3717ff 0x6f3f17ff
0x7f4717ff 0x8f4f1fff 0x9f571fff 0xa75f1fff
0xaf671fff 0xaf671fff 0xaf671fff 0xaf671fff
0xaf671fff 0xaf671fff 0x9f5f1fff 0x9f571fff
0xaf5f1fff 0xb7671fff 0xb7671fff 0xaf5f1fff
0xaf5f1fff 0xa75f1fff 0xa75f1fff 0x9f571fff
0x8f4717ff 0x7f3f17ff 0x7f3f17ff 0x873f17ff
0x8f4717ff 0x8f4717ff 0x8f4717ff 0x974f1fff
0x9f571fff 0x9f5717ff 0x974f17ff 0x975717ff
0x9f5717ff 0x9f4f17ff 0x9f4f17ff 0x9f4f17ff
0x9f5717ff 0x975717ff 0x975717ff 0x974f17ff
0x974f17ff 0x9f5717ff 0x9f571fff 0x9f571fff
0x9f571fff 0x9f571fff 0x9f571fff 0x9f571fff
0x9f571fff 0x9f571fff 0x9f571fff 0x974f1fff
0x874717ff 0x8f4f1fff 0x9f571fff 0xa75f1fff
0xa75f1fff 0x97571fff 0x8f4f1fff 0x8f4f17ff
0x974f17ff 0x9f5717ff 0x9f5717ff 0x9f5717ff
0x9f5717ff 0x9f5717ff 0x9f571fff 0x9f571fff
0x9f571fff 0x9f571fff 0x9f5717ff 0x974f17ff
0x974f17ff 0x9f5717ff 0x9f5717ff 0x9f5717ff
0x9f4f17ff 0x974f17ff 0x9f4f17ff 0x9f4f17ff
0x9f4f17ff 0x974f17ff 0x974f17ff 0x974f17ff
0x8f4f17ff 0x8f4717ff 0x8f3f17ff 0x8f4717ff
0x873f17ff 0x7f3f17ff 0x873f17ff 0x8f4717ff
0x974f17ff 0xa75f1fff 0xa75f1fff 0xaf5f1fff
0xaf671fff 0xb7671fff 0xb76f1fff 0xaf5f1fff
0x9f571fff 0xa75f1fff 0xaf671fff 0xb7671fff
0xaf671fff 0xaf671fff 0xaf671fff 0xaf5f1fff
0xa75f1fff 0x9f571fff 0x8f4717ff 0x773f17ff
0x6f3717ff 0x67370fff 0x6f3717ff 0x773f17ff
0x7f3f17ff 0x7f3f17ff 0x8f4717ff 0x8f4f17ff
0x8f4f17ff 0x8f4f17ff 0x874717ff 0x874717ff
0x974f17ff 0x974f17ff 0x974f17ff 0x974f17ff
0x8f4717ff 0x7f3f17ff 0x773f17ff 0x673717ff
0x67370fff 0x773f17ff 0x7f3f17ff 0x874717ff
0x8f4717ff 0x8f4717ff 0x873f17ff 0x773717ff
0x67370fff 0x673717ff 0x6f3717ff 0x7f3f17ff
0x8f4717ff 0x8f4f17ff 0x974f17ff 0x974f17ff
0x974f1fff 0x97571fff 0x974f1fff 0x974f17ff
0x874717ff 0x6f3717ff 0x673717ff 0x773f17ff
0x773f17ff 0x673717ff 0x6f3717ff 0x874717ff
0x974f17ff 0x974f1fff 0x97571fff 0x974f1fff
0x974f17ff 0x974f17ff 0x8f4f17ff 0x8f4717ff
0x7f3f17ff 0x6f3717ff 0x673717ff 0x67370fff
0x773717ff 0x873f17ff 0x8f4717ff 0x8f4717ff
0x874717ff 0x7f3f17ff 0x773f17ff 0x67370fff
0x673717ff 0x773f17ff 0x7f3f17ff 0x8f4717ff
0x974f17ff 0x974f17ff 0x974f17ff 0x974f17ff
0x874717ff 0x874717ff 0x8f4f17ff 0x8f4f17ff
0x8f4f17ff 0x8f4717ff 0x7f3f17ff 0x7f3f17ff
0x773f17ff 0x6f3717ff 0x67370fff 0x6f3717ff
0x773f17ff 0x8f4717ff 0x9f571fff 0xa75f1fff
0xaf5f1fff 0xaf671fff 0xaf671fff 0xaf671fff
0xb7671fff 0xaf671fff 0xa75f1fff 0x9f571fff
0xaf5f1fff 0xb76f1fff 0xb7671fff 0xaf671fff
0xaf5f1fff 0xa75f1fff 0xa75f1fff 0x974f17ff
0x8f4717ff 0x873f17ff 0x7f3f17ff 0x873f17ff
0x8f4717ff 0x8f3f17ff 0x8f4717ff 0x8f4f17ff
0x974f17ff 0x974f17ff 0x974f17ff 0x9f4f17ff
0x9f4f17ff 0x9f4f17ff 0x974f17ff 0x9f4f17ff
0x9f5717ff 0x9f5717ff 0x9f5717ff 0x974f17ff
0x974f17ff 0x9f5717ff 0x9f571fff 0x9f571fff
0x9f571fff 0x9f571fff 0x9f5717ff 0x9f5717ff
0x9f5717ff 0x9f5717ff 0x9f5717ff 0x974f17ff
0x8f4f17ff 0x8f4f1fff 0x97571fff 0xa75f1fff
0xa75f1fff 0x97571fff 0x8f4f17ff 0x8f4f17ff
0x974f17ff 0x9f5717ff 0x9f5717ff 0x9f5717ff
0x9f5717ff 0x9f5717ff 0x9f5717ff 0x9f5717ff
0x9f5717ff 0x9f5717ff 0x9f5717ff 0x974f17ff
0x974f17ff 0x9f5717ff 0x9f5f17ff 0x9f5717ff
0x9f5717ff 0x974f17ff 0x9f4f17ff 0x9f4f17ff
0x9f4f17ff 0x974f17ff 0x974f17ff 0x974f17ff
0x8f4717ff 0x8f4717ff 0x8f3f17ff 0x8f4717ff
0x7f3f17ff 0x773f17ff 0x7f3f17ff 0x874717ff
0x8f4f17ff 0x9f571fff 0xa75f1fff 0xa75f1fff
0xaf671fff 0xb7671fff 0xb76f1fff 0xb7671fff
0xa75f1fff 0xa75f1fff 0xaf671fff 0xb7671fff
0xb7671fff 0xaf671fff 0xaf671fff 0xaf5f1fff
0xa75f1fff 0x9f571fff 0x8f4717ff 0x7f3f17ff
0x6f370fff 0x67370fff 0x67370fff 0x77370fff
0x773f0fff 0x7f3f0fff 0x874717ff 0x8f4717ff
0x8f4f17ff 0x8f4717ff 0x874717ff 0x874717ff
0x8f4717ff 0x974f17ff 0x974f17ff 0x974f17ff
0x8f4717ff 0x874717ff 0x6f3717ff 0x5f2f0fff
0x5f370fff 0x6f3717ff 0x7f3f17ff 0x874717ff
0x8f4717ff 0x8f4717ff 0x873f17ff 0x7f3f17ff
0x6f370fff 0x67370fff 0x773717ff 0x873f17ff
0x8f4f17ff 0x974f17ff 0x974f17ff 0x9f571fff
0x9f571fff 0x97571fff 0x974f17ff 0x8f4f17ff
0x874717ff 0x6f3717ff 0x673717ff 0x773f17ff
0x773f17ff 0x673717ff 0x6f3717ff 0x874717ff
0x8f4f17ff 0x974f17ff 0x97571fff 0x9f571fff
0x9f571fff 0x974f17ff 0x974f17ff 0x8f4f17ff
0x873f17ff 0x773717ff 0x67370fff 0x6f370fff
0x7f3f17ff 0x873f17ff 0x8f4717ff 0x8f4717ff
0x874717ff 0x7f3f17ff 0x6f3717ff 0x5f370fff
0x5f2f0fff 0x6f3717ff 0x874717ff 0x8f4717ff
0x974f17ff 0x974f17ff 0x974f17ff 0x8f4717ff
0x874717ff 0x874717ff 0x8f4717ff 0x8f4f17ff
0x8f4717ff 0x874717ff 0x7f3f0fff 0x773f0fff
0x77370fff 0x67370fff 0x67370fff 0x6f370fff
0x7f3f17ff 0x8f4717ff 0x9f571fff 0xa75f1fff
0xaf5f1fff 0xaf671fff 0xaf671fff 0xb7671fff
0xb7671fff 0xaf671fff 0xa75f1fff 0xa75f1fff
0xb7671fff 0xb76f1fff 0xb7671fff 0xaf671fff
0xa75f1fff 0xa75f1fff 0x9f571fff 0x8f4f17ff
0x874717ff 0x7f3f17ff 0x773f17ff 0x7f3f17ff
0x8f4717ff 0x8f3f17ff 0x8f4717ff 0x8f4717ff
0x974f17ff 0x974f17ff 0x974f17ff 0x9f4f17ff
0x9f4f17ff 0x9f4f17ff 0x974f17ff 0x9f5717ff
0x9f5717ff 0x9f5f17ff 0x9f5717ff 0x974f17ff
0x974f17ff 0x9f5717ff 0x9f5717ff 0x9f5717ff
0x9f5717ff 0x9f5717ff 0x9f5717ff 0x9f5717ff
0x9f5717ff 0x9f5717ff 0x9f5717ff 0x974f17ff
0x8f4f17ff 0x8f4f17ff 0x97571fff 0xa75f1fff
0xa75f1fff 0x9f571fff 0x8f4f17ff 0x8f4f17ff
0x974f17ff 0x9f4f17ff 0x9f5717ff 0x9f5717ff
0x9f5717ff 0x9f5717ff 0x9f5717ff 0x9f5717ff
0x9f5717ff 0x9f5717ff 0x9f5717ff 0x974f17ff
0x974f17ff 0x9f5717ff 0x9f5717ff 0x9f5717ff
0x9f5717ff 0x9f4f17ff 0x9f4f17ff 0x9f4f17ff
0x9f4f17ff 0x9f4f17ff 0x974f17ff 0x974f17ff
0x8f4717ff 0x8f4717ff 0x8f4717ff 0x8f4717ff
0x7f3f17ff 0x773717ff 0x7f3f17ff 0x874717ff
0x8f4717ff 0x9f5717ff 0xa7571fff 0xa75f1fff
0xaf5f1fff 0xaf671fff 0xb76f1fff 0xb7671fff
0xaf5f1fff 0xaf5f1fff 0xaf671fff 0xaf671fff
0xaf671fff 0xaf671fff 0xaf5f1fff 0xaf5f1fff
0xa75f1fff 0x9f4f17ff 0x8f3f17ff 0x7f370fff
0x6f370fff 0x67370fff 0x6f370fff 0x6f370fff
0x77370fff 0x7f3f17ff 0x873f17ff 0x8f4717ff
0x8f4717ff 0x874717ff 0x7f3f17ff 0x7f3f17ff
0x8f4717ff 0x974f17ff 0x974f17ff 0x8f4717ff
0x874717ff 0x874717ff 0x6f370fff 0x572f0fff
0x5f2f0fff 0x6f370fff 0x773f17ff 0x874717ff
0x8f4717ff 0x8f4717ff 0x874717ff 0x7f3f17ff
0x6f370fff 0x672f0fff 0x77370fff 0x874717ff
0x974f17ff 0x974f17ff 0x974f17ff 0x9f571fff
0x9f571fff 0x9f5717ff 0x974f17ff 0x8f4717ff
0x7f3f17ff 0x6f3717ff 0x6f3717ff 0x773f17ff
0x773f17ff 0x6f3717ff 0x6f3717ff 0x7f3f17ff
0x8f4717ff 0x974f17ff 0x9f5717ff 0x9f571fff
0x9f571fff 0x974f17ff 0x974f17ff 0x974f17ff
0x874717ff 0x77370fff 0x672f0fff 0x6f370fff
0x7f3f17ff 0x874717ff 0x8f4717ff 0x8f4717ff
0x874717ff 0x773f17ff 0x6f370fff 0x5f2f0fff
0x572f0fff 0x6f370fff 0x874717ff 0x874717ff
0x8f4717ff 0x974f17ff 0x974f17ff 0x8f4717ff
0x7f3f17ff 0x7f3f17ff 0x874717ff 0x8f4717ff
0x8f4717ff 0x873f17ff 0x7f3f17ff 0x77370fff
0x6f370fff 0x6f370fff 0x67370fff 0x6f370fff
0x7f370fff 0x8f3f17ff 0x9f4f17ff 0xa75f1fff
0xaf5f1fff 0xaf5f1fff 0xaf671fff 0xaf671fff
0xaf671fff 0xaf671fff 0xaf5f1fff 0xaf5f1fff
0xb7671fff 0xb76f1fff 0xaf671fff 0xaf5f1fff
0xa75f1fff 0xa7571fff 0x9f5717ff 0x8f4717ff
0x874717ff 0x7f3f17ff 0x773717ff 0x7f3f17ff
0x8f4717ff 0x8f4717ff 0x8f4717ff 0x8f4717ff
0x974f17ff 0x974f17ff 0x9f4f17ff 0x9f4f17ff
0x9f4f17ff 0x9f4f17ff 0x9f4f17ff 0x9f5717ff
0x9f5717ff 0x9f5717ff 0x9f5717ff 0x974f17ff
0x974f17ff 0x9f5717ff 0x9f5717ff 0x9f5717ff
0x9f5717ff 0x9f5717ff 0x9f5717ff 0x9f5717ff
0x9f5717ff 0x9f5717ff 0x9f4f17ff 0x974f17ff
0x8f4f17ff 0x8f4f17ff 0x9f571fff 0xa75f1fff
0xa75f1fff 0x9f571fff 0x8f4f17ff 0x8f4f17ff
0x974f17ff 0x9f5717ff 0x9f5717ff 0x9f5717ff
0x9f5717ff 0x9f5717ff 0x9f5717ff 0x9f5717ff
0x9f4f17ff 0x9f4f17ff 0x9f4f17ff 0x974f17ff
0x974f17ff 0x974f17ff 0x974f17ff 0x9f4f17ff
0x9f4f17ff 0x9f4f17ff 0x9f4f17ff 0x9f4f17ff
0x9f4f17ff 0x9f4f17ff 0x974f17ff 0x974f17ff
0x8f4717ff 0x8f4717ff 0x8f4717ff 0x874717ff
0x7f3f17ff 0x7f3f17ff 0x873f17ff 0x8f4717ff
0x974f17ff 0x9f5717ff 0xa75f17ff 0xa75f17ff
0xaf5f1fff 0xaf671fff 0xaf671fff 0xaf671fff
0xaf671fff 0xaf671fff 0xaf671fff 0xaf671fff
0xaf671fff 0xaf5f1fff 0xaf5f17ff 0xa75f17ff
0xa75f17ff 0x9f4f17ff 0x873f17ff 0x77370fff
0x67370fff 0x67370fff 0x6f370fff 0x6f370fff
0x6f370fff 0x7f370fff 0x873f17ff 0x8f4717ff
0x8f4717ff 0x8f4717ff 0x7f3f17ff 0x7f3f17ff
0x8f4717ff 0x8f4f17ff 0x8f4f17ff 0x8f4717ff
0x874717ff 0x874717ff 0x6f3f0fff 0x5f2f0fff
0x67370fff 0x77370fff 0x7f3f17ff 0x874717ff
0x8f4717ff 0x8f4717ff 0x874717ff 0x7f3f17ff
0x6f370fff 0x672f0fff 0x77370fff 0x874717ff
0x8f4f17ff 0x974f17ff 0x974f17ff 0x9f5717ff
0x9f571fff 0x9f5717ff 0x974f17ff 0x874717ff
0x7f3f17ff 0x773f17ff 0x7f3f17ff 0x7f3f17ff
0x7f3f17ff 0x7f3f17ff 0x773f17ff 0x7f3f17ff
0x874717ff 0x974f17ff 0x9f5717ff 0x9f571fff
0x9f5717ff 0x974f17ff 0x974f17ff 0x8f4f17ff
0x874717ff 0x77370fff 0x672f0fff 0x6f370fff
0x7f3f17ff 0x874717ff 0x8f4717ff 0x8f4717ff
0x874717ff 0x7f3f17ff 0x77370fff 0x67370fff
0x5f2f0fff 0x6f3f0fff 0x874717ff 0x874717ff
0x8f4717ff 0x8f4f17ff 0x8f4f17ff 0x8f4717ff
0x7f3f17ff 0x7f3f17ff 0x8f4717ff 0x8f4717ff
0x8f4717ff 0x873f17ff 0x7f370fff 0x6f370fff
0x6f370fff 0x6f370fff 0x67370fff 0x67370fff
0x77370fff 0x873f17ff 0x9f4f17ff 0xa75f17ff
0xa75f17ff 0xaf5f17ff 0xaf5f1fff 0xaf671fff
0xaf671fff 0xaf671fff 0xaf671fff 0xaf671fff
0xaf671fff 0xaf671fff 0xaf671fff 0xaf5f1fff
0xa75f17ff 0xa75f17ff 0x9f5717ff 0x974f17ff
0x8f4717ff 0x873f17ff 0x7f3f17ff 0x7f3f17ff
0x874717ff 0x8f4717ff 0x8f4717ff 0x8f4717ff
0x974f17ff 0x974f17ff 0x9f4f17ff 0x9f4f17ff
0x9f4f17ff 0x9f4f17ff 0x9f4f17ff 0x9f4f17ff
0x9f4f17ff 0x974f17ff 0x974f17ff 0x974f17ff
0x974f17ff 0x9f4f17ff 0x9f4f17ff 0x9f4f17ff
0x9f5717ff 0x9f5717ff 0x9f5717ff 0x9f5717ff
0x9f5717ff 0x9f5717ff 0x9f5717ff 0x974f17ff
0x8f4f17ff 0x8f4f17ff 0x9f571fff 0xa75f1fff
0xa75f1fff 0x9f571fff 0x974f17ff 0x8f4f17ff
0x974f17ff 0x974f17ff 0x9f4f17ff 0x9f5717ff
0x9f5717ff 0x9f5717ff 0x9f5717ff 0x9f5717ff
0x9f4f17ff 0x9f4f17ff 0x9f4f17ff 0x9f4f17ff
0x975717ff 0x975717ff 0x974f17ff 0x9f4f17ff
0x9f4f17ff 0x9f4f17ff 0x9f5717ff 0x9f5717ff
0x9f4f17ff 0x9f4f17ff 0x974f17ff 0x974717ff
0x8f4717ff 0x8f4717ff 0x8f4717ff 0x874717ff
0x7f3f17ff 0x7f3f17ff 0x874717ff 0x8f4f17ff
0x974f17ff 0x9f5f17ff 0xa75f17ff 0xa75f17ff
0xa75f17ff 0xaf6717ff 0xaf671fff 0xaf671fff
0xaf671fff 0xaf671fff 0xa7671fff 0xaf671fff
0xaf5f1fff 0xa75f17ff 0xaf5f17ff 0xaf5f17ff
0xa75f17ff 0x9f5717ff 0x874717ff 0x773f17ff
0x67370fff 0x67370fff 0x6f370fff 0x6f370fff
0x6f370fff 0x77370fff 0x873f17ff 0x8f4717ff
0x8f4717ff 0x8f4717ff 0x873f17ff 0x873f17ff
0x874717ff 0x8f4f17ff 0x8f4f17ff 0x874717ff
0x874717ff 0x874717ff 0x773f0fff 0x67370fff
0x6f370fff 0x773f17ff 0x7f3f17ff 0x874717ff
0x874717ff 0x874717ff 0x873f17ff 0x77370fff
0x6f370fff 0x6f370fff 0x773f17ff 0x874717ff
0x8f4f17ff 0x974f17ff 0x974f17ff 0x9f5717ff
0x9f5717ff 0x9f5717ff 0x974f17ff 0x874717ff
0x7f3f17ff 0x7f3f17ff 0x873f17ff 0x874717ff
0x874717ff 0x873f17ff 0x7f3f17ff 0x7f3f17ff
0x874717ff 0x974f17ff 0x9f5717ff 0x9f5717ff
0x9f5717ff 0x974f17ff 0x974f17ff 0x8f4f17ff
0x874717ff 0x773f17ff 0x6f370fff 0x6f370fff
0x77370fff 0x873f17ff 0x874717ff 0x874717ff
0x874717ff 0x7f3f17ff 0x773f17ff 0x6f370fff
0x67370fff 0x773f0fff 0x874717ff 0x874717ff
0x874717ff 0x8f4f17ff 0x8f4f17ff 0x874717ff
0x873f17ff 0x873f17ff 0x8f4717ff 0x8f4717ff
0x8f4717ff 0x873f17ff 0x77370fff 0x6f370fff
0x6f370fff 0x6f370fff 0x67370fff 0x67370fff
0x773f17ff 0x874717ff 0x9f5717ff 0xa75f17ff
0xaf5f17ff 0xaf5f17ff 0xa75f17ff 0xaf5f1fff
0xaf671fff 0xa7671fff 0xaf671fff 0xaf671fff
0xaf671fff 0xaf671fff 0xaf6717ff 0xa75f17ff
0xa75f17ff 0xa75f17ff 0x9f5f17ff 0x974f17ff
0x8f4f17ff 0x874717ff 0x7f3f17ff 0x7f3f17ff
0x874717ff 0x8f4717ff 0x8f4717ff 0x8f4717ff
0x974717ff 0x974f17ff 0x9f4f17ff 0x9f4f17ff
0x9f5717ff 0x9f5717ff 0x9f4f17ff 0x9f4f17ff
0x9f4f17ff 0x974f17ff 0x975717ff 0x975717ff
0x9f4f17ff 0x9f4f17ff 0x9f4f17ff 0x9f4f17ff
0x9f5717ff 0x9f5717ff 0x9f5717ff 0x9f5717ff
0x9f5717ff 0x9f4f17ff 0x974f17ff 0x974f17ff
0x8f4f17ff 0x974f17ff 0x9f571fff 0xa75f1fff
0xa75f1fff 0x9f571fff 0x974f17ff 0x8f4f17ff
0x974f17ff 0x974f17ff 0x9f4f17ff 0x9f5717ff
0x9f5717ff 0x9f5717ff 0x9f5717ff 0x9f5717ff
0x9f4f17ff 0x9f4f17ff 0x9f4f17ff 0x974f17ff
0x9f4f17ff 0x9f5717ff 0x974f17ff 0x9f4f17ff
0x9f4f17ff 0x9f5717ff 0x9f5717ff 0x9f5717ff
0x9f5717ff 0x9f5717ff 0x974f17ff 0x974f17ff
0x8f4717ff 0x8f4717ff 0x8f4717ff 0x874717ff
0x7f3f17ff 0x773f17ff 0x7f3f17ff 0x8f4f17ff
0x9f5717ff 0xa75f17ff 0xa75f17ff 0xa75717ff
0xa75f17ff 0xaf5f17ff 0xb7671fff 0xb7671fff
0xaf671fff 0xaf671fff 0xa7671fff 0xa7671fff
0xaf5f1fff 0xaf5f1fff 0xaf5f17ff 0xaf5f17ff
0xa75f17ff 0x9f4f17ff 0x874717ff 0x7f3f17ff
0x6f370fff 0x6f370fff 0x77370fff 0x6f370fff
0x6f370fff 0x77370fff 0x873f0fff 0x8f4717ff
0x8f4717ff 0x8f4717ff 0x873f17ff 0x7f3f17ff
0x874717ff 0x8f4717ff 0x8f4f17ff 0x8f4717ff
0x874717ff 0x7f3f17ff 0x6f370fff 0x67370fff
0x6f370fff 0x773f17ff 0x7f3f17ff 0x7f3f17ff
0x874717ff 0x874717ff 0x7f3f17ff 0x6f370fff
0x672f0fff 0x6f370fff 0x773f17ff 0x874717ff
0x8f4f17ff 0x974f17ff 0x974f17ff 0x9f5717ff
0x9f5717ff 0x9f5717ff 0x974f17ff 0x874717ff
0x7f3f17ff 0x7f3f17ff 0x874717ff 0x8f4f17ff
0x8f4f17ff 0x874717ff 0x7f3f17ff 0x7f3f17ff
0x874717ff 0x974f17ff 0x9f5717ff 0x9f5717ff
0x9f5717ff 0x974f17ff 0x974f17ff 0x8f4f17ff
0x874717ff 0x773f17ff 0x6f370fff 0x672f0fff
0x6f370fff 0x7f3f17ff 0x874717ff 0x874717ff
0x7f3f17ff 0x7f3f17ff 0x773f17ff 0x6f370fff
0x67370fff 0x6f370fff 0x7f3f17ff 0x874717ff
0x8f4717ff 0x8f4f17ff 0x8f4717ff 0x874717ff
0x7f3f17ff 0x873f17ff 0x8f4717ff 0x8f4717ff
0x8f4717ff 0x873f0fff 0x77370fff 0x6f370fff
0x6f370fff 0x77370fff 0x6f370fff 0x6f370fff
0x7f3f17ff 0x874717ff 0x9f4f17ff 0xa75f17ff
0xaf5f17ff 0xaf5f17ff 0xaf5f1fff 0xaf5f1fff
0xa7671fff 0xa7671fff 0xaf671fff 0xaf671fff
0xb7671fff 0xb7671fff 0xaf5f17ff 0xa75f17ff
0xa75717ff 0xa75f17ff 0xa75f17ff 0x9f5717ff
0x8f4f17ff 0x7f3f17ff 0x773f17ff 0x7f3f17ff
0x874717ff 0x8f4717ff 0x8f4717ff 0x8f4717ff
0x974f17ff 0x974f17ff 0x9f5717ff 0x9f5717ff
0x9f5717ff 0x9f5717ff 0x9f5717ff 0x9f4f17ff
0x9f4f17ff 0x974f17ff 0x9f5717ff 0x9f4f17ff
0x974f17ff 0x9f4f17ff 0x9f4f17ff 0x9f4f17ff
0x9f5717ff 0x9f5717ff 0x9f5717ff 0x9f5717ff
0x9f5717ff 0x9f4f17ff 0x974f17ff 0x974f17ff
0x8f4f17ff 0x974f17ff 0x9f571fff 0xa75f1fff
0xa75f1fff 0x9f571fff 0x974f17ff 0x8f4f17ff
0x974f17ff 0x974f17ff 0x9f5717ff 0x9f5717ff
0x9f5717ff 0x9f5717ff 0x9f5717ff 0x9f5717ff
0x9f4f17ff 0x974f17ff 0x974f17ff 0x974f17ff
0x9f4f17ff 0x9f4f17ff 0x9f4f17ff 0x9f4f17ff
0x9f4f17ff 0x9f5717ff 0x9f5717ff 0x9f5717ff
0x9f5717ff 0x974f17ff 0x8f4f17ff 0x8f4717ff
0x974f17ff 0x8f4717ff 0x874717ff 0x7f3f17ff
0x773f17ff 0x77370fff 0x773f17ff 0x8f4717ff
0x9f5717ff 0xa75717ff 0xa75f17ff 0xa75f17ff
0xa75f17ff 0xaf671fff 0xb7671fff 0xb7671fff
0xb76f1fff 0xaf6f1fff 0xaf671fff 0xaf671fff
0xaf671fff 0xaf671fff 0xaf5f1fff 0xaf5f1fff
0xa75f17ff 0x974f17ff 0x8f4717ff 0x7f3f17ff
0x673717ff 0x67370fff 0x6f370fff 0x773717ff
0x6f370fff 0x77370fff 0x873f17ff 0x8f4717ff
0x8f4717ff 0x8f4717ff 0x874717ff 0x7f3f17ff
0x874717ff 0x8f4717ff 0x8f4717ff 0x8f4717ff
0x874717ff 0x773f17ff 0x67370fff 0x672f0fff
0x67370fff 0x773f17ff 0x7f3f17ff 0x873f17ff
0x8f4717ff 0x874717ff 0x773717ff 0x672f0fff
0x672f0fff 0x6f370fff 0x7f3f17ff 0x874717ff
0x8f4f17ff 0x974f17ff 0x974f17ff 0x974f17ff
0x9f4f17ff 0x9f4f17ff 0x974f17ff 0x8f4717ff
0x7f3f17ff 0x874717ff 0x8f4717ff 0x8f4f17ff
0x8f4f17ff 0x8f4717ff 0x874717ff 0x7f3f17ff
0x8f4717ff 0x974f17ff 0x9f4f17ff 0x9f4f17ff
0x974f17ff 0x974f17ff 0x974f17ff 0x8f4f17ff
0x874717ff 0x7f3f17ff 0x6f370fff 0x672f0fff
0x672f0fff 0x773717ff 0x874717ff 0x8f4717ff
0x873f17ff 0x7f3f17ff 0x773f17ff 0x67370fff
0x672f0fff 0x67370fff 0x773f17ff 0x874717ff
0x8f4717ff 0x8f4717ff 0x8f4717ff 0x874717ff
0x7f3f17ff 0x874717ff 0x8f4717ff 0x8f4717ff
0x8f4717ff 0x873f17ff 0x77370fff 0x6f370fff
0x773717ff 0x6f370fff 0x67370fff 0x673717ff
0x7f3f17ff 0x8f4717ff 0x974f17ff 0xa75f17ff
0xaf5f1fff 0xaf5f1fff 0xaf671fff 0xaf671fff
0xaf671fff 0xaf671fff 0xaf6f1fff 0xb76f1fff
0xb7671fff 0xb7671fff 0xaf671fff 0xa75f17ff
0xa75f17ff 0xa75f17ff 0xa75717ff 0x9f5717ff
0x8f4717ff 0x773f17ff 0x77370fff 0x773f17ff
0x7f3f17ff 0x874717ff 0x8f4717ff 0x974f17ff
0x8f4717ff 0x8f4f17ff 0x974f17ff 0x9f5717ff
0x9f5717ff 0x9f5717ff 0x9f5717ff 0x9f4f17ff
0x9f4f17ff 0x9f4f17ff 0x9f4f17ff 0x9f4f17ff
0x974f17ff 0x974f17ff 0x974f17ff 0x9f4f17ff
0x9f5717ff 0x9f5717ff 0x9f5717ff 0x9f5717ff
0x9f5717ff 0x9f5717ff 0x974f17ff 0x974f17ff
0x8f4f17ff 0x974f17ff 0x9f571fff 0xa75f1fff
0xa75f1fff 0x9f571fff 0x8f4f17ff 0x8f4f17ff
0x974f17ff 0x974f17ff 0x9f5717ff 0x9f5717ff
0x9f5717ff 0x9f5717ff 0x9f5717ff 0x9f4f17ff
0x974f17ff 0x974f17ff 0x974f17ff 0x9f4f17ff
0x9f4f17ff 0x9f5717ff 0x974f17ff 0x974f17ff
0x9f4f17ff 0x9f5717ff 0x9f5717ff 0x9f5717ff
0x974f17ff 0x8f4717ff 0x874717ff 0x8f4717ff
0x8f4f17ff 0x8f4717ff 0x873f17ff 0x7f370fff
0x77370fff 0x77370fff 0x7f3f17ff 0x8f4717ff
0x9f4f17ff 0xa75717ff 0xa75f1fff 0xa75f17ff
0xa75f17ff 0xaf671fff 0xb76f1fff 0xb76f1fff
0xb76f1fff 0xb76f1fff 0xaf671fff 0xaf671fff
0xaf671fff 0xaf671fff 0xaf671fff 0xa75f1fff
0xa75f17ff 0x974f17ff 0x8f4717ff 0x7f3f17ff
0x6f3717ff 0x67370fff 0x67370fff 0x6f370fff
0x77370fff 0x7f3f0fff 0x873f17ff 0x8f4717ff
0x8f4f17ff 0x8f4f17ff 0x8f4717ff 0x7f3f17ff
0x874717ff 0x8f4717ff 0x8f4717ff 0x874717ff
0x7f3f17ff 0x6f370fff 0x67370fff 0x5f2f0fff
0x67370fff 0x773f17ff 0x873f17ff 0x874717ff
0x8f4717ff 0x8f4717ff 0x773717ff 0x672f0fff
0x672f0fff 0x6f370fff 0x7f3f17ff 0x874717ff
0x8f4f17ff 0x974f17ff 0x974f17ff 0x974f17ff
0x974f17ff 0x974f17ff 0x974f17ff 0x8f4717ff
0x874717ff 0x874717ff 0x8f4717ff 0x8f4f17ff
0x8f4f17ff 0x8f4717ff 0x874717ff 0x874717ff
0x8f4717ff 0x974f17ff 0x974f17ff 0x974f17ff
0x974f17ff 0x974f17ff 0x974f17ff 0x8f4f17ff
0x874717ff 0x7f3f17ff 0x6f370fff 0x672f0fff
0x672f0fff 0x773717ff 0x8f4717ff 0x8f4717ff
0x874717ff 0x873f17ff 0x773f17ff 0x67370fff
0x5f2f0fff 0x67370fff 0x6f370fff 0x7f3f17ff
0x874717ff 0x8f4717ff 0x8f4717ff 0x874717ff
0x7f3f17ff 0x8f4717ff 0x8f4f17ff 0x8f4f17ff
0x8f4717ff 0x873f17ff 0x7f3f0fff 0x77370fff
0x6f370fff 0x67370fff 0x67370fff 0x6f3717ff
0x7f3f17ff 0x8f4717ff 0x974f17ff 0xa75f17ff
0xa75f1fff 0xaf671fff 0xaf671fff 0xaf671fff
0xaf671fff 0xaf671fff 0xb76f1fff 0xb76f1fff
0xb76f1fff 0xb76f1fff 0xaf671fff 0xa75f17ff
0xa75f17ff 0xa75f1fff 0xa75717ff 0x9f4f17ff
0x8f4717ff 0x7f3f17ff 0x77370fff 0x77370fff
0x7f370fff 0x873f17ff 0x8f4717ff 0x8f4f17ff
0x8f4717ff 0x874717ff 0x8f4717ff 0x974f17ff
0x9f5717ff 0x9f5717ff 0x9f5717ff 0x9f4f17ff
0x974f17ff 0x974f17ff 0x9f5717ff 0x9f4f17ff
0x9f4f17ff 0x974f17ff 0x974f17ff 0x974f17ff
0x9f4f17ff 0x9f5717ff 0x9f5717ff 0x9f5717ff
0x9f5717ff 0x9f5717ff 0x974f17ff 0x974f17ff
0x8f4f17ff 0x8f4f17ff 0x9f571fff 0xa75f1fff
0xa7571fff 0x97571fff 0x8f4f17ff 0x8f4f17ff
0x8f4f17ff 0x974f17ff 0x975717ff 0x9f5717ff
0x9f5717ff 0xa75717ff 0xa75717ff 0x9f5717ff
0x974f17ff 0x974f17ff 0x9f4f17ff 0x9f4f17ff
0x974f17ff 0x974f17ff 0x974f17ff 0x974f17ff
0x974f17ff 0x9f5717ff 0x9f5717ff 0x9f5717ff
0x974f17ff 0x8f4717ff 0x874717ff 0x874717ff
0x8f4f17ff 0x8f4717ff 0x7f3f17ff 0x77370fff
0x77370fff 0x773f0fff 0x7f3f17ff 0x8f4717ff
0x9f4f17ff 0xa75717ff 0xa75f1fff 0xa75f1fff
0xa75f17ff 0xaf6717ff 0xb76f1fff 0xb76f1fff
0xb76f1fff 0xb76f1fff 0xaf671fff 0xaf671fff
0xaf671fff 0xaf671fff 0xaf671fff 0xa75f1fff
0xa75f17ff 0x9f5717ff 0x8f4717ff 0x873f17ff
0x7f3f17ff 0x6f370fff 0x672f0fff 0x6f370fff
0x77370fff 0x7f3f0fff 0x874717ff 0x8f4717ff
0x8f4717ff 0x974717ff 0x8f4717ff 0x7f3f17ff
0x7f3f17ff 0x8f4717ff 0x8f4717ff 0x873f17ff
0x773f0fff 0x6f370fff 0x6f370fff 0x672f0fff
0x672f0fff 0x6f370fff 0x7f3f17ff 0x874717ff
0x8f4f17ff 0x8f4717ff 0x773f17ff 0x672f0fff
0x67370fff 0x773f0fff 0x7f4717ff 0x8f4717ff
0x8f4f17ff 0x974f17ff 0x974f17ff 0x974f17ff
0x974f17ff 0x974f17ff 0x8f4f17ff 0x874717ff
0x874717ff 0x874717ff 0x8f4f17ff 0x8f4f17ff
0x8f4f17ff 0x8f4f17ff 0x874717ff 0x874717ff
0x874717ff 0x8f4f17ff 0x974f17ff 0x974f17ff
0x974f17ff 0x974f17ff 0x974f17ff 0x8f4f17ff
0x8f4717ff 0x7f4717ff 0x773f0fff 0x67370fff
0x672f0fff 0x773f17ff 0x8f4717ff 0x8f4f17ff
0x874717ff 0x7f3f17ff 0x6f370fff 0x672f0fff
0x672f0fff 0x6f370fff 0x6f370fff 0x773f0fff
0x873f17ff 0x8f4717ff 0x8f4717ff 0x7f3f17ff
0x7f3f17ff 0x8f4717ff 0x974717ff 0x8f4717ff
0x8f4717ff 0x874717ff 0x7f3f0fff 0x77370fff
0x6f370fff 0x672f0fff 0x6f370fff 0x7f3f17ff
0x873f17ff 0x8f4717ff 0x9f5717ff 0xa75f17ff
0xa75f1fff 0xaf671fff 0xaf671fff 0xaf671fff
0xaf671fff 0xaf671fff 0xb76f1fff 0xb76f1fff
0xb76f1fff 0xb76f1fff 0xaf6717ff 0xa75f17ff
0xa75f1fff 0xa75f1fff 0xa75717ff 0x9f4f17ff
0x8f4717ff 0x7f3f17ff 0x773f0fff 0x77370fff
0x77370fff 0x7f3f17ff 0x8f4717ff 0x8f4f17ff
0x874717ff 0x874717ff 0x8f4717ff 0x974f17ff
0x9f5717ff 0x9f5717ff 0x9f5717ff 0x974f17ff
0x974f17ff 0x974f17ff 0x974f17ff 0x974f17ff
0x9f4f17ff 0x9f4f17ff 0x974f17ff 0x974f17ff
0x9f5717ff 0xa75717ff 0xa75717ff 0x9f5717ff
0x9f5717ff 0x975717ff 0x974f17ff 0x8f4f17ff
0x8f4f17ff 0x8f4f17ff 0x97571fff 0xa7571fff
0xa7571fff 0x9f5717ff 0x8f4f17ff 0x8f4f17ff
0x8f4f17ff 0x975717ff 0x9f5717ff 0x975717ff
0x9f5717ff 0x9f5717ff 0x9f5717ff 0x9f5717ff
0x9f4f17ff 0x974f17ff 0x9f5717ff 0x9f4f17ff
0x974f17ff 0x974f17ff 0x974f17ff 0x974f17ff
0x9f4f17ff 0x9f5717ff 0x9f5717ff 0x9f5717ff
0x974f17ff 0x874717ff 0x7f3f17ff 0x874717ff
0x8f4717ff 0x874717ff 0x7f3f17ff 0x6f370fff
0x77370fff 0x7f3f0fff 0x873f17ff 0x974f17ff
0x9f5717ff 0xa75f17ff 0xaf5f17ff 0xaf5f17ff
0xa75f17ff 0xaf6717ff 0xb76f1fff 0xb76f1fff
0xb76f1fff 0xb76f1fff 0xb7671fff 0xaf671fff
0xaf671fff 0xaf671fff 0xaf671fff 0xa75f17ff
0xa75f17ff 0x9f5717ff 0x8f4717ff 0x7f3f17ff
0x7f3f17ff 0x6f370fff 0x672f0fff 0x6f370fff
0x77370fff 0x7f370fff 0x873f17ff 0x8f4717ff
0x8f4717ff 0x8f4717ff 0x8f4717ff 0x7f3f17ff
0x7f3f17ff 0x874717ff 0x8f4717ff 0x873f17ff
0x773f0fff 0x6f370fff 0x6f370fff 0x672f0fff
0x672f0fff 0x6f370fff 0x7f3f17ff 0x874717ff
0x8f4f17ff 0x8f4f17ff 0x773f17ff 0x67370fff
0x6f370fff 0x773f0fff 0x874717ff 0x8f4f17ff
0x8f4f17ff 0x974f17ff 0x974f17ff 0x974f17ff
0x974f17ff 0x974f17ff 0x8f4717ff 0x873f17ff
0x7f3f17ff 0x874717ff 0x8f4717ff 0x8f4f17ff
0x8f4f17ff 0x8f4717ff 0x874717ff 0x7f3f17ff
0x873f17ff 0x8f4717ff 0x974f17ff 0x974f17ff
0x974f17ff 0x974f17ff 0x974f17ff 0x8f4f17ff
0x8f4f17ff 0x874717ff 0x773f0fff 0x6f370fff
0x67370fff 0x773f17ff 0x8f4f17ff 0x8f4f17ff
0x874717ff 0x7f3f17ff 0x6f370fff 0x672f0fff
0x672f0fff 0x6f370fff 0x6f370fff 0x773f0fff
0x873f17ff 0x8f4717ff 0x874717ff 0x7f3f17ff
0x7f3f17ff 0x8f4717ff 0x8f4717ff 0x8f4717ff
0x8f4717ff 0x873f17ff 0x7f370fff 0x77370fff
0x6f370fff 0x672f0fff 0x6f370fff 0x7f3f17ff
0x7f3f17ff 0x8f4717ff 0x9f5717ff 0xa75f17ff
0xa75f17ff 0xaf671fff 0xaf671fff 0xaf671fff
0xaf671fff 0xb7671fff 0xb76f1fff 0xb76f1fff
0xb76f1fff 0xb76f1fff 0xaf6717ff 0xa75f17ff
0xaf5f17ff 0xaf5f17ff 0xa75f17ff 0x9f5717ff
0x974f17ff 0x873f17ff 0x7f3f0fff 0x77370fff
0x6f370fff 0x7f3f17ff 0x874717ff 0x8f4717ff
0x874717ff 0x7f3f17ff 0x874717ff 0x974f17ff
0x9f5717ff 0x9f5717ff 0x9f5717ff 0x9f4f17ff
0x974f17ff 0x974f17ff 0x974f17ff 0x974f17ff
0x9f4f17ff 0x9f5717ff 0x974f17ff 0x9f4f17ff
0x9f5717ff 0x9f5717ff 0x9f5717ff 0x9f5717ff
0x975717ff 0x9f5717ff 0x975717ff 0x8f4f17ff
0x8f4f17ff 0x8f4f17ff 0x9f5717ff 0xa7571fff
0xa75f1fff 0x9f4f17ff 0x874717ff 0x874717ff
0x8f4f17ff 0x975717ff 0x9f5717ff 0x975717ff
0x975717ff 0x9f5717ff 0x9f5717ff 0x9f5717ff
0x9f5717ff 0x9f4f17ff 0x9f5717ff 0x9f5717ff
0x974f17ff 0x975717ff 0x975717ff 0x974f17ff
0x9f5717ff 0x9f5717ff 0x9f5717ff 0x9f5717ff
0x974f17ff 0x874717ff 0x873f17ff 0x873f17ff
0x873f17ff 0x873f17ff 0x7f3f17ff 0x6f370fff
0x77370fff 0x7f3f0fff 0x874717ff 0x974f17ff
0x9f5717ff 0xa75f17ff 0xaf5f17ff 0xaf5f17ff
0xaf5f17ff 0xaf6717ff 0xb76f1fff 0xb76f1fff
0xb76f1fff 0xb76f1fff 0xb76f1fff 0xb7671fff
0xaf671fff 0xaf671fff 0xaf671fff 0xa75f17ff
0xa75f17ff 0x9f4f17ff 0x874717ff 0x7f3f17ff
0x773f17ff 0x77370fff 0x6f370fff 0x6f370fff
0x77370fff 0x7f3f17ff 0x873f17ff 0x8f4717ff
0x8f4717ff 0x8f4717ff 0x8f4717ff 0x7f3f17ff
0x7f3f17ff 0x874717ff 0x8f4f17ff 0x874717ff
0x77370fff 0x6f370fff 0x672f0fff 0x672f0fff
0x672f0fff 0x6f370fff 0x7f3f17ff 0x874717ff
0x8f4f17ff 0x8f4f17ff 0x7f3f17ff 0x6f370fff
0x773f0fff 0x7f3f0fff 0x874717ff 0x8f4717ff
0x8f4f17ff 0x974f17ff 0x974f17ff 0x975717ff
0x974f17ff 0x974f17ff 0x8f4717ff 0x873f0fff
0x7f3f0fff 0x7f3f17ff 0x874717ff 0x8f4f17ff
0x8f4f17ff 0x874717ff 0x7f3f17ff 0x7f3f0fff
0x873f0fff 0x8f4717ff 0x974f17ff 0x974f17ff
0x975717ff 0x974f17ff 0x974f17ff 0x8f4f17ff
0x8f4717ff 0x874717ff 0x7f3f0fff 0x773f0fff
0x6f370fff 0x7f3f17ff 0x8f4f17ff 0x8f4f17ff
0x874717ff 0x7f3f17ff 0x6f370fff 0x672f0fff
0x672f0fff 0x672f0fff 0x6f370fff 0x77370fff
0x874717ff 0x8f4f17ff 0x874717ff 0x7f3f17ff
0x7f3f17ff 0x8f4717ff 0x8f4717ff 0x8f4717ff
0x8f4717ff 0x873f17ff 0x7f3f17ff 0x77370fff
0x6f370fff 0x6f370fff 0x77370fff 0x773f17ff
0x7f3f17ff 0x874717ff 0x9f4f17ff 0xa75f17ff
0xa75f17ff 0xaf671fff 0xaf671fff 0xaf671fff
0xb7671fff 0xb76f1fff 0xb76f1fff 0xb76f1fff
0xb76f1fff 0xb76f1fff 0xaf6717ff 0xaf5f17ff
0xaf5f17ff 0xaf5f17ff 0xa75f17ff 0x9f5717ff
0x974f17ff 0x874717ff 0x7f3f0fff 0x77370fff
0x6f370fff 0x7f3f17ff 0x873f17ff 0x873f17ff
0x873f17ff 0x873f17ff 0x874717ff 0x974f17ff
0x9f5717ff 0x9f5717ff 0x9f5717ff 0x9f5717ff
0x974f17ff 0x975717ff 0x975717ff 0x974f17ff
0x9f5717ff 0x9f5717ff 0x9f4f17ff 0x9f5717ff
0x9f5717ff 0x9f5717ff 0x9f5717ff 0x975717ff
0x975717ff 0x9f5717ff 0x975717ff 0x8f4f17ff
0x874717ff 0x874717ff 0x9f4f17ff 0xa75f1fff
0xa75f1fff 0x974f17ff 0x7f4717ff 0x7f3f17ff
0x874717ff 0x974f17ff 0x975717ff 0x975717ff
0x975717ff 0x9f5717ff 0x9f5717ff 0x9f5717ff
0x9f5717ff 0x9f4f17ff 0x974f17ff 0x975717ff
0x974f17ff 0x9f5717ff 0x9f5717ff 0x974f17ff
0x9f5717ff 0x9f5717ff 0x9f5717ff 0x9f5717ff
0x974f17ff 0x8f4f17ff 0x87470fff 0x873f0fff
0x873f0fff 0x874717ff 0x7f3f17ff 0x77370fff
0x773f0fff 0x873f0fff 0x8f4717ff 0x974f17ff
0xa75717ff 0xaf5f1fff 0xaf5f17ff 0xaf5f17ff
0xa75f17ff 0xaf671fff 0xb76f1fff 0xb76f1fff
0xb76f1fff 0xb76f1fff 0xb76f1fff 0xb76f1fff
0xb76f1fff 0xaf671fff 0xaf6717ff 0xaf5f17ff
0xa75f17ff 0x974f17ff 0x874717ff 0x773f17ff
0x6f370fff 0x6f370fff 0x6f370fff 0x77370fff
0x7f3717ff 0x873f17ff 0x873f17ff 0x8f4717ff
0x974717ff 0x974717ff 0x8f4717ff 0x873f17ff
0x7f3f17ff 0x8f4717ff 0x8f4f17ff 0x874717ff
0x773717ff 0x672f0fff 0x5f2f0fff 0x5f2f0fff
0x672f0fff 0x773717ff 0x873f17ff 0x8f4717ff
0x8f4f17ff 0x8f4f17ff 0x7f4717ff 0x773f0fff
0x773f0fff 0x7f3f17ff 0x874717ff 0x8f4717ff
0x8f4f17ff 0x8f4f17ff 0x974f17ff 0x974f17ff
0x974f17ff 0x974f17ff 0x8f4717ff 0x7f3f0fff
0x773f0fff 0x7f3717ff 0x873f17ff 0x8f4f17ff
0x8f4f17ff 0x873f17ff 0x7f3717ff 0x773f0fff
0x7f3f0fff 0x8f4717ff 0x974f17ff 0x974f17ff
0x974f17ff 0x974f17ff 0x8f4f17ff 0x8f4f17ff
0x8f4717ff 0x874717ff 0x7f3f17ff 0x773f0fff
0x773f0fff 0x7f4717ff 0x8f4f17ff 0x8f4f17ff
0x8f4717ff 0x873f17ff 0x773717ff 0x672f0fff
0x5f2f0fff 0x5f2f0fff 0x672f0fff 0x773717ff
0x874717ff 0x8f4f17ff 0x8f4717ff 0x7f3f17ff
0x873f17ff 0x8f4717ff 0x974717ff 0x974717ff
0x8f4717ff 0x873f17ff 0x873f17ff 0x7f3717ff
0x77370fff 0x6f370fff 0x6f370fff 0x6f370fff
0x773f17ff 0x874717ff 0x974f17ff 0xa75f17ff
0xaf5f17ff 0xaf6717ff 0xaf671fff 0xb76f1fff
0xb76f1fff 0xb76f1fff 0xb76f1fff 0xb76f1fff
0xb76f1fff 0xb76f1fff 0xaf671fff 0xa75f17ff
0xaf5f17ff 0xaf5f17ff 0xaf5f1fff 0xa75717ff
0x974f17ff 0x8f4717ff 0x873f0fff 0x773f0fff
0x77370fff 0x7f3f17ff 0x874717ff 0x873f0fff
0x873f0fff 0x87470fff 0x8f4f17ff 0x974f17ff
0x9f5717ff 0x9f5717ff 0x9f5717ff 0x9f5717ff
0x974f17ff 0x9f5717ff 0x9f5717ff 0x974f17ff
0x975717ff 0x974f17ff 0x9f4f17ff 0x9f5717ff
0x9f5717ff 0x9f5717ff 0x9f5717ff 0x975717ff
0x975717ff 0x975717ff 0x974f17ff 0x874717ff
0x7f3f17ff 0x7f4717ff 0x974f17ff 0xa75f1fff
0xa75f17ff 0x974f17ff 0x7f4717ff 0x7f3f17ff
0x874717ff 0x8f4f17ff 0x974f17ff 0x974f17ff
0x974f17ff 0x9f5717ff 0x9f5717ff 0x9f5717ff
0x9f5717ff 0x974f17ff 0x974f17ff 0x974f17ff
0x974f17ff 0x9f4f17ff 0x9f5717ff 0x9f4f17ff
0x9f5717ff 0x9f5717ff 0x975717ff 0x974f17ff
0x974f17ff 0x8f4717ff 0x87470fff 0x8f470fff
0x8f470fff 0x874717ff 0x873f17ff 0x7f3f0fff
0x773f0fff 0x874717ff 0x8f4717ff 0x974f17ff
0xa75717ff 0xaf5f17ff 0xaf6717ff 0xa75f17ff
0xa75f17ff 0xa7671fff 0xaf6f1fff 0xb76f1fff
0xb76f1fff 0xb76f1fff 0xb76f1fff 0xb76f1fff
0xb76f1fff 0xaf6717ff 0xaf5f17ff 0xa75f17ff
0xa75f17ff 0x974f17ff 0x874717ff 0x6f3717ff
0x67370fff 0x67370fff 0x6f370fff 0x773717ff
0x7f3f17ff 0x873f17ff 0x873f17ff 0x8f4717ff
0x8f4f17ff 0x974f17ff 0x8f4717ff 0x874717ff
0x874717ff 0x8f4717ff 0x8f4f17ff 0x8f4717ff
0x7f3f17ff 0x672f0fff 0x572f0fff 0x5f2f0fff
0x672f0fff 0x773717ff 0x874717ff 0x8f4717ff
0x974f17ff 0x8f4f17ff 0x7f4717ff 0x773f17ff
0x7f3f17ff 0x7f3f17ff 0x874717ff 0x8f4717ff
0x974f17ff 0x974f17ff 0x974f17ff 0x974f17ff
0x975717ff 0x974f17ff 0x874717ff 0x773f0fff
0x77370fff 0x77370fff 0x7f3f17ff 0x874717ff
0x874717ff 0x7f3f17ff 0x77370fff 0x77370fff
0x773f0fff 0x874717ff 0x974f17ff 0x975717ff
0x974f17ff 0x974f17ff 0x974f17ff 0x974f17ff
0x8f4717ff 0x874717ff 0x7f3f17ff 0x7f3f17ff
0x773f17ff 0x7f4717ff 0x8f4f17ff 0x974f17ff
0x8f4717ff 0x874717ff 0x773717ff 0x672f0fff
0x5f2f0fff 0x572f0fff 0x672f0fff 0x7f3f17ff
0x8f4717ff 0x8f4f17ff 0x8f4717ff 0x874717ff
0x874717ff 0x8f4717ff 0x974f17ff 0x8f4f17ff
0x8f4717ff 0x873f17ff 0x873f17ff 0x7f3f17ff
0x773717ff 0x6f370fff 0x67370fff 0x67370fff
0x6f3717ff 0x874717ff 0x974f17ff 0xa75f17ff
0xa75f17ff 0xaf5f17ff 0xaf6717ff 0xb76f1fff
0xb76f1fff 0xb76f1fff 0xb76f1fff 0xb76f1fff
0xb76f1fff 0xaf6f1fff 0xa7671fff 0xa75f17ff
0xa75f17ff 0xaf6717ff 0xaf5f17ff 0xa75717ff
0x974f17ff 0x8f4717ff 0x874717ff 0x773f0fff
0x7f3f0fff 0x873f17ff 0x874717ff 0x8f470fff
0x8f470fff 0x87470fff 0x8f4717ff 0x974f17ff
0x974f17ff 0x975717ff 0x9f5717ff 0x9f5717ff
0x9f4f17ff 0x9f5717ff 0x9f4f17ff 0x974f17ff
0x974f17ff 0x974f17ff 0x974f17ff 0x9f5717ff
0x9f5717ff 0x9f5717ff 0x9f5717ff 0x974f17ff
0x974f17ff 0x974f17ff 0x8f4f17ff 0x874717ff
0x7f3f17ff 0x7f4717ff 0x974f17ff 0xa75f17ff
0x9f5717ff 0x8f4f17ff 0x7f3f17ff 0x7f3f17ff
0x7f3f17ff 0x8f4717ff 0x8f4f17ff 0x974f17ff
0x974f17ff 0x9f5717ff 0x9f5717ff 0x9f5717ff
0x974f17ff 0x974f17ff 0x974f17ff 0x974f17ff
0x974f17ff 0x9f4f17ff 0x9f5717ff 0x9f4f17ff
0x9f5717ff 0x9f5717ff 0x974f17ff 0x974f17ff
0x8f4f17ff 0x874717ff 0x874717ff 0x8f470fff
0x8f4f17ff 0x8f4717ff 0x874717ff 0x873f0fff
0x7f4717ff 0x8f4f17ff 0x974f17ff 0x9f5717ff
0xa75f17ff 0xaf5f17ff 0xaf5f17ff 0xa75f17ff
0x9f5717ff 0xa75f17ff 0xaf671fff 0xb76f1fff
0xb76f1fff 0xb76f1fff 0xb76f1fff 0xb76f1fff
0xaf6717ff 0xaf6717ff 0xa75f17ff 0xa75f17ff
0x9f5717ff 0x974f17ff 0x7f4717ff 0x6f3717ff
0x672f0fff 0x672f0fff 0x6f370fff 0x7f3f17ff
0x7f3f17ff 0x873f17ff 0x873f17ff 0x874717ff
0x8f4f17ff 0x8f4f17ff 0x8f4717ff 0x874717ff
0x874717ff 0x8f4717ff 0x8f4f17ff 0x8f4717ff
0x7f3f17ff 0x672f0fff 0x572f0fff 0x5f2f0fff
0x67370fff 0x7f3f0fff 0x874717ff 0x8f4f17ff
0x8f4f17ff 0x8f4717ff 0x874717ff 0x7f3f17ff
0x7f3f17ff 0x874717ff 0x874717ff 0x8f4717ff
0x974f17ff 0x974f17ff 0x974f17ff 0x974f17ff
0x974f17ff 0x974f17ff 0x7f4717ff 0x6f3f0fff
0x6f370fff 0x6f370fff 0x773f0fff 0x7f3f17ff
0x7f3f17ff 0x773f0fff 0x6f370fff 0x6f370fff
0x6f3f0fff 0x7f4717ff 0x974f17ff 0x974f17ff
0x974f17ff 0x974f17ff 0x974f17ff 0x974f17ff
0x8f4717ff 0x874717ff 0x874717ff 0x7f3f17ff
0x7f3f17ff 0x874717ff 0x8f4717ff 0x8f4f17ff
0x8f4f17ff 0x874717ff 0x7f3f0fff 0x67370fff
0x5f2f0fff 0x572f0fff 0x672f0fff 0x7f3f17ff
0x8f4717ff 0x8f4f17ff 0x8f4717ff 0x874717ff
0x874717ff 0x8f4717ff 0x8f4f17ff 0x8f4f17ff
0x874717ff 0x873f17ff 0x873f17ff 0x7f3f17ff
0x7f3f17ff 0x6f370fff 0x672f0fff 0x672f0fff
0x6f3717ff 0x7f4717ff 0x974f17ff 0x9f5717ff
0xa75f17ff 0xa75f17ff 0xaf6717ff 0xaf6717ff
0xb76f1fff 0xb76f1fff 0xb76f1fff 0xb76f1fff
0xb76f1fff 0xaf671fff 0xa75f17ff 0x9f5717ff
0xa75f17ff 0xaf5f17ff 0xaf5f17ff 0xa75f17ff
0x9f5717ff 0x974f17ff 0x8f4f17ff 0x7f4717ff
0x873f0fff 0x874717ff 0x8f4717ff 0x8f4f17ff
0x8f470fff 0x874717ff 0x874717ff 0x8f4f17ff
0x974f17ff 0x974f17ff 0x9f5717ff 0x9f5717ff
0x9f4f17ff 0x9f5717ff 0x9f4f17ff 0x974f17ff
0x974f17ff 0x974f17ff 0x974f17ff 0x974f17ff
0x9f5717ff 0x9f5717ff 0x9f5717ff 0x974f17ff
0x974f17ff 0x8f4f17ff 0x8f4717ff 0x7f3f17ff
0x7f3f17ff 0x7f3f17ff 0x8f4f17ff 0x9f5717ff
0x975717ff 0x874717ff 0x773f17ff 0x773f17ff
0x7f3f17ff 0x874717ff 0x8f4717ff 0x8f4f17ff
0x974f17ff 0x974f17ff 0x9f4f17ff 0x9f4f17ff
0x974f17ff 0x974f17ff 0x974f17ff 0x974f17ff
0x974f17ff 0x9f4f17ff 0x9f4f17ff 0x9f4f17ff
0x9f5717ff 0x9f5717ff 0x974f17ff 0x8f4f17ff
0x8f4717ff 0x874717ff 0x7f3f17ff 0x874717ff
0x8f4f17ff 0x8f4f17ff 0x8f4f17ff 0x8f4f0fff
0x8f4f17ff 0x974f17ff 0x9f5717ff 0xa75f17ff
0xaf5f17ff 0xaf5f17ff 0xaf5f17ff 0xa75f17ff
0x9f5717ff 0xa75f17ff 0xaf6717ff 0xb76717ff
0xb76f17ff 0xb76f1fff 0xb76f1fff 0xaf671fff
0xaf6717ff 0xaf5f17ff 0xa75f17ff 0xa75717ff
0x9f5717ff 0x974f17ff 0x874717ff 0x77370fff
0x672f0fff 0x672f0fff 0x6f370fff 0x7f3f0fff
0x7f3f17ff 0x873f0fff 0x873f0fff 0x874717ff
0x8f4717ff 0x8f4717ff 0x8f4717ff 0x8f4717ff
0x8f4717ff 0x8f4717ff 0x8f4717ff 0x874717ff
0x7f3f17ff 0x672f0fff 0x572f0fff 0x572f0fff
0x67370fff 0x7f3f0fff 0x8f4717ff 0x8f4f17ff
0x8f4f17ff 0x8f4717ff 0x874717ff 0x874717ff
0x874717ff 0x874717ff 0x874717ff 0x8f4717ff
0x8f4f17ff 0x974f17ff 0x974f17ff 0x974f17ff
0x974f17ff 0x8f4717ff 0x7f3f17ff 0x6f370fff
0x67370fff 0x6f370fff 0x773f0fff 0x7f4717ff
0x7f4717ff 0x773f0fff 0x6f370fff 0x67370fff
0x6f370fff 0x7f3f17ff 0x8f4717ff 0x974f17ff
0x974f17ff 0x974f17ff 0x974f17ff 0x8f4f17ff
0x8f4717ff 0x874717ff 0x874717ff 0x874717ff
0x874717ff 0x874717ff 0x8f4717ff 0x8f4f17ff
0x8f4f17ff 0x8f4717ff 0x7f3f0fff 0x67370fff
0x572f0fff 0x572f0fff 0x672f0fff 0x7f3f17ff
0x874717ff 0x8f4717ff 0x8f4717ff 0x8f4717ff
0x8f4717ff 0x8f4717ff 0x8f4717ff 0x8f4717ff
0x874717ff 0x873f0fff 0x873f0fff 0x7f3f17ff
0x7f3f0fff 0x6f370fff 0x672f0fff 0x672f0fff
0x77370fff 0x874717ff 0x974f17ff 0x9f5717ff
0xa75717ff 0xa75f17ff 0xaf5f17ff 0xaf6717ff
0xaf671fff 0xb76f1fff 0xb76f1fff 0xb76f17ff
0xb76717ff 0xaf6717ff 0xa75f17ff 0x9f5717ff
0xa75f17ff 0xaf5f17ff 0xaf5f17ff 0xaf5f17ff
0xa75f17ff 0x9f5717ff 0x974f17ff 0x8f4f17ff
0x8f4f0fff 0x8f4f17ff 0x8f4f17ff 0x8f4f17ff
0x874717ff 0x7f3f17ff 0x874717ff 0x8f4717ff
0x8f4f17ff 0x974f17ff 0x9f5717ff 0x9f5717ff
0x9f4f17ff 0x9f4f17ff 0x9f4f17ff 0x974f17ff
0x974f17ff 0x974f17ff 0x974f17ff 0x974f17ff
0x9f4f17ff 0x9f4f17ff 0x974f17ff 0x974f17ff
0x8f4f17ff 0x8f4717ff 0x874717ff 0x7f3f17ff
0x773f17ff 0x773f17ff 0x874717ff 0x975717ff
0x8f4f17ff 0x874717ff 0x773f17ff 0x773f17ff
0x7f3f17ff 0x873f17ff 0x8f4717ff 0x8f4717ff
0x8f4717ff 0x974f17ff 0x9f4f17ff 0x974f17ff
0x974f17ff 0x974f17ff 0x974f17ff 0x974f17ff
0x974f17ff 0x9f4f17ff 0x9f4f17ff 0x974f17ff
0x9f4f17ff 0x9f5717ff 0x974f17ff 0x974f17ff
0x8f4717ff 0x7f3f17ff 0x773f0fff 0x87470fff
0x8f4f17ff 0x974f17ff 0x974f17ff 0x8f4f17ff
0x8f4f17ff 0x974f17ff 0x9f5717ff 0xa75f17ff
0xa75f17ff 0xaf6717ff 0xaf5f17ff 0x9f5717ff
0x9f5717ff 0xa75f17ff 0xaf6717ff 0xb76717ff
0xb76f17ff 0xb76f1fff 0xb76f1fff 0xb7671fff
0xaf6717ff 0xaf5f17ff 0xaf5f17ff 0xa75717ff
0x9f5717ff 0x974f17ff 0x8f4717ff 0x6f370fff
0x672f0fff 0x67370fff 0x6f370fff 0x7f3f0fff
0x7f3f17ff 0x873f17ff 0x873f17ff 0x8f4717ff
0x8f4717ff 0x8f4717ff 0x8f4717ff 0x8f4717ff
0x8f4717ff 0x8f4717ff 0x8f4717ff 0x874717ff
0x7f3f0fff 0x6f370fff 0x572f0fff 0x57270fff
0x67370fff 0x7f3f17ff 0x8f4717ff 0x8f4f17ff
0x8f4717ff 0x8f4717ff 0x8f4717ff 0x874717ff
0x874717ff 0x874717ff 0x874717ff 0x874717ff
0x8f4717ff 0x974f17ff 0x974f17ff 0x974f17ff
0x974f17ff 0x8f4717ff 0x7f3f17ff 0x67370fff
0x672f0fff 0x67370fff 0x6f3f17ff 0x874717ff
0x874717ff 0x6f3f17ff 0x67370fff 0x672f0fff
0x67370fff 0x7f3f17ff 0x8f4717ff 0x974f17ff
0x974f17ff 0x974f17ff 0x974f17ff 0x8f4717ff
0x874717ff 0x874717ff 0x874717ff 0x874717ff
0x874717ff 0x8f4717ff 0x8f4717ff 0x8f4717ff
0x8f4f17ff 0x8f4717ff 0x7f3f17ff 0x67370fff
0x57270fff 0x572f0fff 0x6f370fff 0x7f3f0fff
0x874717ff 0x8f4717ff 0x8f4717ff 0x8f4717ff
0x8f4717ff 0x8f4717ff 0x8f4717ff 0x8f4717ff
0x8f4717ff 0x873f17ff 0x873f17ff 0x7f3f17ff
0x7f3f0fff 0x6f370fff 0x67370fff 0x672f0fff
0x6f370fff 0x8f4717ff 0x974f17ff 0x9f5717ff
0xa75717ff 0xaf5f17ff 0xaf5f17ff 0xaf6717ff
0xb7671fff 0xb76f1fff 0xb76f1fff 0xb76f17ff
0xb76717ff 0xaf6717ff 0xa75f17ff 0x9f5717ff
0x9f5717ff 0xaf5f17ff 0xaf6717ff 0xa75f17ff
0xa75f17ff 0x9f5717ff 0x974f17ff 0x8f4f17ff
0x8f4f17ff 0x974f17ff 0x974f17ff 0x8f4f17ff
0x87470fff 0x773f0fff 0x7f3f17ff 0x8f4717ff
0x974f17ff 0x974f17ff 0x9f5717ff 0x9f4f17ff
0x974f17ff 0x9f4f17ff 0x9f4f17ff 0x974f17ff
0x974f17ff 0x974f17ff 0x974f17ff 0x974f17ff
0x974f17ff 0x9f4f17ff 0x974f17ff 0x8f4717ff
0x8f4717ff 0x8f4717ff 0x873f17ff 0x7f3f17ff
0x773f17ff 0x773f17ff 0x874717ff 0x8f4f17ff
0x8f4717ff 0x7f3f17ff 0x773f17ff 0x773f17ff
0x7f3f0fff 0x873f17ff 0x8f4717ff 0x8f4717ff
0x8f4717ff 0x974f17ff 0x974f17ff 0x974f17ff
0x974f17ff 0x974f17ff 0x974f17ff 0x975717ff
0x974f17ff 0x9f5717ff 0x9f5717ff 0x974f17ff
0x974f17ff 0x974f17ff 0x974f17ff 0x8f4f17ff
0x8f4717ff 0x7f3f0fff 0x773f0fff 0x874717ff
0x974f17ff 0x974f17ff 0x974f17ff 0x974f17ff
0x8f4f17ff 0x974f17ff 0x9f5717ff 0xa75717ff
0xa75f17ff 0xaf5f17ff 0xaf5f17ff 0x9f5717ff
0x9f4f17ff 0xa75f17ff 0xaf6717ff 0xaf6717ff
0xb76717ff 0xb76f17ff 0xb76f17ff 0xb76f17ff
0xaf6717ff 0xaf6717ff 0xaf5f17ff 0xa75f17ff
0xa75717ff 0x974f17ff 0x874717ff 0x67370fff
0x5f2f0fff 0x67370fff 0x6f370fff 0x7f3f0fff
0x7f3f17ff 0x873f17ff 0x8f4717ff 0x8f4717ff
0x8f4717ff 0x8f4717ff 0x974717ff 0x974f17ff
0x974717ff 0x974717ff 0x8f4717ff 0x8f4717ff
0x7f3f17ff 0x6f370fff 0x5f2f0fff 0x572f0fff
0x67370fff 0x773f17ff 0x874717ff 0x8f4f17ff
0x974f17ff 0x974f17ff 0x8f4f17ff 0x874717ff
0x7f4717ff 0x7f4717ff 0x874717ff 0x8f4717ff
0x8f4f17ff 0x974f17ff 0x974f17ff 0x975717ff
0x975717ff 0x8f4f17ff 0x773f17ff 0x67370fff
0x5f2f0fff 0x5f2f0fff 0x6f3f17ff 0x874f17ff
0x874f17ff 0x6f3f17ff 0x5f2f0fff 0x5f2f0fff
0x67370fff 0x773f17ff 0x8f4f17ff 0x975717ff
0x975717ff 0x974f17ff 0x974f17ff 0x8f4f17ff
0x8f4717ff 0x874717ff 0x7f4717ff 0x7f4717ff
0x874717ff 0x8f4f17ff 0x974f17ff 0x974f17ff
0x8f4f17ff 0x874717ff 0x773f17ff 0x67370fff
0x572f0fff 0x5f2f0fff 0x6f370fff 0x7f3f17ff
0x8f4717ff 0x8f4717ff 0x974717ff 0x974717ff
0x974f17ff 0x974717ff 0x8f4717ff 0x8f4717ff
0x8f4717ff 0x8f4717ff 0x873f17ff 0x7f3f17ff
0x7f3f0fff 0x6f370fff 0x67370fff 0x5f2f0fff
0x67370fff 0x874717ff 0x974f17ff 0xa75717ff
0xa75f17ff 0xaf5f17ff 0xaf6717ff 0xaf6717ff
0xb76f17ff 0xb76f17ff 0xb76f17ff 0xb76717ff
0xaf6717ff 0xaf6717ff 0xa75f17ff 0x9f4f17ff
0x9f5717ff 0xaf5f17ff 0xaf5f17ff 0xa75f17ff
0xa75717ff 0x9f5717ff 0x974f17ff 0x8f4f17ff
0x974f17ff 0x974f17ff 0x974f17ff 0x974f17ff
0x874717ff 0x773f0fff 0x7f3f0fff 0x8f4717ff
0x8f4f17ff 0x974f17ff 0x974f17ff 0x974f17ff
0x974f17ff 0x9f5717ff 0x9f5717ff 0x974f17ff
0x975717ff 0x974f17ff 0x974f17ff 0x974f17ff
0x974f17ff 0x974f17ff 0x974f17ff 0x8f4717ff
0x8f4717ff 0x8f4717ff 0x873f17ff 0x7f3f0fff
0x773f17ff 0x773f17ff 0x7f3f17ff 0x8f4717ff
0x8f4717ff 0x7f3f17ff 0x773f17ff 0x773f17ff
0x7f3f0fff 0x7f3f0fff 0x874717ff 0x8f4717ff
0x8f4717ff 0x974f17ff 0x974f17ff 0x974f17ff
0x974f17ff 0x974f17ff 0x974f17ff 0x974f17ff
0x974f17ff 0x9f5717ff 0x9f5717ff 0x974f17ff
0x974f17ff 0x974f17ff 0x974f17ff 0x974f17ff
0x8f4717ff 0x87470fff 0x7f470fff 0x8f4717ff
0x974f17ff 0x974f17ff 0x974f17ff 0x8f4f17ff
0x8f4717ff 0x974f17ff 0x9f5717ff 0x9f5717ff
0xa75f17ff 0xa75f17ff 0xa75f17ff 0x9f5717ff
0x9f4f17ff 0xa75f17ff 0xaf6717ff 0xaf6717ff
0xaf6717ff 0xaf6717ff 0xb76717ff 0xb76717ff
0xaf6717ff 0xaf6717ff 0xa75f17ff 0xa75f17ff
0x9f5717ff 0x974f17ff 0x7f3f17ff 0x67370fff
0x5f2f0fff 0x672f0fff 0x6f370fff 0x7f3f0fff
0x874717ff 0x874717ff 0x8f4717ff 0x8f4717ff
0x974717ff 0x8f4717ff 0x974717ff 0x974f17ff
0x974717ff 0x974717ff 0x974717ff 0x874717ff
0x7f3f0fff 0x77370fff 0x5f2f0fff 0x572f0fff
0x67370fff 0x7f3f17ff 0x874717ff 0x8f4f17ff
0x974f17ff 0x974f17ff 0x974f17ff 0x874717ff
0x7f3f17ff 0x7f4717ff 0x874717ff 0x8f4717ff
0x8f4f17ff 0x8f4f17ff 0x974f17ff 0x975717ff
0x975717ff 0x8f4f17ff 0x773f17ff 0x672f0fff
0x5f2f0fff 0x5f2f0fff 0x6f3f17ff 0x874f17ff
0x874f17ff 0x6f3f17ff 0x5f2f0fff 0x5f2f0fff
0x672f0fff 0x773f17ff 0x8f4f17ff 0x975717ff
0x975717ff 0x974f17ff 0x8f4f17ff 0x8f4f17ff
0x8f4717ff 0x874717ff 0x7f4717ff 0x7f3f17ff
0x874717ff 0x974f17ff 0x974f17ff 0x974f17ff
0x8f4f17ff 0x874717ff 0x7f3f17ff 0x67370fff
0x572f0fff 0x5f2f0fff 0x77370fff 0x7f3f0fff
0x874717ff 0x974717ff 0x974717ff 0x974717ff
0x974f17ff 0x974717ff 0x8f4717ff 0x974717ff
0x8f4717ff 0x8f4717ff 0x874717ff 0x874717ff
0x7f3f0fff 0x6f370fff 0x672f0fff 0x5f2f0fff
0x67370fff 0x7f3f17ff 0x974f17ff 0x9f5717ff
0xa75f17ff 0xa75f17ff 0xaf6717ff 0xaf6717ff
0xb76717ff 0xb76717ff 0xaf6717ff 0xaf6717ff
0xaf6717ff 0xaf6717ff 0xa75f17ff 0x9f4f17ff
0x9f5717ff 0xa75f17ff 0xa75f17ff 0xa75f17ff
0x9f5717ff 0x9f5717ff 0x974f17ff 0x8f4717ff
0x8f4f17ff 0x974f17ff 0x974f17ff 0x974f17ff
0x8f4717ff 0x7f470fff 0x87470fff 0x8f4717ff
0x974f17ff 0x974f17ff 0x974f17ff 0x974f17ff
0x974f17ff 0x9f5717ff 0x9f5717ff 0x974f17ff
0x974f17ff 0x974f17ff 0x974f17ff 0x974f17ff
0x974f17ff 0x974f17ff 0x974f17ff 0x8f4717ff
0x8f4717ff 0x874717ff 0x7f3f0fff 0x7f3f0fff
0x773f17ff 0x773f17ff 0x7f3f17ff 0x8f4717ff
0x8f4717ff 0x773f17ff 0x6f3717ff 0x773f0fff
0x7f3f0fff 0x873f0fff 0x8f4717ff 0x8f4717ff
0x8f4f17ff 0x974f17ff 0x974f17ff 0x974f17ff
0x974f17ff 0x974f17ff 0x974f17ff 0x974f17ff
0x974f17ff 0x9f5717ff 0x9f5717ff 0x974f17ff
0x974f0fff 0x974f0fff 0x974f17ff 0x974f17ff
0x8f4717ff 0x874717ff 0x87470fff 0x87470fff
0x974f0fff 0x974f17ff 0x974f0fff 0x8f4f0fff
0x8f470fff 0x8f4717ff 0x974f17ff 0x9f5717ff
0x9f5717ff 0xa75f17ff 0xa75f17ff 0x9f5717ff
0x9f5717ff 0xa75f17ff 0xaf6717ff 0xaf6717ff
0xaf6717ff 0xaf6717ff 0xb76717ff 0xaf6717ff
0xaf6717ff 0xa76717ff 0xa75f17ff 0xa75717ff
0x9f5717ff 0x8f4f17ff 0x773f0fff 0x67370fff
0x5f2f0fff 0x672f0fff 0x77370fff 0x7f3f0fff
0x874717ff 0x8f4717ff 0x8f4717ff 0x974717ff
0x974f17ff 0x974f17ff 0x8f4f17ff 0x974f17ff
0x974f17ff 0x8f4717ff 0x874717ff 0x7f3f0fff
0x7f3f0fff 0x773f0fff 0x5f370fff 0x5f2f0fff
0x6f370fff 0x7f3f17ff 0x874717ff 0x8f4f17ff
0x974f17ff 0x975717ff 0x974f17ff 0x874717ff
0x7f4717ff 0x7f3f17ff 0x7f3f17ff 0x874717ff
0x8f4717ff 0x8f4717ff 0x8f4f17ff 0x974f17ff
0x974f17ff 0x974f17ff 0x7f3f17ff 0x67370fff
0x67370fff 0x672f0fff 0x6f3f17ff 0x874717ff
0x874717ff 0x6f3f17ff 0x672f0fff 0x67370fff
0x67370fff 0x7f3f17ff 0x974f17ff 0x974f17ff
0x974f17ff 0x8f4f17ff 0x8f4717ff 0x8f4717ff
0x874717ff 0x7f3f17ff 0x7f3f17ff 0x7f4717ff
0x874717ff 0x974f17ff 0x975717ff 0x974f17ff
0x8f4f17ff 0x874717ff 0x7f3f17ff 0x6f370fff
0x5f2f0fff 0x5f370fff 0x773f0fff 0x7f3f0fff
0x7f3f0fff 0x874717ff 0x8f4717ff 0x974f17ff
0x974f17ff 0x8f4f17ff 0x974f17ff 0x974f17ff
0x974717ff 0x8f4717ff 0x8f4717ff 0x874717ff
0x7f3f0fff 0x77370fff 0x672f0fff 0x5f2f0fff
0x67370fff 0x773f0fff 0x8f4f17ff 0x9f5717ff
0xa75717ff 0xa75f17ff 0xa76717ff 0xaf6717ff
0xaf6717ff 0xb76717ff 0xaf6717ff 0xaf6717ff
0xaf6717ff 0xaf6717ff 0xa75f17ff 0x9f5717ff
0x9f5717ff 0xa75f17ff 0xa75f17ff 0x9f5717ff
0x9f5717ff 0x974f17ff 0x8f4717ff 0x8f470fff
0x8f4f0fff 0x974f0fff 0x974f17ff 0x974f0fff
0x87470fff 0x87470fff 0x874717ff 0x8f4717ff
0x974f17ff 0x974f17ff 0x974f0fff 0x974f0fff
0x974f17ff 0x9f5717ff 0x9f5717ff 0x974f17ff
0x974f17ff 0x974f17ff 0x974f17ff 0x974f17ff
0x974f17ff 0x974f17ff 0x974f17ff 0x8f4f17ff
0x8f4717ff 0x8f4717ff 0x873f0fff 0x7f3f0fff
0x773f0fff 0x6f3717ff 0x773f17ff 0x8f4717ff
0x874717ff 0x773f17ff 0x6f3717ff 0x773f0fff
0x7f3f17ff 0x874717ff 0x8f4717ff 0x8f4717ff
0x8f4f17ff 0x974f17ff 0x974f17ff 0x974f17ff
0x974f17ff 0x974f17ff 0x974f17ff 0x9f4f17ff
0x9f4f17ff 0x9f5717ff 0x9f5717ff 0x974f17ff
0x974f17ff 0x974f17ff 0x8f4f17ff 0x8f4f17ff
0x8f4717ff 0x874717ff 0x87470fff 0x87470fff
0x8f4f0fff 0x974f0fff 0x974f0fff 0x974f17ff
0x8f4717ff 0x8f4717ff 0x974f17ff 0x9f4f17ff
0x9f5717ff 0xa75717ff 0xa75717ff 0x9f5717ff
0x9f5717ff 0xa75f17ff 0xaf6717ff 0xaf6717ff
0xaf6717ff 0xaf6717ff 0xaf6717ff 0xaf6717ff
0xaf5f17ff 0xa75f17ff 0xa75f17ff 0x9f5717ff
0x975717ff 0x874717ff 0x6f3f0fff 0x5f2f0fff
0x5f2f0fff 0x672f0fff 0x77370fff 0x7f3f0fff
0x87470fff 0x8f4717ff 0x8f4717ff 0x974f17ff
0x974f17ff 0x974f17ff 0x8f4717ff 0x974717ff
0x974717ff 0x8f470fff 0x873f0fff 0x7f370fff
0x7f3f0fff 0x773f0fff 0x67370fff 0x5f2f0fff
0x672f0fff 0x7f3f0fff 0x874717ff 0x8f4f17ff
0x974f17ff 0x975717ff 0x975717ff 0x8f4f17ff
0x874717ff 0x7f4717ff 0x7f3f17ff 0x874717ff
0x8f4717ff 0x8f4717ff 0x8f4f17ff 0x974f17ff
0x975717ff 0x8f4f17ff 0x7f4717ff 0x6f370fff
0x6f3717ff 0x6f3717ff 0x773f17ff 0x874717ff
0x874717ff 0x773f17ff 0x6f3717ff 0x6f3717ff
0x6f370fff 0x7f4717ff 0x8f4f17ff 0x975717ff
0x974f17ff 0x8f4f17ff 0x8f4717ff 0x8f4717ff
0x874717ff 0x7f3f17ff 0x7f4717ff 0x874717ff
0x8f4f17ff 0x975717ff 0x975717ff 0x974f17ff
0x8f4f17ff 0x874717ff 0x7f3f0fff 0x672f0fff
0x5f2f0fff 0x67370fff 0x773f0fff 0x7f3f0fff
0x7f370fff 0x873f0fff 0x8f470fff 0x974717ff
0x974717ff 0x8f4717ff 0x974f17ff 0x974f17ff
0x974f17ff 0x8f4717ff 0x8f4717ff 0x87470fff
0x7f3f0fff 0x77370fff 0x672f0fff 0x5f2f0fff
0x5f2f0fff 0x6f3f0fff 0x874717ff 0x975717ff
0x9f5717ff 0xa75f17ff 0xa75f17ff 0xaf5f17ff
0xaf6717ff 0xaf6717ff 0xaf6717ff 0xaf6717ff
0xaf6717ff 0xaf6717ff 0xa75f17ff 0x9f5717ff
0x9f5717ff 0xa75717ff 0xa75717ff 0x9f5717ff
0x9f4f17ff 0x974f17ff 0x8f4717ff 0x8f4717ff
0x974f17ff 0x974f0fff 0x974f0fff 0x8f4f0fff
0x87470fff 0x87470fff 0x874717ff 0x8f4717ff
0x8f4f17ff 0x8f4f17ff 0x974f17ff 0x974f17ff
0x974f17ff 0x9f5717ff 0x9f5717ff 0x9f4f17ff
0x9f4f17ff 0x974f17ff 0x974f17ff 0x974f17ff
0x974f17ff 0x974f17ff 0x974f17ff 0x8f4f17ff
0x8f4717ff 0x8f4717ff 0x874717ff 0x7f3f17ff
0x773f0fff 0x6f3717ff 0x773f17ff 0x874717ff
0x8f4717ff 0x773f17ff 0x773717ff 0x773f17ff
0x874717ff 0x8f4717ff 0x8f4717ff 0x8f4717ff
0x8f4717ff 0x974f17ff 0x974f17ff 0x974f17ff
0x974f17ff 0x974f17ff 0x974f17ff 0x9f4f17ff
0x9f4f17ff 0x9f5717ff 0x9f5717ff 0x974f17ff
0x974f17ff 0x974f17ff 0x8f4f17ff 0x8f4717ff
0x8f4717ff 0x8f4f17ff 0x874717ff 0x8f470fff
0x8f470fff 0x974f17ff 0x974f17ff 0x974f17ff
0x8f4f17ff 0x8f4f17ff 0x974f17ff 0x9f5717ff
0x9f5717ff 0xa75f17ff 0xa75f17ff 0x9f5717ff
0x9f5717ff 0xa75f17ff 0xaf6717ff 0xaf6717ff
0xaf6717ff 0xaf6717ff 0xaf6717ff 0xaf5f17ff
0xa75f17ff 0xa75f17ff 0xa75f17ff 0x9f5717ff
0x974f17ff 0x7f3f0fff 0x5f370fff 0x572f0fff
0x5f2f0fff 0x672f0fff 0x6f370fff 0x7f3f0fff
0x87470fff 0x87470fff 0x8f4717ff 0x8f4717ff
0x8f4f17ff 0x8f4f17ff 0x8f4717ff 0x974717ff
0x974717ff 0x8f470fff 0x7f3f0fff 0x77370fff
0x77370fff 0x77370fff 0x672f0fff 0x5f2f0fff
0x6f2f0fff 0x7f3f0fff 0x874717ff 0x8f4717ff
0x8f4f17ff 0x974f17ff 0x8f4f17ff 0x874717ff
0x7f4717ff 0x7f4717ff 0x7f3f17ff 0x874717ff
0x8f4717ff 0x8f4f17ff 0x974f17ff 0x974f17ff
0x974f17ff 0x8f4f17ff 0x874717ff 0x773717ff
0x6f3717ff 0x6f3717ff 0x7f3f17ff 0x874f17ff
0x874f17ff 0x7f3f17ff 0x6f3717ff 0x6f3717ff
0x773717ff 0x874717ff 0x8f4f17ff 0x974f17ff
0x974f17ff 0x974f17ff 0x8f4f17ff 0x8f4717ff
0x874717ff 0x7f3f17ff 0x7f4717ff 0x7f4717ff
0x874717ff 0x8f4f17ff 0x974f17ff 0x8f4f17ff
0x8f4717ff 0x874717ff 0x7f3f0fff 0x6f2f0fff
0x5f2f0fff 0x672f0fff 0x77370fff 0x77370fff
0x77370fff 0x7f3f0fff 0x8f470fff 0x974717ff
0x974717ff 0x8f4717ff 0x8f4f17ff 0x8f4f17ff
0x8f4717ff 0x8f4717ff 0x87470fff 0x87470fff
0x7f3f0fff 0x6f370fff 0x672f0fff 0x5f2f0fff
0x572f0fff 0x5f370fff 0x7f3f0fff 0x974f17ff
0x9f5717ff 0xa75f17ff 0xa75f17ff 0xa75f17ff
0xaf5f17ff 0xaf6717ff 0xaf6717ff 0xaf6717ff
0xaf6717ff 0xaf6717ff 0xa75f17ff 0x9f5717ff
0x9f5717ff 0xa75f17ff 0xa75f17ff 0x9f5717ff
0x9f5717ff 0x974f17ff 0x8f4f17ff 0x8f4f17ff
0x974f17ff 0x974f17ff 0x974f17ff 0x8f470fff
0x8f470fff 0x874717ff 0x8f4f17ff 0x8f4717ff
0x8f4717ff 0x8f4f17ff 0x974f17ff 0x974f17ff
0x974f17ff 0x9f5717ff 0x9f5717ff 0x9f4f17ff
0x9f4f17ff 0x974f17ff 0x974f17ff 0x974f17ff
0x974f17ff 0x974f17ff 0x974f17ff 0x8f4717ff
0x8f4717ff 0x8f4717ff 0x8f4717ff 0x874717ff
0x773f17ff 0x773717ff 0x773f17ff 0x8f4717ff
0x974f17ff 0x873f17ff 0x773f17ff 0x7f3f17ff
0x8f4717ff 0x974f17ff 0x8f4f17ff 0x8f4717ff
0x8f4717ff 0x8f4f17ff 0x974f17ff 0x974f17ff
0x974f17ff 0x8f4f17ff 0x974f17ff 0x975717ff
0x9f5717ff 0x9f5717ff 0x975717ff 0x974f17ff
0x974f17ff 0x974f17ff 0x8f4f17ff 0x8f4717ff
0x8f4717ff 0x8f4717ff 0x874717ff 0x8f470fff
0x8f470fff 0x974f17ff 0x974f17ff 0x974f17ff
0x8f4f17ff 0x8f4f17ff 0x974f17ff 0x9f5717ff
0x9f5717ff 0xa75f17ff 0xa75f17ff 0x9f5717ff
0x9f5717ff 0xa75f17ff 0xaf6717ff 0xaf6717ff
0xaf6717ff 0xaf6717ff 0xaf6717ff 0xaf5f17ff
0xa75f17ff 0xa75f17ff 0xa75f17ff 0xa75f17ff
0x974f17ff 0x773f0fff 0x572f0fff 0x572f0fff
0x572f0fff 0x672f0fff 0x6f370fff 0x7f3f0fff
0x87470fff 0x87470fff 0x8f4717ff 0x8f4717ff
0x8f4f17ff 0x8f4f17ff 0x974f17ff 0x974f17ff
0x974f17ff 0x87470fff 0x7f3f0fff 0x77370fff
0x6f370fff 0x6f370fff 0x5f2f0fff 0x5f2f0fff
0x6f370fff 0x7f3f0fff 0x87470fff 0x8f4717ff
0x8f4717ff 0x8f4f17ff 0x8f4f17ff 0x7f4717ff
0x773f17ff 0x773f17ff 0x7f3f0fff 0x87470fff
0x8f4f17ff 0x974f17ff 0x974f17ff 0x974f17ff
0x974f17ff 0x8f4f17ff 0x874717ff 0x773f17ff
0x673717ff 0x6f3717ff 0x7f3f17ff 0x874f17ff
0x874f17ff 0x7f3f17ff 0x6f3717ff 0x673717ff
0x773f17ff 0x874717ff 0x8f4f17ff 0x974f17ff
0x974f17ff 0x974f17ff 0x974f17ff 0x8f4f17ff
0x87470fff 0x7f3f0fff 0x773f17ff 0x773f17ff
0x7f4717ff 0x8f4f17ff 0x8f4f17ff 0x8f4717ff
0x8f4717ff 0x87470fff 0x7f3f0fff 0x6f370fff
0x5f2f0fff 0x5f2f0fff 0x6f370fff 0x6f370fff
0x77370fff 0x7f3f0fff 0x87470fff 0x974f17ff
0x974f17ff 0x974f17ff 0x8f4f17ff 0x8f4f17ff
0x8f4717ff 0x8f4717ff 0x87470fff 0x87470fff
0x7f3f0fff 0x6f370fff 0x672f0fff 0x572f0fff
0x572f0fff 0x572f0fff 0x773f0fff 0x974f17ff
0xa75f17ff 0xa75f17ff 0xa75f17ff 0xa75f17ff
0xaf5f17ff 0xaf6717ff 0xaf6717ff 0xaf6717ff
0xaf6717ff 0xaf6717ff 0xa75f17ff 0x9f5717ff
0x9f5717ff 0xa75f17ff 0xa75f17ff 0x9f5717ff
0x9f5717ff 0x974f17ff 0x8f4f17ff 0x8f4f17ff
0x974f17ff 0x974f17ff 0x974f17ff 0x8f470fff
0x8f470fff 0x874717ff 0x8f4717ff 0x8f4717ff
0x8f4717ff 0x8f4f17ff 0x974f17ff 0x974f17ff
0x974f17ff 0x975717ff 0x9f5717ff 0x9f5717ff
0x975717ff 0x974f17ff 0x8f4f17ff 0x974f17ff
0x974f17ff 0x974f17ff 0x8f4f17ff 0x8f4717ff
0x8f4717ff 0x8f4f17ff 0x974f17ff 0x8f4717ff
0x7f3f17ff 0x773f17ff 0x873f17ff 0x974f17ff
0x8f4717ff 0x873f17ff 0x7f3f17ff 0x874717ff
0x974f17ff 0x975717ff 0x974f17ff 0x8f4f17ff
0x8f4717ff 0x8f4f17ff 0x974f17ff 0x974f17ff
0x974f17ff 0x974f17ff 0x974f17ff 0x975717ff
0x975717ff 0x975717ff 0x974f17ff 0x974f17ff
0x974f17ff 0x974f17ff 0x974f17ff 0x8f4f17ff
0x8f4f17ff 0x8f4717ff 0x874717ff 0x87470fff
0x8f4717ff 0x974f17ff 0x974f17ff 0x8f4717ff
0x874717ff 0x874717ff 0x8f4717ff 0x9f4f17ff
0x9f5717ff 0xa75717ff 0xa75717ff 0x9f5717ff
0x9f5717ff 0xa75f17ff 0xaf6717ff 0xaf6717ff
0xaf6717ff 0xaf6717ff 0xaf6717ff 0xaf6717ff
0xa75f17ff 0xa75f17ff 0xa75f17ff 0xa75f17ff
0x975717ff 0x773f0fff 0x5f2f0fff 0x572f0fff
0x572f0fff 0x5f2f0fff 0x6f370fff 0x7f3f0fff
0x87470fff 0x8f470fff 0x8f4717ff 0x8f4717ff
0x974f17ff 0x974f17ff 0x974f17ff 0x974f17ff
0x8f4f17ff 0x87470fff 0x7f3f0fff 0x6f370fff
0x6f370fff 0x672f0fff 0x5f270fff 0x57270fff
0x6f2f0fff 0x7f3f0fff 0x87470fff 0x8f470fff
0x8f470fff 0x8f4f17ff 0x874717ff 0x773f17ff
0x773f0fff 0x773f0fff 0x7f470fff 0x87470fff
0x8f4f17ff 0x8f4f17ff 0x975717ff 0x8f4f17ff
0x8f4f17ff 0x8f4f17ff 0x874717ff 0x6f3f17ff
0x6f3717ff 0x6f3f17ff 0x7f4717ff 0x874f17ff
0x874f17ff 0x7f4717ff 0x6f3f17ff 0x6f3717ff
0x6f3f17ff 0x874717ff 0x8f4f17ff 0x8f4f17ff
0x8f4f17ff 0x975717ff 0x8f4f17ff 0x8f4f17ff
0x87470fff 0x7f470fff 0x773f0fff 0x773f0fff
0x773f17ff 0x874717ff 0x8f4f17ff 0x8f470fff
0x8f470fff 0x87470fff 0x7f3f0fff 0x6f2f0fff
0x57270fff 0x5f270fff 0x672f0fff 0x6f370fff
0x6f370fff 0x7f3f0fff 0x87470fff 0x8f4f17ff
0x974f17ff 0x974f17ff 0x974f17ff 0x974f17ff
0x8f4717ff 0x8f4717ff 0x8f470fff 0x87470fff
0x7f3f0fff 0x6f370fff 0x5f2f0fff 0x572f0fff
0x572f0fff 0x5f2f0fff 0x773f0fff 0x975717ff
0xa75f17ff 0xa75f17ff 0xa75f17ff 0xa75f17ff
0xaf6717ff 0xaf6717ff 0xaf6717ff 0xaf6717ff
0xaf6717ff 0xaf6717ff 0xa75f17ff 0x9f5717ff
0x9f5717ff 0xa75717ff 0xa75717ff 0x9f5717ff
0x9f4f17ff 0x8f4717ff 0x874717ff 0x874717ff
0x8f4717ff 0x974f17ff 0x974f17ff 0x8f4717ff
0x87470fff 0x874717ff 0x8f4717ff 0x8f4f17ff
0x8f4f17ff 0x974f17ff 0x974f17ff 0x974f17ff
0x974f17ff 0x974f17ff 0x975717ff 0x975717ff
0x975717ff 0x974f17ff 0x974f17ff 0x974f17ff
0x974f17ff 0x974f17ff 0x8f4f17ff 0x8f4717ff
0x8f4f17ff 0x974f17ff 0x975717ff 0x974f17ff
0x874717ff 0x7f3f17ff 0x873f17ff 0x8f4717ff
0x8f4717ff 0x873f17ff 0x873f17ff 0x8f4f17ff
0x975717ff 0x975717ff 0x974f17ff 0x974f17ff
0x974f17ff 0x974f17ff 0x974f17ff 0x974f17ff
0x974f17ff 0x974f17ff 0x974f17ff 0x974f17ff
0x9f4f17ff 0x9f4f17ff 0x9f4f17ff 0x974f17ff
0x974f17ff 0x974f17ff 0x974f17ff 0x974f17ff
0x974f17ff 0x8f4717ff 0x7f3f17ff 0x87470fff
0x8f4f17ff 0x974f17ff 0x974f17ff 0x8f4717ff
0x873f0fff 0x873f0fff 0x8f4717ff 0x974f17ff
0xa75717ff 0xa75717ff 0xa75717ff 0x9f5717ff
0x9f5717ff 0xa75f17ff 0xaf6717ff 0xaf6717ff
0xaf6717ff 0xaf6717ff 0xaf6717ff 0xaf6717ff
0xaf6717ff 0xa75f17ff 0xa75f17ff 0xa75f17ff
0x974f17ff 0x7f3f0fff 0x5f2f0fff 0x572f0fff
0x572f0fff 0x5f2f0fff 0x6f370fff 0x7f3f0fff
0x87470fff 0x8f470fff 0x8f4717ff 0x974717ff
0x974f17ff 0x974f17ff 0x974f17ff 0x974f17ff
0x8f4f17ff 0x87470fff 0x77370fff 0x6f370fff
0x6f2f0fff 0x672f0fff 0x5f2f0fff 0x57270fff
0x672f0fff 0x7f3f0fff 0x87470fff 0x8f470fff
0x8f4717ff 0x8f4717ff 0x7f3f17ff 0x6f370fff
0x6f370fff 0x773f0fff 0x7f3f0fff 0x874717ff
0x8f4f17ff 0x8f4f17ff 0x8f4f17ff 0x974f17ff
0x8f4f17ff 0x8f4f17ff 0x7f3f17ff 0x6f370fff
0x67370fff 0x6f3f17ff 0x7f4717ff 0x874f17ff
0x874f17ff 0x7f4717ff 0x6f3f17ff 0x67370fff
0x6f370fff 0x7f3f17ff 0x8f4f17ff 0x8f4f17ff
0x974f17ff 0x8f4f17ff 0x8f4f17ff 0x8f4f17ff
0x874717ff 0x7f3f0fff 0x773f0fff 0x6f370fff
0x6f370fff 0x7f3f17ff 0x8f4717ff 0x8f4717ff
0x8f470fff 0x87470fff 0x7f3f0fff 0x672f0fff
0x57270fff 0x5f2f0fff 0x672f0fff 0x6f2f0fff
0x6f370fff 0x77370fff 0x87470fff 0x8f4f17ff
0x974f17ff 0x974f17ff 0x974f17ff 0x974f17ff
0x974717ff 0x8f4717ff 0x8f470fff 0x87470fff
0x7f3f0fff 0x6f370fff 0x5f2f0fff 0x572f0fff
0x572f0fff 0x5f2f0fff 0x7f3f0fff 0x974f17ff
0xa75f17ff 0xa75f17ff 0xa75f17ff 0xaf6717ff
0xaf6717ff 0xaf6717ff 0xaf6717ff 0xaf6717ff
0xaf6717ff 0xaf6717ff 0xa75f17ff 0x9f5717ff
0x9f5717ff 0xa75717ff 0xa75717ff 0xa75717ff
0x974f17ff 0x8f4717ff 0x873f0fff 0x873f0fff
0x8f4717ff 0x974f17ff 0x974f17ff 0x8f4f17ff
0x87470fff 0x7f3f17ff 0x8f4717ff 0x974f17ff
0x974f17ff 0x974f17ff 0x974f17ff 0x974f17ff
0x974f17ff 0x9f4f17ff 0x9f4f17ff 0x9f4f17ff
0x974f17ff 0x974f17ff 0x974f17ff 0x974f17ff
0x974f17ff 0x974f17ff 0x974f17ff 0x974f17ff
0x974f17ff 0x974f17ff 0x975717ff 0x975717ff
0x8f4f17ff 0x873f17ff 0x873f17ff 0x8f4717ff
0x874717ff 0x7f3f17ff 0x873f17ff 0x8f4f17ff
0x974f17ff 0x974f17ff 0x975717ff 0x975717ff
0x975717ff 0x974f17ff 0x974f17ff 0x974f17ff
0x9f5717ff 0x974f17ff 0x974f17ff 0x9f4f17ff
0x9f5717ff 0x9f4f17ff 0x9f4f17ff 0x9f4f17ff
0x9f4f17ff 0x9f4f17ff 0x974f17ff 0x974f17ff
0x974f17ff 0x8f4717ff 0x873f17ff 0x873f0fff
0x974f17ff 0x974f17ff 0x974f17ff 0x8f4717ff
0x873f0fff 0x7f3f0fff 0x8f4717ff 0x974f17ff
0xa75717ff 0xa75717ff 0x9f5717ff 0x9f5717ff
0x9f4f17ff 0xa75717ff 0xaf6717ff 0xaf6717ff
0xaf6717ff 0xaf6717ff 0xaf6717ff 0xaf6717ff
0xaf6717ff 0xa75f17ff 0xa75f17ff 0x9f5717ff
0x974f17ff 0x7f3f0fff 0x67370fff 0x5f2f0fff
0x5f2f0fff 0x672f0fff 0x6f3f0fff 0x7f470fff
0x87470fff 0x8f470fff 0x8f470fff 0x8f470fff
0x974f17ff 0x974f17ff 0x974f17ff 0x974f17ff
0x8f4f17ff 0x7f470fff 0x77370fff 0x6f370fff
0x6f2f0fff 0x6f2f0fff 0x672f0fff 0x5f2f0fff
0x672f0fff 0x7f3f0fff 0x873f0fff 0x8f470fff
0x8f4717ff 0x8f470fff 0x7f3f0fff 0x6f370fff
0x6f370fff 0x77370fff 0x7f3f0fff 0x7f4717ff
0x874717ff 0x8f4717ff 0x8f4f17ff 0x974f17ff
0x974f17ff 0x8f4717ff 0x7f3f17ff 0x6f370fff
0x67370fff 0x67370fff 0x773f0fff 0x874717ff
0x874717ff 0x773f0fff 0x67370fff 0x67370fff
0x6f370fff 0x7f3f17ff 0x8f4717ff 0x974f17ff
0x974f17ff 0x8f4f17ff 0x8f4717ff 0x874717ff
0x7f4717ff 0x7f3f0fff 0x77370fff 0x6f370fff
0x6f370fff 0x7f3f0fff 0x8f470fff 0x8f4717ff
0x8f470fff 0x873f0fff 0x7f3f0fff 0x672f0fff
0x5f2f0fff 0x672f0fff 0x6f2f0fff 0x6f2f0fff
0x6f370fff 0x77370fff 0x7f470fff 0x8f4f17ff
0x974f17ff 0x974f17ff 0x974f17ff 0x974f17ff
0x8f470fff 0x8f470fff 0x8f470fff 0x87470fff
0x7f470fff 0x6f3f0fff 0x672f0fff 0x5f2f0fff
0x5f2f0fff 0x67370fff 0x7f3f0fff 0x974f17ff
0x9f5717ff 0xa75f17ff 0xa75f17ff 0xaf6717ff
0xaf6717ff 0xaf6717ff 0xaf6717ff 0xaf6717ff
0xaf6717ff 0xaf6717ff 0xa75717ff 0x9f4f17ff
0x9f5717ff 0x9f5717ff 0xa75717ff 0xa75717ff
0x974f17ff 0x8f4717ff 0x7f3f0fff 0x873f0fff
0x8f4717ff 0x974f17ff 0x974f17ff 0x974f17ff
0x873f0fff 0x873f17ff 0x8f4717ff 0x974f17ff
0x974f17ff 0x974f17ff 0x9f4f17ff 0x9f4f17ff
0x9f4f17ff 0x9f4f17ff 0x9f4f17ff 0x9f5717ff
0x9f4f17ff 0x974f17ff 0x974f17ff 0x9f5717ff
0x974f17ff 0x974f17ff 0x974f17ff 0x975717ff
0x975717ff 0x975717ff 0x974f17ff 0x974f17ff
0x8f4f17ff 0x873f17ff 0x7f3f17ff 0x874717ff
0x7f3f17ff 0x7f3f17ff 0x873f17ff 0x8f4f17ff
0x974f17ff 0x974f17ff 0x975717ff 0x975717ff
0x974f17ff 0x974f17ff 0x974f17ff 0x974f17ff
0x9f4f17ff 0x9f4f17ff 0x9f4f17ff 0x9f5717ff
0x9f5717ff 0x9f5717ff 0x9f5717ff 0x9f5717ff
0x9f4f17ff 0x974f17ff 0x974f17ff 0x974f17ff
0x974f17ff 0x8f4717ff 0x874717ff 0x874717ff
0x8f4f17ff 0x974f17ff 0x974f17ff 0x8f4717ff
0x7f3f0fff 0x7f3f0fff 0x8f470fff 0x9f4f17ff
0xa75717ff 0xa75717ff 0x9f5717ff 0x9f4f17ff
0x9f4f17ff 0xa75f17ff 0xaf6717ff 0xb76717ff
0xaf6717ff 0xaf6717ff 0xaf6717ff 0xaf6717ff
0xaf5f17ff 0xa75f17ff 0xa75f17ff 0x9f5717ff
0x974f17ff 0x7f3f0fff 0x67370fff 0x5f2f0fff
0x672f0fff 0x6f370fff 0x773f0fff 0x7f3f0fff
0x87470fff 0x8f470fff 0x8f470fff 0x8f470fff
0x8f4717ff 0x974717ff 0x974f17ff 0x974f17ff
0x8f4717ff 0x7f3f17ff 0x77370fff 0x6f2f0fff
0x6f2f0fff 0x672f0fff 0x672f0fff 0x672f0fff
0x6f370fff 0x7f3f0fff 0x87470fff 0x8f470fff
0x8f470fff 0x87470fff 0x7f470fff 0x773f0fff
0x6f370fff 0x77370fff 0x7f3f0fff 0x7f470fff
0x87470fff 0x8f470fff 0x8f4f17ff 0x8f4f17ff
0x974f17ff 0x874717ff 0x773f17ff 0x6f370fff
0x672f0fff 0x67370fff 0x773f0fff 0x874717ff
0x874717ff 0x773f0fff 0x67370fff 0x672f0fff
0x6f370fff 0x773f17ff 0x874717ff 0x974f17ff
0x8f4f17ff 0x8f4f17ff 0x8f470fff 0x87470fff
0x7f470fff 0x7f3f0fff 0x77370fff 0x6f370fff
0x773f0fff 0x7f470fff 0x87470fff 0x8f470fff
0x8f470fff 0x87470fff 0x7f3f0fff 0x6f370fff
0x672f0fff 0x672f0fff 0x672f0fff 0x6f2f0fff
0x6f2f0fff 0x77370fff 0x7f3f17ff 0x8f4717ff
0x974f17ff 0x974f17ff 0x974717ff 0x8f4717ff
0x8f470fff 0x8f470fff 0x8f470fff 0x87470fff
0x7f3f0fff 0x773f0fff 0x6f370fff 0x672f0fff
0x5f2f0fff 0x67370fff 0x7f3f0fff 0x974f17ff
0x9f5717ff 0xa75f17ff 0xa75f17ff 0xaf5f17ff
0xaf6717ff 0xaf6717ff 0xaf6717ff 0xaf6717ff
0xb76717ff 0xaf6717ff 0xa75f17ff 0x9f4f17ff
0x9f4f17ff 0x9f5717ff 0xa75717ff 0xa75717ff
0x9f4f17ff 0x8f470fff 0x7f3f0fff 0x7f3f0fff
0x8f4717ff 0x974f17ff 0x974f17ff 0x8f4f17ff
0x874717ff 0x874717ff 0x8f4717ff 0x974f17ff
0x974f17ff 0x974f17ff 0x974f17ff 0x9f4f17ff
0x9f5717ff 0x9f5717ff 0x9f5717ff 0x9f5717ff
0x9f5717ff 0x9f4f17ff 0x9f4f17ff 0x9f4f17ff
0x974f17ff 0x974f17ff 0x974f17ff 0x974f17ff
0x975717ff 0x975717ff 0x974f17ff 0x974f17ff
0x8f4f17ff 0x873f17ff 0x7f3f17ff 0x7f3f17ff
0x773f17ff 0x7f3f17ff 0x873f17ff 0x8f4f17ff
0x974f17ff 0x974f17ff 0x975717ff 0x974f17ff
0x974f17ff 0x974f17ff 0x974f17ff 0x9f4f17ff
0x9f4f17ff 0x974f17ff 0x975717ff 0x9f5717ff
0x9f5717ff 0x9f5717ff 0x9f5717ff 0x9f5717ff
0x9f4f17ff 0x974f17ff 0x974f17ff 0x974717ff
0x974f17ff 0x8f4717ff 0x874717ff 0x874717ff
0x8f4f17ff 0x974f17ff 0x8f4f17ff 0x874717ff
0x773f0fff 0x773f0fff 0x8f470fff 0x9f4f17ff
0xa75717ff 0xa75717ff 0x9f5717ff 0x9f4f17ff
0x9f5717ff 0xa75f17ff 0xaf6717ff 0xb76717ff
0xaf6717ff 0xaf5f17ff 0xaf5f17ff 0xaf6717ff
0xaf5f17ff 0xa75f17ff 0xa75f17ff 0x9f5717ff
0x974717ff 0x7f3f0fff 0x67370fff 0x67370fff
0x6f370fff 0x6f370fff 0x773f0fff 0x7f3f0fff
0x8f470fff 0x8f470fff 0x8f470fff 0x8f470fff
0x8f4717ff 0x974f17ff 0x974f17ff 0x974f17ff
0x8f4717ff 0x7f3f17ff 0x6f370fff 0x672f0fff
0x672f0fff 0x5f2f0fff 0x5f2f0fff 0x672f0fff
0x77370fff 0x873f0fff 0x87470fff 0x8f470fff
0x8f470fff 0x87470fff 0x7f3f0fff 0x77370fff
0x6f370fff 0x773f0fff 0x7f3f0fff 0x87470fff
0x8f470fff 0x8f470fff 0x8f470fff 0x8f4f17ff
0x8f4717ff 0x873f17ff 0x77370fff 0x6f370fff
0x672f0fff 0x67370fff 0x773f17ff 0x874717ff
0x874717ff 0x773f17ff 0x67370fff 0x672f0fff
0x6f370fff 0x77370fff 0x873f17ff 0x8f4717ff
0x8f4f17ff 0x8f470fff 0x8f470fff 0x8f470fff
0x87470fff 0x7f3f0fff 0x773f0fff 0x6f370fff
0x77370fff 0x7f3f0fff 0x87470fff 0x8f470fff
0x8f470fff 0x87470fff 0x873f0fff 0x77370fff
0x672f0fff 0x5f2f0fff 0x5f2f0fff 0x672f0fff
0x672f0fff 0x6f370fff 0x7f3f17ff 0x8f4717ff
0x974f17ff 0x974f17ff 0x974f17ff 0x8f4717ff
0x8f470fff 0x8f470fff 0x8f470fff 0x8f470fff
0x7f3f0fff 0x773f0fff 0x6f370fff 0x6f370fff
0x67370fff 0x67370fff 0x7f3f0fff 0x974717ff
0x9f5717ff 0xa75f17ff 0xa75f17ff 0xaf5f17ff
0xaf6717ff 0xaf5f17ff 0xaf5f17ff 0xaf6717ff
0xb76717ff 0xaf6717ff 0xa75f17ff 0x9f5717ff
0x9f4f17ff 0x9f5717ff 0xa75717ff 0xa75717ff
0x9f4f17ff 0x8f470fff 0x773f0fff 0x773f0fff
0x874717ff 0x8f4f17ff 0x974f17ff 0x8f4f17ff
0x874717ff 0x874717ff 0x8f4717ff 0x974f17ff
0x974717ff 0x974f17ff 0x974f17ff 0x9f4f17ff
0x9f5717ff 0x9f5717ff 0x9f5717ff 0x9f5717ff
0x9f5717ff 0x975717ff 0x974f17ff 0x9f4f17ff
0x9f4f17ff 0x974f17ff 0x974f17ff 0x974f17ff
0x974f17ff 0x975717ff 0x974f17ff 0x974f17ff
0x8f4f17ff 0x873f17ff 0x7f3f17ff 0x773f17ff
0x7f3f17ff 0x7f3f17ff 0x873f17ff 0x8f4717ff
0x974f17ff 0x975717ff 0x975717ff 0x975717ff
0x974f17ff 0x974f17ff 0x974f17ff 0x9f5717ff
0x9f5717ff 0x9f4f17ff 0x9f5717ff 0x9f5717ff
0xa75717ff 0x9f5717ff 0x9f5717ff 0x9f5717ff
0x9f4f17ff 0x974f17ff 0x974717ff 0x974f17ff
0x974f17ff 0x8f4717ff 0x874717ff 0x874717ff
0x974f17ff 0x974f17ff 0x8f4717ff 0x773f0fff
0x6f370fff 0x773f0fff 0x8f4717ff 0x9f5717ff
0xa75717ff 0xa75717ff 0x9f5717ff 0x9f4f17ff
0x9f5717ff 0xa75f17ff 0xaf6717ff 0xb76717ff
0xaf6717ff 0xaf5f17ff 0xaf6717ff 0xaf6717ff
0xa75f17ff 0xa75f17ff 0xa75f17ff 0x9f5717ff
0x8f4717ff 0x873f0fff 0x77370fff 0x6f370fff
0x6f370fff 0x6f370fff 0x773f0fff 0x7f470fff
0x8f4717ff 0x974f17ff 0x974f17ff 0x8f4f17ff
0x8f4f17ff 0x974f17ff 0x974f17ff 0x974f17ff
0x8f4717ff 0x7f3f0fff 0x67370fff 0x5f2f0fff
0x5f270fff 0x57270fff 0x5f270fff 0x672f0fff
0x77370fff 0x873f17ff 0x874717ff 0x874717ff
0x874717ff 0x7f3f0fff 0x77370fff 0x6f370fff
0x6f370fff 0x7f3f0fff 0x874717ff 0x8f470fff
0x8f470fff 0x8f4717ff 0x8f4f17ff 0x974f17ff
0x8f4717ff 0x7f3f0fff 0x77370fff 0x77370fff
0x6f370fff 0x77370fff 0x7f3f17ff 0x874717ff
0x874717ff 0x7f3f17ff 0x77370fff 0x6f370fff
0x77370fff 0x77370fff 0x7f3f0fff 0x8f4717ff
0x974f17ff 0x8f4f17ff 0x8f4717ff 0x8f470fff
0x8f470fff 0x874717ff 0x7f3f0fff 0x6f370fff
0x6f370fff 0x77370fff 0x7f3f0fff 0x874717ff
0x874717ff 0x874717ff 0x873f17ff 0x77370fff
0x672f0fff 0x5f270fff 0x57270fff 0x5f270fff
0x5f2f0fff 0x67370fff 0x7f3f0fff 0x8f4717ff
0x974f17ff 0x974f17ff 0x974f17ff 0x8f4f17ff
0x8f4f17ff 0x974f17ff 0x974f17ff 0x8f4717ff
0x7f470fff 0x773f0fff 0x6f370fff 0x6f370fff
0x6f370fff 0x77370fff 0x873f0fff 0x8f4717ff
0x9f5717ff 0xa75f17ff 0xa75f17ff 0xa75f17ff
0xaf6717ff 0xaf6717ff 0xaf5f17ff 0xaf6717ff
0xb76717ff 0xaf6717ff 0xa75f17ff 0x9f5717ff
0x9f4f17ff 0x9f5717ff 0xa75717ff 0xa75717ff
0x9f5717ff 0x8f4717ff 0x773f0fff 0x6f370fff
0x773f0fff 0x8f4717ff 0x974f17ff 0x974f17ff
0x874717ff 0x874717ff 0x8f4717ff 0x974f17ff
0x974f17ff 0x974717ff 0x974f17ff 0x9f4f17ff
0x9f5717ff 0x9f5717ff 0x9f5717ff 0xa75717ff
0x9f5717ff 0x9f5717ff 0x9f4f17ff 0x9f5717ff
0x9f5717ff 0x974f17ff 0x974f17ff 0x974f17ff
0x975717ff 0x975717ff 0x975717ff 0x974f17ff
0x8f4717ff 0x873f17ff 0x7f3f17ff 0x7f3f17ff
0x874717ff 0x7f3f17ff 0x874717ff 0x8f4f17ff
0x975717ff 0x975717ff 0x975717ff 0x975717ff
0x974f17ff 0x974f17ff 0x974f17ff 0x9f5717ff
0x9f5717ff 0x9f5717ff 0x9f4f17ff 0x9f5717ff
0xa75717ff 0x9f5717ff 0x9f5717ff 0x9f5717ff
0x9f5717ff 0x974f17ff 0x974f17ff 0x974f17ff
0x974f17ff 0x8f4717ff 0x874717ff 0x8f4717ff
0x974f17ff 0x974f17ff 0x874717ff 0x6f370fff
0x67370fff 0x77370fff 0x8f4717ff 0xa75717ff
0xa75717ff 0xa75717ff 0x9f5717ff 0x9f4f17ff
0x9f4f17ff 0xa75f17ff 0xaf6717ff 0xaf6717ff
0xaf6717ff 0xaf5f17ff 0xaf6717ff 0xaf6717ff
0xa75f17ff 0xa75f17ff 0xa75717ff 0x9f4f17ff
0x97470fff 0x873f0fff 0x7f3f0fff 0x7f3f0fff
0x6f370fff 0x6f370fff 0x773f0fff 0x873f0fff
0x8f4717ff 0x974f17ff 0x974f17ff 0x8f4f17ff
0x8f4f17ff 0x974f17ff 0x974f17ff 0x974f17ff
0x8f470fff 0x7f3f0fff 0x6f370fff 0x5f2f0fff
0x5f270fff 0x57270fff 0x5f270fff 0x672f0fff
0x77370fff 0x7f3f0fff 0x873f17ff 0x874717ff
0x874717ff 0x7f3f0fff 0x6f370fff 0x67370fff
0x6f370fff 0x7f3f0fff 0x8f4717ff 0x8f4717ff
0x8f4717ff 0x8f4717ff 0x8f4f17ff 0x974f17ff
0x8f4f17ff 0x874717ff 0x7f3f0fff 0x77370fff
0x6f3f0fff 0x773f17ff 0x874717ff 0x8f4f17ff
0x8f4f17ff 0x874717ff 0x773f17ff 0x6f3f0fff
0x77370fff 0x7f3f0fff 0x874717ff 0x8f4f17ff
0x974f17ff 0x8f4f17ff 0x8f4717ff 0x8f4717ff
0x8f4717ff 0x8f4717ff 0x7f3f0fff 0x6f370fff
0x67370fff 0x6f370fff 0x7f3f0fff 0x874717ff
0x874717ff 0x873f17ff 0x7f3f0fff 0x77370fff
0x672f0fff 0x5f270fff 0x57270fff 0x5f270fff
0x5f2f0fff 0x6f370fff 0x7f3f0fff 0x8f470fff
0x974f17ff 0x974f17ff 0x974f17ff 0x8f4f17ff
0x8f4f17ff 0x974f17ff 0x974f17ff 0x8f4717ff
0x873f0fff 0x773f0fff 0x6f370fff 0x6f370fff
0x7f3f0fff 0x7f3f0fff 0x873f0fff 0x97470fff
0x9f4f17ff 0xa75717ff 0xa75f17ff 0xa75f17ff
0xaf6717ff 0xaf6717ff 0xaf5f17ff 0xaf6717ff
0xaf6717ff 0xaf6717ff 0xa75f17ff 0x9f4f17ff
0x9f4f17ff 0x9f5717ff 0xa75717ff 0xa75717ff
0xa75717ff 0x8f4717ff 0x77370fff 0x67370fff
0x6f370fff 0x874717ff 0x974f17ff 0x974f17ff
0x8f4717ff 0x874717ff 0x8f4717ff 0x974f17ff
0x974f17ff 0x974f17ff 0x974f17ff 0x9f5717ff
0x9f5717ff 0x9f5717ff 0x9f5717ff 0xa75717ff
0x9f5717ff 0x9f4f17ff 0x9f5717ff 0x9f5717ff
0x9f5717ff 0x974f17ff 0x974f17ff 0x974f17ff
0x975717ff 0x975717ff 0x975717ff 0x975717ff
0x8f4f17ff 0x874717ff 0x7f3f17ff 0x874717ff
0x874717ff 0x7f3f17ff 0x7f4717ff 0x8f4f17ff
0x975717ff 0x975717ff 0x974f17ff 0x9f4f17ff
0x974f17ff 0x974f17ff 0x974f17ff 0x9f5717ff
0x9f5717ff 0x974f17ff 0x9f5717ff 0xa75717ff
0xa75717ff 0xa75717ff 0xa75717ff 0x9f5717ff
0x9f4f17ff 0x974f17ff 0x974717ff 0x8f4717ff
0x8f4717ff 0x8f4717ff 0x8f4717ff 0x8f4717ff
0x974f17ff 0x974f17ff 0x874717ff 0x6f370fff
0x67370fff 0x773f0fff 0x8f4f17ff 0xa75717ff
0xa75f17ff 0xa75f17ff 0xa75717ff 0x9f5717ff
0x9f5717ff 0xa75f17ff 0xaf6717ff 0xaf6717ff
0xaf6717ff 0xaf5f17ff 0xaf5f17ff 0xaf5f17ff
0xaf5f17ff 0xaf5f17ff 0xa75f17ff 0x9f4f17ff
0x974f17ff 0x8f470fff 0x8f470fff 0x7f3f0fff
0x6f370fff 0x6f370fff 0x773f0fff 0x873f0fff
0x8f4717ff 0x8f4717ff 0x8f4f17ff 0x8f4f17ff
0x8f4f17ff 0x974f17ff 0x974f17ff 0x8f4717ff
0x87470fff 0x7f3f0fff 0x77370fff 0x672f0fff
0x5f2f0fff 0x5f270fff 0x5f270fff 0x672f0fff
0x77370fff 0x7f3f0fff 0x7f3f0fff 0x873f17ff
0x873f17ff 0x77370fff 0x67370fff 0x67370fff
0x77370fff 0x7f3f0fff 0x8f4717ff 0x8f4717ff
0x8f4717ff 0x8f4717ff 0x974f17ff 0x974f17ff
0x974f17ff 0x8f4717ff 0x873f17ff 0x7f3f17ff
0x773f17ff 0x7f4717ff 0x8f4f17ff 0x8f5717ff
0x8f5717ff 0x8f4f17ff 0x7f4717ff 0x773f17ff
0x7f3f17ff 0x873f17ff 0x8f4717ff 0x974f17ff
0x974f17ff 0x974f17ff 0x8f4717ff 0x8f4717ff
0x8f4717ff 0x8f4717ff 0x7f3f0fff 0x77370fff
0x67370fff 0x67370fff 0x77370fff 0x873f17ff
0x873f17ff 0x7f3f0fff 0x7f3f0fff 0x77370fff
0x672f0fff 0x5f270fff 0x5f270fff 0x5f2f0fff
0x672f0fff 0x77370fff 0x7f3f0fff 0x87470fff
0x8f4717ff 0x974f17ff 0x974f17ff 0x8f4f17ff
0x8f4f17ff 0x8f4f17ff 0x8f4717ff 0x8f4717ff
0x873f0fff 0x773f0fff 0x6f370fff 0x6f370fff
0x7f3f0fff 0x8f470fff 0x8f470fff 0x974f17ff
0x9f4f17ff 0xa75f17ff 0xaf5f17ff 0xaf5f17ff
0xaf5f17ff 0xaf5f17ff 0xaf5f17ff 0xaf6717ff
0xaf6717ff 0xaf6717ff 0xa75f17ff 0x9f5717ff
0x9f5717ff 0xa75717ff 0xa75f17ff 0xa75f17ff
0xa75717ff 0x8f4f17ff 0x773f0fff 0x67370fff
0x6f370fff 0x874717ff 0x974f17ff 0x974f17ff
0x8f4717ff 0x8f4717ff 0x8f4717ff 0x8f4717ff
0x8f4717ff 0x974717ff 0x974f17ff 0x9f4f17ff
0x9f5717ff 0xa75717ff 0xa75717ff 0xa75717ff
0xa75717ff 0x9f5717ff 0x974f17ff 0x9f5717ff
0x9f5717ff 0x974f17ff 0x974f17ff 0x974f17ff
0x9f4f17ff 0x974f17ff 0x975717ff 0x975717ff
0x8f4f17ff 0x7f4717ff 0x7f3f17ff 0x874717ff
0x7f3f17ff 0x773f17ff 0x7f3f17ff 0x8f4f17ff
0x975717ff 0x975717ff 0x975717ff 0x9f571fff
0x9f5717ff 0x9f5717ff 0x975717ff 0x9f5717ff
0x975717ff 0x975717ff 0x9f5717ff 0x9f5f17ff
0xa75717ff 0xa75717ff 0x9f5717ff 0x9f4f17ff
0x9f4f17ff 0x974f17ff 0x974f17ff 0x8f4717ff
0x8f4717ff 0x8f4717ff 0x8f4717ff 0x8f4717ff
0x974f17ff 0x974717ff 0x874717ff 0x77370fff
0x67370fff 0x7f3f17ff 0x974f17ff 0xa75717ff
0xa75f17ff 0xa75f17ff 0xa75f17ff 0x9f5717ff
0x9f5717ff 0xa75717ff 0xaf6717ff 0xaf6717ff
0xaf6717ff 0xaf5f17ff 0xaf6717ff 0xaf5f17ff
0xaf5f17ff 0xaf5f17ff 0xaf5f17ff 0xa75717ff
0x974f17ff 0x8f4717ff 0x8f4717ff 0x874717ff
0x77370fff 0x6f370fff 0x7f3f0fff 0x87470fff
0x8f4717ff 0x8f4717ff 0x8f4717ff 0x8f470fff
0x8f4f0fff 0x8f4f17ff 0x8f4f17ff 0x8f4717ff
0x873f17ff 0x7f3f0fff 0x77370fff 0x67370fff
0x672f0fff 0x5f270fff 0x5f2f0fff 0x6f370fff
0x77370fff 0x7f3f0fff 0x7f3f0fff 0x873f17ff
0x873f17ff 0x77370fff 0x672f0fff 0x6f370fff
0x773f0fff 0x873f0fff 0x8f4717ff 0x8f4717ff
0x8f4717ff 0x974f17ff 0x974f17ff 0x975717ff
0x974f17ff 0x8f4f17ff 0x874717ff 0x7f3f17ff
0x773f17ff 0x7f4717ff 0x8f4f17ff 0x8f5717ff
0x8f5717ff 0x8f4f17ff 0x7f4717ff 0x773f17ff
0x7f3f17ff 0x874717ff 0x8f4f17ff 0x974f17ff
0x975717ff 0x974f17ff 0x974f17ff 0x8f4717ff
0x8f4717ff 0x8f4717ff 0x873f0fff 0x773f0fff
0x6f370fff 0x672f0fff 0x77370fff 0x873f17ff
0x873f17ff 0x7f3f0fff 0x7f3f0fff 0x77370fff
0x6f370fff 0x5f2f0fff 0x5f270fff 0x672f0fff
0x67370fff 0x77370fff 0x7f3f0fff 0x873f17ff
0x8f4717ff 0x8f4f17ff 0x8f4f17ff 0x8f4f0fff
0x8f470fff 0x8f4717ff 0x8f4717ff 0x8f4717ff
0x87470fff 0x7f3f0fff 0x6f370fff 0x77370fff
0x874717ff 0x8f4717ff 0x8f4717ff 0x974f17ff
0xa75717ff 0xaf5f17ff 0xaf5f17ff 0xaf5f17ff
0xaf5f17ff 0xaf6717ff 0xaf5f17ff 0xaf6717ff
0xaf6717ff 0xaf6717ff 0xa75717ff 0x9f5717ff
0x9f5717ff 0xa75f17ff 0xa75f17ff 0xa75f17ff
0xa75717ff 0x974f17ff 0x7f3f17ff 0x67370fff
0x77370fff 0x874717ff 0x974717ff 0x974f17ff
0x8f4717ff 0x8f4717ff 0x8f4717ff 0x8f4717ff
0x8f4717ff 0x974f17ff 0x974f17ff 0x9f4f17ff
0x9f4f17ff 0x9f5717ff 0xa75717ff 0xa75717ff
0x9f5f17ff 0x9f5717ff 0x975717ff 0x975717ff
0x9f5717ff 0x975717ff 0x9f5717ff 0x9f5717ff
0x9f571fff 0x975717ff 0x975717ff 0x975717ff
0x8f4f17ff 0x7f3f17ff 0x773f17ff 0x7f3f17ff
0x7f3f17ff 0x773717ff 0x773f17ff 0x8f4f17ff
0x975717ff 0x975717ff 0x975717ff 0x9f571fff
0x9f5717ff 0x975717ff 0x9f5717ff 0x9f5717ff
0x975717ff 0x974f17ff 0x974f17ff 0x975717ff
0x9f5717ff 0x9f5717ff 0x9f5717ff 0x9f4f17ff
0x974f17ff 0x974f17ff 0x974f17ff 0x974f17ff
0x8f4717ff 0x8f4717ff 0x8f4717ff 0x8f4717ff
0x974717ff 0x8f4717ff 0x873f17ff 0x77370fff
0x6f370fff 0x7f3f0fff 0x974f17ff 0x9f5717ff
0xa75f17ff 0xaf5f17ff 0xa75f17ff 0xa75717ff
0x9f5717ff 0xa75717ff 0xaf6717ff 0xaf6717ff
0xaf6717ff 0xaf6717ff 0xaf6717ff 0xaf6717ff
0xaf5f17ff 0xaf5f17ff 0xa75f17ff 0xa75717ff
0x974f17ff 0x8f4717ff 0x8f4717ff 0x874717ff
0x77370fff 0x6f370fff 0x7f3f0fff 0x8f470fff
0x8f470fff 0x8f4717ff 0x8f470fff 0x8f470fff
0x8f470fff 0x8f470fff 0x8f4717ff 0x8f4717ff
0x874717ff 0x773f17ff 0x6f370fff 0x672f0fff
0x672f0fff 0x57270fff 0x5f2f0fff 0x6f370fff
0x7f3f0fff 0x7f3f0fff 0x873f0fff 0x874717ff
0x874717ff 0x773f0fff 0x6f370fff 0x6f370fff
0x7f3f0fff 0x873f0fff 0x8f470fff 0x8f4717ff
0x974f17ff 0x974f17ff 0x974f17ff 0x9f5717ff
0x975717ff 0x8f4f17ff 0x874717ff 0x874717ff
0x7f4717ff 0x874717ff 0x8f4f17ff 0x974f17ff
0x974f17ff 0x8f4f17ff 0x874717ff 0x7f4717ff
0x874717ff 0x874717ff 0x8f4f17ff 0x975717ff
0x9f5717ff 0x974f17ff 0x974f17ff 0x974f17ff
0x8f4717ff 0x8f470fff 0x873f0fff 0x7f3f0fff
0x6f370fff 0x6f370fff 0x773f0fff 0x874717ff
0x874717ff 0x873f0fff 0x7f3f0fff 0x7f3f0fff
0x6f370fff 0x5f2f0fff 0x57270fff 0x672f0fff
0x672f0fff 0x6f370fff 0x773f17ff 0x874717ff
0x8f4717ff 0x8f4717ff 0x8f470fff 0x8f470fff
0x8f470fff 0x8f470fff 0x8f4717ff 0x8f470fff
0x8f470fff 0x7f3f0fff 0x6f370fff 0x77370fff
0x874717ff 0x8f4717ff 0x8f4717ff 0x974f17ff
0xa75717ff 0xa75f17ff 0xaf5f17ff 0xaf5f17ff
0xaf6717ff 0xaf6717ff 0xaf6717ff 0xaf6717ff
0xaf6717ff 0xaf6717ff 0xa75717ff 0x9f5717ff
0xa75717ff 0xa75f17ff 0xaf5f17ff 0xa75f17ff
0x9f5717ff 0x974f17ff 0x7f3f0fff 0x6f370fff
0x77370fff 0x873f17ff 0x8f4717ff 0x974717ff
0x8f4717ff 0x8f4717ff 0x8f4717ff 0x8f4717ff
0x974f17ff 0x974f17ff 0x974f17ff 0x974f17ff
0x9f4f17ff 0x9f5717ff 0x9f5717ff 0x9f5717ff
0x975717ff 0x974f17ff 0x974f17ff 0x975717ff
0x9f5717ff 0x9f5717ff 0x975717ff 0x9f5717ff
0x9f571fff 0x975717ff 0x975717ff 0x975717ff
0x8f4f17ff 0x773f17ff 0x773717ff 0x7f3f17ff
0x773f17ff 0x773717ff 0x773f17ff 0x874717ff
0x974f17ff 0x974f17ff 0x974f17ff 0x975717ff
0x974f17ff 0x974f17ff 0x9f4f17ff 0x9f5717ff
0x9f4f17ff 0x974f17ff 0x8f4f17ff 0x8f4f17ff
0x974f17ff 0x9f4f17ff 0x9f5717ff 0x974f17ff
0x974f17ff 0x974f17ff 0x974f17ff 0x974f17ff
0x974f17ff 0x974717ff 0x8f4717ff 0x8f470fff
0x8f4717ff 0x8f4717ff 0x873f17ff 0x77370fff
0x6f370fff 0x7f3f0fff 0x974f17ff 0xa75717ff
0xaf5f17ff 0xaf5f17ff 0xa75f17ff 0xa75f17ff
0x9f5717ff 0xa75f17ff 0xaf6717ff 0xaf6717ff
0xaf6717ff 0xaf6717ff 0xaf6717ff 0xaf6717ff
0xaf5f17ff 0xa75f17ff 0xa75f17ff 0x9f5717ff
0x974f17ff 0x8f4717ff 0x874717ff 0x7f3f17ff
0x6f370fff 0x77370fff 0x7f3f0fff 0x87470fff
0x8f470fff 0x8f470fff 0x87470fff 0x87470fff
0x8f470fff 0x8f4f0fff 0x8f4f17ff 0x8f4f17ff
0x874717ff 0x773f17ff 0x67370fff 0x672f0fff
0x672f0fff 0x5f270fff 0x5f2f0fff 0x6f370fff
0x7f3f0fff 0x7f3f0fff 0x87470fff 0x87470fff
0x87470fff 0x7f3f0fff 0x6f370fff 0x77370fff
0x7f3f0fff 0x873f0fff 0x8f470fff 0x8f470fff
0x974f17ff 0x974f17ff 0x974f17ff 0x9f5717ff
0x975717ff 0x8f4f17ff 0x874717ff 0x874717ff
0x874717ff 0x874f17ff 0x8f4f17ff 0x974f17ff
0x974f17ff 0x8f4f17ff 0x874f17ff 0x874717ff
0x874717ff 0x874717ff 0x8f4f17ff 0x975717ff
0x9f5717ff 0x974f17ff 0x974f17ff 0x974f17ff
0x8f470fff 0x8f470fff 0x873f0fff 0x7f3f0fff
0x77370fff 0x6f370fff 0x7f3f0fff 0x87470fff
0x87470fff 0x87470fff 0x7f3f0fff 0x7f3f0fff
0x6f370fff 0x5f2f0fff 0x5f270fff 0x672f0fff
0x672f0fff 0x67370fff 0x773f17ff 0x874717ff
0x8f4f17ff 0x8f4f17ff 0x8f4f0fff 0x8f470fff
0x87470fff 0x87470fff 0x8f470fff 0x8f470fff
0x87470fff 0x7f3f0fff 0x77370fff 0x6f370fff
0x7f3f17ff 0x874717ff 0x8f4717ff 0x974f17ff
0x9f5717ff 0xa75f17ff 0xa75f17ff 0xaf5f17ff
0xaf6717ff 0xaf6717ff 0xaf6717ff 0xaf6717ff
0xaf6717ff 0xaf6717ff 0xa75f17ff 0x9f5717ff
0xa75f17ff 0xa75f17ff 0xaf5f17ff 0xaf5f17ff
0xa75717ff 0x974f17ff 0x7f3f0fff 0x6f370fff
0x77370fff 0x873f17ff 0x8f4717ff 0x8f4717ff
0x8f470fff 0x8f4717ff 0x974717ff 0x974f17ff
0x974f17ff 0x974f17ff 0x974f17ff 0x974f17ff
0x974f17ff 0x9f5717ff 0x9f4f17ff 0x974f17ff
0x8f4f17ff 0x8f4f17ff 0x974f17ff 0x9f4f17ff
0x9f5717ff 0x9f4f17ff 0x974f17ff 0x974f17ff
0x975717ff 0x974f17ff 0x974f17ff 0x974f17ff
0x874717ff 0x773f17ff 0x773717ff 0x773f17ff
0x6f3f17ff 0x6f370fff 0x77370fff 0x874717ff
0x974f17ff 0x974f17ff 0x974f17ff 0x974f17ff
0x974f17ff 0x974f17ff 0x9f4f17ff 0x9f5717ff
0x9f5717ff 0x974f17ff 0x8f4717ff 0x874717ff
0x8f4f17ff 0x974f17ff 0x975717ff 0x9f4f17ff
0x974f17ff 0x974717ff 0x974717ff 0x974f17ff
0x974f17ff 0x974717ff 0x8f4717ff 0x87470fff
0x8f470fff 0x8f4717ff 0x7f3f0fff 0x6f370fff
0x6f370fff 0x7f3f0fff 0x974f17ff 0xa75f17ff
0xaf5f17ff 0xaf5f17ff 0xa75f17ff 0xa75717ff
0x9f5717ff 0xa75f17ff 0xaf6717ff 0xaf6717ff
0xaf6717ff 0xaf6717ff 0xaf6717ff 0xaf6717ff
0xaf5f17ff 0xa75f17ff 0xa75f17ff 0x9f5717ff
0x974f17ff 0x8f4717ff 0x874717ff 0x773f0fff
0x6f370fff 0x77370fff 0x7f3f0fff 0x87470fff
0x8f4717ff 0x8f4717ff 0x8f470fff 0x8f470fff
0x8f4717ff 0x974f17ff 0x974f17ff 0x8f4f17ff
0x8f4f17ff 0x7f3f0fff 0x67370fff 0x672f0fff
0x672f0fff 0x5f2f0fff 0x5f2f0fff 0x6f370fff
0x7f3f0fff 0x7f3f0fff 0x87470fff 0x87470fff
0x87470fff 0x7f3f0fff 0x77370fff 0x77370fff
0x7f3f0fff 0x87470fff 0x8f470fff 0x8f4f0fff
0x974f17ff 0x974f17ff 0x974f17ff 0x975717ff
0x975717ff 0x8f4f17ff 0x874717ff 0x874717ff
0x874717ff 0x8f4f17ff 0x974f17ff 0x974f17ff
0x974f17ff 0x974f17ff 0x8f4f17ff 0x874717ff
0x874717ff 0x874717ff 0x8f4f17ff 0x975717ff
0x975717ff 0x974f17ff 0x974f17ff 0x974f17ff
0x8f4f0fff 0x8f470fff 0x87470fff 0x7f3f0fff
0x77370fff 0x77370fff 0x7f3f0fff 0x87470fff
0x87470fff 0x87470fff 0x7f3f0fff 0x7f3f0fff
0x6f370fff 0x5f2f0fff 0x5f2f0fff 0x672f0fff
0x672f0fff 0x67370fff 0x7f3f0fff 0x8f4f17ff
0x8f4f17ff 0x974f17ff 0x974f17ff 0x8f4717ff
0x8f470fff 0x8f470fff 0x8f4717ff 0x8f4717ff
0x87470fff 0x7f3f0fff 0x77370fff 0x6f370fff
0x773f0fff 0x874717ff 0x8f4717ff 0x974f17ff
0x9f5717ff 0xa75f17ff 0xa75f17ff 0xaf5f17ff
0xaf6717ff 0xaf6717ff 0xaf6717ff 0xaf6717ff
0xaf6717ff 0xaf6717ff 0xa75f17ff 0x9f5717ff
0xa75717ff 0xa75f17ff 0xaf5f17ff 0xaf5f17ff
0xa75f17ff 0x974f17ff 0x7f3f0fff 0x6f370fff
0x6f370fff 0x7f3f0fff 0x8f4717ff 0x8f470fff
0x87470fff 0x8f4717ff 0x974717ff 0x974f17ff
0x974f17ff 0x974717ff 0x974717ff 0x974f17ff
0x9f4f17ff 0x975717ff 0x974f17ff 0x8f4f17ff
0x874717ff 0x8f4717ff 0x974f17ff 0x9f5717ff
0x9f5717ff 0x9f4f17ff 0x974f17ff 0x974f17ff
0x974f17ff 0x974f17ff 0x974f17ff 0x974f17ff
0x874717ff 0x77370fff 0x6f370fff 0x6f3f17ff
0x673717ff 0x6f370fff 0x77370fff 0x874717ff
0x974f17ff 0x974f17ff 0x9f4f17ff 0x9f4f17ff
0x974f17ff 0x974f17ff 0x974f17ff 0x9f5717ff
0x9f5717ff 0x974f17ff 0x874717ff 0x873f17ff
0x8f4f17ff 0x974f17ff 0x975717ff 0x9f4f17ff
0x974f17ff 0x974f17ff 0x974f17ff 0x974f17ff
0x974f17ff 0x8f4f17ff 0x874717ff 0x873f0fff
0x87470fff 0x873f17ff 0x77370fff 0x6f370fff
0x77370fff 0x87470fff 0x9f4f17ff 0xa75f17ff
0xa75f17ff 0xa75f17ff 0xa75f17ff 0xa75717ff
0x9f5717ff 0xa75f17ff 0xaf6717ff 0xaf6717ff
0xaf6717ff 0xaf6717ff 0xaf6717ff 0xaf6717ff
0xaf6717ff 0xa75f17ff 0xa75717ff 0x9f5717ff
0x974f17ff 0x8f4717ff 0x7f3f0fff 0x6f370fff
0x67370fff 0x6f370fff 0x7f3f0fff 0x874717ff
0x8f4717ff 0x8f4717ff 0x8f4717ff 0x8f4717ff
0x8f4f17ff 0x974f17ff 0x974f0fff 0x974f0fff
0x8f4717ff 0x7f3f0fff 0x6f370fff 0x67370fff
0x6f2f0fff 0x672f0fff 0x5f2f0fff 0x6f370fff
0x773f0fff 0x7f3f0fff 0x874717ff 0x8f470fff
0x87470fff 0x7f3f0fff 0x77370fff 0x7f3f0fff
0x873f0fff 0x8f470fff 0x8f470fff 0x974f17ff
0x974f17ff 0x8f4f17ff 0x974f17ff 0x974f17ff
0x974f17ff 0x8f4717ff 0x7f4717ff 0x7f4717ff
0x874717ff 0x8f4f17ff 0x974f17ff 0x975717ff
0x975717ff 0x974f17ff 0x8f4f17ff 0x874717ff
0x7f4717ff 0x7f4717ff 0x8f4717ff 0x974f17ff
0x974f17ff 0x974f17ff 0x8f4f17ff 0x974f17ff
0x974f17ff 0x8f470fff 0x8f470fff 0x873f0fff
0x7f3f0fff 0x77370fff 0x7f3f0fff 0x87470fff
0x8f470fff 0x874717ff 0x7f3f0fff 0x773f0fff
0x6f370fff 0x5f2f0fff 0x672f0fff 0x6f2f0fff
0x67370fff 0x6f370fff 0x7f3f0fff 0x8f4717ff
0x974f0fff 0x974f0fff 0x974f17ff 0x8f4f17ff
0x8f4717ff 0x8f4717ff 0x8f4717ff 0x8f4717ff
0x874717ff 0x7f3f0fff 0x6f370fff 0x67370fff
0x6f370fff 0x7f3f0fff 0x8f4717ff 0x974f17ff
0x9f5717ff 0xa75717ff 0xa75f17ff 0xaf6717ff
0xaf6717ff 0xaf6717ff 0xaf6717ff 0xaf6717ff
0xaf6717ff 0xaf6717ff 0xa75f17ff 0x9f5717ff
0xa75717ff 0xa75f17ff 0xa75f17ff 0xa75f17ff
0xa75f17ff 0x9f4f17ff 0x87470fff 0x77370fff
0x6f370fff 0x77370fff 0x873f17ff 0x87470fff
0x873f0fff 0x874717ff 0x8f4f17ff 0x974f17ff
0x974f17ff 0x974f17ff 0x974f17ff 0x974f17ff
0x9f4f17ff 0x975717ff 0x974f17ff 0x8f4f17ff
0x873f17ff 0x874717ff 0x974f17ff 0x9f5717ff
0x9f5717ff 0x974f17ff 0x974f17ff 0x974f17ff
0x9f4f17ff 0x9f4f17ff 0x974f17ff 0x974f17ff
0x874717ff 0x77370fff 0x6f370fff 0x673717ff
0x67370fff 0x6f370fff 0x77370fff 0x8f4717ff
0x975717ff 0x9f5717ff 0x9f5717ff 0x9f5717ff
0x974f17ff 0x974f17ff 0x974f17ff 0x9f5717ff
0x9f5717ff 0x974f17ff 0x874717ff 0x873f0fff
0x8f4717ff 0x974f17ff 0x9f4f17ff 0x9f4f17ff
0x974f17ff 0x974f17ff 0x9f4f17ff 0x974f17ff
0x974f17ff 0x8f4717ff 0x874717ff 0x873f17ff
0x873f17ff 0x873f17ff 0x77370fff 0x77370fff
0x7f3f0fff 0x874717ff 0x974f17ff 0xa75f17ff
0xa76717ff 0xa75f17ff 0xa75f17ff 0x9f5717ff
0x9f5717ff 0xa75f17ff 0xaf6717ff 0xaf6f1fff
0xaf6f17ff 0xaf6717ff 0xaf6717ff 0xaf6717ff
0xaf6717ff 0xa75f17ff 0xa75f17ff 0x9f5717ff
0x8f4f17ff 0x873f0fff 0x77370fff 0x6f370fff
0x67370fff 0x6f370fff 0x7f3f0fff 0x87470fff
0x874717ff 0x874717ff 0x874717ff 0x8f4717ff
0x974f17ff 0x974f17ff 0x974f17ff 0x974f17ff
0x8f4f17ff 0x7f470fff 0x6f370fff 0x6f370fff
0x6f370fff 0x672f0fff 0x672f0fff 0x67370fff
0x6f370fff 0x77370fff 0x7f3f0fff 0x874717ff
0x873f0fff 0x7f3f0fff 0x7f3f0fff 0x7f3f0fff
0x873f0fff 0x8f470fff 0x8f470fff 0x974717ff
0x8f4f17ff 0x8f4717ff 0x8f4f17ff 0x974f17ff
0x8f4f17ff 0x874717ff 0x7f4717ff 0x7f3f17ff
0x874717ff 0x8f4f17ff 0x974f17ff 0x975717ff
0x975717ff 0x974f17ff 0x8f4f17ff 0x874717ff
0x7f3f17ff 0x7f4717ff 0x874717ff 0x8f4f17ff
0x974f17ff 0x8f4f17ff 0x8f4717ff 0x8f4f17ff
0x974717ff 0x8f470fff 0x8f470fff 0x873f0fff
0x7f3f0fff 0x7f3f0fff 0x7f3f0fff 0x873f0fff
0x874717ff 0x7f3f0fff 0x77370fff 0x6f370fff
0x67370fff 0x672f0fff 0x672f0fff 0x6f370fff
0x6f370fff 0x6f370fff 0x7f470fff 0x8f4f17ff
0x974f17ff 0x974f17ff 0x974f17ff 0x974f17ff
0x8f4717ff 0x874717ff 0x874717ff 0x874717ff
0x87470fff 0x7f3f0fff 0x6f370fff 0x67370fff
0x6f370fff 0x77370fff 0x873f0fff 0x8f4f17ff
0x9f5717ff 0xa75f17ff 0xa75f17ff 0xaf6717ff
0xaf6717ff 0xaf6717ff 0xaf6717ff 0xaf6f17ff
0xaf6f1fff 0xaf6717ff 0xa75f17ff 0x9f5717ff
0x9f5717ff 0xa75f17ff 0xa75f17ff 0xa76717ff
0xa75f17ff 0x974f17ff 0x874717ff 0x7f3f0fff
0x77370fff 0x77370fff 0x873f17ff 0x873f17ff
0x873f17ff 0x874717ff 0x8f4717ff 0x974f17ff
0x974f17ff 0x9f4f17ff 0x974f17ff 0x974f17ff
0x9f4f17ff 0x9f4f17ff 0x974f17ff 0x8f4717ff
0x873f0fff 0x874717ff 0x974f17ff 0x9f5717ff
0x9f5717ff 0x974f17ff 0x974f17ff 0x974f17ff
0x9f5717ff 0x9f5717ff 0x9f5717ff 0x975717ff
0x8f4717ff 0x77370fff 0x6f370fff 0x67370fff
0x672f0fff 0x672f0fff 0x6f3717ff 0x874717ff
0x975717ff 0x9f5717ff 0x9f5717ff 0x9f5717ff
0x974f17ff 0x974f17ff 0x974f17ff 0x9f5717ff
0x9f5717ff 0x974f17ff 0x8f4717ff 0x873f0fff
0x8f4717ff 0x974f17ff 0x9f4f17ff 0x9f4f17ff
0x974f17ff 0x974f17ff 0x974f17ff 0x974f17ff
0x974f17ff 0x8f4f17ff 0x8f4717ff 0x873f17ff
0x874717ff 0x873f17ff 0x773f0fff 0x77370fff
0x7f3f0fff 0x87470fff 0x974f17ff 0x9f5717ff
0xa75f17ff 0xa75f17ff 0xa75f17ff 0x9f5717ff
0xa75f17ff 0xaf6717ff 0xaf6f17ff 0xaf6f1fff
0xaf6717ff 0xaf6717ff 0xaf6717ff 0xaf6717ff
0xaf5f17ff 0xa75f17ff 0xa75f17ff 0x9f5717ff
0x8f4f17ff 0x7f3f0fff 0x6f370fff 0x67370fff
0x67370fff 0x6f370fff 0x773f0fff 0x7f3f0fff
0x874717ff 0x874717ff 0x874717ff 0x874717ff
0x974f17ff 0x975717ff 0x9f4f17ff 0x974f17ff
0x974f17ff 0x874717ff 0x773f0fff 0x6f370fff
0x67370fff 0x5f2f0fff 0x672f0fff 0x6f2f0fff
0x6f2f0fff 0x6f370fff 0x7f3f0fff 0x874717ff
0x873f17ff 0x7f3f0fff 0x7f3f0fff 0x7f3f0fff
0x7f3f0fff 0x8f470fff 0x8f4f0fff 0x974f17ff
0x8f4717ff 0x8f4717ff 0x8f4f17ff 0x8f4f17ff
0x8f4f17ff 0x8f4717ff 0x874717ff 0x7f4717ff
0x7f4717ff 0x874f17ff 0x8f4f17ff 0x975717ff
0x975717ff 0x8f4f17ff 0x874f17ff 0x7f4717ff
0x7f4717ff 0x874717ff 0x8f4717ff 0x8f4f17ff
0x8f4f17ff 0x8f4f17ff 0x8f4717ff 0x8f4717ff
0x974f17ff 0x8f4f0fff 0x8f470fff 0x7f3f0fff
0x7f3f0fff 0x7f3f0fff 0x7f3f0fff 0x873f17ff
0x874717ff 0x7f3f0fff 0x6f370fff 0x6f2f0fff
0x6f2f0fff 0x672f0fff 0x5f2f0fff 0x67370fff
0x6f370fff 0x773f0fff 0x874717ff 0x974f17ff
0x974f17ff 0x9f4f17ff 0x975717ff 0x974f17ff
0x874717ff 0x874717ff 0x874717ff 0x874717ff
0x7f3f0fff 0x773f0fff 0x6f370fff 0x67370fff
0x67370fff 0x6f370fff 0x7f3f0fff 0x8f4f17ff
0x9f5717ff 0xa75f17ff 0xa75f17ff 0xaf5f17ff
0xaf6717ff 0xaf6717ff 0xaf6717ff 0xaf6717ff
0xaf6f1fff 0xaf6f17ff 0xaf6717ff 0xa75f17ff
0x9f5717ff 0xa75f17ff 0xa75f17ff 0xa75f17ff
0x9f5717ff 0x974f17ff 0x87470fff 0x7f3f0fff
0x77370fff 0x773f0fff 0x873f17ff 0x874717ff
0x873f17ff 0x8f4717ff 0x8f4f17ff 0x974f17ff
0x974f17ff 0x974f17ff 0x974f17ff 0x974f17ff
0x9f4f17ff 0x9f4f17ff 0x974f17ff 0x8f4717ff
0x873f0fff 0x8f4717ff 0x974f17ff 0x9f5717ff
0x9f5717ff 0x974f17ff 0x974f17ff 0x974f17ff
0x9f5717ff 0x9f5717ff 0x9f5717ff 0x975717ff
0x874717ff 0x6f3717ff 0x672f0fff 0x672f0fff
0x672f0fff 0x673717ff 0x773f17ff 0x874717ff
0x974f17ff 0x975717ff 0x974f17ff 0x974f17ff
0x974f17ff 0x974f17ff 0x974f17ff 0x9f5717ff
0x975717ff 0x8f4f17ff 0x874717ff 0x873f0fff
0x8f470fff 0x974f17ff 0x974f17ff 0x974f17ff
0x974f17ff 0x974f17ff 0x974f17ff 0x8f4f17ff
0x8f4f17ff 0x8f4f17ff 0x8f4f17ff 0x874717ff
0x874717ff 0x7f470fff 0x773f0fff 0x773f0fff
0x873f0fff 0x87470fff 0x8f4f17ff 0x9f5717ff
0xa75f17ff 0xa75f17ff 0xa75f17ff 0x9f5f17ff
0x9f5f17ff 0xa76717ff 0xaf671fff 0xaf6f1fff
0xaf671fff 0xaf6717ff 0xaf6717ff 0xaf6717ff
0xaf5f17ff 0xa75f17ff 0x9f5717ff 0x9f5717ff
0x8f4f17ff 0x7f3f0fff 0x67370fff 0x5f2f0fff
0x672f0fff 0x6f370fff 0x77370fff 0x873f0fff
0x87470fff 0x874717ff 0x87470fff 0x87470fff
0x974f17ff 0x9f4f17ff 0x9f4f17ff 0x974f17ff
0x974f17ff 0x87470fff 0x773f0fff 0x6f370fff
0x572f0fff 0x4f2f0fff 0x5f2f0fff 0x6f370fff
0x6f370fff 0x6f370fff 0x773f0fff 0x874717ff
0x7f3f17ff 0x773f0fff 0x773f0fff 0x773f0fff
0x7f3f0fff 0x874717ff 0x8f4f17ff 0x974f17ff
0x8f4f17ff 0x8f4717ff 0x8f4f17ff 0x974f17ff
0x8f4f17ff 0x8f4f17ff 0x874717ff 0x773f17ff
0x7f4717ff 0x874717ff 0x8f4f17ff 0x975f1fff
0x975f1fff 0x8f4f17ff 0x874717ff 0x7f4717ff
0x773f17ff 0x874717ff 0x8f4f17ff 0x8f4f17ff
0x974f17ff 0x8f4f17ff 0x8f4717ff 0x8f4f17ff
0x974f17ff 0x8f4f17ff 0x874717ff 0x7f3f0fff
0x773f0fff 0x773f0fff 0x773f0fff 0x7f3f17ff
0x874717ff 0x773f0fff 0x6f370fff 0x6f370fff
0x6f370fff 0x5f2f0fff 0x4f2f0fff 0x572f0fff
0x6f370fff 0x773f0fff 0x87470fff 0x974f17ff
0x974f17ff 0x9f4f17ff 0x9f4f17ff 0x974f17ff
0x87470fff 0x87470fff 0x874717ff 0x87470fff
0x873f0fff 0x77370fff 0x6f370fff 0x672f0fff
0x5f2f0fff 0x67370fff 0x7f3f0fff 0x8f4f17ff
0x9f5717ff 0x9f5717ff 0xa75f17ff 0xaf5f17ff
0xaf6717ff 0xaf6717ff 0xaf6717ff 0xaf671fff
0xaf6f1fff 0xaf671fff 0xa76717ff 0x9f5f17ff
0x9f5f17ff 0xa75f17ff 0xa75f17ff 0xa75f17ff
0x9f5717ff 0x8f4f17ff 0x87470fff 0x873f0fff
0x773f0fff 0x773f0fff 0x7f470fff 0x874717ff
0x874717ff 0x8f4f17ff 0x8f4f17ff 0x8f4f17ff
0x8f4f17ff 0x974f17ff 0x974f17ff 0x974f17ff
0x974f17ff 0x974f17ff 0x974f17ff 0x8f470fff
0x873f0fff 0x874717ff 0x8f4f17ff 0x975717ff
0x9f5717ff 0x974f17ff 0x974f17ff 0x974f17ff
0x974f17ff 0x974f17ff 0x975717ff 0x974f17ff
0x874717ff 0x773f17ff 0x673717ff 0x672f0fff
0x672f17ff 0x6f3717ff 0x7f3f17ff 0x8f4717ff
0x974f17ff 0x974f17ff 0x974f17ff 0x974f17ff
0x974f17ff 0x974f17ff 0x975717ff 0x9f5717ff
0x975717ff 0x8f4f17ff 0x873f17ff 0x873f0fff
0x8f470fff 0x974f17ff 0x974f17ff 0x974f17ff
0x974f17ff 0x974f17ff 0x8f4717ff 0x8f4717ff
0x8f4717ff 0x8f4717ff 0x8f4f17ff 0x8f4717ff
0x874717ff 0x87470fff 0x7f3f0fff 0x7f3f0fff
0x87470fff 0x87470fff 0x8f4f17ff 0x9f5717ff
0xa75f17ff 0xa76717ff 0xa75f17ff 0x9f5f17ff
0x9f5f17ff 0xa75f17ff 0xaf671fff 0xaf6f1fff
0xaf671fff 0xaf671fff 0xaf671fff 0xaf6717ff
0xaf5f17ff 0xa75f17ff 0x9f5717ff 0x974f17ff
0x874717ff 0x7f3f0fff 0x67370fff 0x4f2f0fff
0x572f0fff 0x67370fff 0x7f3f0fff 0x87470fff
0x8f4717ff 0x874717ff 0x87470fff 0x87470fff
0x974f17ff 0x975717ff 0x9f4f17ff 0x974f17ff
0x974717ff 0x87470fff 0x7f3f0fff 0x6f370fff
0x572f0fff 0x47270fff 0x572f0fff 0x672f0fff
0x6f370fff 0x77370fff 0x7f3f0fff 0x7f470fff
0x7f3f0fff 0x773f0fff 0x6f370fff 0x6f370fff
0x7f3f0fff 0x874717ff 0x8f4f17ff 0x974f17ff
0x974717ff 0x974717ff 0x974f17ff 0x974f17ff
0x8f4f17ff 0x874717ff 0x773f17ff 0x6f3f17ff
0x773f17ff 0x874717ff 0x8f4f17ff 0x97571fff
0x97571fff 0x8f4f17ff 0x874717ff 0x773f17ff
0x6f3f17ff 0x773f17ff 0x874717ff 0x8f4f17ff
0x974f17ff 0x974f17ff 0x974717ff 0x974717ff
0x974f17ff 0x8f4f17ff 0x874717ff 0x7f3f0fff
0x6f370fff 0x6f370fff 0x773f0fff 0x7f3f0fff
0x7f470fff 0x7f3f0fff 0x77370fff 0x6f370fff
0x672f0fff 0x572f0fff 0x47270fff 0x572f0fff
0x6f370fff 0x7f3f0fff 0x87470fff 0x974717ff
0x974f17ff 0x9f4f17ff 0x975717ff 0x974f17ff
0x87470fff 0x87470fff 0x874717ff 0x8f4717ff
0x87470fff 0x7f3f0fff 0x67370fff 0x572f0fff
0x4f2f0fff 0x67370fff 0x7f3f0fff 0x874717ff
0x974f17ff 0x9f5717ff 0xa75f17ff 0xaf5f17ff
0xaf6717ff 0xaf671fff 0xaf671fff 0xaf671fff
0xaf6f1fff 0xaf671fff 0xa75f17ff 0x9f5f17ff
0x9f5f17ff 0xa75f17ff 0xa76717ff 0xa75f17ff
0x9f5717ff 0x8f4f17ff 0x87470fff 0x87470fff
0x7f3f0fff 0x7f3f0fff 0x87470fff 0x874717ff
0x8f4717ff 0x8f4f17ff 0x8f4717ff 0x8f4717ff
0x8f4717ff 0x8f4717ff 0x974f17ff 0x974f17ff
0x974f17ff 0x974f17ff 0x974f17ff 0x8f470fff
0x873f0fff 0x873f17ff 0x8f4f17ff 0x975717ff
0x9f5717ff 0x975717ff 0x974f17ff 0x974f17ff
0x974f17ff 0x974f17ff 0x974f17ff 0x974f17ff
0x8f4717ff 0x7f3f17ff 0x6f3717ff 0x672f17ff
0x773717ff 0x773717ff 0x874717ff 0x8f4f17ff
0x974f17ff 0x974f17ff 0x974f17ff 0x974f17ff
0x974f17ff 0x974f17ff 0x975717ff 0x9f5717ff
0x975717ff 0x974f17ff 0x874717ff 0x873f0fff
0x8f4717ff 0x974f17ff 0x974f17ff 0x9f4f17ff
0x974f17ff 0x974f17ff 0x8f4717ff 0x8f4717ff
0x874717ff 0x874717ff 0x874717ff 0x8f4717ff
0x8f4717ff 0x874717ff 0x874717ff 0x874717ff
0x8f4717ff 0x8f470fff 0x8f4f17ff 0x9f5717ff
0xa75f17ff 0xa76717ff 0xa75f17ff 0x9f5717ff
0x9f5717ff 0x9f5f17ff 0xaf671fff 0xaf6f1fff
0xaf671fff 0xaf671fff 0xaf6717ff 0xaf6717ff
0xa75f17ff 0xa75f17ff 0x9f5717ff 0x974f17ff
0x874717ff 0x6f3f0fff 0x5f2f0fff 0x4f270fff
0x572f0fff 0x67370fff 0x7f3f0fff 0x8f4717ff
0x8f4717ff 0x8f4717ff 0x8f4717ff 0x8f4717ff
0x8f4f17ff 0x974f17ff 0x974f17ff 0x974f17ff
0x974f17ff 0x8f470fff 0x873f0fff 0x77370fff
0x572f0fff 0x4f270fff 0x57270fff 0x672f0fff
0x6f370fff 0x77370fff 0x7f3f0fff 0x873f0fff
0x873f0fff 0x7f3f0fff 0x6f370fff 0x6f370fff
0x7f3f0fff 0x874717ff 0x8f4717ff 0x974f17ff
0x974f17ff 0x974f17ff 0x974f17ff 0x974f17ff
0x8f4f17ff 0x874717ff 0x6f3f17ff 0x6f370fff
0x773f17ff 0x7f3f17ff 0x8f4f17ff 0x97571fff
0x97571fff 0x8f4f17ff 0x7f3f17ff 0x773f17ff
0x6f370fff 0x6f3f17ff 0x874717ff 0x8f4f17ff
0x974f17ff 0x974f17ff 0x974f17ff 0x974f17ff
0x974f17ff 0x8f4717ff 0x874717ff 0x7f3f0fff
0x6f370fff 0x6f370fff 0x7f3f0fff 0x873f0fff
0x873f0fff 0x7f3f0fff 0x77370fff 0x6f370fff
0x672f0fff 0x57270fff 0x4f270fff 0x572f0fff
0x77370fff 0x873f0fff 0x8f470fff 0x974f17ff
0x974f17ff 0x974f17ff 0x974f17ff 0x8f4f17ff
0x8f4717ff 0x8f4717ff 0x8f4717ff 0x8f4717ff
0x8f4717ff 0x7f3f0fff 0x67370fff 0x572f0fff
0x4f270fff 0x5f2f0fff 0x6f3f0fff 0x874717ff
0x974f17ff 0x9f5717ff 0xa75f17ff 0xa75f17ff
0xaf6717ff 0xaf6717ff 0xaf671fff 0xaf671fff
0xaf6f1fff 0xaf671fff 0x9f5f17ff 0x9f5717ff
0x9f5717ff 0xa75f17ff 0xa76717ff 0xa75f17ff
0x9f5717ff 0x8f4f17ff 0x8f470fff 0x8f4717ff
0x874717ff 0x874717ff 0x874717ff 0x8f4717ff
0x8f4717ff 0x874717ff 0x874717ff 0x874717ff
0x8f4717ff 0x8f4717ff 0x974f17ff 0x974f17ff
0x9f4f17ff 0x974f17ff 0x974f17ff 0x8f4717ff
0x873f0fff 0x874717ff 0x974f17ff 0x975717ff
0x9f5717ff 0x975717ff 0x974f17ff 0x974f17ff
0x974f17ff 0x974f17ff 0x974f17ff 0x974f17ff
0x8f4f17ff 0x874717ff 0x773717ff 0x773717ff
0x7f3f17ff 0x7f3f17ff 0x874717ff 0x974f17ff
0x974f17ff 0x974f17ff 0x974f17ff 0x974f17ff
0x974717ff 0x974717ff 0x974f17ff 0x9f5717ff
0x974f17ff 0x974f17ff 0x8f4717ff 0x873f0fff
0x8f4717ff 0x974f17ff 0x974f17ff 0x9f4f17ff
0x974f17ff 0x974f17ff 0x8f4717ff 0x8f4717ff
0x874717ff 0x874717ff 0x874717ff 0x8f4717ff
0x8f4717ff 0x874717ff 0x874717ff 0x8f4717ff
0x8f4717ff 0x8f470fff 0x8f4717ff 0x9f5717ff
0xa75f17ff 0xa76717ff 0xa75f17ff 0x9f5717ff
0x9f5717ff 0xa75717ff 0xaf671fff 0xaf6f1fff
0xb76f1fff 0xaf671fff 0xaf6717ff 0xaf671fff
0xaf5f1fff 0xa75f1fff 0xa75717ff 0x974f17ff
0x874717ff 0x67370fff 0x5f2f0fff 0x57270fff
0x5f2f0fff 0x6f370fff 0x7f3f0fff 0x8f4717ff
0x8f4717ff 0x8f4717ff 0x8f4717ff 0x8f4717ff
0x974f17ff 0x974f17ff 0x9f4f17ff 0x9f4f17ff
0x974f0fff 0x8f470fff 0x873f0fff 0x77370fff
0x5f2f0fff 0x57270fff 0x5f2f0fff 0x5f2f0fff
0x672f0fff 0x77370fff 0x7f3f0fff 0x873f0fff
0x87470fff 0x7f3f0fff 0x77370fff 0x77370fff
0x77370fff 0x873f17ff 0x8f4717ff 0x974f17ff
0x974f17ff 0x974f17ff 0x974f17ff 0x974f17ff
0x8f4f17ff 0x874717ff 0x773f17ff 0x6f3717ff
0x773f17ff 0x7f3f17ff 0x8f4f17ff 0x975f1fff
0x975f1fff 0x8f4f17ff 0x7f3f17ff 0x773f17ff
0x6f3717ff 0x773f17ff 0x874717ff 0x8f4f17ff
0x974f17ff 0x974f17ff 0x974f17ff 0x974f17ff
0x974f17ff 0x8f4717ff 0x873f17ff 0x77370fff
0x77370fff 0x77370fff 0x7f3f0fff 0x87470fff
0x873f0fff 0x7f3f0fff 0x77370fff 0x672f0fff
0x5f2f0fff 0x5f2f0fff 0x57270fff 0x5f2f0fff
0x77370fff 0x873f0fff 0x8f470fff 0x974f0fff
0x9f4f17ff 0x9f4f17ff 0x974f17ff 0x974f17ff
0x8f4717ff 0x8f4717ff 0x8f4717ff 0x8f4717ff
0x8f4717ff 0x7f3f0fff 0x6f370fff 0x5f2f0fff
0x57270fff 0x5f2f0fff 0x67370fff 0x874717ff
0x974f17ff 0xa75717ff 0xa75f1fff 0xaf5f1fff
0xaf671fff 0xaf6717ff 0xaf671fff 0xb76f1fff
0xaf6f1fff 0xaf671fff 0xa75717ff 0x9f5717ff
0x9f5717ff 0xa75f17ff 0xa76717ff 0xa75f17ff
0x9f5717ff 0x8f4717ff 0x8f470fff 0x8f4717ff
0x8f4717ff 0x874717ff 0x874717ff 0x8f4717ff
0x8f4717ff 0x874717ff 0x874717ff 0x874717ff
0x8f4717ff 0x8f4717ff 0x974f17ff 0x974f17ff
0x9f4f17ff 0x974f17ff 0x974f17ff 0x8f4717ff
0x873f0fff 0x8f4717ff 0x974f17ff 0x974f17ff
0x9f5717ff 0x974f17ff 0x974717ff 0x974717ff
0x974f17ff 0x974f17ff 0x974f17ff 0x974f17ff
0x974f17ff 0x874717ff 0x7f3f17ff 0x7f3f17ff
0x7f3f17ff 0x874717ff 0x8f4717ff 0x974f17ff
0x974f17ff 0x974f17ff 0x974f17ff 0x974f17ff
0x974f17ff 0x974f17ff 0x974f17ff 0x9f4f17ff
0x974f17ff 0x974f17ff 0x8f4717ff 0x8f4717ff
0x8f4717ff 0x974f17ff 0x9f4f17ff 0x9f4f17ff
0x9f4f17ff 0x974f17ff 0x8f4717ff 0x8f4717ff
0x8f4717ff 0x874717ff 0x8f4717ff 0x8f4717ff
0x8f4717ff 0x874717ff 0x874717ff 0x8f4717ff
0x8f4f17ff 0x8f4f17ff 0x8f4f17ff 0x9f5717ff
0xa75f17ff 0xaf671fff 0xa76717ff 0xa75717ff
0x9f5717ff 0x9f5717ff 0xa7671fff 0xaf6f1fff
0xb76f1fff 0xb76f1fff 0xaf671fff 0xaf671fff
0xaf671fff 0xaf671fff 0xa75f1fff 0x974f17ff
0x874717ff 0x5f370fff 0x572f0fff 0x57270fff
0x5f2f0fff 0x6f370fff 0x7f3f0fff 0x874717ff
0x8f4717ff 0x8f4717ff 0x8f4717ff 0x8f4717ff
0x974f17ff 0x974f17ff 0x9f4f17ff 0x9f4f17ff
0x974f17ff 0x87470fff 0x7f3f0fff 0x6f370fff
0x672f0fff 0x5f2f0fff 0x672f0fff 0x5f2f0fff
0x672f0fff 0x6f370fff 0x7f3f0fff 0x873f0fff
0x873f0fff 0x7f3f0fff 0x77370fff 0x77370fff
0x7f370fff 0x873f17ff 0x8f4717ff 0x8f4f17ff
0x8f4f17ff 0x974f17ff 0x974f17ff 0x8f4f17ff
0x8f4f17ff 0x874717ff 0x773f17ff 0x773f17ff
0x773f17ff 0x7f3f17ff 0x874f17ff 0x975f1fff
0x975f1fff 0x874f17ff 0x7f3f17ff 0x773f17ff
0x773f17ff 0x773f17ff 0x874717ff 0x8f4f17ff
0x8f4f17ff 0x974f17ff 0x974f17ff 0x8f4f17ff
0x8f4f17ff 0x8f4717ff 0x873f17ff 0x7f370fff
0x77370fff 0x77370fff 0x7f3f0fff 0x873f0fff
0x873f0fff 0x7f3f0fff 0x6f370fff 0x672f0fff
0x5f2f0fff 0x672f0fff 0x5f2f0fff 0x672f0fff
0x6f370fff 0x7f3f0fff 0x87470fff 0x974f17ff
0x9f4f17ff 0x9f4f17ff 0x974f17ff 0x974f17ff
0x8f4717ff 0x8f4717ff 0x8f4717ff 0x8f4717ff
0x874717ff 0x7f3f0fff 0x6f370fff 0x5f2f0fff
0x57270fff 0x572f0fff 0x5f370fff 0x874717ff
0x974f17ff 0xa75f1fff 0xaf671fff 0xaf671fff
0xaf671fff 0xaf671fff 0xb76f1fff 0xb76f1fff
0xaf6f1fff 0xa7671fff 0x9f5717ff 0x9f5717ff
0xa75717ff 0xa76717ff 0xaf671fff 0xa75f17ff
0x9f5717ff 0x8f4f17ff 0x8f4f17ff 0x8f4f17ff
0x8f4717ff 0x874717ff 0x874717ff 0x8f4717ff
0x8f4717ff 0x8f4717ff 0x874717ff 0x8f4717ff
0x8f4717ff 0x8f4717ff 0x974f17ff 0x9f4f17ff
0x9f4f17ff 0x9f4f17ff 0x974f17ff 0x8f4717ff
0x8f4717ff 0x8f4717ff 0x974f17ff 0x974f17ff
0x9f4f17ff 0x974f17ff 0x974f17ff 0x974f17ff
0x974f17ff 0x974f17ff 0x974f17ff 0x974f17ff
0x974f17ff 0x8f4717ff 0x874717ff 0x7f3f17ff
0x7f3f17ff 0x874717ff 0x8f4717ff 0x974f17ff
0x974f17ff 0x974f17ff 0x974f17ff 0x9f4f17ff
0x974f17ff 0x974f17ff 0x974f17ff 0x974f17ff
0x974f17ff 0x8f4717ff 0x8f4717ff 0x8f4717ff
0x974717ff 0x974f17ff 0x9f4f17ff 0x9f4f17ff
0x9f4f17ff 0x974f17ff 0x8f4717ff 0x8f3f17ff
0x8f4717ff 0x8f4717ff 0x8f4f17ff 0x8f4f17ff
0x8f4717ff 0x8f4717ff 0x8f4717ff 0x8f4717ff
0x8f4f17ff 0x974f17ff 0x974f17ff 0x9f5717ff
0xa75f17ff 0xaf671fff 0xaf671fff 0xa75f1fff
0x9f5717ff 0x9f5717ff 0xa75f17ff 0xaf671fff
0xb76f1fff 0xb76f1fff 0xaf671fff 0xaf671fff
0xaf671fff 0xaf671fff 0xa75f1fff 0x974f1fff
0x7f3f17ff 0x5f370fff 0x572f0fff 0x572f0fff
0x5f2f0fff 0x6f370fff 0x773f0fff 0x873f17ff
0x874717ff 0x874717ff 0x874717ff 0x8f4717ff
0x974f17ff 0x974f17ff 0x9f5717ff 0x974f17ff
0x8f4717ff 0x873f17ff 0x77370fff 0x6f370fff
0x672f0fff 0x672f0fff 0x672f0fff 0x672f0fff
0x672f0fff 0x6f370fff 0x7f3f0fff 0x873f0fff
0x873f0fff 0x773f0fff 0x6f370fff 0x6f370fff
0x77370fff 0x873f17ff 0x874717ff 0x8f4717ff
0x8f4717ff 0x974f17ff 0x974f17ff 0x8f4f17ff
0x8f4f17ff 0x874717ff 0x7f3f17ff 0x773f17ff
0x7f3f17ff 0x7f3f17ff 0x874f17ff 0x97571fff
0x97571fff 0x874f17ff 0x7f3f17ff 0x7f3f17ff
0x773f17ff 0x7f3f17ff 0x874717ff 0x8f4f17ff
0x8f4f17ff 0x974f17ff 0x974f17ff 0x8f4717ff
0x8f4717ff 0x874717ff 0x873f17ff 0x77370fff
0x6f370fff 0x6f370fff 0x773f0fff 0x873f0fff
0x873f0fff 0x7f3f0fff 0x6f370fff 0x672f0fff
0x672f0fff 0x672f0fff 0x672f0fff 0x672f0fff
0x6f370fff 0x77370fff 0x873f17ff 0x8f4717ff
0x974f17ff 0x9f5717ff 0x974f17ff 0x974f17ff
0x8f4717ff 0x874717ff 0x874717ff 0x874717ff
0x873f17ff 0x773f0fff 0x6f370fff 0x5f2f0fff
0x572f0fff 0x572f0fff 0x5f370fff 0x7f3f17ff
0x974f1fff 0xa75f1fff 0xaf671fff 0xaf671fff
0xaf671fff 0xaf671fff 0xb76f1fff 0xb76f1fff
0xaf671fff 0xa75f17ff 0x9f5717ff 0x9f5717ff
0xa75f1fff 0xaf671fff 0xaf671fff 0xa75f17ff
0x9f5717ff 0x974f17ff 0x974f17ff 0x8f4f17ff
0x8f4717ff 0x8f4717ff 0x8f4717ff 0x8f4717ff
0x8f4f17ff 0x8f4f17ff 0x8f4717ff 0x8f4717ff
0x8f3f17ff 0x8f4717ff 0x974f17ff 0x9f4f17ff
0x9f4f17ff 0x9f4f17ff 0x974f17ff 0x974717ff
0x8f4717ff 0x8f4717ff 0x8f4717ff 0x974f17ff
0x974f17ff 0x974f17ff 0x974f17ff 0x974f17ff
0x9f4f17ff 0x974f17ff 0x974f17ff 0x974f17ff
0x974f17ff 0x8f4717ff 0x874717ff 0x7f3f17ff
0x873f17ff 0x874717ff 0x8f4717ff 0x8f4717ff
0x974f17ff 0x974f17ff 0x9f4f17ff 0x9f5717ff
0x9f4f17ff 0x974f17ff 0x974f17ff 0x974f17ff
0x974f17ff 0x974f17ff 0x8f4717ff 0x8f4717ff
0x974717ff 0x9f4f17ff 0x9f5717ff 0x9f5717ff
0x9f4f17ff 0x974f17ff 0x8f4717ff 0x874717ff
0x8f4717ff 0x8f4f17ff 0x8f4f17ff 0x974f17ff
0x8f4717ff 0x8f4717ff 0x8f4717ff 0x8f4717ff
0x8f4717ff 0x974f17ff 0x9f4f17ff 0xa75717ff
0xa75f1fff 0xaf671fff 0xa7671fff 0x9f5f1fff
0x974f17ff 0x975717ff 0xa75f17ff 0xaf671fff
0xaf6f1fff 0xaf671fff 0xaf671fff 0xaf671fff
0xaf671fff 0xa75f1fff 0xa7571fff 0x974f17ff
0x7f3f17ff 0x5f2f0fff 0x57270fff 0x4f270fff
0x672f0fff 0x77370fff 0x7f3f17ff 0x873f17ff
0x874717ff 0x874717ff 0x8f4717ff 0x8f4717ff
0x974f17ff 0x974f17ff 0x9f5717ff 0x974f17ff
0x8f4717ff 0x873f17ff 0x77370fff 0x6f370fff
0x672f0fff 0x672f0fff 0x672f0fff 0x672f0fff
0x6f2f0fff 0x77370fff 0x7f3f0fff 0x873f0fff
0x7f3f0fff 0x6f370fff 0x672f0fff 0x6f370fff
0x7f370fff 0x873f17ff 0x874717ff 0x8f4717ff
0x8f470fff 0x8f4f17ff 0x974f17ff 0x974f17ff
0x8f4f17ff 0x874717ff 0x7f4717ff 0x773f17ff
0x773f17ff 0x874717ff 0x8f4f1fff 0x97571fff
0x97571fff 0x8f4f1fff 0x874717ff 0x773f17ff
0x773f17ff 0x7f4717ff 0x874717ff 0x8f4f17ff
0x974f17ff 0x974f17ff 0x8f4f17ff 0x8f470fff
0x8f4717ff 0x874717ff 0x873f17ff 0x7f370fff
0x6f370fff 0x672f0fff 0x6f370fff 0x7f3f0fff
0x873f0fff 0x7f3f0fff 0x77370fff 0x6f2f0fff
0x672f0fff 0x672f0fff 0x672f0fff 0x672f0fff
0x6f370fff 0x77370fff 0x873f17ff 0x8f4717ff
0x974f17ff 0x9f5717ff 0x974f17ff 0x974f17ff
0x8f4717ff 0x8f4717ff 0x874717ff 0x874717ff
0x873f17ff 0x7f3f17ff 0x77370fff 0x672f0fff
0x4f270fff 0x57270fff 0x5f2f0fff 0x7f3f17ff
0x974f17ff 0xa7571fff 0xa75f1fff 0xaf671fff
0xaf671fff 0xaf671fff 0xaf671fff 0xaf6f1fff
0xaf671fff 0xa75f17ff 0x975717ff 0x974f17ff
0x9f5f1fff 0xa7671fff 0xaf671fff 0xa75f1fff
0xa75717ff 0x9f4f17ff 0x974f17ff 0x8f4717ff
0x8f4717ff 0x8f4717ff 0x8f4717ff 0x8f4717ff
0x974f17ff 0x8f4f17ff 0x8f4f17ff 0x8f4717ff
0x874717ff 0x8f4717ff 0x974f17ff 0x9f4f17ff
0x9f5717ff 0x9f5717ff 0x9f4f17ff 0x974717ff
0x8f4717ff 0x8f4717ff 0x974f17ff 0x974f17ff
0x974f17ff 0x974f17ff 0x974f17ff 0x9f4f17ff
0x9f5717ff 0x9f4f17ff 0x974f17ff 0x974f17ff
0x8f4717ff 0x8f4717ff 0x874717ff 0x873f17ff
0x874717ff 0x8f4717ff 0x8f4717ff 0x8f4717ff
0x974f17ff 0x974f17ff 0x9f4f17ff 0x9f5717ff
0x9f5717ff 0x974f17ff 0x974f17ff 0x974f17ff
0x974f17ff 0x974f17ff 0x974717ff 0x974717ff
0x974f17ff 0x9f4f17ff 0xa75717ff 0x9f5717ff
0x9f4f17ff 0x974f17ff 0x874717ff 0x874717ff
0x8f4717ff 0x8f4f17ff 0x8f4f17ff 0x974f17ff
0x8f4717ff 0x8f4717ff 0x8f4717ff 0x8f4717ff
0x874717ff 0x8f4f17ff 0x9f5717ff 0xa75f17ff
0xa75f1fff 0xaf671fff 0xa7671fff 0x9f5f1fff
0x974f17ff 0x974f17ff 0x9f5f17ff 0xaf671fff
0xaf671fff 0xaf671fff 0xaf6717ff 0xaf671fff
0xaf6717ff 0xa75f17ff 0xa75f17ff 0x974f17ff
0x773f17ff 0x5f2f0fff 0x572f0fff 0x572f0fff
0x672f0fff 0x77370fff 0x7f3f17ff 0x873f17ff
0x874717ff 0x874717ff 0x8f4717ff 0x8f4717ff
0x974f17ff 0x974f17ff 0x975717ff 0x974f17ff
0x8f4717ff 0x873f17ff 0x7f370fff 0x77370fff
0x6f2f0fff 0x672f0fff 0x672f0fff 0x672f0fff
0x6f2f0fff 0x77370fff 0x873f0fff 0x874717ff
0x873f17ff 0x77370fff 0x672f0fff 0x672f0fff
0x77370fff 0x873f0fff 0x8f4717ff 0x8f4717ff
0x8f4717ff 0x8f4717ff 0x8f4f17ff 0x8f4f17ff
0x8f4f17ff 0x874f17ff 0x7f4717ff 0x6f3f17ff
0x773f17ff 0x874717ff 0x8f4f1fff 0x97571fff
0x97571fff 0x8f4f1fff 0x874717ff 0x773f17ff
0x6f3f17ff 0x7f4717ff 0x874f17ff 0x8f4f17ff
0x8f4f17ff 0x8f4f17ff 0x8f4717ff 0x8f4717ff
0x8f4717ff 0x8f4717ff 0x873f0fff 0x77370fff
0x672f0fff 0x672f0fff 0x77370fff 0x873f17ff
0x874717ff 0x873f0fff 0x77370fff 0x6f2f0fff
0x672f0fff 0x672f0fff 0x672f0fff 0x6f2f0fff
0x77370fff 0x7f370fff 0x873f17ff 0x8f4717ff
0x974f17ff 0x975717ff 0x974f17ff 0x974f17ff
0x8f4717ff 0x8f4717ff 0x874717ff 0x874717ff
0x873f17ff 0x7f3f17ff 0x77370fff 0x672f0fff
0x572f0fff 0x572f0fff 0x5f2f0fff 0x773f17ff
0x974f17ff 0xa75f17ff 0xa75f17ff 0xaf6717ff
0xaf671fff 0xaf6717ff 0xaf671fff 0xaf671fff
0xaf671fff 0x9f5f17ff 0x974f17ff 0x974f17ff
0x9f5f1fff 0xa7671fff 0xaf671fff 0xa75f1fff
0xa75f17ff 0x9f5717ff 0x8f4f17ff 0x874717ff
0x8f4717ff 0x8f4717ff 0x8f4717ff 0x8f4717ff
0x974f17ff 0x8f4f17ff 0x8f4f17ff 0x8f4717ff
0x874717ff 0x874717ff 0x974f17ff 0x9f4f17ff
0x9f5717ff 0xa75717ff 0x9f4f17ff 0x974f17ff
0x974717ff 0x974717ff 0x974f17ff 0x974f17ff
0x974f17ff 0x974f17ff 0x974f17ff 0x9f5717ff
0x9f5717ff 0x9f4f17ff 0x974f17ff 0x974f17ff
0x8f4717ff 0x8f4717ff 0x8f4717ff 0x874717ff
0x8f4717ff 0x8f4717ff 0x8f4717ff 0x8f4717ff
0x8f4717ff 0x974f17ff 0x974f17ff 0x9f5717ff
0x9f5717ff 0x9f4f17ff 0x9f4f17ff 0x9f4f17ff
0x974f17ff 0x974f17ff 0x974f17ff 0x9f4f17ff
0x9f4f17ff 0x9f5717ff 0xa75717ff 0x9f5717ff
0x974f17ff 0x974f17ff 0x8f4717ff 0x874717ff
0x8f4717ff 0x8f4f17ff 0x8f4f17ff 0x8f4f17ff
0x8f4717ff 0x8f4717ff 0x974717ff 0x974717ff
0x8f4717ff 0x8f4f17ff 0x975717ff 0xa75f17ff
0xa75f17ff 0xa76717ff 0xa7671fff 0x9f5f1fff
0x974f17ff 0x974f17ff 0x9f5f17ff 0xaf671fff
0xaf671fff 0xaf6717ff 0xaf6717ff 0xaf6717ff
0xaf6717ff 0xa75f17ff 0xa75f17ff 0x975717ff
0x7f3f17ff 0x5f370fff 0x572f0fff 0x572f0fff
0x67370fff 0x7f3f0fff 0x873f0fff 0x873f0fff
0x874717ff 0x874717ff 0x8f4717ff 0x8f4717ff
0x974717ff 0x974f17ff 0x975717ff 0x974f17ff
0x8f4717ff 0x873f17ff 0x7f370fff 0x77370fff
0x6f370fff 0x6f2f0fff 0x672f0fff 0x672f0fff
0x6f370fff 0x7f3f0fff 0x874717ff 0x874717ff
0x873f17ff 0x77370fff 0x672f0fff 0x672f0fff
0x77370fff 0x873f0fff 0x8f4717ff 0x8f4717ff
0x8f4717ff 0x8f4f17ff 0x8f4f17ff 0x8f4f17ff
0x8f4f17ff 0x874717ff 0x773f17ff 0x6f3f17ff
0x773f17ff 0x8f4f17ff 0x97571fff 0x97571fff
0x97571fff 0x97571fff 0x8f4f17ff 0x773f17ff
0x6f3f17ff 0x773f17ff 0x874717ff 0x8f4f17ff
0x8f4f17ff 0x8f4f17ff 0x8f4f17ff 0x8f4717ff
0x8f4717ff 0x8f4717ff 0x873f0fff 0x77370fff
0x672f0fff 0x672f0fff 0x77370fff 0x873f17ff
0x874717ff 0x874717ff 0x7f3f0fff 0x6f370fff
0x672f0fff 0x672f0fff 0x6f2f0fff 0x6f370fff
0x77370fff 0x7f370fff 0x873f17ff 0x8f4717ff
0x974f17ff 0x975717ff 0x974f17ff 0x974717ff
0x8f4717ff 0x8f4717ff 0x874717ff 0x874717ff
0x873f0fff 0x873f0fff 0x7f3f0fff 0x67370fff
0x572f0fff 0x572f0fff 0x5f370fff 0x7f3f17ff
0x975717ff 0xa75f17ff 0xa75f17ff 0xaf6717ff
0xaf6717ff 0xaf6717ff 0xaf6717ff 0xaf671fff
0xaf671fff 0x9f5f17ff 0x974f17ff 0x974f17ff
0x9f5f1fff 0xa7671fff 0xa76717ff 0xa75f17ff
0xa75f17ff 0x975717ff 0x8f4f17ff 0x8f4717ff
0x974717ff 0x974717ff 0x8f4717ff 0x8f4717ff
0x8f4f17ff 0x8f4f17ff 0x8f4f17ff 0x8f4717ff
0x874717ff 0x8f4717ff 0x974f17ff 0x974f17ff
0x9f5717ff 0xa75717ff 0x9f5717ff 0x9f4f17ff
0x9f4f17ff 0x974f17ff 0x974f17ff 0x974f17ff
0x9f4f17ff 0x9f4f17ff 0x9f4f17ff 0x9f5717ff
0x9f5717ff 0x974f17ff 0x974f17ff 0x8f4717ff
0x8f4717ff 0x8f4717ff 0x8f4717ff 0x8f4717ff
0x974f17ff 0x8f4717ff 0x874717ff 0x874717ff
0x8f4717ff 0x8f4717ff 0x974f17ff 0x974f17ff
0x974f17ff 0x974f17ff 0x974f17ff 0x974f17ff
0x974f17ff 0x974717ff 0x974f17ff 0x9f4f17ff
0x9f5717ff 0x9f5717ff 0x9f5717ff 0x9f5717ff
0x974f17ff 0x8f4f17ff 0x874717ff 0x874717ff
0x8f4717ff 0x974f17ff 0x974f17ff 0x974f17ff
0x8f4717ff 0x8f4717ff 0x974717ff 0x974f17ff
0x975717ff 0x974f17ff 0x9f5717ff 0xa75717ff
0xa75f17ff 0xa75f17ff 0xa75f17ff 0x9f5717ff
0x974f17ff 0x974f17ff 0x9f5f17ff 0xaf671fff
0xaf6717ff 0xaf6717ff 0xaf6717ff 0xaf5f17ff
0xaf5f17ff 0xa75f17ff 0x9f5717ff 0x8f4f17ff
0x773f17ff 0x5f2f0fff 0x572f0fff 0x572f0fff
0x6f370fff 0x7f3f0fff 0x873f17ff 0x874717ff
0x874717ff 0x8f4717ff 0x8f4717ff 0x8f4717ff
0x974717ff 0x974f17ff 0x9f4f17ff 0x974f17ff
0x8f4f17ff 0x873f17ff 0x7f3f0fff 0x77370fff
0x77370fff 0x6f370fff 0x6f370fff 0x6f370fff
0x77370fff 0x7f3f0fff 0x873f17ff 0x874717ff
0x7f3f0fff 0x6f370fff 0x672f0fff 0x672f0fff
0x77370fff 0x873f0fff 0x8f4717ff 0x8f4717ff
0x8f4f17ff 0x8f4f17ff 0x8f4f17ff 0x8f4f17ff
0x8f4f17ff 0x874717ff 0x7f3f17ff 0x773f17ff
0x7f3f17ff 0x8f4f17ff 0x97571fff 0x975f1fff
0x975f1fff 0x97571fff 0x8f4f17ff 0x7f3f17ff
0x773f17ff 0x7f3f17ff 0x874717ff 0x8f4f17ff
0x8f4f17ff 0x8f4f17ff 0x8f4f17ff 0x8f4f17ff
0x8f4717ff 0x8f4717ff 0x873f0fff 0x77370fff
0x672f0fff 0x672f0fff 0x6f370fff 0x7f3f0fff
0x874717ff 0x873f17ff 0x7f3f0fff 0x77370fff
0x6f370fff 0x6f370fff 0x6f370fff 0x77370fff
0x77370fff 0x7f3f0fff 0x873f17ff 0x8f4f17ff
0x974f17ff 0x9f4f17ff 0x974f17ff 0x974717ff
0x8f4717ff 0x8f4717ff 0x8f4717ff 0x874717ff
0x874717ff 0x873f17ff 0x7f3f0fff 0x6f370fff
0x572f0fff 0x572f0fff 0x5f2f0fff 0x773f17ff
0x8f4f17ff 0x9f5717ff 0xa75f17ff 0xaf5f17ff
0xaf5f17ff 0xaf6717ff 0xaf6717ff 0xaf6717ff
0xaf671fff 0x9f5f17ff 0x974f17ff 0x974f17ff
0x9f5717ff 0xa75f17ff 0xa75f17ff 0xa75f17ff
0xa75717ff 0x9f5717ff 0x974f17ff 0x975717ff
0x974f17ff 0x974717ff 0x8f4717ff 0x8f4717ff
0x974f17ff 0x974f17ff 0x974f17ff 0x8f4717ff
0x874717ff 0x874717ff 0x8f4f17ff 0x974f17ff
0x9f5717ff 0x9f5717ff 0x9f5717ff 0x9f5717ff
0x9f4f17ff 0x974f17ff 0x974717ff 0x974f17ff
0x974f17ff 0x974f17ff 0x974f17ff 0x974f17ff
0x974f17ff 0x974f17ff 0x8f4717ff 0x8f4717ff
0x874717ff 0x874717ff 0x8f4717ff 0x974f17ff
0x8f4717ff 0x8f4717ff 0x873f17ff 0x7f3f17ff
0x874717ff 0x8f4717ff 0x974f17ff 0x974f17ff
0x974717ff 0x974f17ff 0x974f17ff 0x974f17ff
0x974717ff 0x974717ff 0x974f17ff 0x9f4f17ff
0x9f4f17ff 0x9f4f17ff 0x9f4f17ff 0x9f4f17ff
0x974717ff 0x8f4717ff 0x874717ff 0x874717ff
0x8f4717ff 0x8f4f17ff 0x974f17ff 0x974f17ff
0x8f4717ff 0x8f4717ff 0x8f4717ff 0x974f17ff
0x9f5717ff 0x9f5717ff 0x9f5717ff 0x9f5f17ff
0xa75f17ff 0xaf5f17ff 0xa75f17ff 0x9f5717ff
0x974f17ff 0x974f17ff 0x9f5717ff 0xaf6717ff
0xaf6717ff 0xaf6717ff 0xaf5f17ff 0xaf5f17ff
0xaf5f17ff 0xa75f17ff 0x9f5717ff 0x8f4717ff
0x773f17ff 0x5f2f0fff 0x572f0fff 0x572f0fff
0x67370fff 0x7f3f0fff 0x874717ff 0x874717ff
0x8f4717ff 0x8f4717ff 0x8f4717ff 0x8f4717ff
0x974f17ff 0x974f17ff 0x974f17ff 0x974f17ff
0x8f4717ff 0x873f17ff 0x7f370fff 0x77370fff
0x77370fff 0x6f370fff 0x6f370fff 0x6f370fff
0x77370fff 0x7f3f0fff 0x7f3f0fff 0x873f0fff
0x7f3f0fff 0x672f0fff 0x5f2f0fff 0x672f0fff
0x7f370fff 0x873f0fff 0x874717ff 0x8f4717ff
0x974f17ff 0x8f4f17ff 0x8f4717ff 0x8f4f17ff
0x8f4f17ff 0x874717ff 0x7f3f17ff 0x773f17ff
0x7f4717ff 0x8f4f17ff 0x97571fff 0x9f5f1fff
0x9f5f1fff 0x97571fff 0x8f4f17ff 0x7f4717ff
0x773f17ff 0x7f3f17ff 0x874717ff 0x8f4f17ff
0x8f4f17ff 0x8f4717ff 0x8f4f17ff 0x974f17ff
0x8f4717ff 0x874717ff 0x873f0fff 0x7f370fff
0x672f0fff 0x5f2f0fff 0x672f0fff 0x7f3f0fff
0x873f0fff 0x7f3f0fff 0x7f3f0fff 0x77370fff
0x6f370fff 0x6f370fff 0x6f370fff 0x77370fff
0x77370fff 0x7f370fff 0x873f17ff 0x8f4717ff
0x974f17ff 0x974f17ff 0x974f17ff 0x974f17ff
0x8f4717ff 0x8f4717ff 0x8f4717ff 0x8f4717ff
0x874717ff 0x874717ff 0x7f3f0fff 0x67370fff
0x572f0fff 0x572f0fff 0x5f2f0fff 0x773f17ff
0x8f4717ff 0x9f5717ff 0xa75f17ff 0xaf5f17ff
0xaf5f17ff 0xaf5f17ff 0xaf6717ff 0xaf6717ff
0xaf6717ff 0x9f5717ff 0x974f17ff 0x974f17ff
0x9f5717ff 0xa75f17ff 0xaf5f17ff 0xa75f17ff
0x9f5f17ff 0x9f5717ff 0x9f5717ff 0x9f5717ff
0x974f17ff 0x8f4717ff 0x8f4717ff 0x8f4717ff
0x974f17ff 0x974f17ff 0x8f4f17ff 0x8f4717ff
0x874717ff 0x874717ff 0x8f4717ff 0x974717ff
0x9f4f17ff 0x9f4f17ff 0x9f4f17ff 0x9f4f17ff
0x9f4f17ff 0x974f17ff 0x974717ff 0x974717ff
0x974f17ff 0x974f17ff 0x974f17ff 0x974717ff
0x974f17ff 0x974f17ff 0x8f4717ff 0x874717ff
0x7f3f17ff 0x873f17ff 0x8f4717ff 0x8f4717ff
0x8f4717ff 0x873f17ff 0x7f3f17ff 0x7f3f17ff
0x7f4717ff 0x8f4717ff 0x8f4717ff 0x974717ff
0x974717ff 0x974717ff 0x974f17ff 0x974f17ff
0x974717ff 0x97470fff 0x9f4f17ff 0x9f5717ff
0x9f5717ff 0x9f4f17ff 0x9f4f17ff 0x974f17ff
0x8f4717ff 0x8f4717ff 0x874717ff 0x873f17ff
0x8f4717ff 0x8f4f17ff 0x974f17ff 0x974f17ff
0x8f4717ff 0x8f470fff 0x8f470fff 0x8f4717ff
0x974f17ff 0x974f17ff 0x9f5717ff 0x9f5717ff
0xa75f17ff 0xa75f17ff 0xa75f17ff 0x9f5717ff
0x974f17ff 0x8f4717ff 0x9f5717ff 0xaf6717ff
0xaf6717ff 0xaf6717ff 0xaf5f17ff 0xaf5f17ff
0xa75f17ff 0xa75f17ff 0x9f5717ff 0x8f4717ff
0x7f3f17ff 0x5f2f0fff 0x572f0fff 0x5f2f0fff
0x6f370fff 0x773f0fff 0x7f3f17ff 0x874717ff
0x8f4717ff 0x8f4717ff 0x874717ff 0x8f4717ff
0x974f17ff 0x974f17ff 0x974f17ff 0x974f17ff
0x8f4717ff 0x873f17ff 0x7f3f0fff 0x77370fff
0x6f370fff 0x6f370fff 0x6f370fff 0x6f370fff
0x77370fff 0x7f3f0fff 0x7f3f0fff 0x7f3f0fff
0x77370fff 0x572f0fff 0x57270fff 0x672f0fff
0x7f3f0fff 0x873f0fff 0x87470fff 0x8f4717ff
0x8f4717ff 0x8f4f17ff 0x8f4f17ff 0x8f4f17ff
0x874717ff 0x7f4717ff 0x7f3f17ff 0x7f3f17ff
0x7f4717ff 0x874f17ff 0x97571fff 0x9f5f1fff
0x9f5f1fff 0x97571fff 0x874f17ff 0x7f4717ff
0x7f3f17ff 0x7f3f17ff 0x7f4717ff 0x874717ff
0x8f4f17ff 0x8f4f17ff 0x8f4f17ff 0x8f4717ff
0x8f4717ff 0x87470fff 0x873f0fff 0x7f3f0fff
0x672f0fff 0x57270fff 0x572f0fff 0x77370fff
0x7f3f0fff 0x7f3f0fff 0x7f3f0fff 0x77370fff
0x6f370fff 0x6f370fff 0x6f370fff 0x6f370fff
0x77370fff 0x7f3f0fff 0x873f17ff 0x8f4717ff
0x974f17ff 0x974f17ff 0x974f17ff 0x974f17ff
0x8f4717ff 0x874717ff 0x8f4717ff 0x8f4717ff
0x874717ff 0x7f3f17ff 0x773f0fff 0x6f370fff
0x5f2f0fff 0x572f0fff 0x5f2f0fff 0x7f3f17ff
0x8f4717ff 0x9f5717ff 0xa75f17ff 0xa75f17ff
0xaf5f17ff 0xaf5f17ff 0xaf6717ff 0xaf6717ff
0xaf6717ff 0x9f5717ff 0x8f4717ff 0x974f17ff
0x9f5717ff 0xa75f17ff 0xa75f17ff 0xa75f17ff
0x9f5717ff 0x9f5717ff 0x974f17ff 0x974f17ff
0x8f4717ff 0x8f470fff 0x8f470fff 0x8f4717ff
0x974f17ff 0x974f17ff 0x8f4f17ff 0x8f4717ff
0x873f17ff 0x874717ff 0x8f4717ff 0x8f4717ff
0x974f17ff 0x9f4f17ff 0x9f4f17ff 0x9f5717ff
0x9f5717ff 0x9f4f17ff 0x97470fff 0x974717ff
0x974f17ff 0x974f17ff 0x974717ff 0x974717ff
0x974717ff 0x8f4717ff 0x8f4717ff 0x7f4717ff
0x7f3f17ff 0x7f3f17ff 0x873f17ff 0x8f4717ff
0x874717ff 0x7f3f17ff 0x773717ff 0x773f0fff
0x873f17ff 0x8f4717ff 0x974717ff 0x974717ff
0x974717ff 0x974717ff 0x974f17ff 0x974f17ff
0x974f17ff 0x974f0fff 0x9f4f17ff 0xa75717ff
0x9f5717ff 0x9f5717ff 0x9f5717ff 0x974f17ff
0x8f4717ff 0x8f470fff 0x873f0fff 0x7f3f0fff
0x874717ff 0x8f4717ff 0x8f4717ff 0x8f4717ff
0x8f4717ff 0x8f470fff 0x8f470fff 0x8f4717ff
0x974f17ff 0x974f17ff 0x9f5717ff 0x9f5717ff
0x9f5717ff 0xa75f17ff 0xa75f17ff 0x9f5717ff
0x974f17ff 0x8f4717ff 0x9f5717ff 0xaf5f17ff
0xaf6717ff 0xaf6717ff 0xaf5f17ff 0xa75f17ff
0xa75717ff 0xa75717ff 0x9f4f17ff 0x8f4717ff
0x77370fff 0x5f2f0fff 0x5f2f0fff 0x6f2f0fff
0x77370fff 0x7f370fff 0x7f3f17ff 0x873f17ff
0x874717ff 0x87470fff 0x874717ff 0x8f4717ff
0x974f17ff 0x974f17ff 0x974f17ff 0x974f17ff
0x874717ff 0x7f3f17ff 0x7f3f17ff 0x77370fff
0x6f370fff 0x672f0fff 0x672f0fff 0x6f370fff
0x77370fff 0x7f3f0fff 0x873f0fff 0x873f0fff
0x77370fff 0x57270fff 0x57270fff 0x672f0fff
0x7f3f0fff 0x873f0fff 0x8f470fff 0x8f4717ff
0x8f4717ff 0x8f4f17ff 0x8f4f17ff 0x8f4717ff
0x7f4717ff 0x773f17ff 0x773f17ff 0x7f3f17ff
0x7f4717ff 0x874717ff 0x8f4f17ff 0x975f1fff
0x975f1fff 0x8f4f17ff 0x874717ff 0x7f4717ff
0x7f3f17ff 0x773f17ff 0x773f17ff 0x7f4717ff
0x8f4717ff 0x8f4f17ff 0x8f4f17ff 0x8f4717ff
0x8f4717ff 0x8f470fff 0x873f0fff 0x7f3f0fff
0x672f0fff 0x57270fff 0x57270fff 0x77370fff
0x873f0fff 0x873f0fff 0x7f3f0fff 0x77370fff
0x6f370fff 0x672f0fff 0x672f0fff 0x6f370fff
0x77370fff 0x7f3f17ff 0x7f3f17ff 0x874717ff
0x974f17ff 0x974f17ff 0x974f17ff 0x974f17ff
0x8f4717ff 0x874717ff 0x87470fff 0x874717ff
0x873f17ff 0x7f3f17ff 0x7f370fff 0x77370fff
0x6f2f0fff 0x5f2f0fff 0x5f2f0fff 0x77370fff
0x8f4717ff 0x9f4f17ff 0xa75717ff 0xa75717ff
0xa75f17ff 0xaf5f17ff 0xaf6717ff 0xaf6717ff
0xaf5f17ff 0x9f5717ff 0x8f4717ff 0x974f17ff
0x9f5717ff 0xa75f17ff 0xa75f17ff 0x9f5717ff
0x9f5717ff 0x9f5717ff 0x974f17ff 0x974f17ff
0x8f4717ff 0x8f470fff 0x8f470fff 0x8f4717ff
0x8f4717ff 0x8f4717ff 0x8f4717ff 0x874717ff
0x7f3f0fff 0x873f0fff 0x8f470fff 0x8f4717ff
0x974f17ff 0x9f5717ff 0x9f5717ff 0x9f5717ff
0xa75717ff 0x9f4f17ff 0x974f0fff 0x974f17ff
0x974f17ff 0x974f17ff 0x974717ff 0x974717ff
0x974717ff 0x974717ff 0x8f4717ff 0x873f17ff
0x773f0fff 0x773717ff 0x7f3f17ff 0x874717ff
0x874717ff 0x773f17ff 0x673717ff 0x6f370fff
0x7f4717ff 0x8f4717ff 0x974717ff 0x974717ff
0x974717ff 0x974f17ff 0x974f17ff 0x974f17ff
0x974f17ff 0x974f17ff 0x9f4f17ff 0xa75717ff
0x9f5717ff 0x9f5717ff 0x9f5717ff 0x9f4f17ff
0x8f4717ff 0x8f470fff 0x873f0fff 0x7f3f0fff
0x874717ff 0x8f4717ff 0x8f4717ff 0x8f4717ff
0x8f4717ff 0x8f470fff 0x8f470fff 0x8f470fff
0x974717ff 0x974f17ff 0x9f5717ff 0x9f5717ff
0x9f5717ff 0xa75f17ff 0xa75f17ff 0x9f5717ff
0x974f17ff 0x974f17ff 0x9f5717ff 0xaf5f17ff
0xaf6717ff 0xaf6717ff 0xaf5f17ff 0xa75f17ff
0xa75717ff 0x9f5717ff 0x9f4f17ff 0x8f4717ff
0x77370fff 0x5f2f0fff 0x672f0fff 0x77370fff
0x7f3f0fff 0x7f3f17ff 0x873f17ff 0x874717ff
0x874717ff 0x874717ff 0x87470fff 0x8f4717ff
0x8f4f17ff 0x974f17ff 0x974f17ff 0x974f17ff
0x874717ff 0x7f3f17ff 0x7f3f0fff 0x77370fff
0x6f370fff 0x672f0fff 0x672f0fff 0x672f0fff
0x6f370fff 0x7f3f0fff 0x873f0fff 0x873f0fff
0x6f370fff 0x57270fff 0x572700ff 0x6f2f0fff
0x7f3f0fff 0x873f0fff 0x8f4717ff 0x8f4717ff
0x8f4717ff 0x8f4f17ff 0x8f4f17ff 0x8f4717ff
0x7f3f17ff 0x773f0fff 0x773f0fff 0x7f3f17ff
0x7f3f17ff 0x874717ff 0x8f4f17ff 0x97571fff
0x97571fff 0x8f4f17ff 0x874717ff 0x7f3f17ff
0x7f3f17ff 0x773f0fff 0x773f0fff 0x7f3f17ff
0x8f4717ff 0x8f4f17ff 0x8f4f17ff 0x8f4717ff
0x8f4717ff 0x8f4717ff 0x873f0fff 0x7f3f0fff
0x6f2f0fff 0x572700ff 0x57270fff 0x6f370fff
0x873f0fff 0x873f0fff 0x7f3f0fff 0x6f370fff
0x672f0fff 0x672f0fff 0x672f0fff 0x6f370fff
0x77370fff 0x7f3f0fff 0x7f3f17ff 0x874717ff
0x974f17ff 0x974f17ff 0x974f17ff 0x8f4f17ff
0x8f4717ff 0x87470fff 0x874717ff 0x874717ff
0x874717ff 0x873f17ff 0x7f3f17ff 0x7f3f0fff
0x77370fff 0x672f0fff 0x5f2f0fff 0x77370fff
0x8f4717ff 0x9f4f17ff 0x9f5717ff 0xa75717ff
0xa75f17ff 0xaf5f17ff 0xaf6717ff 0xaf6717ff
0xaf5f17ff 0x9f5717ff 0x974f17ff 0x974f17ff
0x9f5717ff 0xa75f17ff 0xa75f17ff 0x9f5717ff
0x9f5717ff 0x9f5717ff 0x974f17ff 0x974717ff
0x8f470fff 0x8f470fff 0x8f470fff 0x8f4717ff
0x8f4717ff 0x8f4717ff 0x8f4717ff 0x874717ff
0x7f3f0fff 0x873f0fff 0x8f470fff 0x8f4717ff
0x9f4f17ff 0x9f5717ff 0x9f5717ff 0x9f5717ff
0xa75717ff 0x9f4f17ff 0x974f17ff 0x974f17ff
0x974f17ff 0x974f17ff 0x974f17ff 0x974717ff
0x974717ff 0x974717ff 0x8f4717ff 0x7f4717ff
0x6f370fff 0x673717ff 0x773f17ff 0x874717ff
0x8f4717ff 0x6f3f17ff 0x67370fff 0x6f370fff
0x7f3f0fff 0x8f4717ff 0x974f17ff 0x974f17ff
0x974f17ff 0x974f17ff 0x974f17ff 0x974f17ff
0x974717ff 0x974f17ff 0x9f5717ff 0x9f5717ff
0x9f5717ff 0x9f5717ff 0x9f5717ff 0x974f17ff
0x8f4717ff 0x8f4717ff 0x87470fff 0x7f470fff
0x87470fff 0x8f4f0fff 0x974f17ff 0x974717ff
0x8f470fff 0x8f470fff 0x87470fff 0x87470fff
0x8f4717ff 0x974f17ff 0x9f4f17ff 0x974f17ff
0x9f5717ff 0xa75f17ff 0xa75f17ff 0xa75f17ff
0x9f5717ff 0x9f5717ff 0xa75f17ff 0xaf6717ff
0xaf6717ff 0xaf6717ff 0xaf5f17ff 0xa75f17ff
0xa75717ff 0x9f5717ff 0x974f17ff 0x874717ff
0x77370fff 0x672f0fff 0x6f370fff 0x7f370fff
0x873f17ff 0x873f17ff 0x874717ff 0x874717ff
0x874717ff 0x874717ff 0x874717ff 0x874717ff
0x8f4f17ff 0x974f17ff 0x975717ff 0x8f4f17ff
0x874717ff 0x7f3f0fff 0x773f0fff 0x6f370fff
0x672f0fff 0x5f2f0fff 0x5f2f0fff 0x672f0fff
0x6f370fff 0x773f0fff 0x7f3f0fff 0x7f3f0fff
0x67370fff 0x4f2700ff 0x572700ff 0x6f370fff
0x7f3f0fff 0x8f3f0fff 0x8f4717ff 0x8f4717ff
0x8f4717ff 0x874717ff 0x8f4717ff 0x8f4f17ff
0x7f4717ff 0x773f0fff 0x773f0fff 0x7f3f17ff
0x7f3f17ff 0x874717ff 0x8f4717ff 0x974f17ff
0x974f17ff 0x8f4717ff 0x874717ff 0x7f3f17ff
0x7f3f17ff 0x773f0fff 0x773f0fff 0x7f4717ff
0x8f4f17ff 0x8f4717ff 0x874717ff 0x8f4717ff
0x8f4717ff 0x8f4717ff 0x8f3f0fff 0x7f3f0fff
0x6f370fff 0x572700ff 0x4f2700ff 0x67370fff
0x7f3f0fff 0x7f3f0fff 0x773f0fff 0x6f370fff
0x672f0fff 0x5f2f0fff 0x5f2f0fff 0x672f0fff
0x6f370fff 0x773f0fff 0x7f3f0fff 0x874717ff
0x8f4f17ff 0x975717ff 0x974f17ff 0x8f4f17ff
0x874717ff 0x874717ff 0x874717ff 0x874717ff
0x874717ff 0x874717ff 0x873f17ff 0x873f17ff
0x7f370fff 0x6f370fff 0x672f0fff 0x77370fff
0x874717ff 0x974f17ff 0x9f5717ff 0xa75717ff
0xa75f17ff 0xaf5f17ff 0xaf6717ff 0xaf6717ff
0xaf6717ff 0xa75f17ff 0x9f5717ff 0x9f5717ff
0xa75f17ff 0xa75f17ff 0xa75f17ff 0x9f5717ff
0x974f17ff 0x9f4f17ff 0x974f17ff 0x8f4717ff
0x87470fff 0x87470fff 0x8f470fff 0x8f470fff
0x974717ff 0x974f17ff 0x8f4f0fff 0x87470fff
0x7f470fff 0x87470fff 0x8f4717ff 0x8f4717ff
0x974f17ff 0x9f5717ff 0x9f5717ff 0x9f5717ff
0x9f5717ff 0x9f5717ff 0x974f17ff 0x974717ff
0x974f17ff 0x974f17ff 0x974f17ff 0x974f17ff
0x974f17ff 0x974f17ff 0x8f4717ff 0x7f3f0fff
0x6f370fff 0x67370fff 0x6f3f17ff 0x8f4717ff
0x874717ff 0x6f3717ff 0x67370fff 0x77370fff
0x7f3f0fff 0x8f4717ff 0x974f17ff 0x974f17ff
0x974f17ff 0x974717ff 0x974f17ff 0x974717ff
0x8f4717ff 0x974717ff 0x974f17ff 0x9f5717ff
0x9f5717ff 0x9f5717ff 0x9f5717ff 0x974f17ff
0x8f4717ff 0x8f4717ff 0x87470fff 0x7f3f0fff
0x87470fff 0x8f4f0fff 0x974f0fff 0x974f0fff
0x8f470fff 0x8f470fff 0x873f0fff 0x87470fff
0x8f4717ff 0x974f17ff 0x9f5717ff 0x974f17ff
0x975717ff 0x9f5f17ff 0xa76717ff 0xa75f17ff
0xa75717ff 0x9f5717ff 0xa75f17ff 0xaf6717ff
0xaf6717ff 0xaf5f17ff 0xaf5f17ff 0xaf5f17ff
0xa75717ff 0x9f5717ff 0x974f17ff 0x873f17ff
0x77370fff 0x6f370fff 0x6f370fff 0x7f3f0fff
0x874717ff 0x874717ff 0x874717ff 0x874717ff
0x874717ff 0x873f17ff 0x873f17ff 0x874717ff
0x8f4f17ff 0x974f17ff 0x974f17ff 0x8f4f17ff
0x874717ff 0x7f3f0fff 0x773f0fff 0x6f370fff
0x672f0fff 0x5f2f0fff 0x572f0fff 0x672f0fff
0x6f370fff 0x77370fff 0x773f0fff 0x77370fff
0x5f2f0fff 0x472700ff 0x572700ff 0x77370fff
0x873f0fff 0x8f3f0fff 0x8f4717ff 0x8f4717ff
0x874717ff 0x874717ff 0x874717ff 0x874717ff
0x7f470fff 0x6f370fff 0x6f370fff 0x773f17ff
0x7f4717ff 0x7f4717ff 0x8f4717ff 0x974f17ff
0x974f17ff 0x8f4717ff 0x7f4717ff 0x7f4717ff
0x773f17ff 0x6f370fff 0x6f370fff 0x7f470fff
0x874717ff 0x874717ff 0x874717ff 0x874717ff
0x8f4717ff 0x8f4717ff 0x8f3f0fff 0x873f0fff
0x77370fff 0x572700ff 0x472700ff 0x5f2f0fff
0x77370fff 0x773f0fff 0x77370fff 0x6f370fff
0x672f0fff 0x572f0fff 0x5f2f0fff 0x672f0fff
0x6f370fff 0x773f0fff 0x7f3f0fff 0x874717ff
0x8f4f17ff 0x974f17ff 0x974f17ff 0x8f4f17ff
0x874717ff 0x873f17ff 0x873f17ff 0x874717ff
0x874717ff 0x874717ff 0x874717ff 0x874717ff
0x7f3f0fff 0x6f370fff 0x6f370fff 0x77370fff
0x873f17ff 0x974f17ff 0x9f5717ff 0xa75717ff
0xaf5f17ff 0xaf5f17ff 0xaf5f17ff 0xaf6717ff
0xaf6717ff 0xa75f17ff 0x9f5717ff 0xa75717ff
0xa75f17ff 0xa76717ff 0x9f5f17ff 0x975717ff
0x974f17ff 0x9f5717ff 0x974f17ff 0x8f4717ff
0x87470fff 0x873f0fff 0x8f470fff 0x8f470fff
0x974f0fff 0x974f0fff 0x8f4f0fff 0x87470fff
0x7f3f0fff 0x87470fff 0x8f4717ff 0x8f4717ff
0x974f17ff 0x9f5717ff 0x9f5717ff 0x9f5717ff
0x9f5717ff 0x974f17ff 0x974717ff 0x8f4717ff
0x974717ff 0x974f17ff 0x974717ff 0x974f17ff
0x974f17ff 0x974f17ff 0x8f4717ff 0x7f3f0fff
0x77370fff 0x67370fff 0x6f3717ff 0x874717ff
0x874717ff 0x773f17ff 0x6f370fff 0x773f0fff
0x873f0fff 0x8f4717ff 0x974f17ff 0x974f17ff
0x974f17ff 0x974f17ff 0x974f17ff 0x8f4f17ff
0x8f4717ff 0x8f470fff 0x974f17ff 0x9f5717ff
0x9f4f17ff 0x9f5717ff 0x9f5717ff 0x974f17ff
0x8f4717ff 0x8f4717ff 0x874717ff 0x7f3f0fff
0x87470fff 0x8f470fff 0x974f0fff 0x97470fff
0x8f470fff 0x8f4717ff 0x874717ff 0x874717ff
0x8f4717ff 0x974f17ff 0x974f17ff 0x974f17ff
0x974f17ff 0x9f5717ff 0xa75f17ff 0xa75f17ff
0x9f5717ff 0xa75717ff 0xa75f17ff 0xaf6717ff
0xaf5f17ff 0xaf5f17ff 0xaf5f17ff 0xaf5f17ff
0xa75f17ff 0xa75717ff 0x974f17ff 0x874717ff
0x773f0fff 0x6f370fff 0x77370fff 0x7f3f0fff
0x873f0fff 0x874717ff 0x874717ff 0x8f4717ff
0x874717ff 0x873f0fff 0x873f17ff 0x874717ff
0x8f4717ff 0x974f17ff 0x8f4f17ff 0x8f4f17ff
0x874717ff 0x7f3f0fff 0x77370fff 0x6f370fff
0x672f0fff 0x5f2f0fff 0x572f0fff 0x5f2f0fff
0x6f370fff 0x77370fff 0x773f0fff 0x77370fff
0x5f2f0fff 0x472700ff 0x572f00ff 0x7f3f0fff
0x87470fff 0x8f4717ff 0x8f4717ff 0x8f4717ff
0x87470fff 0x7f3f0fff 0x87470fff 0x874717ff
0x773f0fff 0x67370fff 0x67370fff 0x6f3f0fff
0x7f3f17ff 0x874717ff 0x8f4f17ff 0x974f17ff
0x974f17ff 0x8f4f17ff 0x874717ff 0x7f3f17ff
0x6f3f0fff 0x67370fff 0x67370fff 0x773f0fff
0x874717ff 0x87470fff 0x7f3f0fff 0x87470fff
0x8f4717ff 0x8f4717ff 0x8f4717ff 0x87470fff
0x7f3f0fff 0x572f00ff 0x472700ff 0x5f2f0fff
0x77370fff 0x773f0fff 0x77370fff 0x6f370fff
0x5f2f0fff 0x572f0fff 0x5f2f0fff 0x672f0fff
0x6f370fff 0x77370fff 0x7f3f0fff 0x874717ff
0x8f4f17ff 0x8f4f17ff 0x974f17ff 0x8f4717ff
0x874717ff 0x873f17ff 0x873f0fff 0x874717ff
0x8f4717ff 0x874717ff 0x874717ff 0x873f0fff
0x7f3f0fff 0x77370fff 0x6f370fff 0x773f0fff
0x874717ff 0x974f17ff 0xa75717ff 0xa75f17ff
0xaf5f17ff 0xaf5f17ff 0xaf5f17ff 0xaf5f17ff
0xaf6717ff 0xa75f17ff 0xa75717ff 0x9f5717ff
0xa75f17ff 0xa75f17ff 0x9f5717ff 0x974f17ff
0x974f17ff 0x974f17ff 0x974f17ff 0x8f4717ff
0x874717ff 0x874717ff 0x8f4717ff 0x8f470fff
0x97470fff 0x974f0fff 0x8f470fff 0x87470fff
0x7f3f0fff 0x874717ff 0x8f4717ff 0x8f4717ff
0x974f17ff 0x9f5717ff 0x9f5717ff 0x9f4f17ff
0x9f5717ff 0x974f17ff 0x8f470fff 0x8f4717ff
0x8f4f17ff 0x974f17ff 0x974f17ff 0x974f17ff
0x974f17ff 0x974f17ff 0x8f4717ff 0x873f0fff
0x773f0fff 0x6f370fff 0x773f17ff 0x874717ff
0x874717ff 0x773f17ff 0x77370fff 0x773f0fff
0x87470fff 0x974f17ff 0x974f17ff 0x974f17ff
0x974f17ff 0x974f17ff 0x974f17ff 0x8f4f17ff
0x874717ff 0x8f4717ff 0x974f17ff 0x9f4f17ff
0x974f17ff 0x9f5717ff 0x9f5717ff 0x974f17ff
0x8f4f17ff 0x8f4f17ff 0x874717ff 0x874717ff
0x8f4717ff 0x8f470fff 0x8f4717ff 0x8f4717ff
0x8f4717ff 0x8f4717ff 0x874717ff 0x873f17ff
0x8f4717ff 0x974f17ff 0x974f17ff 0x974f17ff
0x974f17ff 0x9f5717ff 0xa75f17ff 0xa75f17ff
0xa75717ff 0xa75717ff 0xa75f17ff 0xaf6717ff
0xaf5f17ff 0xaf5f17ff 0xa75f17ff 0xa75f17ff
0xaf5f17ff 0xa75f17ff 0x975717ff 0x874717ff
0x773f0fff 0x6f370fff 0x77370fff 0x77370fff
0x7f3f0fff 0x873f0fff 0x874717ff 0x874717ff
0x874717ff 0x873f0fff 0x873f17ff 0x8f4717ff
0x8f4717ff 0x974f17ff 0x8f4717ff 0x8f4717ff
0x874717ff 0x773f0fff 0x6f370fff 0x67370fff
0x672f0fff 0x5f2f0fff 0x572f0fff 0x5f2f0fff
0x6f370fff 0x77370fff 0x7f3f0fff 0x77370fff
0x5f2f0fff 0x472700ff 0x572f0fff 0x773f0fff
0x87470fff 0x8f4717ff 0x8f4f17ff 0x8f4717ff
0x873f0fff 0x7f3f0fff 0x7f3f0fff 0x7f3f0fff
0x773f0fff 0x6f370fff 0x67370fff 0x6f370fff
0x7f4717ff 0x8f4f17ff 0x974f17ff 0x974f17ff
0x974f17ff 0x974f17ff 0x8f4f17ff 0x7f4717ff
0x6f370fff 0x67370fff 0x6f370fff 0x773f0fff
0x7f3f0fff 0x7f3f0fff 0x7f3f0fff 0x873f0fff
0x8f4717ff 0x8f4f17ff 0x8f4717ff 0x87470fff
0x773f0fff 0x572f0fff 0x472700ff 0x5f2f0fff
0x77370fff 0x7f3f0fff 0x77370fff 0x6f370fff
0x5f2f0fff 0x572f0fff 0x5f2f0fff 0x672f0fff
0x67370fff 0x6f370fff 0x773f0fff 0x874717ff
0x8f4717ff 0x8f4717ff 0x974f17ff 0x8f4717ff
0x8f4717ff 0x873f17ff 0x873f0fff 0x874717ff
0x874717ff 0x874717ff 0x873f0fff 0x7f3f0fff
0x77370fff 0x77370fff 0x6f370fff 0x773f0fff
0x874717ff 0x975717ff 0xa75f17ff 0xaf5f17ff
0xa75f17ff 0xa75f17ff 0xaf5f17ff 0xaf5f17ff
0xaf6717ff 0xa75f17ff 0xa75717ff 0xa75717ff
0xa75f17ff 0xa75f17ff 0x9f5717ff 0x974f17ff
0x974f17ff 0x974f17ff 0x974f17ff 0x8f4717ff
0x873f17ff 0x874717ff 0x8f4717ff 0x8f4717ff
0x8f4717ff 0x8f4717ff 0x8f470fff 0x8f4717ff
0x874717ff 0x874717ff 0x8f4f17ff 0x8f4f17ff
0x974f17ff 0x9f5717ff 0x9f5717ff 0x974f17ff
0x9f4f17ff 0x974f17ff 0x8f4717ff 0x874717ff
0x8f4f17ff 0x974f17ff 0x974f17ff 0x974f17ff
0x974f17ff 0x974f17ff 0x974f17ff 0x87470fff
0x773f0fff 0x77370fff 0x773f17ff 0x874717ff
0x7f4717ff 0x7f3f17ff 0x773f17ff 0x7f3f17ff
0x874717ff 0x8f4f17ff 0x974f17ff 0x974f17ff
0x974717ff 0x974f17ff 0x974f17ff 0x8f4f17ff
0x873f17ff 0x874717ff 0x974f17ff 0x974f17ff
0x974f17ff 0x974f17ff 0x974f17ff 0x974f17ff
0x8f4f17ff 0x8f4717ff 0x8f4717ff 0x874717ff
0x8f4717ff 0x8f4717ff 0x974717ff 0x8f4717ff
0x8f4717ff 0x874717ff 0x87470fff 0x87470fff
0x87470fff 0x974f17ff 0x974f17ff 0x8f4f17ff
0x8f4717ff 0x974f17ff 0xa75717ff 0xa75f17ff
0xa75f17ff 0xa75f17ff 0xaf5f17ff 0xaf6717ff
0xaf6717ff 0xaf5f17ff 0xa75f17ff 0xa75f17ff
0xa75f17ff 0xa75f17ff 0x975717ff 0x874717ff
0x6f370fff 0x6f370fff 0x6f370fff 0x77370fff
0x7f3f0fff 0x7f3f0fff 0x7f3f0fff 0x874717ff
0x87470fff 0x7f3f0fff 0x873f0fff 0x8f4717ff
0x8f4717ff 0x8f4f17ff 0x8f4717ff 0x8f4717ff
0x7f3f0fff 0x773f0fff 0x6f370fff 0x672f0fff
0x5f2f0fff 0x5f2f0fff 0x5f2f0fff 0x672f0fff
0x6f370fff 0x7f3f0fff 0x7f3f0fff 0x77370fff
0x5f2f0fff 0x4f270fff 0x5f2f0fff 0x77370fff
0x87470fff 0x8f4f17ff 0x8f4f17ff 0x8f4717ff
0x87470fff 0x7f3f0fff 0x7f3f0fff 0x7f3f0fff
0x773f0fff 0x6f370fff 0x67370fff 0x67370fff
0x773f17ff 0x8f4f17ff 0x974f17ff 0x9f571fff
0x9f571fff 0x974f17ff 0x8f4f17ff 0x773f17ff
0x67370fff 0x67370fff 0x6f370fff 0x773f0fff
0x7f3f0fff 0x7f3f0fff 0x7f3f0fff 0x87470fff
0x8f4717ff 0x8f4f17ff 0x8f4f17ff 0x87470fff
0x77370fff 0x5f2f0fff 0x4f270fff 0x5f2f0fff
0x77370fff 0x7f3f0fff 0x7f3f0fff 0x6f370fff
0x672f0fff 0x5f2f0fff 0x5f2f0fff 0x5f2f0fff
0x672f0fff 0x6f370fff 0x773f0fff 0x7f3f0fff
0x8f4717ff 0x8f4717ff 0x8f4f17ff 0x8f4717ff
0x8f4717ff 0x873f0fff 0x7f3f0fff 0x87470fff
0x874717ff 0x7f3f0fff 0x7f3f0fff 0x7f3f0fff
0x77370fff 0x6f370fff 0x6f370fff 0x6f370fff
0x874717ff 0x975717ff 0xa75f17ff 0xa75f17ff
0xa75f17ff 0xa75f17ff 0xaf5f17ff 0xaf6717ff
0xaf6717ff 0xaf5f17ff 0xa75f17ff 0xa75f17ff
0xa75f17ff 0xa75717ff 0x974f17ff 0x8f4717ff
0x8f4f17ff 0x974f17ff 0x974f17ff 0x87470fff
0x87470fff 0x87470fff 0x874717ff 0x8f4717ff
0x8f4717ff 0x974717ff 0x8f4717ff 0x8f4717ff
0x874717ff 0x8f4717ff 0x8f4717ff 0x8f4f17ff
0x974f17ff 0x974f17ff 0x974f17ff 0x974f17ff
0x974f17ff 0x974f17ff 0x874717ff 0x873f17ff
0x8f4f17ff 0x974f17ff 0x974f17ff 0x974717ff
0x974f17ff 0x974f17ff 0x8f4f17ff 0x874717ff
0x7f3f17ff 0x773f17ff 0x7f3f17ff 0x7f4717ff
0x7f4717ff 0x7f3f17ff 0x7f3f17ff 0x7f3f17ff
0x874717ff 0x974f17ff 0x974f17ff 0x974f17ff
0x974f17ff 0x974f17ff 0x974f17ff 0x8f4717ff
0x873f0fff 0x873f17ff 0x8f4717ff 0x974f17ff
0x974f17ff 0x974f17ff 0x974f17ff 0x974f17ff
0x8f4f17ff 0x8f4f17ff 0x8f4717ff 0x8f4717ff
0x8f4717ff 0x974f17ff 0x974f17ff 0x974f17ff
0x8f4717ff 0x87470fff 0x873f0fff 0x873f0fff
0x87470fff 0x8f4f0fff 0x974f17ff 0x8f4717ff
0x874717ff 0x974f17ff 0xa75717ff 0xa75f17ff
0xa75f17ff 0xa75f17ff 0xaf6717ff 0xaf6717ff
0xaf6717ff 0xaf5f17ff 0xa75f17ff 0xa75f17ff
0xa75f17ff 0xa75f17ff 0x9f5717ff 0x7f4717ff
0x6f370fff 0x67370fff 0x67370fff 0x7f3f0fff
0x873f0fff 0x7f3f0fff 0x7f3f0fff 0x7f3f17ff
0x7f3f0fff 0x873f0fff 0x874717ff 0x874717ff
0x8f4717ff 0x8f4f17ff 0x974f17ff 0x8f4717ff
0x87470fff 0x7f3f0fff 0x6f370fff 0x672f0fff
0x672f0fff 0x5f2f0fff 0x672f0fff 0x6f370fff
0x773f0fff 0x7f3f0fff 0x873f0fff 0x77370fff
0x5f2f0fff 0x572f0fff 0x672f0fff 0x7f370fff
0x873f0fff 0x87470fff 0x8f470fff 0x8f4717ff
0x874717ff 0x873f0fff 0x7f3f0fff 0x7f3f0fff
0x77370fff 0x6f370fff 0x672f0fff 0x67370fff
0x773f0fff 0x874717ff 0x974f17ff 0x97571fff
0x97571fff 0x974f17ff 0x874717ff 0x773f0fff
0x67370fff 0x672f0fff 0x6f370fff 0x77370fff
0x7f3f0fff 0x7f3f0fff 0x873f0fff 0x874717ff
0x8f4717ff 0x8f470fff 0x87470fff 0x873f0fff
0x7f370fff 0x672f0fff 0x572f0fff 0x5f2f0fff
0x77370fff 0x873f0fff 0x7f3f0fff 0x773f0fff
0x6f370fff 0x672f0fff 0x5f2f0fff 0x672f0fff
0x672f0fff 0x6f370fff 0x7f3f0fff 0x87470fff
0x8f4717ff 0x974f17ff 0x8f4f17ff 0x8f4717ff
0x874717ff 0x874717ff 0x873f0fff 0x7f3f0fff
0x7f3f17ff 0x7f3f0fff 0x7f3f0fff 0x873f0fff
0x7f3f0fff 0x67370fff 0x67370fff 0x6f370fff
0x7f4717ff 0x9f5717ff 0xa75f17ff 0xa75f17ff
0xa75f17ff 0xa75f17ff 0xaf5f17ff 0xaf6717ff
0xaf6717ff 0xaf6717ff 0xa75f17ff 0xa75f17ff
0xa75f17ff 0xa75717ff 0x974f17ff 0x874717ff
0x8f4717ff 0x974f17ff 0x8f4f0fff 0x87470fff
0x873f0fff 0x873f0fff 0x87470fff 0x8f4717ff
0x974f17ff 0x974f17ff 0x974f17ff 0x8f4717ff
0x8f4717ff 0x8f4717ff 0x8f4f17ff 0x8f4f17ff
0x974f17ff 0x974f17ff 0x974f17ff 0x974f17ff
0x974f17ff 0x8f4717ff 0x873f17ff 0x873f0fff
0x8f4717ff 0x974f17ff 0x974f17ff 0x974f17ff
0x974f17ff 0x974f17ff 0x974f17ff 0x874717ff
0x7f3f17ff 0x7f3f17ff 0x7f3f17ff 0x7f4717ff
0x7f4717ff 0x7f4717ff 0x7f3f17ff 0x7f3f17ff
0x8f4717ff 0x974f17ff 0x974f17ff 0x974f17ff
0x974717ff 0x974f17ff 0x974f17ff 0x8f4717ff
0x873f0fff 0x874717ff 0x8f4717ff 0x974f17ff
0x974f17ff 0x974f17ff 0x974f17ff 0x974f17ff
0x974f17ff 0x8f4f17ff 0x8f4f17ff 0x8f4717ff
0x8f4717ff 0x974f17ff 0x974f17ff 0x974f17ff
0x8f4f17ff 0x874717ff 0x87470fff 0x7f3f0fff
0x87470fff 0x87470fff 0x8f4717ff 0x874717ff
0x874717ff 0x974f17ff 0xa75f17ff 0xa75f17ff
0xa75f17ff 0xaf6717ff 0xaf6717ff 0xaf6717ff
0xaf6717ff 0xaf5f17ff 0xa75f17ff 0xa75f17ff
0xa75f17ff 0xa75f17ff 0x9f5717ff 0x8f4717ff
0x77370fff 0x672f0fff 0x6f370fff 0x7f3f0fff
0x874717ff 0x873f0fff 0x7f3f0fff 0x7f3f0fff
0x7f470fff 0x87470fff 0x87470fff 0x87470fff
0x874717ff 0x8f4f17ff 0x974f17ff 0x8f4f17ff
0x874717ff 0x7f3f0fff 0x6f370fff 0x67370fff
0x672f0fff 0x672f0fff 0x67370fff 0x6f370fff
0x7f3f0fff 0x873f0fff 0x873f0fff 0x77370fff
0x5f2f0fff 0x5f2f0fff 0x6f370fff 0x7f3f0fff
0x873f0fff 0x87470fff 0x87470fff 0x8f470fff
0x873f0fff 0x7f3f0fff 0x7f3f0fff 0x7f3f0fff
0x6f370fff 0x672f0fff 0x672f0fff 0x6f370fff
0x773f0fff 0x7f4717ff 0x8f4f17ff 0x975717ff
0x975717ff 0x8f4f17ff 0x7f4717ff 0x773f0fff
0x6f370fff 0x672f0fff 0x672f0fff 0x6f370fff
0x7f3f0fff 0x7f3f0fff 0x7f3f0fff 0x873f0fff
0x8f470fff 0x87470fff 0x87470fff 0x873f0fff
0x7f3f0fff 0x6f370fff 0x5f2f0fff 0x5f2f0fff
0x77370fff 0x873f0fff 0x873f0fff 0x7f3f0fff
0x6f370fff 0x67370fff 0x672f0fff 0x672f0fff
0x67370fff 0x6f370fff 0x7f3f0fff 0x874717ff
0x8f4f17ff 0x974f17ff 0x8f4f17ff 0x874717ff
0x87470fff 0x87470fff 0x87470fff 0x7f470fff
0x7f3f0fff 0x7f3f0fff 0x873f0fff 0x874717ff
0x7f3f0fff 0x6f370fff 0x672f0fff 0x77370fff
0x8f4717ff 0x9f5717ff 0xa75f17ff 0xa75f17ff
0xa75f17ff 0xa75f17ff 0xaf5f17ff 0xaf6717ff
0xaf6717ff 0xaf6717ff 0xaf6717ff 0xa75f17ff
0xa75f17ff 0xa75f17ff 0x974f17ff 0x874717ff
0x874717ff 0x8f4717ff 0x87470fff 0x87470fff
0x7f3f0fff 0x87470fff 0x874717ff 0x8f4f17ff
0x974f17ff 0x974f17ff 0x974f17ff 0x8f4717ff
0x8f4717ff 0x8f4f17ff 0x8f4f17ff 0x974f17ff
0x974f17ff 0x974f17ff 0x974f17ff 0x974f17ff
0x974f17ff 0x8f4717ff 0x874717ff 0x873f0fff
0x8f4717ff 0x974f17ff 0x974f17ff 0x974717ff
0x974f17ff 0x974f17ff 0x974f17ff 0x8f4717ff
0x7f3f17ff 0x7f3f17ff 0x7f4717ff 0x7f4717ff
0x874717ff 0x7f3f17ff 0x7f3f17ff 0x873f17ff
0x8f4717ff 0x974f17ff 0x974f17ff 0x974f17ff
0x974f17ff 0x974f17ff 0x8f4f17ff 0x874717ff
0x873f0fff 0x874717ff 0x8f4717ff 0x974f17ff
0x9f5717ff 0x975717ff 0x974f17ff 0x974f17ff
0x8f4f17ff 0x8f4f17ff 0x8f4717ff 0x8f4717ff
0x8f4717ff 0x974f17ff 0x974f17ff 0x974f17ff
0x8f4f17ff 0x874717ff 0x873f17ff 0x7f3f17ff
0x7f3f0fff 0x87470fff 0x874717ff 0x874717ff
0x874717ff 0x974f17ff 0xa75f17ff 0xa75f17ff
0xa75f17ff 0xaf6717ff 0xaf6717ff 0xaf6717ff
0xaf6717ff 0xaf6717ff 0xa75f17ff 0xa75f17ff
0xa75f17ff 0xa75f17ff 0x9f5717ff 0x8f4f17ff
0x7f3f0fff 0x6f370fff 0x6f370fff 0x773f0fff
0x7f4717ff 0x87470fff 0x873f0fff 0x7f3f0fff
0x7f470fff 0x87470fff 0x87470fff 0x87470fff
0x87470fff 0x8f4f17ff 0x974f17ff 0x8f4f17ff
0x874717ff 0x773f0fff 0x67370fff 0x672f0fff
0x672f0fff 0x67370fff 0x6f370fff 0x6f3f0fff
0x7f3f0fff 0x87470fff 0x873f0fff 0x7f3f0fff
0x6f2f0fff 0x672f0fff 0x6f370fff 0x7f3f0fff
0x873f0fff 0x873f0fff 0x873f0fff 0x87470fff
0x873f0fff 0x7f3f0fff 0x7f3f0fff 0x7f3f0fff
0x6f370fff 0x672f0fff 0x672f0fff 0x6f370fff
0x773f0fff 0x874717ff 0x8f4f17ff 0x975717ff
0x975717ff 0x8f4f17ff 0x874717ff 0x773f0fff
0x6f370fff 0x672f0fff 0x672f0fff 0x6f370fff
0x7f3f0fff 0x7f3f0fff 0x7f3f0fff 0x873f0fff
0x87470fff 0x873f0fff 0x873f0fff 0x873f0fff
0x7f3f0fff 0x6f370fff 0x672f0fff 0x6f2f0fff
0x7f3f0fff 0x873f0fff 0x87470fff 0x7f3f0fff
0x6f3f0fff 0x6f370fff 0x67370fff 0x672f0fff
0x672f0fff 0x67370fff 0x773f0fff 0x874717ff
0x8f4f17ff 0x974f17ff 0x8f4f17ff 0x87470fff
0x87470fff 0x87470fff 0x87470fff 0x7f470fff
0x7f3f0fff 0x873f0fff 0x87470fff 0x7f4717ff
0x773f0fff 0x6f370fff 0x6f370fff 0x7f3f0fff
0x8f4f17ff 0x9f5717ff 0xa75f17ff 0xa75f17ff
0xa75f17ff 0xa75f17ff 0xaf6717ff 0xaf6717ff
0xaf6717ff 0xaf6717ff 0xaf6717ff 0xa75f17ff
0xa75f17ff 0xa75f17ff 0x974f17ff 0x874717ff
0x874717ff 0x874717ff 0x87470fff 0x7f3f0fff
0x7f3f17ff 0x873f17ff 0x874717ff 0x8f4f17ff
0x974f17ff 0x974f17ff 0x974f17ff 0x8f4717ff
0x8f4717ff 0x8f4717ff 0x8f4f17ff 0x8f4f17ff
0x974f17ff 0x974f17ff 0x975717ff 0x9f5717ff
0x974f17ff 0x8f4717ff 0x874717ff 0x873f0fff
0x874717ff 0x8f4f17ff 0x974f17ff 0x974f17ff
0x974f17ff 0x974f17ff 0x974f17ff 0x8f4717ff
0x873f17ff 0x7f3f17ff 0x7f3f17ff 0x874717ff
0x874717ff 0x7f3f17ff 0x773f17ff 0x874717ff
0x974f17ff 0x974f17ff 0x975717ff 0x974f17ff
0x974f17ff 0x974f17ff 0x8f4717ff 0x874717ff
0x7f3f17ff 0x874717ff 0x8f4f17ff 0x9f4f17ff
0x9f5717ff 0x9f4f17ff 0x974f17ff 0x974f17ff
0x8f4f17ff 0x8f4717ff 0x8f4717ff 0x8f4717ff
0x8f4717ff 0x8f4f17ff 0x974f17ff 0x974f17ff
0x8f4f17ff 0x874717ff 0x7f3f17ff 0x7f3f17ff
0x7f3f0fff 0x873f0fff 0x873f0fff 0x7f3f0fff
0x7f3f0fff 0x8f4717ff 0xa75f17ff 0xa75f17ff
0xa75f17ff 0xa75f17ff 0xaf6717ff 0xaf6717ff
0xaf6717ff 0xaf6717ff 0xa75f17ff 0xa75f17ff
0xa75f17ff 0xa75f17ff 0x9f5717ff 0x8f4f17ff
0x7f3f17ff 0x77370fff 0x6f370fff 0x6f370fff
0x773f0fff 0x7f3f0fff 0x7f3f17ff 0x7f3f17ff
0x7f3f17ff 0x873f17ff 0x87470fff 0x8f470fff
0x8f4717ff 0x8f4f17ff 0x974f17ff 0x8f4f17ff
0x7f4717ff 0x6f3f0fff 0x672f0fff 0x5f2f0fff
0x672f0fff 0x67370fff 0x6f370fff 0x77370fff
0x7f3f0fff 0x874717ff 0x874717ff 0x7f3f17ff
0x773f0fff 0x77370fff 0x773f0fff 0x7f3f0fff
0x873f0fff 0x873f0fff 0x873f0fff 0x873f0fff
0x873f0fff 0x7f3f0fff 0x7f3f0fff 0x773f0fff
0x6f370fff 0x672f0fff 0x672f0fff 0x6f370fff
0x773f0fff 0x874717ff 0x8f4f17ff 0x97571fff
0x97571fff 0x8f4f17ff 0x874717ff 0x773f0fff
0x6f370fff 0x672f0fff 0x672f0fff 0x6f370fff
0x773f0fff 0x7f3f0fff 0x7f3f0fff 0x873f0fff
0x873f0fff 0x873f0fff 0x873f0fff 0x873f0fff
0x7f3f0fff 0x773f0fff 0x77370fff 0x773f0fff
0x7f3f17ff 0x874717ff 0x874717ff 0x7f3f0fff
0x77370fff 0x6f370fff 0x67370fff 0x672f0fff
0x5f2f0fff 0x672f0fff 0x6f3f0fff 0x7f4717ff
0x8f4f17ff 0x974f17ff 0x8f4f17ff 0x8f4717ff
0x8f470fff 0x87470fff 0x873f17ff 0x7f3f17ff
0x7f3f17ff 0x7f3f17ff 0x7f3f0fff 0x773f0fff
0x6f370fff 0x6f370fff 0x77370fff 0x7f3f17ff
0x8f4f17ff 0x9f5717ff 0xa75f17ff 0xa75f17ff
0xa75f17ff 0xa75f17ff 0xaf6717ff 0xaf6717ff
0xaf6717ff 0xaf6717ff 0xa75f17ff 0xa75f17ff
0xa75f17ff 0xa75f17ff 0x8f4717ff 0x7f3f0fff
0x7f3f0fff 0x873f0fff 0x873f0fff 0x7f3f0fff
0x7f3f17ff 0x7f3f17ff 0x874717ff 0x8f4f17ff
0x974f17ff 0x974f17ff 0x8f4f17ff 0x8f4717ff
0x8f4717ff 0x8f4717ff 0x8f4717ff 0x8f4f17ff
0x974f17ff 0x974f17ff 0x9f4f17ff 0x9f5717ff
0x9f4f17ff 0x8f4f17ff 0x874717ff 0x7f3f17ff
0x874717ff 0x8f4717ff 0x974f17ff 0x974f17ff
0x974f17ff 0x975717ff 0x974f17ff 0x974f17ff
0x874717ff 0x773f17ff 0x7f3f17ff 0x874717ff
0x874717ff 0x7f3f17ff 0x7f3f17ff 0x8f4f17ff
0x974f17ff 0x974f17ff 0x975717ff 0x974f17ff
0x974f17ff 0x8f4f17ff 0x8f4717ff 0x873f17ff
0x7f3f17ff 0x874717ff 0x974f17ff 0x9f5717ff
0x9f5717ff 0x9f5717ff 0x975717ff 0x974f17ff
0x974f17ff 0x8f4f17ff 0x8f4717ff 0x8f4717ff
0x8f4717ff 0x974717ff 0x974f17ff 0x8f4f17ff
0x8f4f17ff 0x874717ff 0x7f3f17ff 0x7f3f17ff
0x7f3f0fff 0x873f0fff 0x7f3f0fff 0x7f3f0fff
0x7f3f0fff 0x974f17ff 0xa75f17ff 0xa76717ff
0xa75f17ff 0xa75f17ff 0xaf6717ff 0xaf6f17ff
0xaf6717ff 0xaf6717ff 0xa75f17ff 0xa75f17ff
0xa75f17ff 0xa75717ff 0x9f5717ff 0x8f4717ff
0x7f3f17ff 0x77370fff 0x6f370fff 0x6f370fff
0x6f370fff 0x773f0fff 0x7f3f17ff 0x7f3f17ff
0x7f3f17ff 0x874717ff 0x8f4f17ff 0x8f4f17ff
0x8f4f17ff 0x974f17ff 0x974f17ff 0x8f4f17ff
0x874717ff 0x6f370fff 0x5f2f0fff 0x5f2f0fff
0x5f2f0fff 0x67370fff 0x6f370fff 0x77370fff
0x7f3f0fff 0x874717ff 0x874717ff 0x7f4717ff
0x7f4717ff 0x7f3f0fff 0x7f3f0fff 0x7f3f0fff
0x873f0fff 0x8f3f0fff 0x873f0fff 0x8f470fff
0x873f0fff 0x873f0fff 0x7f3f0fff 0x7f3f0fff
0x67370fff 0x5f2f0fff 0x5f2f0fff 0x67370fff
0x6f3f0fff 0x7f4717ff 0x8f4f17ff 0x8f4f17ff
0x8f4f17ff 0x8f4f17ff 0x7f4717ff 0x6f3f0fff
0x67370fff 0x5f2f0fff 0x5f2f0fff 0x67370fff
0x7f3f0fff 0x7f3f0fff 0x873f0fff 0x873f0fff
0x8f470fff 0x873f0fff 0x8f3f0fff 0x873f0fff
0x7f3f0fff 0x7f3f0fff 0x7f3f0fff 0x7f4717ff
0x7f4717ff 0x874717ff 0x874717ff 0x7f3f0fff
0x77370fff 0x6f370fff 0x67370fff 0x5f2f0fff
0x5f2f0fff 0x5f2f0fff 0x6f370fff 0x874717ff
0x8f4f17ff 0x974f17ff 0x974f17ff 0x8f4f17ff
0x8f4f17ff 0x8f4f17ff 0x874717ff 0x7f3f17ff
0x7f3f17ff 0x7f3f17ff 0x773f0fff 0x6f370fff
0x6f370fff 0x6f370fff 0x77370fff 0x7f3f17ff
0x8f4717ff 0x9f5717ff 0xa75717ff 0xa75f17ff
0xa75f17ff 0xa75f17ff 0xaf6717ff 0xaf6717ff
0xaf6f17ff 0xaf6717ff 0xa75f17ff 0xa75f17ff
0xa76717ff 0xa75f17ff 0x974f17ff 0x7f3f0fff
0x7f3f0fff 0x7f3f0fff 0x873f0fff 0x7f3f0fff
0x7f3f17ff 0x7f3f17ff 0x874717ff 0x8f4f17ff
0x8f4f17ff 0x974f17ff 0x974717ff 0x8f4717ff
0x8f4717ff 0x8f4717ff 0x8f4f17ff 0x974f17ff
0x974f17ff 0x975717ff 0x9f5717ff 0x9f5717ff
0x9f5717ff 0x974f17ff 0x874717ff 0x7f3f17ff
0x873f17ff 0x8f4717ff 0x8f4f17ff 0x974f17ff
0x974f17ff 0x975717ff 0x974f17ff 0x974f17ff
0x8f4f17ff 0x7f3f17ff 0x7f3f17ff 0x874717ff
0x8f4f17ff 0x874717ff 0x874717ff 0x974f17ff
0x974f17ff 0x975717ff 0x974f17ff 0x974f17ff
0x974f17ff 0x8f4f17ff 0x8f4717ff 0x873f17ff
0x7f3f17ff 0x874717ff 0x974f17ff 0x974f17ff
0x9f4f17ff 0x9f5717ff 0x975717ff 0x974f17ff
0x974f17ff 0x974f17ff 0x974f17ff 0x974f17ff
0x974f17ff 0x974f17ff 0x974f17ff 0x974f17ff
0x8f4f17ff 0x874717ff 0x7f3f0fff 0x7f3f0fff
0x873f0fff 0x874717ff 0x7f3f17ff 0x7f3f0fff
0x87470fff 0x975717ff 0xa75f17ff 0xa76717ff
0xa76717ff 0xaf6717ff 0xaf6717ff 0xaf6f17ff
0xaf6717ff 0xa76717ff 0xa75f17ff 0xa75f17ff
0xa75f17ff 0xa75717ff 0x9f5717ff 0x8f4717ff
0x7f3f0fff 0x77370fff 0x6f370fff 0x6f370fff
0x6f370fff 0x77370fff 0x7f3f0fff 0x773f0fff
0x773f17ff 0x7f4717ff 0x874f17ff 0x8f4f17ff
0x8f4f17ff 0x974f17ff 0x974f17ff 0x8f4f17ff
0x874717ff 0x77370fff 0x672f0fff 0x572f0fff
0x5f2f0fff 0x672f0fff 0x6f370fff 0x77370fff
0x7f3f0fff 0x874717ff 0x874717ff 0x7f470fff
0x7f470fff 0x7f4717ff 0x87470fff 0x873f0fff
0x873f0fff 0x8f3f0fff 0x8f470fff 0x8f470fff
0x8f4717ff 0x8f4717ff 0x874717ff 0x7f3f0fff
0x67370fff 0x5f2f0fff 0x5f2f0fff 0x67370fff
0x6f370fff 0x7f3f17ff 0x874717ff 0x8f4f17ff
0x8f4f17ff 0x874717ff 0x7f3f17ff 0x6f370fff
0x67370fff 0x5f2f0fff 0x5f2f0fff 0x67370fff
0x7f3f0fff 0x874717ff 0x8f4717ff 0x8f4717ff
0x8f470fff 0x8f470fff 0x8f3f0fff 0x873f0fff
0x873f0fff 0x87470fff 0x7f4717ff 0x7f470fff
0x7f470fff 0x874717ff 0x874717ff 0x7f3f0fff
0x77370fff 0x6f370fff 0x672f0fff 0x5f2f0fff
0x572f0fff 0x672f0fff 0x77370fff 0x874717ff
0x8f4f17ff 0x974f17ff 0x974f17ff 0x8f4f17ff
0x8f4f17ff 0x874f17ff 0x7f4717ff 0x773f17ff
0x773f0fff 0x7f3f0fff 0x77370fff 0x6f370fff
0x6f370fff 0x6f370fff 0x77370fff 0x7f3f0fff
0x8f4717ff 0x9f5717ff 0xa75717ff 0xa75f17ff
0xa75f17ff 0xa75f17ff 0xa76717ff 0xaf6717ff
0xaf6f17ff 0xaf6717ff 0xaf6717ff 0xa76717ff
0xa76717ff 0xa75f17ff 0x975717ff 0x87470fff
0x7f3f0fff 0x7f3f17ff 0x874717ff 0x873f0fff
0x7f3f0fff 0x7f3f0fff 0x874717ff 0x8f4f17ff
0x974f17ff 0x974f17ff 0x974f17ff 0x974f17ff
0x974f17ff 0x974f17ff 0x974f17ff 0x974f17ff
0x974f17ff 0x975717ff 0x9f5717ff 0x9f4f17ff
0x974f17ff 0x974f17ff 0x874717ff 0x7f3f17ff
0x873f17ff 0x8f4717ff 0x8f4f17ff 0x974f17ff
0x974f17ff 0x974f17ff 0x975717ff 0x974f17ff
0x974f17ff 0x874717ff 0x874717ff 0x8f4f17ff
0x8f4f17ff 0x8f4717ff 0x8f4f17ff 0x974f17ff
0x974f17ff 0x975717ff 0x975717ff 0x9f4f17ff
0x974f17ff 0x974f17ff 0x8f4717ff 0x8f4717ff
0x873f17ff 0x874717ff 0x974717ff 0x974f17ff
0x974f17ff 0x9f5717ff 0x975717ff 0x974f17ff
0x974f17ff 0x974f17ff 0x974f17ff 0x974f17ff
0x974f17ff 0x974f17ff 0x975717ff 0x974f17ff
0x8f4717ff 0x873f17ff 0x7f3f0fff 0x7f3f0fff
0x87470fff 0x8f4717ff 0x874717ff 0x7f3f0fff
0x8f470fff 0x9f5717ff 0xa75f17ff 0xaf6717ff
0xaf6717ff 0xaf6717ff 0xaf6717ff 0xaf6717ff
0xaf6717ff 0xa75f17ff 0x9f5f17ff 0x9f5f17ff
0xa75f17ff 0xa75f17ff 0x9f5717ff 0x8f4717ff
0x773f0fff 0x6f370fff 0x6f370fff 0x67370fff
0x6f370fff 0x773f0fff 0x773f0fff 0x773f0fff
0x77370fff 0x7f3f0fff 0x874717ff 0x8f4717ff
0x8f4f17ff 0x8f4f17ff 0x974f17ff 0x8f4717ff
0x874717ff 0x773f0fff 0x67370fff 0x5f2f0fff
0x5f2f0fff 0x672f0fff 0x67370fff 0x77370fff
0x7f3f0fff 0x874717ff 0x874717ff 0x7f470fff
0x7f470fff 0x87470fff 0x87470fff 0x87470fff
0x87470fff 0x8f470fff 0x8f470fff 0x8f4717ff
0x8f4717ff 0x8f4717ff 0x8f4717ff 0x7f3f0fff
0x6f370fff 0x57370fff 0x5f2f0fff 0x5f2f0fff
0x67370fff 0x773f17ff 0x874717ff 0x8f4717ff
0x8f4717ff 0x874717ff 0x773f17ff 0x67370fff
0x5f2f0fff 0x5f2f0fff 0x57370fff 0x6f370fff
0x7f3f0fff 0x8f4717ff 0x8f4717ff 0x8f4717ff
0x8f4717ff 0x8f470fff 0x8f470fff 0x87470fff
0x87470fff 0x87470fff 0x87470fff 0x7f470fff
0x7f470fff 0x874717ff 0x874717ff 0x7f3f0fff
0x77370fff 0x67370fff 0x672f0fff 0x5f2f0fff
0x5f2f0fff 0x67370fff 0x773f0fff 0x874717ff
0x8f4717ff 0x974f17ff 0x8f4f17ff 0x8f4f17ff
0x8f4717ff 0x874717ff 0x7f3f0fff 0x77370fff
0x773f0fff 0x773f0fff 0x773f0fff 0x6f370fff
0x67370fff 0x6f370fff 0x6f370fff 0x773f0fff
0x8f4717ff 0x9f5717ff 0xa75f17ff 0xa75f17ff
0x9f5f17ff 0x9f5f17ff 0xa75f17ff 0xaf6717ff
0xaf6717ff 0xaf6717ff 0xaf6717ff 0xaf6717ff
0xaf6717ff 0xa75f17ff 0x9f5717ff 0x8f470fff
0x7f3f0fff 0x874717ff 0x8f4717ff 0x87470fff
0x7f3f0fff 0x7f3f0fff 0x873f17ff 0x8f4717ff
0x974f17ff 0x975717ff 0x974f17ff 0x974f17ff
0x974f17ff 0x974f17ff 0x974f17ff 0x974f17ff
0x974f17ff 0x975717ff 0x9f5717ff 0x974f17ff
0x974f17ff 0x974717ff 0x874717ff 0x873f17ff
0x8f4717ff 0x8f4717ff 0x974f17ff 0x974f17ff
0x9f4f17ff 0x975717ff 0x975717ff 0x974f17ff
0x974f17ff 0x8f4f17ff 0x8f4717ff 0x8f4f17ff
0x974f17ff 0x974f17ff 0x974f17ff 0x974f17ff
0x974f17ff 0x975717ff 0x9f4f17ff 0x9f4f17ff
0x974f17ff 0x974f17ff 0x974f17ff 0x8f4717ff
0x874717ff 0x874717ff 0x974f17ff 0x974f17ff
0x974f17ff 0x9f5717ff 0x9f5717ff 0x974f17ff
0x974f17ff 0x974f17ff 0x974f17ff 0x975717ff
0x974f17ff 0x974f17ff 0x974f17ff 0x974f17ff
0x8f4717ff 0x873f17ff 0x773f0fff 0x773f0fff
0x874717ff 0x8f4717ff 0x8f4717ff 0x874717ff
0x8f4f17ff 0x9f5717ff 0xaf6717ff 0xaf6717ff
0xaf6717ff 0xaf6717ff 0xa76717ff 0xaf671fff
0xa76717ff 0xa75f17ff 0x9f5717ff 0x9f5717ff
0xa75f17ff 0xa75717ff 0x9f5717ff 0x8f4717ff
0x7f3f0fff 0x6f370fff 0x672f0fff 0x672f0fff
0x6f370fff 0x773f0fff 0x773f0fff 0x77370fff
0x6f370fff 0x7f3f0fff 0x87470fff 0x8f470fff
0x8f4717ff 0x8f4f17ff 0x8f4f17ff 0x8f4717ff
0x87470fff 0x773f0fff 0x67370fff 0x5f2f0fff
0x5f2f0fff 0x5f370fff 0x67370fff 0x6f370fff
0x7f3f0fff 0x874717ff 0x874717ff 0x87470fff
0x87470fff 0x874717ff 0x8f4717ff 0x8f4717ff
0x87470fff 0x8f4717ff 0x8f4f17ff 0x8f4717ff
0x8f4717ff 0x8f4f17ff 0x8f4717ff 0x7f3f0fff
0x67370fff 0x572f0fff 0x572f0fff 0x572f0fff
0x5f370fff 0x6f3f17ff 0x874717ff 0x8f4717ff
0x8f4717ff 0x874717ff 0x6f3f17ff 0x5f370fff
0x572f0fff 0x572f0fff 0x572f0fff 0x67370fff
0x7f3f0fff 0x8f4717ff 0x8f4f17ff 0x8f4717ff
0x8f4717ff 0x8f4f17ff 0x8f4717ff 0x87470fff
0x8f4717ff 0x8f4717ff 0x874717ff 0x87470fff
0x87470fff 0x874717ff 0x874717ff 0x7f3f0fff
0x6f370fff 0x67370fff 0x5f370fff 0x5f2f0fff
0x5f2f0fff 0x67370fff 0x773f0fff 0x87470fff
0x8f4717ff 0x8f4f17ff 0x8f4f17ff 0x8f4717ff
0x8f470fff 0x87470fff 0x7f3f0fff 0x6f370fff
0x77370fff 0x773f0fff 0x773f0fff 0x6f370fff
0x672f0fff 0x672f0fff 0x6f370fff 0x7f3f0fff
0x8f4717ff 0x9f5717ff 0xa75717ff 0xa75f17ff
0x9f5717ff 0x9f5717ff 0xa75f17ff 0xa76717ff
0xaf671fff 0xa76717ff 0xaf6717ff 0xaf6717ff
0xaf6717ff 0xaf6717ff 0x9f5717ff 0x8f4f17ff
0x874717ff 0x8f4717ff 0x8f4717ff 0x874717ff
0x773f0fff 0x773f0fff 0x873f17ff 0x8f4717ff
0x974f17ff 0x974f17ff 0x974f17ff 0x974f17ff
0x975717ff 0x974f17ff 0x974f17ff 0x974f17ff
0x974f17ff 0x9f5717ff 0x9f5717ff 0x974f17ff
0x974f17ff 0x974f17ff 0x874717ff 0x874717ff
0x8f4717ff 0x974f17ff 0x974f17ff 0x974f17ff
0x9f4f17ff 0x9f4f17ff 0x975717ff 0x974f17ff
0x974f17ff 0x974f17ff 0x974f17ff 0x974f17ff
0x974f17ff 0x974f17ff 0x974f17ff 0x974f17ff
0x974f17ff 0x974f17ff 0x9f4f17ff 0x9f4f17ff
0x974f17ff 0x974f17ff 0x974f17ff 0x8f4717ff
0x874717ff 0x874717ff 0x8f4717ff 0x974f17ff
0x974f17ff 0x9f5717ff 0x9f5717ff 0x974f17ff
0x974f17ff 0x974f17ff 0x974f17ff 0x975717ff
0x975717ff 0x974f17ff 0x974f17ff 0x974f17ff
0x8f4f17ff 0x874717ff 0x6f370fff 0x6f370fff
0x7f4717ff 0x974f17ff 0x8f4f17ff 0x8f4717ff
0x975717ff 0xa75f17ff 0xaf6717ff 0xaf6717ff
0xaf6717ff 0xaf6717ff 0xaf6717ff 0xaf671fff
0xa75f17ff 0xa75f17ff 0x975717ff 0x975717ff
0x9f5717ff 0x9f5717ff 0x9f5717ff 0x8f4717ff
0x7f3f17ff 0x6f370fff 0x672f0fff 0x672f0fff
0x6f370fff 0x773f0fff 0x77370fff 0x6f370fff
0x77370fff 0x7f3f0fff 0x87470fff 0x8f4717ff
0x8f4717ff 0x8f4f17ff 0x974f17ff 0x8f4717ff
0x874717ff 0x773f0fff 0x67370fff 0x5f2f0fff
0x5f2f0fff 0x5f2f0fff 0x67370fff 0x773f0fff
0x7f3f0fff 0x7f3f17ff 0x874717ff 0x874717ff
0x874717ff 0x8f4717ff 0x8f4717ff 0x8f4717ff
0x8f470fff 0x8f4717ff 0x8f4f17ff 0x8f4717ff
0x874717ff 0x874717ff 0x874717ff 0x7f3f0fff
0x6f370fff 0x572f0fff 0x4f270fff 0x47270fff
0x5f2f0fff 0x6f370fff 0x874717ff 0x8f4f17ff
0x8f4f17ff 0x874717ff 0x6f370fff 0x5f2f0fff
0x47270fff 0x4f270fff 0x572f0fff 0x6f370fff
0x7f3f0fff 0x874717ff 0x874717ff 0x874717ff
0x8f4717ff 0x8f4f17ff 0x8f4717ff 0x8f470fff
0x8f4717ff 0x8f4717ff 0x8f4717ff 0x874717ff
0x874717ff 0x874717ff 0x7f3f17ff 0x7f3f0fff
0x773f0fff 0x67370fff 0x5f2f0fff 0x5f2f0fff
0x5f2f0fff 0x67370fff 0x773f0fff 0x874717ff
0x8f4717ff 0x974f17ff 0x8f4f17ff 0x8f4717ff
0x8f4717ff 0x87470fff 0x7f3f0fff 0x77370fff
0x6f370fff 0x77370fff 0x773f0fff 0x6f370fff
0x672f0fff 0x672f0fff 0x6f370fff 0x7f3f17ff
0x8f4717ff 0x9f5717ff 0x9f5717ff 0x9f5717ff
0x975717ff 0x975717ff 0xa75f17ff 0xa75f17ff
0xaf671fff 0xaf6717ff 0xaf6717ff 0xaf6717ff
0xaf6717ff 0xaf6717ff 0xa75f17ff 0x975717ff
0x8f4717ff 0x8f4f17ff 0x974f17ff 0x7f4717ff
0x6f370fff 0x6f370fff 0x874717ff 0x8f4f17ff
0x974f17ff 0x974f17ff 0x974f17ff 0x975717ff
0x975717ff 0x974f17ff 0x974f17ff 0x974f17ff
0x974f17ff 0x9f5717ff 0x9f5717ff 0x974f17ff
0x974f17ff 0x8f4717ff 0x874717ff 0x874717ff
0x8f4717ff 0x974f17ff 0x974f17ff 0x974f17ff
0x9f4f17ff 0x9f4f17ff 0x974f17ff 0x974f17ff
0x974f17ff 0x974f17ff 0x974f17ff 0x974f17ff
0x9f5717ff 0x975717ff 0x974f17ff 0x974f17ff
0x974f17ff 0x974f17ff 0x9f4f17ff 0x9f4f17ff
0x974f17ff 0x974f17ff 0x974f17ff 0x8f4717ff
0x7f3f17ff 0x7f3f17ff 0x8f4f17ff 0x974f17ff
0x9f5717ff 0x9f5717ff 0x9f5717ff 0x975717ff
0x974f17ff 0x974f17ff 0x974f17ff 0x974f17ff
0x975717ff 0x975717ff 0x975717ff 0x974f17ff
0x8f4f17ff 0x874717ff 0x773f17ff 0x773f0fff
0x874717ff 0x974f17ff 0x974f17ff 0x974f17ff
0x9f5717ff 0xa76717ff 0xaf6717ff 0xaf6717ff
0xaf6717ff 0xaf6717ff 0xaf6717ff 0xaf671fff
0xa75f17ff 0x9f5f17ff 0x975717ff 0x974f17ff
0x9f5717ff 0x9f5717ff 0x9f5717ff 0x8f4717ff
0x773717ff 0x5f2f0fff 0x5f2f0fff 0x672f0fff
0x6f370fff 0x773f0fff 0x6f370fff 0x6f370fff
0x6f370fff 0x7f3f0fff 0x874717ff 0x8f4717ff
0x8f4717ff 0x974f17ff 0x974f17ff 0x8f4f17ff
0x874717ff 0x773f0fff 0x67370fff 0x5f2f0fff
0x5f2f0fff 0x5f2f0fff 0x6f370fff 0x773f0fff
0x773f0fff 0x7f3f0fff 0x7f4717ff 0x874717ff
0x8f4717ff 0x8f4717ff 0x8f470fff 0x8f470fff
0x8f470fff 0x8f470fff 0x8f4f17ff 0x8f4717ff
0x873f17ff 0x7f3f17ff 0x874717ff 0x7f3f0fff
0x6f370fff 0x5f2f0fff 0x4f270fff 0x47270fff
0x572f0fff 0x6f3f17ff 0x874717ff 0x974f17ff
0x974f17ff 0x874717ff 0x6f3f17ff 0x572f0fff
0x47270fff 0x4f270fff 0x5f2f0fff 0x6f370fff
0x7f3f0fff 0x874717ff 0x7f3f17ff 0x873f17ff
0x8f4717ff 0x8f4f17ff 0x8f470fff 0x8f470fff
0x8f470fff 0x8f470fff 0x8f4717ff 0x8f4717ff
0x874717ff 0x7f4717ff 0x7f3f0fff 0x773f0fff
0x773f0fff 0x6f370fff 0x5f2f0fff 0x5f2f0fff
0x5f2f0fff 0x67370fff 0x773f0fff 0x874717ff
0x8f4f17ff 0x974f17ff 0x974f17ff 0x8f4717ff
0x8f4717ff 0x874717ff 0x7f3f0fff 0x6f370fff
0x6f370fff 0x6f370fff 0x773f0fff 0x6f370fff
0x672f0fff 0x5f2f0fff 0x5f2f0fff 0x773717ff
0x8f4717ff 0x9f5717ff 0x9f5717ff 0x9f5717ff
0x974f17ff 0x975717ff 0x9f5f17ff 0xa75f17ff
0xaf671fff 0xaf6717ff 0xaf6717ff 0xaf6717ff
0xaf6717ff 0xaf6717ff 0xa76717ff 0x9f5717ff
0x974f17ff 0x974f17ff 0x974f17ff 0x874717ff
0x773f0fff 0x773f17ff 0x874717ff 0x8f4f17ff
0x974f17ff 0x975717ff 0x975717ff 0x975717ff
0x974f17ff 0x974f17ff 0x974f17ff 0x974f17ff
0x975717ff 0x9f5717ff 0x9f5717ff 0x9f5717ff
0x974f17ff 0x8f4f17ff 0x7f3f17ff 0x7f3f17ff
0x8f4717ff 0x974f17ff 0x974f17ff 0x974f17ff
0x9f4f17ff 0x9f4f17ff 0x974f17ff 0x974f17ff
0x974f17ff 0x974f17ff 0x975717ff 0x9f5717ff
0x9f4f17ff 0x9f4f17ff 0x974f17ff 0x974f17ff
0x8f4f17ff 0x974f17ff 0x9f4f17ff 0x9f4f17ff
0x974f17ff 0x974f17ff 0x974f17ff 0x8f4717ff
0x873f17ff 0x873f17ff 0x8f4717ff 0x974f17ff
0x974f17ff 0x975717ff 0x975717ff 0x974f17ff
0x975717ff 0x974f17ff 0x974f17ff 0x974f17ff
0x974f17ff 0x974f17ff 0x975717ff 0x974f17ff
0x874f17ff 0x7f4717ff 0x773f17ff 0x7f3f17ff
0x8f4717ff 0x974f17ff 0x974f17ff 0x975717ff
0x9f5f17ff 0xa76717ff 0xaf6717ff 0xaf6717ff
0xaf6717ff 0xaf6717ff 0xaf671fff 0xaf671fff
0xa75f17ff 0x9f5717ff 0x974f17ff 0x974f17ff
0x9f5717ff 0x9f5717ff 0x9f5717ff 0x8f4f17ff
0x773f17ff 0x572f0fff 0x5f2f0fff 0x672f0fff
0x6f370fff 0x6f370fff 0x6f370fff 0x67370fff
0x67370fff 0x773f0fff 0x874717ff 0x8f4f17ff
0x8f4f17ff 0x974f17ff 0x974f17ff 0x8f4f17ff
0x874717ff 0x773f0fff 0x672f0fff 0x5f2f0fff
0x572f0fff 0x5f2f0fff 0x6f370fff 0x773f0fff
0x7f3f0fff 0x7f3f0fff 0x7f4717ff 0x874717ff
0x874717ff 0x8f470fff 0x8f470fff 0x8f470fff
0x8f470fff 0x8f4717ff 0x8f4f17ff 0x8f4717ff
0x873f17ff 0x7f3f0fff 0x874717ff 0x7f3f0fff
0x6f370fff 0x5f2f0fff 0x4f270fff 0x47270fff
0x5f2f0fff 0x6f3f17ff 0x874717ff 0x974f17ff
0x974f17ff 0x874717ff 0x6f3f17ff 0x5f2f0fff
0x47270fff 0x4f270fff 0x5f2f0fff 0x6f370fff
0x7f3f0fff 0x874717ff 0x7f3f0fff 0x873f17ff
0x8f4717ff 0x8f4f17ff 0x8f4717ff 0x8f470fff
0x8f470fff 0x8f470fff 0x8f470fff 0x874717ff
0x874717ff 0x7f4717ff 0x7f3f0fff 0x7f3f0fff
0x773f0fff 0x6f370fff 0x5f2f0fff 0x572f0fff
0x5f2f0fff 0x672f0fff 0x773f0fff 0x874717ff
0x8f4f17ff 0x974f17ff 0x974f17ff 0x8f4f17ff
0x8f4f17ff 0x874717ff 0x773f0fff 0x67370fff
0x67370fff 0x6f370fff 0x6f370fff 0x6f370fff
0x672f0fff 0x5f2f0fff 0x572f0fff 0x773f17ff
0x8f4f17ff 0x9f5717ff 0x9f5717ff 0x9f5717ff
0x974f17ff 0x974f17ff 0x9f5717ff 0xa75f17ff
0xaf671fff 0xaf671fff 0xaf6717ff 0xaf6717ff
0xaf6717ff 0xaf6717ff 0xa76717ff 0x9f5f17ff
0x975717ff 0x974f17ff 0x974f17ff 0x8f4717ff
0x7f3f17ff 0x773f17ff 0x7f4717ff 0x874f17ff
0x974f17ff 0x975717ff 0x974f17ff 0x974f17ff
0x974f17ff 0x974f17ff 0x974f17ff 0x975717ff
0x974f17ff 0x975717ff 0x975717ff 0x974f17ff
0x974f17ff 0x8f4717ff 0x873f17ff 0x873f17ff
0x8f4717ff 0x974f17ff 0x974f17ff 0x974f17ff
0x9f4f17ff 0x9f4f17ff 0x974f17ff 0x8f4f17ff
0x974f17ff 0x974f17ff 0x9f4f17ff 0x9f4f17ff
0x974f17ff 0x974f17ff 0x974f17ff 0x8f4717ff
0x8f4717ff 0x974f17ff 0x9f5717ff 0x9f4f17ff
0x974f17ff 0x974f17ff 0x974f17ff 0x8f4717ff
0x874717ff 0x873f17ff 0x8f4717ff 0x974f17ff
0x974f17ff 0x974f17ff 0x974f17ff 0x974f17ff
0x974f17ff 0x974f17ff 0x974f17ff 0x974f17ff
0x974f17ff 0x974f17ff 0x974f17ff 0x8f4f17ff
0x7f4717ff 0x773f0fff 0x773f0fff 0x874717ff
0x8f4f17ff 0x974f17ff 0x9f4f17ff 0x9f5717ff
0xa75f17ff 0xaf6717ff 0xaf6717ff 0xaf6717ff
0xaf6717ff 0xaf6717ff 0xaf671fff 0xaf671fff
0xa75f1fff 0x9f5717ff 0x974f17ff 0x8f4f17ff
0x9f5717ff 0x9f5717ff 0x9f5717ff 0x8f4f17ff
0x7f3f17ff 0x5f370fff 0x5f2f0fff 0x672f0fff
0x672f0fff 0x6f370fff 0x67370fff 0x672f0fff
0x67370fff 0x7f3f0fff 0x874717ff 0x8f4f17ff
0x8f4f17ff 0x974f17ff 0x974f17ff 0x8f4f17ff
0x874717ff 0x773f0fff 0x672f0fff 0x5f2f0fff
0x5f2f0fff 0x67370fff 0x773f0fff 0x7f3f0fff
0x7f3f0fff 0x873f17ff 0x874717ff 0x7f4717ff
0x87470fff 0x87470fff 0x8f470fff 0x8f470fff
0x8f4717ff 0x8f4717ff 0x8f4717ff 0x8f4717ff
0x873f17ff 0x7f3f0fff 0x7f3f17ff 0x7f3f0fff
0x672f0fff 0x57270fff 0x4f270fff 0x4f270fff
0x672f0fff 0x773f17ff 0x874717ff 0x974f17ff
0x974f17ff 0x874717ff 0x773f17ff 0x672f0fff
0x4f270fff 0x4f270fff 0x57270fff 0x672f0fff
0x7f3f0fff 0x7f3f17ff 0x7f3f0fff 0x873f17ff
0x8f4717ff 0x8f4717ff 0x8f4717ff 0x8f4717ff
0x8f470fff 0x8f470fff 0x87470fff 0x87470fff
0x7f4717ff 0x874717ff 0x873f17ff 0x7f3f0fff
0x7f3f0fff 0x773f0fff 0x67370fff 0x5f2f0fff
0x5f2f0fff 0x672f0fff 0x773f0fff 0x874717ff
0x8f4f17ff 0x974f17ff 0x974f17ff 0x8f4f17ff
0x8f4f17ff 0x874717ff 0x7f3f0fff 0x67370fff
0x672f0fff 0x67370fff 0x6f370fff 0x672f0fff
0x672f0fff 0x5f2f0fff 0x5f370fff 0x7f3f17ff
0x8f4f17ff 0x9f5717ff 0x9f5717ff 0x9f5717ff
0x8f4f17ff 0x974f17ff 0x9f5717ff 0xa75f1fff
0xaf671fff 0xaf671fff 0xaf6717ff 0xaf6717ff
0xaf6717ff 0xaf6717ff 0xaf6717ff 0xa75f17ff
0x9f5717ff 0x9f4f17ff 0x974f17ff 0x8f4f17ff
0x874717ff 0x773f0fff 0x773f0fff 0x7f4717ff
0x8f4f17ff 0x974f17ff 0x974f17ff 0x974f17ff
0x974f17ff 0x974f17ff 0x974f17ff 0x974f17ff
0x974f17ff 0x974f17ff 0x974f17ff 0x974f17ff
0x974f17ff 0x8f4717ff 0x873f17ff 0x874717ff
0x8f4717ff 0x974f17ff 0x974f17ff 0x974f17ff
0x9f4f17ff 0x9f5717ff 0x974f17ff 0x8f4717ff
0x8f4717ff 0x974f17ff 0x974f17ff 0x974f17ff
0x974f17ff 0x974f17ff 0x974f17ff 0x8f4717ff
0x874717ff 0x8f4f17ff 0x974f17ff 0x974f17ff
0x974f17ff 0x974f17ff 0x974f17ff 0x8f4717ff
0x874717ff 0x874717ff 0x974f17ff 0x974f17ff
0x974f17ff 0x974f17ff 0x974f17ff 0x974f17ff
0x974f17ff 0x975717ff 0x974f17ff 0x974f17ff
0x974f17ff 0x974f17ff 0x8f4f17ff 0x8f4717ff
0x7f3f0fff 0x67370fff 0x6f370fff 0x7f3f17ff
0x8f4f17ff 0x9f4f17ff 0x9f5717ff 0x9f5717ff
0xa75f17ff 0xaf6717ff 0xaf6717ff 0xaf6717ff
0xaf6717ff 0xaf671fff 0xaf671fff 0xaf671fff
0xaf671fff 0x9f5f17ff 0x974f17ff 0x8f4f17ff
0x9f5717ff 0x9f5717ff 0x9f5717ff 0x8f4f17ff
0x773f17ff 0x5f2f0fff 0x5f2f0fff 0x5f2f0fff
0x672f0fff 0x67370fff 0x672f0fff 0x672f0fff
0x6f370fff 0x7f3f0fff 0x874717ff 0x8f4f17ff
0x8f4f17ff 0x8f4f17ff 0x974f17ff 0x8f4f17ff
0x874717ff 0x7f3f0fff 0x6f370fff 0x5f2f0fff
0x5f370fff 0x6f3f0fff 0x7f470fff 0x87470fff
0x87470fff 0x874717ff 0x874717ff 0x874717ff
0x87470fff 0x8f470fff 0x8f4f17ff 0x8f4f17ff
0x8f4f17ff 0x8f4717ff 0x8f4717ff 0x8f4717ff
0x874717ff 0x873f17ff 0x873f17ff 0x773717ff
0x5f2f0fff 0x57270fff 0x4f270fff 0x4f270fff
0x67370fff 0x7f3f17ff 0x874717ff 0x8f4f17ff
0x8f4f17ff 0x874717ff 0x7f3f17ff 0x67370fff
0x4f270fff 0x4f270fff 0x57270fff 0x5f2f0fff
0x773717ff 0x873f17ff 0x873f17ff 0x874717ff
0x8f4717ff 0x8f4717ff 0x8f4717ff 0x8f4f17ff
0x8f4f17ff 0x8f4f17ff 0x8f470fff 0x87470fff
0x874717ff 0x874717ff 0x874717ff 0x87470fff
0x87470fff 0x7f470fff 0x6f3f0fff 0x5f370fff
0x5f2f0fff 0x6f370fff 0x7f3f0fff 0x874717ff
0x8f4f17ff 0x974f17ff 0x8f4f17ff 0x8f4f17ff
0x8f4f17ff 0x874717ff 0x7f3f0fff 0x6f370fff
0x672f0fff 0x672f0fff 0x67370fff 0x672f0fff
0x5f2f0fff 0x5f2f0fff 0x5f2f0fff 0x773f17ff
0x8f4f17ff 0x9f5717ff 0x9f5717ff 0x9f5717ff
0x8f4f17ff 0x974f17ff 0x9f5f17ff 0xaf671fff
0xaf671fff 0xaf671fff 0xaf671fff 0xaf6717ff
0xaf6717ff 0xaf6717ff 0xaf6717ff 0xa75f17ff
0x9f5717ff 0x9f5717ff 0x9f4f17ff 0x8f4f17ff
0x7f3f17ff 0x6f370fff 0x67370fff 0x7f3f0fff
0x8f4717ff 0x8f4f17ff 0x974f17ff 0x974f17ff
0x974f17ff 0x974f17ff 0x975717ff 0x974f17ff
0x974f17ff 0x974f17ff 0x974f17ff 0x974f17ff
0x974f17ff 0x974f17ff 0x874717ff 0x874717ff
0x8f4717ff 0x974f17ff 0x974f17ff 0x974f17ff
0x974f17ff 0x974f17ff 0x8f4f17ff 0x874717ff
0x8f4717ff 0x974f17ff 0x974f17ff 0x974f17ff
0x974f1fff 0x974f17ff 0x974f17ff 0x874717ff
0x7f3f17ff 0x8f4717ff 0x974f17ff 0x975717ff
0x9f5717ff 0x974f17ff 0x974f17ff 0x8f4f17ff
0x874717ff 0x8f4717ff 0x974f17ff 0x9f5717ff
0x975717ff 0x974f17ff 0x975717ff 0x975717ff
0x975717ff 0x974f17ff 0x974f17ff 0x974f17ff
0x974f17ff 0x974f17ff 0x8f4f17ff 0x8f4717ff
0x7f3f17ff 0x67370fff 0x6f370fff 0x7f3f17ff
0x8f4717ff 0x9f5717ff 0x9f571fff 0xa75f1fff
0xa75f1fff 0xaf671fff 0xb76f1fff 0xb76f1fff
0xb7671fff 0xaf671fff 0xaf671fff 0xaf671fff
0xaf671fff 0x9f5f17ff 0x974f17ff 0x8f4f17ff
0x974f17ff 0x9f5717ff 0x9f4f17ff 0x8f4f17ff
0x773f17ff 0x572f0fff 0x572f0fff 0x5f2f0fff
0x672f0fff 0x6f370fff 0x67370fff 0x672f0fff
0x6f370fff 0x7f3f0fff 0x874717ff 0x8f4f17ff
0x8f4f17ff 0x974f17ff 0x974f17ff 0x8f4717ff
0x87470fff 0x7f3f0fff 0x6f370fff 0x672f0fff
0x672f0fff 0x6f370fff 0x7f3f0fff 0x87470fff
0x87470fff 0x87470fff 0x87470fff 0x874717ff
0x8f4717ff 0x8f4f17ff 0x974f17ff 0x974f17ff
0x8f4f17ff 0x8f4717ff 0x8f4717ff 0x8f4717ff
0x8f4717ff 0x874717ff 0x873f17ff 0x6f370fff
0x5f2f0fff 0x572f0fff 0x572f0fff 0x572f0fff
0x6f3f0fff 0x7f4717ff 0x874717ff 0x8f4f17ff
0x8f4f17ff 0x874717ff 0x7f4717ff 0x6f3f0fff
0x572f0fff 0x572f0fff 0x572f0fff 0x5f2f0fff
0x6f370fff 0x873f17ff 0x874717ff 0x8f4717ff
0x8f4717ff 0x8f4717ff 0x8f4717ff 0x8f4f17ff
0x974f17ff 0x974f17ff 0x8f4f17ff 0x8f4717ff
0x874717ff 0x87470fff 0x87470fff 0x87470fff
0x87470fff 0x7f3f0fff 0x6f370fff 0x672f0fff
0x672f0fff 0x6f370fff 0x7f3f0fff 0x87470fff
0x8f4717ff 0x974f17ff 0x974f17ff 0x8f4f17ff
0x8f4f17ff 0x874717ff 0x7f3f0fff 0x6f370fff
0x672f0fff 0x67370fff 0x6f370fff 0x672f0fff
0x5f2f0fff 0x572f0fff 0x572f0fff 0x773f17ff
0x8f4f17ff 0x9f4f17ff 0x9f5717ff 0x974f17ff
0x8f4f17ff 0x974f17ff 0x9f5f17ff 0xaf671fff
0xaf671fff 0xaf671fff 0xaf671fff 0xb7671fff
0xb76f1fff 0xb76f1fff 0xaf671fff 0xa75f1fff
0xa75f1fff 0x9f571fff 0x9f5717ff 0x8f4717ff
0x7f3f17ff 0x6f370fff 0x67370fff 0x7f3f17ff
0x8f4717ff 0x8f4f17ff 0x974f17ff 0x974f17ff
0x974f17ff 0x974f17ff 0x974f17ff 0x975717ff
0x975717ff 0x975717ff 0x974f17ff 0x975717ff
0x9f5717ff 0x974f17ff 0x8f4717ff 0x874717ff
0x8f4f17ff 0x974f17ff 0x974f17ff 0x9f5717ff
0x975717ff 0x974f17ff 0x8f4717ff 0x7f3f17ff
0x874717ff 0x974f17ff 0x974f17ff 0x974f1fff
0x974f1fff 0x975717ff 0x975717ff 0x874717ff
0x874717ff 0x8f4f17ff 0x975717ff 0x9f5717ff
0x9f5717ff 0x974f17ff 0x974f17ff 0x974f17ff
0x8f4717ff 0x8f4717ff 0x974f17ff 0x9f4f17ff
0x9f5717ff 0x974f17ff 0x975717ff 0x975717ff
0x9f5717ff 0x974f17ff 0x974f17ff 0x974f17ff
0x8f4f17ff 0x974f17ff 0x974f17ff 0x8f4f17ff
0x773f17ff 0x67370fff 0x6f370fff 0x7f3f17ff
0x974717ff 0x9f4f17ff 0x9f5717ff 0xa7571fff
0xa75f1fff 0xaf671fff 0xb76f1fff 0xb76f1fff
0xb76f1fff 0xb7671fff 0xaf671fff 0xaf671fff
0xaf6717ff 0xa75f17ff 0x8f4f17ff 0x874f17ff
0x975717ff 0x9f5717ff 0x9f4f17ff 0x974f17ff
0x7f3f17ff 0x5f2f0fff 0x572f0fff 0x5f2f0fff
0x672f0fff 0x6f370fff 0x67370fff 0x67370fff
0x6f370fff 0x7f3f17ff 0x874717ff 0x874f17ff
0x8f4f17ff 0x974f17ff 0x974f17ff 0x8f4717ff
0x8f4717ff 0x7f3f0fff 0x6f370fff 0x672f0fff
0x67370fff 0x6f370fff 0x7f3f0fff 0x7f3f0fff
0x873f0fff 0x87470fff 0x87470fff 0x8f4717ff
0x8f4f17ff 0x974f17ff 0x974f17ff 0x974f17ff
0x8f4f17ff 0x8f4717ff 0x8f4717ff 0x8f4717ff
0x8f4f17ff 0x8f4717ff 0x874717ff 0x6f370fff
0x5f2f0fff 0x5f2f0fff 0x5f2f0fff 0x67370fff
0x773f17ff 0x874717ff 0x8f4717ff 0x8f4f1fff
0x8f4f1fff 0x8f4717ff 0x874717ff 0x773f17ff
0x67370fff 0x5f2f0fff 0x5f2f0fff 0x5f2f0fff
0x6f370fff 0x874717ff 0x8f4717ff 0x8f4f17ff
0x8f4717ff 0x8f4717ff 0x8f4717ff 0x8f4f17ff
0x974f17ff 0x974f17ff 0x974f17ff 0x8f4f17ff
0x8f4717ff 0x87470fff 0x87470fff 0x873f0fff
0x7f3f0fff 0x7f3f0fff 0x6f370fff 0x67370fff
0x672f0fff 0x6f370fff 0x7f3f0fff 0x8f4717ff
0x8f4717ff 0x974f17ff 0x974f17ff 0x8f4f17ff
0x874f17ff 0x874717ff 0x7f3f17ff 0x6f370fff
0x67370fff 0x67370fff 0x6f370fff 0x672f0fff
0x5f2f0fff 0x572f0fff 0x5f2f0fff 0x7f3f17ff
0x974f17ff 0x9f4f17ff 0x9f5717ff 0x975717ff
0x874f17ff 0x8f4f17ff 0xa75f17ff 0xaf6717ff
0xaf671fff 0xaf671fff 0xb7671fff 0xb76f1fff
0xb76f1fff 0xb76f1fff 0xaf671fff 0xa75f1fff
0xa7571fff 0x9f5717ff 0x9f4f17ff 0x974717ff
0x7f3f17ff 0x6f370fff 0x67370fff 0x773f17ff
0x8f4f17ff 0x974f17ff 0x974f17ff 0x8f4f17ff
0x974f17ff 0x974f17ff 0x974f17ff 0x9f5717ff
0x975717ff 0x975717ff 0x974f17ff 0x9f5717ff
0x9f4f17ff 0x974f17ff 0x8f4717ff 0x8f4717ff
0x974f17ff 0x974f17ff 0x974f17ff 0x9f5717ff
0x9f5717ff 0x975717ff 0x8f4f17ff 0x874717ff
0x874717ff 0x975717ff 0x975717ff 0x974f1fff
0x974f17ff 0x974f17ff 0x8f4f17ff 0x874717ff
0x874717ff 0x8f4f17ff 0x974f17ff 0x975717ff
0x9f5717ff 0x974f17ff 0x974f17ff 0x974f17ff
0x974f17ff 0x974717ff 0x9f4f17ff 0x9f4f17ff
0x9f5717ff 0x975717ff 0x974f17ff 0x974f17ff
0x975717ff 0x9f5717ff 0x974f17ff 0x974f17ff
0x8f4f17ff 0x974f17ff 0x974f17ff 0x874717ff
0x6f3717ff 0x673717ff 0x6f370fff 0x7f3f17ff
0x974717ff 0x9f4f17ff 0xa75717ff 0xa7571fff
0xa7571fff 0xaf671fff 0xb76f1fff 0xb76f1fff
0xb76f1fff 0xb7671fff 0xaf671fff 0xaf671fff
0xaf671fff 0xa75f17ff 0x8f4f17ff 0x874f17ff
0x975717ff 0x9f5717ff 0x9f4f17ff 0x8f4717ff
0x7f370fff 0x5f2f0fff 0x5f2f0fff 0x672f0fff
0x6f370fff 0x6f370fff 0x672f0fff 0x672f0fff
0x6f370fff 0x773f0fff 0x874717ff 0x8f4f17ff
0x8f4f17ff 0x974f17ff 0x974f17ff 0x8f4f17ff
0x8f4717ff 0x7f3f0fff 0x77370fff 0x67370fff
0x67370fff 0x6f370fff 0x773f0fff 0x7f3f0fff
0x874717ff 0x874717ff 0x8f4717ff 0x8f4f17ff
0x8f4f17ff 0x974f17ff 0x974f17ff 0x8f4f17ff
0x8f4f17ff 0x8f4717ff 0x8f4717ff 0x8f4717ff
0x8f4717ff 0x8f4717ff 0x873f17ff 0x6f370fff
0x5f2f0fff 0x672f0fff 0x67370fff 0x6f3f17ff
0x7f3f17ff 0x874717ff 0x8f4f17ff 0x8f4f1fff
0x8f4f1fff 0x8f4f17ff 0x874717ff 0x7f3f17ff
0x6f3f17ff 0x67370fff 0x672f0fff 0x5f2f0fff
0x6f370fff 0x873f17ff 0x8f4717ff 0x8f4717ff
0x8f4717ff 0x8f4717ff 0x8f4717ff 0x8f4f17ff
0x8f4f17ff 0x974f17ff 0x974f17ff 0x8f4f17ff
0x8f4f17ff 0x8f4717ff 0x874717ff 0x874717ff
0x7f3f0fff 0x773f0fff 0x6f370fff 0x67370fff
0x67370fff 0x77370fff 0x7f3f0fff 0x8f4717ff
0x8f4f17ff 0x974f17ff 0x974f17ff 0x8f4f17ff
0x8f4f17ff 0x874717ff 0x773f0fff 0x6f370fff
0x672f0fff 0x672f0fff 0x6f370fff 0x6f370fff
0x672f0fff 0x5f2f0fff 0x5f2f0fff 0x7f370fff
0x8f4717ff 0x9f4f17ff 0x9f5717ff 0x975717ff
0x874f17ff 0x8f4f17ff 0xa75f17ff 0xaf671fff
0xaf671fff 0xaf671fff 0xb7671fff 0xb76f1fff
0xb76f1fff 0xb76f1fff 0xaf671fff 0xa7571fff
0xa7571fff 0xa75717ff 0x9f4f17ff 0x974717ff
0x7f3f17ff 0x6f370fff 0x673717ff 0x6f3717ff
0x874717ff 0x974f17ff 0x974f17ff 0x8f4f17ff
0x974f17ff 0x974f17ff 0x9f5717ff 0x975717ff
0x974f17ff 0x974f17ff 0x975717ff 0x9f5717ff
0x9f4f17ff 0x9f4f17ff 0x974717ff 0x974f17ff
0x974f17ff 0x974f17ff 0x974f17ff 0x9f5717ff
0x975717ff 0x974f17ff 0x8f4f17ff 0x874717ff
0x874717ff 0x8f4f17ff 0x974f17ff 0x974f17ff
0x9f4f17ff 0x974f17ff 0x8f4f17ff 0x874717ff
0x873f17ff 0x874717ff 0x974f17ff 0x974f17ff
0x9f4f17ff 0x974f17ff 0x974f17ff 0x9f4f17ff
0x9f4f17ff 0x974f17ff 0x974f17ff 0x9f4f17ff
0x9f4f17ff 0x974f17ff 0x974f17ff 0x974f17ff
0x974f17ff 0x974f17ff 0x974f17ff 0x974f17ff
0x974f17ff 0x975717ff 0x974f17ff 0x7f4717ff
0x673717ff 0x673717ff 0x6f3f17ff 0x874717ff
0x974f17ff 0x9f5717ff 0xa75f1fff 0xa75f1fff
0xa75f1fff 0xaf671fff 0xb76f1fff 0xb7771fff
0xb76f1fff 0xb7671fff 0xaf671fff 0xaf671fff
0xaf671fff 0xa75f17ff 0x975717ff 0x8f4f17ff
0x975717ff 0x9f5717ff 0x9f4f17ff 0x8f4717ff
0x77370fff 0x572f0fff 0x5f2f0fff 0x6f370fff
0x77370fff 0x6f370fff 0x672f0fff 0x672f0fff
0x672f0fff 0x773f0fff 0x874717ff 0x8f4f17ff
0x974f17ff 0x974f17ff 0x974f17ff 0x8f4f17ff
0x8f4717ff 0x873f17ff 0x77370fff 0x6f370fff
0x6f370fff 0x77370fff 0x773f0fff 0x7f3f0fff
0x874717ff 0x8f4717ff 0x8f4717ff 0x8f4717ff
0x8f4717ff 0x8f4717ff 0x974f17ff 0x8f4f17ff
0x8f4f17ff 0x8f4717ff 0x8f4717ff 0x8f4717ff
0x8f4717ff 0x874717ff 0x7f3f17ff 0x67370fff
0x5f2f0fff 0x67370fff 0x6f370fff 0x773f17ff
0x874717ff 0x8f4717ff 0x8f4f17ff 0x974f1fff
0x974f1fff 0x8f4f17ff 0x8f4717ff 0x874717ff
0x773f17ff 0x6f370fff 0x67370fff 0x5f2f0fff
0x67370fff 0x7f3f17ff 0x874717ff 0x8f4717ff
0x8f4717ff 0x8f4717ff 0x8f4717ff 0x8f4f17ff
0x8f4f17ff 0x974f17ff 0x8f4717ff 0x8f4717ff
0x8f4717ff 0x8f4717ff 0x8f4717ff 0x874717ff
0x7f3f0fff 0x773f0fff 0x77370fff 0x6f370fff
0x6f370fff 0x77370fff 0x873f17ff 0x8f4717ff
0x8f4f17ff 0x974f17ff 0x974f17ff 0x974f17ff
0x8f4f17ff 0x874717ff 0x773f0fff 0x672f0fff
0x672f0fff 0x672f0fff 0x6f370fff 0x77370fff
0x6f370fff 0x5f2f0fff 0x572f0fff 0x77370fff
0x8f4717ff 0x9f4f17ff 0x9f5717ff 0x975717ff
0x8f4f17ff 0x975717ff 0xa75f17ff 0xaf671fff
0xaf671fff 0xaf671fff 0xb7671fff 0xb76f1fff
0xb7771fff 0xb76f1fff 0xaf671fff 0xa75f1fff
0xa75f1fff 0xa75f1fff 0x9f5717ff 0x974f17ff
0x874717ff 0x6f3f17ff 0x673717ff 0x673717ff
0x7f4717ff 0x974f17ff 0x975717ff 0x974f17ff
0x974f17ff 0x974f17ff 0x974f17ff 0x974f17ff
0x974f17ff 0x974f17ff 0x974f17ff 0x9f4f17ff
0x9f4f17ff 0x974f17ff 0x974f17ff 0x9f4f17ff
0x9f4f17ff 0x974f17ff 0x974f17ff 0x9f4f17ff
0x974f17ff 0x974f17ff 0x874717ff 0x873f17ff
0x874717ff 0x8f4f17ff 0x974f17ff 0x9f4f17ff
0x9f571fff 0x975717ff 0x8f4f17ff 0x874717ff
0x7f3f17ff 0x874717ff 0x974f17ff 0x974f17ff
0x974f17ff 0x974f17ff 0x974f17ff 0x9f4f17ff
0x9f4f17ff 0x9f4f17ff 0x974f17ff 0x9f4f17ff
0x9f4f17ff 0x974f17ff 0x974f17ff 0x974f17ff
0x974f17ff 0x974f17ff 0x974f17ff 0x974f17ff
0x974f17ff 0x974f17ff 0x974f17ff 0x873f17ff
0x6f3717ff 0x673717ff 0x6f3f17ff 0x874717ff
0x974f17ff 0xa7571fff 0xa75f1fff 0xa75f1fff
0xaf5f1fff 0xaf671fff 0xb76f1fff 0xbf6f1fff
0xb76f27ff 0xb76f1fff 0xb7671fff 0xaf671fff
0xaf671fff 0xa75f17ff 0x975717ff 0x975717ff
0x9f5717ff 0x9f5717ff 0x9f5717ff 0x8f4717ff
0x77370fff 0x572f0fff 0x5f2f0fff 0x6f370fff
0x77370fff 0x6f370fff 0x672f0fff 0x672f0fff
0x672f0fff 0x773f0fff 0x874717ff 0x8f4f17ff
0x974f17ff 0x974f17ff 0x974f17ff 0x974f17ff
0x8f4717ff 0x873f17ff 0x773f0fff 0x77370fff
0x77370fff 0x773f0fff 0x773f0fff 0x7f3f0fff
0x874717ff 0x8f4717ff 0x8f4717ff 0x874717ff
0x874717ff 0x8f4717ff 0x8f4f17ff 0x8f4f17ff
0x8f4f17ff 0x8f4f17ff 0x8f4717ff 0x8f4717ff
0x8f4717ff 0x8f3f17ff 0x7f3717ff 0x6f2f0fff
0x672f0fff 0x6f370fff 0x77370fff 0x7f3f17ff
0x874717ff 0x8f4717ff 0x974f17ff 0x974f1fff
0x974f1fff 0x974f17ff 0x8f4717ff 0x874717ff
0x7f3f17ff 0x77370fff 0x6f370fff 0x672f0fff
0x6f2f0fff 0x7f3717ff 0x8f3f17ff 0x8f4717ff
0x8f4717ff 0x8f4717ff 0x8f4f17ff 0x8f4f17ff
0x8f4f17ff 0x8f4f17ff 0x8f4717ff 0x874717ff
0x874717ff 0x8f4717ff 0x8f4717ff 0x874717ff
0x7f3f0fff 0x773f0fff 0x773f0fff 0x77370fff
0x77370fff 0x773f0fff 0x873f17ff 0x8f4717ff
0x974f17ff 0x974f17ff 0x974f17ff 0x974f17ff
0x8f4f17ff 0x874717ff 0x773f0fff 0x672f0fff
0x672f0fff 0x672f0fff 0x6f370fff 0x77370fff
0x6f370fff 0x5f2f0fff 0x572f0fff 0x77370fff
0x8f4717ff 0x9f5717ff 0x9f5717ff 0x9f5717ff
0x975717ff 0x975717ff 0xa75f17ff 0xaf671fff
0xaf671fff 0xb7671fff 0xb76f1fff 0xb76f27ff
0xbf6f1fff 0xb76f1fff 0xaf671fff 0xaf5f1fff
0xa75f1fff 0xa75f1fff 0xa7571fff 0x974f17ff
0x874717ff 0x6f3f17ff 0x673717ff 0x6f3717ff
0x873f17ff 0x974f17ff 0x974f17ff 0x974f17ff
0x974f17ff 0x974f17ff 0x974f17ff 0x974f17ff
0x974f17ff 0x974f17ff 0x974f17ff 0x9f4f17ff
0x9f4f17ff 0x974f17ff 0x9f4f17ff 0x9f4f17ff
0x9f4f17ff 0x974f17ff 0x974f17ff 0x974f17ff
0x974f17ff 0x974f17ff 0x874717ff 0x7f3f17ff
0x874717ff 0x8f4f17ff 0x975717ff 0x9f571fff
0x97571fff 0x975717ff 0x8f4f17ff 0x7f3f17ff
0x7f3f17ff 0x874717ff 0x974f17ff 0x974f17ff
0x974f17ff 0x974f17ff 0x974f17ff 0x974f17ff
0x9f5717ff 0x974f17ff 0x974f17ff 0x9f4f17ff
0x9f5717ff 0x9f4f17ff 0x974f17ff 0x974f17ff
0x974f17ff 0x974f17ff 0x974f17ff 0x974f17ff
0x974f17ff 0x974f17ff 0x8f4f17ff 0x7f3f17ff
0x6f3717ff 0x673717ff 0x6f3717ff 0x7f3f17ff
0x974f17ff 0x9f571fff 0xa75f1fff 0xa75f1fff
0xaf5f1fff 0xb7671fff 0xbf6f1fff 0xbf6f27ff
0xbf6f27ff 0xb76f1fff 0xaf671fff 0xaf671fff
0xa75f1fff 0x9f571fff 0x9f5717ff 0x975717ff
0x9f5717ff 0x9f5717ff 0x975717ff 0x8f4717ff
0x773f0fff 0x5f2f0fff 0x5f2f0fff 0x6f370fff
0x77370fff 0x6f370fff 0x6f2f0fff 0x6f2f0fff
0x6f370fff 0x773f0fff 0x874717ff 0x8f4f17ff
0x974f17ff 0x974f17ff 0x974f17ff 0x8f4f17ff
0x8f4717ff 0x874717ff 0x7f3f0fff 0x773f0fff
0x773f0fff 0x773f0fff 0x773f0fff 0x7f3f0fff
0x874717ff 0x874717ff 0x874717ff 0x874717ff
0x874717ff 0x8f4717ff 0x974f17ff 0x8f4f17ff
0x8f4f17ff 0x8f4f17ff 0x8f4717ff 0x8f4717ff
0x974717ff 0x8f4717ff 0x7f3f0fff 0x6f370fff
0x672f0fff 0x6f370fff 0x77370fff 0x7f3f17ff
0x874717ff 0x8f4f17ff 0x974f17ff 0x974f1fff
0x974f1fff 0x974f17ff 0x8f4f17ff 0x874717ff
0x7f3f17ff 0x77370fff 0x6f370fff 0x672f0fff
0x6f370fff 0x7f3f0fff 0x8f4717ff 0x974717ff
0x8f4717ff 0x8f4717ff 0x8f4f17ff 0x8f4f17ff
0x8f4f17ff 0x974f17ff 0x8f4717ff 0x874717ff
0x874717ff 0x874717ff 0x874717ff 0x874717ff
0x7f3f0fff 0x773f0fff 0x773f0fff 0x773f0fff
0x773f0fff 0x7f3f0fff 0x874717ff 0x8f4717ff
0x8f4f17ff 0x974f17ff 0x974f17ff 0x974f17ff
0x8f4f17ff 0x874717ff 0x773f0fff 0x6f370fff
0x6f2f0fff 0x6f2f0fff 0x6f370fff 0x77370fff
0x6f370fff 0x5f2f0fff 0x5f2f0fff 0x773f0fff
0x8f4717ff 0x975717ff 0x9f5717ff 0x9f5717ff
0x975717ff 0x9f5717ff 0x9f571fff 0xa75f1fff
0xaf671fff 0xaf671fff 0xb76f1fff 0xbf6f27ff
0xbf6f27ff 0xbf6f1fff 0xb7671fff 0xaf5f1fff
0xa75f1fff 0xa75f1fff 0x9f571fff 0x974f17ff
0x7f3f17ff 0x6f3717ff 0x673717ff 0x6f3717ff
0x7f3f17ff 0x8f4f17ff 0x974f17ff 0x974f17ff
0x974f17ff 0x974f17ff 0x974f17ff 0x974f17ff
0x974f17ff 0x974f17ff 0x9f4f17ff 0x9f5717ff
0x9f4f17ff 0x974f17ff 0x974f17ff 0x9f5717ff
0x974f17ff 0x974f17ff 0x974f17ff 0x974f17ff
0x974f17ff 0x974f17ff 0x874717ff 0x7f3f17ff
0x7f3f17ff 0x8f4f17ff 0x975717ff 0x97571fff
0x974f1fff 0x974f17ff 0x8f4f17ff 0x873f17ff
0x7f3f17ff 0x8f4717ff 0x974f17ff 0x9f4f17ff
0x9f4f17ff 0x974f17ff 0x974f17ff 0x974f17ff
0x9f5717ff 0x9f4f17ff 0x974f17ff 0x9f4f17ff
0x9f4f17ff 0x9f4f17ff 0x9f4f17ff 0x974f17ff
0x974f17ff 0x974f17ff 0x974f17ff 0x974f17ff
0x974f17ff 0x974f17ff 0x874717ff 0x773f17ff
0x673717ff 0x6f3717ff 0x773f17ff 0x873f17ff
0x8f4f17ff 0x9f571fff 0xa75f1fff 0xa75f1fff
0xaf671fff 0xb76f1fff 0xbf6f27ff 0xbf7727ff
0xbf6f27ff 0xb7671fff 0xa7671fff 0xa75f1fff
0xa75f1fff 0x9f5f17ff 0x9f5717ff 0x9f5717ff
0x9f5717ff 0x9f5717ff 0x974f17ff 0x8f4717ff
0x773f0fff 0x5f2f0fff 0x672f0fff 0x6f370fff
0x77370fff 0x77370fff 0x6f370fff 0x6f370fff
0x6f370fff 0x7f3f0fff 0x8f4717ff 0x974f17ff
0x974f17ff 0x974f17ff 0x974f17ff 0x8f4717ff
0x874717ff 0x7f3f17ff 0x7f3f0fff 0x773f0fff
0x773f0fff 0x773f0fff 0x77370fff 0x77370fff
0x873f17ff 0x874717ff 0x873f17ff 0x873f17ff
0x874717ff 0x8f4f17ff 0x974f17ff 0x8f4f17ff
0x8f4f17ff 0x8f4f17ff 0x8f4717ff 0x8f4717ff
0x974717ff 0x8f4717ff 0x7f3f17ff 0x67370fff
0x67370fff 0x6f370fff 0x77370fff 0x7f3f17ff
0x8f4717ff 0x8f4f17ff 0x8f4f1fff 0x97571fff
0x97571fff 0x8f4f1fff 0x8f4f17ff 0x8f4717ff
0x7f3f17ff 0x77370fff 0x6f370fff 0x67370fff
0x67370fff 0x7f3f17ff 0x8f4717ff 0x974717ff
0x8f4717ff 0x8f4717ff 0x8f4f17ff 0x8f4f17ff
0x8f4f17ff 0x974f17ff 0x8f4f17ff 0x874717ff
0x873f17ff 0x873f17ff 0x874717ff 0x873f17ff
0x77370fff 0x77370fff 0x773f0fff 0x773f0fff
0x773f0fff 0x7f3f0fff 0x7f3f17ff 0x874717ff
0x8f4717ff 0x974f17ff 0x974f17ff 0x974f17ff
0x974f17ff 0x8f4717ff 0x7f3f0fff 0x6f370fff
0x6f370fff 0x6f370fff 0x77370fff 0x77370fff
0x6f370fff 0x672f0fff 0x5f2f0fff 0x773f0fff
0x8f4717ff 0x974f17ff 0x9f5717ff 0x9f5717ff
0x9f5717ff 0x9f5717ff 0x9f5f17ff 0xa75f1fff
0xa75f1fff 0xa7671fff 0xb7671fff 0xbf6f27ff
0xbf7727ff 0xbf6f27ff 0xb76f1fff 0xaf671fff
0xa75f1fff 0xa75f1fff 0x9f571fff 0x8f4f17ff
0x873f17ff 0x773f17ff 0x6f3717ff 0x673717ff
0x773f17ff 0x874717ff 0x974f17ff 0x974f17ff
0x974f17ff 0x974f17ff 0x974f17ff 0x974f17ff
0x974f17ff 0x9f4f17ff 0x9f4f17ff 0x9f4f17ff
0x9f4f17ff 0x974f17ff 0x9f4f17ff 0x9f5717ff
0x974f17ff 0x974f17ff 0x974f17ff 0x9f4f17ff
0x9f4f17ff 0x974f17ff 0x8f4717ff 0x7f3f17ff
0x873f17ff 0x8f4f17ff 0x974f17ff 0x974f1fff
0x974f1fff 0x974f17ff 0x8f4f17ff 0x874717ff
0x7f3f17ff 0x874717ff 0x974f17ff 0x9f4f17ff
0x9f4f17ff 0x974f17ff 0x974717ff 0x974f17ff
0x9f4f17ff 0x9f4f17ff 0x974f17ff 0x974f17ff
0x9f4f17ff 0x9f4f17ff 0x9f4f17ff 0x9f4f17ff
0x974f17ff 0x974f17ff 0x974f17ff 0x974f17ff
0x974f17ff 0x974f17ff 0x874717ff 0x773f0fff
0x67370fff 0x6f3717ff 0x7f3f17ff 0x874717ff
0x8f4f17ff 0x9f571fff 0xa75f1fff 0xa75f1fff
0xaf5f1fff 0xb76f1fff 0xbf771fff 0xbf7727ff
0xb76f27ff 0xaf6f1fff 0xa75f1fff 0x9f571fff
0x9f5717ff 0xa75f17ff 0xa75f17ff 0x9f5f17ff
0x9f5717ff 0x9f5717ff 0x974f17ff 0x8f4717ff
0x773f0fff 0x5f2f0fff 0x672f0fff 0x6f370fff
0x77370fff 0x77370fff 0x773f17ff 0x773f17ff
0x773f17ff 0x7f3f17ff 0x8f4717ff 0x974f17ff
0x974f17ff 0x974f17ff 0x8f4f17ff 0x8f4717ff
0x873f17ff 0x7f3f17ff 0x773f17ff 0x77370fff
0x77370fff 0x6f370fff 0x6f370fff 0x77370fff
0x7f3f17ff 0x8f4717ff 0x8f4717ff 0x8f4717ff
0x8f4717ff 0x8f4f17ff 0x8f4f17ff 0x8f4717ff
0x8f4717ff 0x8f4717ff 0x974717ff 0x974f17ff
0x974f17ff 0x8f4717ff 0x7f3f17ff 0x6f370fff
0x67370fff 0x6f370fff 0x773f17ff 0x7f3f17ff
0x8f4717ff 0x8f4f17ff 0x974f1fff 0x974f1fff
0x974f1fff 0x974f1fff 0x8f4f17ff 0x8f4717ff
0x7f3f17ff 0x773f17ff 0x6f370fff 0x67370fff
0x6f370fff 0x7f3f17ff 0x8f4717ff 0x974f17ff
0x974f17ff 0x974717ff 0x8f4717ff 0x8f4717ff
0x8f4717ff 0x8f4f17ff 0x8f4f17ff 0x8f4717ff
0x8f4717ff 0x8f4717ff 0x8f4717ff 0x7f3f17ff
0x77370fff 0x6f370fff 0x6f370fff 0x77370fff
0x77370fff 0x773f17ff 0x7f3f17ff 0x873f17ff
0x8f4717ff 0x8f4f17ff 0x974f17ff 0x974f17ff
0x974f17ff 0x8f4717ff 0x7f3f17ff 0x773f17ff
0x773f17ff 0x773f17ff 0x77370fff 0x77370fff
0x6f370fff 0x672f0fff 0x5f2f0fff 0x773f0fff
0x8f4717ff 0x974f17ff 0x9f5717ff 0x9f5717ff
0x9f5f17ff 0xa75f17ff 0xa75f17ff 0x9f5717ff
0x9f571fff 0xa75f1fff 0xaf6f1fff 0xb76f27ff
0xbf7727ff 0xbf771fff 0xb76f1fff 0xaf5f1fff
0xa75f1fff 0xa75f1fff 0x9f571fff 0x8f4f17ff
0x874717ff 0x7f3f17ff 0x6f3717ff 0x67370fff
0x773f0fff 0x874717ff 0x974f17ff 0x974f17ff
0x974f17ff 0x974f17ff 0x974f17ff 0x974f17ff
0x9f4f17ff 0x9f4f17ff 0x9f4f17ff 0x9f4f17ff
0x974f17ff 0x974f17ff 0x9f4f17ff 0x9f4f17ff
0x974f17ff 0x974717ff 0x974f17ff 0x9f4f17ff
0x9f4f17ff 0x974f17ff 0x874717ff 0x7f3f17ff
0x874717ff 0x8f4f17ff 0x974f17ff 0x974f1fff
0x974f1fff 0x974f17ff 0x8f4f17ff 0x874717ff
0x7f3f17ff 0x874717ff 0x974f17ff 0x974f17ff
0x974f17ff 0x974f17ff 0x974f17ff 0x974f17ff
0x9f5717ff 0x9f5717ff 0x9f4f17ff 0x974f17ff
0x974f17ff 0x9f4f17ff 0x9f5717ff 0x9f5717ff
0x974f17ff 0x974f17ff 0x974f17ff 0x974f17ff
0x974f17ff 0x974f17ff 0x874717ff 0x773f17ff
0x5f370fff 0x5f3717ff 0x773f17ff 0x8f4717ff
0x974f17ff 0x9f571fff 0xa75f1fff 0xa75f1fff
0xaf5f1fff 0xb7671fff 0xbf6f1fff 0xbf771fff
0xb76f1fff 0xaf671fff 0xa75f1fff 0x975717ff
0x9f5717ff 0x9f5f17ff 0xa75f17ff 0x9f5f17ff
0x9f5717ff 0x975717ff 0x974f17ff 0x874717ff
0x6f370fff 0x5f2f0fff 0x5f2f0fff 0x672f0fff
0x77370fff 0x773f0fff 0x773f17ff 0x773f17ff
0x773f17ff 0x7f4717ff 0x8f4f17ff 0x974f17ff
0x974f17ff 0x974f17ff 0x8f4f17ff 0x8f4717ff
0x873f17ff 0x7f3f17ff 0x77370fff 0x77370fff
0x6f370fff 0x6f370fff 0x6f370fff 0x77370fff
0x7f3f17ff 0x874717ff 0x8f4717ff 0x874717ff
0x874717ff 0x8f4f17ff 0x8f4f17ff 0x8f4f17ff
0x8f4717ff 0x974717ff 0x974717ff 0x974f17ff
0x974f17ff 0x974717ff 0x7f3f17ff 0x6f370fff
0x67370fff 0x6f370fff 0x7f3f17ff 0x7f4717ff
0x8f4717ff 0x8f4f17ff 0x974f17ff 0x974f1fff
0x974f1fff 0x974f17ff 0x8f4f17ff 0x8f4717ff
0x7f4717ff 0x7f3f17ff 0x6f370fff 0x67370fff
0x6f370fff 0x7f3f17ff 0x974717ff 0x974f17ff
0x974f17ff 0x974717ff 0x974717ff 0x8f4717ff
0x8f4f17ff 0x8f4f17ff 0x8f4f17ff 0x874717ff
0x874717ff 0x8f4717ff 0x874717ff 0x7f3f17ff
0x77370fff 0x6f370fff 0x6f370fff 0x6f370fff
0x77370fff 0x77370fff 0x7f3f17ff 0x873f17ff
0x8f4717ff 0x8f4f17ff 0x974f17ff 0x974f17ff
0x974f17ff 0x8f4f17ff 0x7f4717ff 0x773f17ff
0x773f17ff 0x773f17ff 0x773f0fff 0x77370fff
0x672f0fff 0x5f2f0fff 0x5f2f0fff 0x6f370fff
0x874717ff 0x974f17ff 0x975717ff 0x9f5717ff
0x9f5f17ff 0xa75f17ff 0x9f5f17ff 0x9f5717ff
0x975717ff 0xa75f1fff 0xaf671fff 0xb76f1fff
0xbf771fff 0xbf6f1fff 0xb7671fff 0xaf5f1fff
0xa75f1fff 0xa75f1fff 0x9f571fff 0x974f17ff
0x8f4717ff 0x773f17ff 0x5f3717ff 0x5f370fff
0x773f17ff 0x874717ff 0x974f17ff 0x974f17ff
0x974f17ff 0x974f17ff 0x974f17ff 0x974f17ff
0x9f5717ff 0x9f5717ff 0x9f4f17ff 0x974f17ff
0x974f17ff 0x9f4f17ff 0x9f5717ff 0x9f5717ff
0x974f17ff 0x974f17ff 0x974f17ff 0x974f17ff
0x974f17ff 0x974f17ff 0x874717ff 0x7f3f17ff
0x874717ff 0x8f4f17ff 0x974f17ff 0x974f1fff
0x974f1fff 0x974f17ff 0x8f4f17ff 0x874717ff
0x7f3f17ff 0x874717ff 0x974f17ff 0x974f17ff
0x974f17ff 0x974f17ff 0x974f17ff 0x9f4f17ff
0x9f4f17ff 0x9f4f17ff 0x9f4f17ff 0x974f17ff
0x974f17ff 0x974f17ff 0x9f5717ff 0x9f5717ff
0x9f5717ff 0x974f17ff 0x974f17ff 0x974f17ff
0x974f17ff 0x8f4f17ff 0x874717ff 0x773f17ff
0x5f370fff 0x5f370fff 0x773f17ff 0x8f4f17ff
0x975717ff 0x9f5f17ff 0xa75f1fff 0xa7571fff
0xa75f1fff 0xb7671fff 0xb76f1fff 0xb76f1fff
0xb76f1fff 0xaf671fff 0x9f5717ff 0x974f17ff
0x975717ff 0x9f5717ff 0xa75f17ff 0xa75717ff
0x9f5717ff 0x974f17ff 0x8f4f17ff 0x874717ff
0x6f370fff 0x5f2f0fff 0x572f0fff 0x672f0fff
0x6f370fff 0x77370fff 0x773717ff 0x773717ff
0x7f3f17ff 0x874717ff 0x8f4f17ff 0x974f17ff
0x8f4f17ff 0x8f4f17ff 0x8f4717ff 0x8f4717ff
0x7f3f17ff 0x773717ff 0x77370fff 0x77370fff
0x6f370fff 0x6f370fff 0x6f370fff 0x77370fff
0x7f3f17ff 0x873f17ff 0x873f17ff 0x873f17ff
0x873f17ff 0x874717ff 0x8f4f17ff 0x8f4f17ff
0x8f4f17ff 0x974717ff 0x974717ff 0x974f17ff
0x974f17ff 0x8f4f17ff 0x7f3f17ff 0x6f370fff
0x672f0fff 0x6f370fff 0x773f17ff 0x7f4717ff
0x874717ff 0x8f4f17ff 0x974f17ff 0x9f571fff
0x9f571fff 0x974f17ff 0x8f4f17ff 0x874717ff
0x7f4717ff 0x773f17ff 0x6f370fff 0x672f0fff
0x6f370fff 0x7f3f17ff 0x8f4f17ff 0x974f17ff
0x974f17ff 0x974717ff 0x974717ff 0x8f4f17ff
0x8f4f17ff 0x8f4f17ff 0x874717ff 0x873f17ff
0x873f17ff 0x873f17ff 0x873f17ff 0x7f3f17ff
0x77370fff 0x6f370fff 0x6f370fff 0x6f370fff
0x77370fff 0x77370fff 0x773717ff 0x7f3f17ff
0x8f4717ff 0x8f4717ff 0x8f4f17ff 0x8f4f17ff
0x974f17ff 0x8f4f17ff 0x874717ff 0x7f3f17ff
0x773717ff 0x773717ff 0x77370fff 0x6f370fff
0x672f0fff 0x572f0fff 0x5f2f0fff 0x6f370fff
0x874717ff 0x8f4f17ff 0x974f17ff 0x9f5717ff
0xa75717ff 0xa75f17ff 0x9f5717ff 0x975717ff
0x974f17ff 0x9f5717ff 0xaf671fff 0xb76f1fff
0xb76f1fff 0xb76f1fff 0xb7671fff 0xa75f1fff
0xa7571fff 0xa75f1fff 0x9f5f17ff 0x975717ff
0x8f4f17ff 0x773f17ff 0x5f370fff 0x5f370fff
0x773f17ff 0x874717ff 0x8f4f17ff 0x974f17ff
0x974f17ff 0x974f17ff 0x974f17ff 0x9f5717ff
0x9f5717ff 0x9f5717ff 0x974f17ff 0x974f17ff
0x974f17ff 0x9f4f17ff 0x9f4f17ff 0x9f4f17ff
0x9f4f17ff 0x974f17ff 0x974f17ff 0x974f17ff
0x974f17ff 0x974f17ff 0x874717ff 0x7f3f17ff
0x874717ff 0x8f4f17ff 0x974f17ff 0x974f1fff
0x974f1fff 0x974f17ff 0x8f4f17ff 0x874717ff
0x7f3f17ff 0x874717ff 0x974f17ff 0x974f17ff
0x974f17ff 0x8f4f17ff 0x974717ff 0x9f4f17ff
0x9f4f17ff 0x9f4f17ff 0x9f4f17ff 0x974f17ff
0x974f17ff 0x974f17ff 0x974f17ff 0x9f5717ff
0x975717ff 0x974f17ff 0x974f17ff 0x974f17ff
0x974f17ff 0x8f4f17ff 0x8f4717ff 0x7f3f17ff
0x67370fff 0x67370fff 0x773f17ff 0x874717ff
0x974f17ff 0x9f5717ff 0xa75717ff 0xa75717ff
0xa75f17ff 0xaf671fff 0xb76f1fff 0xb76f1fff
0xaf671fff 0xaf5f1fff 0x9f5717ff 0x974f17ff
0x975717ff 0x9f5f17ff 0xa75f1fff 0xa75f17ff
0x9f5717ff 0x975717ff 0x974f17ff 0x874717ff
0x6f370fff 0x572f0fff 0x572f0fff 0x672f0fff
0x6f370fff 0x6f370fff 0x77370fff 0x7f3f17ff
0x873f17ff 0x8f4717ff 0x8f4f17ff 0x8f4f17ff
0x8f4f17ff 0x8f4717ff 0x8f4717ff 0x8f4717ff
0x7f3f17ff 0x773717ff 0x77370fff 0x77370fff
0x6f370fff 0x6f370fff 0x6f370fff 0x77370fff
0x7f3f0fff 0x7f3f0fff 0x873f17ff 0x7f3f17ff
0x7f3f17ff 0x8f4717ff 0x974f17ff 0x974f17ff
0x974f17ff 0x974f17ff 0x974f17ff 0x974f17ff
0x974f17ff 0x8f4717ff 0x7f3f0fff 0x6f370fff
0x672f0fff 0x67370fff 0x77370fff 0x7f3f17ff
0x874717ff 0x8f4717ff 0x974f17ff 0x974f17ff
0x974f17ff 0x974f17ff 0x8f4717ff 0x874717ff
0x7f3f17ff 0x77370fff 0x67370fff 0x672f0fff
0x6f370fff 0x7f3f0fff 0x8f4717ff 0x974f17ff
0x974f17ff 0x974f17ff 0x974f17ff 0x974f17ff
0x974f17ff 0x974f17ff 0x8f4717ff 0x7f3f17ff
0x7f3f17ff 0x873f17ff 0x7f3f0fff 0x7f3f0fff
0x77370fff 0x6f370fff 0x6f370fff 0x6f370fff
0x77370fff 0x77370fff 0x773717ff 0x7f3f17ff
0x8f4717ff 0x8f4717ff 0x8f4717ff 0x8f4f17ff
0x8f4f17ff 0x8f4f17ff 0x8f4717ff 0x873f17ff
0x7f3f17ff 0x77370fff 0x6f370fff 0x6f370fff
0x672f0fff 0x572f0fff 0x572f0fff 0x6f370fff
0x874717ff 0x974f17ff 0x975717ff 0x9f5717ff
0xa75f17ff 0xa75f1fff 0x9f5f17ff 0x975717ff
0x974f17ff 0x9f5717ff 0xaf5f1fff 0xaf671fff
0xb76f1fff 0xb76f1fff 0xaf671fff 0xa75f17ff
0xa75717ff 0xa75717ff 0x9f5717ff 0x974f17ff
0x874717ff 0x773f17ff 0x67370fff 0x67370fff
0x7f3f17ff 0x8f4717ff 0x8f4f17ff 0x974f17ff
0x974f17ff 0x974f17ff 0x974f17ff 0x975717ff
0x9f5717ff 0x974f17ff 0x974f17ff 0x974f17ff
0x974f17ff 0x9f4f17ff 0x9f4f17ff 0x9f4f17ff
0x9f4f17ff 0x974717ff 0x8f4f17ff 0x974f17ff
0x974f17ff 0x974f17ff 0x874717ff 0x7f3f17ff
0x874717ff 0x8f4f17ff 0x974f17ff 0x974f1fff
0x9f4f1fff 0x974f17ff 0x8f4717ff 0x873f17ff
0x7f3f17ff 0x8f4717ff 0x974f17ff 0x975717ff
0x8f4f17ff 0x8f4717ff 0x8f4f17ff 0x9f4f17ff
0x9f5717ff 0x9f5717ff 0x9f5717ff 0x9f5717ff
0x9f5717ff 0x974f17ff 0x974f17ff 0x974f17ff
0x974f17ff 0x974f17ff 0x974f17ff 0x974f17ff
0x974f17ff 0x974f17ff 0x8f4717ff 0x7f3f17ff
0x6f370fff 0x6f370fff 0x773f17ff 0x7f4717ff
0x8f4f17ff 0x9f5717ff 0xa75717ff 0xa75717ff
0xa75f17ff 0xaf6717ff 0xb76f1fff 0xb76f1fff
0xb7671fff 0xa75f17ff 0x9f5717ff 0x974f17ff
0x974f17ff 0x9f5717ff 0xa75f17ff 0xa75f17ff
0xa75f17ff 0x9f5717ff 0x974f17ff 0x874717ff
0x77370fff 0x5f2f0fff 0x57270fff 0x5f2f0fff
0x67370fff 0x6f2f0fff 0x6f370fff 0x7f3f0fff
0x874717ff 0x8f4717ff 0x8f4717ff 0x8f4717ff
0x8f4717ff 0x8f4717ff 0x8f4717ff 0x8f4717ff
0x7f3f17ff 0x773f0fff 0x773f0fff 0x77370fff
0x6f370fff 0x67370fff 0x672f0fff 0x6f370fff
0x7f3f17ff 0x873f17ff 0x873f17ff 0x873f17ff
0x874717ff 0x8f4717ff 0x974f17ff 0x974f17ff
0x974f17ff 0x8f4f17ff 0x8f4f17ff 0x974f17ff
0x974f17ff 0x8f4717ff 0x7f3f17ff 0x6f370fff
0x67370fff 0x673717ff 0x6f3f17ff 0x773f17ff
0x874717ff 0x8f4717ff 0x8f4f17ff 0x974f17ff
0x974f17ff 0x8f4f17ff 0x8f4717ff 0x874717ff
0x773f17ff 0x6f3f17ff 0x673717ff 0x67370fff
0x6f370fff 0x7f3f17ff 0x8f4717ff 0x974f17ff
0x974f17ff 0x8f4f17ff 0x8f4f17ff 0x974f17ff
0x974f17ff 0x974f17ff 0x8f4717ff 0x874717ff
0x873f17ff 0x873f17ff 0x873f17ff 0x7f3f17ff
0x6f370fff 0x672f0fff 0x67370fff 0x6f370fff
0x77370fff 0x773f0fff 0x773f0fff 0x7f3f17ff
0x8f4717ff 0x8f4717ff 0x8f4717ff 0x8f4717ff
0x8f4717ff 0x8f4717ff 0x8f4717ff 0x874717ff
0x7f3f0fff 0x6f370fff 0x6f2f0fff 0x67370fff
0x5f2f0fff 0x57270fff 0x5f2f0fff 0x77370fff
0x874717ff 0x974f17ff 0x9f5717ff 0xa75f17ff
0xa75f17ff 0xa75f17ff 0x9f5717ff 0x974f17ff
0x974f17ff 0x9f5717ff 0xa75f17ff 0xb7671fff
0xb76f1fff 0xb76f1fff 0xaf6717ff 0xa75f17ff
0xa75717ff 0xa75717ff 0x9f5717ff 0x8f4f17ff
0x7f4717ff 0x773f17ff 0x6f370fff 0x6f370fff
0x7f3f17ff 0x8f4717ff 0x974f17ff 0x974f17ff
0x974f17ff 0x974f17ff 0x974f17ff 0x974f17ff
0x974f17ff 0x974f17ff 0x974f17ff 0x9f5717ff
0x9f5717ff 0x9f5717ff 0x9f5717ff 0x9f5717ff
0x9f4f17ff 0x8f4f17ff 0x8f4717ff 0x8f4f17ff
0x975717ff 0x974f17ff 0x8f4717ff 0x7f3f17ff
0x873f17ff 0x8f4717ff 0x974f17ff 0x9f4f1fff
0x974f1fff 0x974f17ff 0x8f4f17ff 0x874717ff
0x874717ff 0x8f4717ff 0x974f17ff 0x9f5717ff
0x8f4f17ff 0x874717ff 0x8f4717ff 0x9f4f17ff
0x9f5717ff 0x9f5717ff 0x9f5717ff 0x9f5717ff
0x9f5717ff 0x9f5717ff 0x9f4f17ff 0x9f5717ff
0x9f5717ff 0x974f17ff 0x974f17ff 0x974f17ff
0x975717ff 0x975717ff 0x874717ff 0x773f17ff
0x77370fff 0x773f0fff 0x7f3f17ff 0x7f3f17ff
0x8f4717ff 0x9f5717ff 0xa75717ff 0xa75717ff
0xa75f17ff 0xaf6717ff 0xb76f1fff 0xb76f1fff
0xb7671fff 0xa75f17ff 0x9f4f17ff 0x8f4717ff
0x8f4f17ff 0x9f5717ff 0xa75717ff 0xa75f17ff
0x9f5f17ff 0x9f5717ff 0x974f17ff 0x874717ff
0x6f370fff 0x572f0fff 0x57270fff 0x5f2f0fff
0x672f0fff 0x672f0fff 0x6f2f0fff 0x7f3f0fff
0x8f4717ff 0x8f4717ff 0x8f4717ff 0x8f4717ff
0x8f4717ff 0x8f4717ff 0x8f4717ff 0x8f4717ff
0x7f3f17ff 0x773f0fff 0x77370fff 0x77370fff
0x6f370fff 0x5f2f0fff 0x672f0fff 0x6f370fff
0x7f3f17ff 0x873f17ff 0x873f17ff 0x873f17ff
0x8f4717ff 0x8f4717ff 0x974717ff 0x974f17ff
0x8f4f17ff 0x8f4f17ff 0x8f4f17ff 0x8f4f17ff
0x8f4f17ff 0x8f4717ff 0x7f3f17ff 0x6f370fff
0x673717ff 0x6f3f17ff 0x6f3f17ff 0x773f17ff
0x874717ff 0x8f4f17ff 0x974f17ff 0x974f17ff
0x974f17ff 0x974f17ff 0x8f4f17ff 0x874717ff
0x773f17ff 0x6f3f17ff 0x6f3f17ff 0x673717ff
0x6f370fff 0x7f3f17ff 0x8f4717ff 0x8f4f17ff
0x8f4f17ff 0x8f4f17ff 0x8f4f17ff 0x8f4f17ff
0x974f17ff 0x974717ff 0x8f4717ff 0x8f4717ff
0x873f17ff 0x873f17ff 0x873f17ff 0x7f3f17ff
0x6f370fff 0x672f0fff 0x5f2f0fff 0x6f370fff
0x77370fff 0x77370fff 0x773f0fff 0x7f3f17ff
0x8f4717ff 0x8f4717ff 0x8f4717ff 0x8f4717ff
0x8f4717ff 0x8f4717ff 0x8f4717ff 0x8f4717ff
0x7f3f0fff 0x6f2f0fff 0x672f0fff 0x672f0fff
0x5f2f0fff 0x57270fff 0x572f0fff 0x6f370fff
0x874717ff 0x974f17ff 0x9f5717ff 0x9f5f17ff
0xa75f17ff 0xa75717ff 0x9f5717ff 0x8f4f17ff
0x8f4717ff 0x9f4f17ff 0xa75f17ff 0xb7671fff
0xb76f1fff 0xb76f1fff 0xaf6717ff 0xa75f17ff
0xa75717ff 0xa75717ff 0x9f5717ff 0x8f4717ff
0x7f3f17ff 0x7f3f17ff 0x773f0fff 0x77370fff
0x773f17ff 0x874717ff 0x975717ff 0x975717ff
0x974f17ff 0x974f17ff 0x974f17ff 0x9f5717ff
0x9f5717ff 0x9f4f17ff 0x9f5717ff 0x9f5717ff
0x9f5717ff 0x9f5717ff 0x9f5717ff 0x9f5717ff
0x9f4f17ff 0x8f4717ff 0x874717ff 0x8f4f17ff
0x9f5717ff 0x974f17ff 0x8f4717ff 0x874717ff
0x874717ff 0x8f4f17ff 0x974f17ff 0x974f1fff
0x974f17ff 0x974f17ff 0x974f17ff 0x8f4717ff
0x874717ff 0x8f4f17ff 0x975717ff 0x974f17ff
0x8f4f17ff 0x8f4717ff 0x8f4f17ff 0x9f4f17ff
0x9f5717ff 0x9f4f17ff 0x9f4f17ff 0x9f5717ff
0x9f5717ff 0x9f5717ff 0x9f5717ff 0x9f5717ff
0x9f5717ff 0x9f5717ff 0x9f4f17ff 0x974f17ff
0x974f17ff 0x8f4f17ff 0x874717ff 0x773f0fff
0x773f0fff 0x773f17ff 0x7f3f17ff 0x873f17ff
0x8f4717ff 0x9f5717ff 0xa75f17ff 0xa75717ff
0xa75717ff 0xaf5f17ff 0xb76717ff 0xb76f1fff
0xb7671fff 0xa75f17ff 0x9f4f17ff 0x8f4717ff
0x8f4717ff 0x974f17ff 0x9f5717ff 0xa75f17ff
0x9f5f17ff 0x9f5717ff 0x974f17ff 0x874717ff
0x77370fff 0x572f0fff 0x57270fff 0x572f0fff
0x5f2f0fff 0x672f0fff 0x6f2f0fff 0x7f3f0fff
0x8f4717ff 0x974f17ff 0x8f4f17ff 0x8f4717ff
0x8f4717ff 0x8f4f17ff 0x8f4717ff 0x8f4717ff
0x7f3f17ff 0x773f0fff 0x773f0fff 0x773f0fff
0x6f370fff 0x672f0fff 0x67370fff 0x77370fff
0x7f3f17ff 0x873f17ff 0x873f17ff 0x873f17ff
0x8f4717ff 0x8f4717ff 0x974f17ff 0x974f17ff
0x974f17ff 0x8f4f17ff 0x8f4f17ff 0x8f4f17ff
0x8f4f17ff 0x8f4717ff 0x7f3f17ff 0x6f370fff
0x67370fff 0x6f3717ff 0x6f3717ff 0x773f17ff
0x7f4717ff 0x8f4f17ff 0x975717ff 0x975717ff
0x975717ff 0x975717ff 0x8f4f17ff 0x7f4717ff
0x773f17ff 0x6f3717ff 0x6f3717ff 0x67370fff
0x6f370fff 0x7f3f17ff 0x8f4717ff 0x8f4f17ff
0x8f4f17ff 0x8f4f17ff 0x8f4f17ff 0x974f17ff
0x974f17ff 0x974f17ff 0x8f4717ff 0x8f4717ff
0x873f17ff 0x873f17ff 0x873f17ff 0x7f3f17ff
0x77370fff 0x67370fff 0x672f0fff 0x6f370fff
0x773f0fff 0x773f0fff 0x773f0fff 0x7f3f17ff
0x8f4717ff 0x8f4717ff 0x8f4f17ff 0x8f4717ff
0x8f4717ff 0x8f4f17ff 0x974f17ff 0x8f4717ff
0x7f3f0fff 0x6f2f0fff 0x672f0fff 0x5f2f0fff
0x572f0fff 0x57270fff 0x572f0fff 0x77370fff
0x874717ff 0x974f17ff 0x9f5717ff 0x9f5f17ff
0xa75f17ff 0x9f5717ff 0x974f17ff 0x8f4717ff
0x8f4717ff 0x9f4f17ff 0xa75f17ff 0xb7671fff
0xb76f1fff 0xb76717ff 0xaf5f17ff 0xa75717ff
0xa75717ff 0xa75f17ff 0x9f5717ff 0x8f4717ff
0x873f17ff 0x7f3f17ff 0x773f17ff 0x773f0fff
0x773f0fff 0x874717ff 0x8f4f17ff 0x974f17ff
0x974f17ff 0x9f4f17ff 0x9f5717ff 0x9f5717ff
0x9f5717ff 0x9f5717ff 0x9f5717ff 0x9f5717ff
0x9f5717ff 0x9f4f17ff 0x9f4f17ff 0x9f5717ff
0x9f4f17ff 0x8f4f17ff 0x8f4717ff 0x8f4f17ff
0x974f17ff 0x975717ff 0x8f4f17ff 0x874717ff
0x8f4717ff 0x974f17ff 0x974f17ff 0x974f17ff
0x9f5717ff 0x9f5717ff 0x974f17ff 0x8f4f17ff
0x8f4f17ff 0x974f17ff 0x975717ff 0x974f17ff
0x8f4717ff 0x8f4717ff 0x974f17ff 0x9f5717ff
0x9f5717ff 0x9f5717ff 0x9f5717ff 0x9f5717ff
0x9f5717ff 0x9f5717ff 0x9f5717ff 0x9f5717ff
0x9f5717ff 0x9f5717ff 0x9f5717ff 0x9f4f17ff
0x974f17ff 0x8f4f17ff 0x874717ff 0x773f0fff
0x773f0fff 0x7f3f0fff 0x7f4717ff 0x873f17ff
0x8f4717ff 0x9f5717ff 0xa75f17ff 0xa75f17ff
0xa75717ff 0xa75f17ff 0xaf6717ff 0xb7671fff
0xb7671fff 0xa75f17ff 0x9f4f17ff 0x8f4717ff
0x874717ff 0x974f17ff 0x9f5717ff 0xa75717ff
0x9f5717ff 0x9f5717ff 0x974f17ff 0x874717ff
0x773f0fff 0x5f2f0fff 0x57270fff 0x57270fff
0x5f270fff 0x672f0fff 0x6f2f0fff 0x7f3f0fff
0x8f4717ff 0x974f17ff 0x974f17ff 0x8f4f17ff
0x974f17ff 0x974f17ff 0x8f4717ff 0x874717ff
0x7f3f0fff 0x7f3f0fff 0x7f3f0fff 0x7f3f0fff
0x6f370fff 0x67370fff 0x67370fff 0x773f0fff
0x873f17ff 0x873f17ff 0x873f17ff 0x874717ff
0x8f4717ff 0x8f4f17ff 0x974f17ff 0x974f17ff
0x974f17ff 0x8f4717ff 0x8f4f17ff 0x8f4f17ff
0x8f4f17ff 0x874717ff 0x7f3f17ff 0x6f370fff
0x6f370fff 0x6f3f17ff 0x6f370fff 0x773f17ff
0x7f4717ff 0x8f4f17ff 0x975717ff 0x975717ff
0x975717ff 0x975717ff 0x8f4f17ff 0x7f4717ff
0x773f17ff 0x6f370fff 0x6f3f17ff 0x6f370fff
0x6f370fff 0x7f3f17ff 0x874717ff 0x8f4f17ff
0x8f4f17ff 0x8f4f17ff 0x8f4717ff 0x974f17ff
0x974f17ff 0x974f17ff 0x8f4f17ff 0x8f4717ff
0x874717ff 0x873f17ff 0x873f17ff 0x873f17ff
0x773f0fff 0x67370fff 0x67370fff 0x6f370fff
0x7f3f0fff 0x7f3f0fff 0x7f3f0fff 0x7f3f0fff
0x874717ff 0x8f4717ff 0x974f17ff 0x974f17ff
0x8f4f17ff 0x974f17ff 0x974f17ff 0x8f4717ff
0x7f3f0fff 0x6f2f0fff 0x672f0fff 0x5f270fff
0x57270fff 0x57270fff 0x5f2f0fff 0x773f0fff
0x874717ff 0x974f17ff 0x9f5717ff 0x9f5717ff
0xa75717ff 0x9f5717ff 0x974f17ff 0x874717ff
0x8f4717ff 0x9f4f17ff 0xa75f17ff 0xb7671fff
0xb7671fff 0xaf6717ff 0xa75f17ff 0xa75717ff
0xa75f17ff 0xa75f17ff 0x9f5717ff 0x8f4717ff
0x873f17ff 0x7f4717ff 0x7f3f0fff 0x773f0fff
0x773f0fff 0x874717ff 0x8f4f17ff 0x974f17ff
0x9f4f17ff 0x9f5717ff 0x9f5717ff 0x9f5717ff
0x9f5717ff 0x9f5717ff 0x9f5717ff 0x9f5717ff
0x9f5717ff 0x9f5717ff 0x9f5717ff 0x9f5717ff
0x9f5717ff 0x974f17ff 0x8f4717ff 0x8f4717ff
0x974f17ff 0x975717ff 0x974f17ff 0x8f4f17ff
0x8f4f17ff 0x974f17ff 0x9f5717ff 0x9f5717ff
0xa7571fff 0x9f571fff 0x975717ff 0x974f17ff
0x8f4f17ff 0x8f5717ff 0x975717ff 0x8f4f17ff
0x874717ff 0x874717ff 0x8f4f17ff 0x9f5717ff
0x9f5717ff 0x9f5717ff 0x9f5717ff 0x9f5717ff
0x9f5717ff 0x9f5717ff 0x9f4f17ff 0x9f4f17ff
0x9f4f17ff 0x9f5717ff 0x9f5717ff 0x975717ff
0x8f4f17ff 0x8f4f17ff 0x874717ff 0x7f3f17ff
0x773f0fff 0x773f17ff 0x7f3f17ff 0x7f3f0fff
0x874717ff 0x975717ff 0xa75f17ff 0xa75f17ff
0xa75f17ff 0xa75f17ff 0xaf6717ff 0xaf671fff
0xaf671fff 0xa75f17ff 0x9f4f17ff 0x8f4717ff
0x874717ff 0x974f17ff 0x9f5717ff 0xa75717ff
0x9f5717ff 0x9f5717ff 0x974f17ff 0x8f4717ff
0x773f0fff 0x672f0fff 0x5f270fff 0x57270fff
0x57270fff 0x5f2f0fff 0x6f370fff 0x7f3f0fff
0x8f4f17ff 0x974f17ff 0x974f17ff 0x974f17ff
0x974f17ff 0x974f17ff 0x974f17ff 0x8f4717ff
0x7f3f0fff 0x7f3f0fff 0x7f3f0fff 0x773f0fff
0x6f370fff 0x672f0fff 0x672f0fff 0x77370fff
0x873f17ff 0x873f17ff 0x873f17ff 0x874717ff
0x8f4717ff 0x8f4f17ff 0x8f4f17ff 0x974f17ff
0x974f17ff 0x8f4f17ff 0x8f4717ff 0x8f4f17ff
0x8f4f17ff 0x8f4717ff 0x7f4717ff 0x773f17ff
0x773f17ff 0x773f17ff 0x6f3f17ff 0x773f17ff
0x874717ff 0x8f4f17ff 0x975717ff 0x9f571fff
0x9f571fff 0x975717ff 0x8f4f17ff 0x874717ff
0x773f17ff 0x6f3f17ff 0x773f17ff 0x773f17ff
0x773f17ff 0x7f4717ff 0x8f4717ff 0x8f4f17ff
0x8f4f17ff 0x8f4717ff 0x8f4f17ff 0x974f17ff
0x974f17ff 0x8f4f17ff 0x8f4f17ff 0x8f4717ff
0x874717ff 0x873f17ff 0x873f17ff 0x873f17ff
0x77370fff 0x672f0fff 0x672f0fff 0x6f370fff
0x773f0fff 0x7f3f0fff 0x7f3f0fff 0x7f3f0fff
0x8f4717ff 0x974f17ff 0x974f17ff 0x974f17ff
0x974f17ff 0x974f17ff 0x974f17ff 0x8f4f17ff
0x7f3f0fff 0x6f370fff 0x5f2f0fff 0x57270fff
0x57270fff 0x5f270fff 0x672f0fff 0x773f0fff
0x8f4717ff 0x974f17ff 0x9f5717ff 0x9f5717ff
0xa75717ff 0x9f5717ff 0x974f17ff 0x874717ff
0x8f4717ff 0x9f4f17ff 0xa75f17ff 0xaf671fff
0xaf671fff 0xaf6717ff 0xa75f17ff 0xa75f17ff
0xa75f17ff 0xa75f17ff 0x975717ff 0x874717ff
0x7f3f0fff 0x7f3f17ff 0x773f17ff 0x773f0fff
0x7f3f17ff 0x874717ff 0x8f4f17ff 0x8f4f17ff
0x975717ff 0x9f5717ff 0x9f5717ff 0x9f4f17ff
0x9f4f17ff 0x9f4f17ff 0x9f5717ff 0x9f5717ff
0x9f5717ff 0x9f5717ff 0x9f5717ff 0x9f5717ff
0x9f5717ff 0x8f4f17ff 0x874717ff 0x874717ff
0x8f4f17ff 0x975717ff 0x8f5717ff 0x8f4f17ff
0x974f17ff 0x975717ff 0x9f571fff 0xa7571fff
0xa7571fff 0x9f571fff 0x975717ff 0x974f17ff
0x974f17ff 0x975717ff 0x975717ff 0x974f17ff
0x874717ff 0x7f4717ff 0x8f4f17ff 0x974f17ff
0x9f5717ff 0x9f5717ff 0x9f5717ff 0x975717ff
0x975717ff 0x9f5717ff 0x9f4f17ff 0x9f4f17ff
0x9f4f17ff 0x9f5717ff 0x9f5717ff 0x974f17ff
0x8f4f17ff 0x8f4717ff 0x874717ff 0x7f3f0fff
0x7f3f0fff 0x773f17ff 0x77370fff 0x77370fff
0x874717ff 0x975717ff 0xa75f17ff 0xa75f17ff
0xa75f17ff 0xa75f17ff 0xaf6717ff 0xaf671fff
0xaf671fff 0xa75f17ff 0x9f5717ff 0x8f4717ff
0x8f4717ff 0x974f17ff 0x9f5717ff 0xa75f17ff
0xa75f17ff 0x9f5717ff 0x974f17ff 0x8f4717ff
0x773f0fff 0x5f2f0fff 0x5f2f0fff 0x57270fff
0x57270fff 0x672f0fff 0x77370fff 0x7f3f17ff
0x8f4717ff 0x974f17ff 0x974f17ff 0x974f17ff
0x974f17ff 0x974f17ff 0x974f17ff 0x8f4717ff
0x873f17ff 0x7f3f0fff 0x773f17ff 0x773f17ff
0x6f370fff 0x672f0fff 0x672f0fff 0x77370fff
0x873f17ff 0x873f17ff 0x873f17ff 0x8f4717ff
0x8f4f17ff 0x8f4717ff 0x8f4717ff 0x8f4f17ff
0x974f17ff 0x974f17ff 0x8f4717ff 0x8f4f17ff
0x8f4717ff 0x8f4717ff 0x7f4717ff 0x773f17ff
0x773f17ff 0x773f17ff 0x6f3717ff 0x773f17ff
0x874717ff 0x8f4f17ff 0x975717ff 0x9f5f1fff
0x9f5f1fff 0x975717ff 0x8f4f17ff 0x874717ff
0x773f17ff 0x6f3717ff 0x773f17ff 0x773f17ff
0x773f17ff 0x7f4717ff 0x8f4717ff 0x8f4717ff
0x8f4f17ff 0x8f4717ff 0x974f17ff 0x974f17ff
0x8f4f17ff 0x8f4717ff 0x8f4717ff 0x8f4f17ff
0x8f4717ff 0x873f17ff 0x873f17ff 0x873f17ff
0x77370fff 0x672f0fff 0x672f0fff 0x6f370fff
0x773f17ff 0x773f17ff 0x7f3f0fff 0x873f17ff
0x8f4717ff 0x974f17ff 0x974f17ff 0x974f17ff
0x974f17ff 0x974f17ff 0x974f17ff 0x8f4717ff
0x7f3f17ff 0x77370fff 0x672f0fff 0x57270fff
0x57270fff 0x5f2f0fff 0x5f2f0fff 0x773f0fff
0x8f4717ff 0x974f17ff 0x9f5717ff 0xa75f17ff
0xa75f17ff 0x9f5717ff 0x974f17ff 0x8f4717ff
0x8f4717ff 0x9f5717ff 0xa75f17ff 0xaf671fff
0xaf671fff 0xaf6717ff 0xa75f17ff 0xa75f17ff
0xa75f17ff 0xa75f17ff 0x975717ff 0x874717ff
0x77370fff 0x77370fff 0x773f17ff 0x7f3f0fff
0x7f3f0fff 0x874717ff 0x8f4717ff 0x8f4f17ff
0x974f17ff 0x9f5717ff 0x9f5717ff 0x9f4f17ff
0x9f4f17ff 0x9f4f17ff 0x9f5717ff 0x975717ff
0x975717ff 0x9f5717ff 0x9f5717ff 0x9f5717ff
0x974f17ff 0x8f4f17ff 0x7f4717ff 0x874717ff
0x974f17ff 0x975717ff 0x975717ff 0x974f17ff
0x974f17ff 0x975717ff 0x9f571fff 0xa7571fff
0xa75717ff 0x9f571fff 0x9f5717ff 0x975717ff
0x975717ff 0x975717ff 0x9f5717ff 0x974f17ff
0x7f4717ff 0x7f4717ff 0x8f4f17ff 0x9f5717ff
0x9f5717ff 0x9f5717ff 0x975717ff 0x975717ff
0x975717ff 0x975717ff 0x974f17ff 0x9f4f17ff
0x9f4f17ff 0x9f5717ff 0x974f17ff 0x8f4f17ff
0x8f4717ff 0x874717ff 0x7f3f17ff 0x773f0fff
0x7f3f0fff 0x77370fff 0x6f370fff 0x77370fff
0x874717ff 0x9f5717ff 0xa75f17ff 0xa75f17ff
0xa75f17ff 0xa75f17ff 0xaf5f17ff 0xaf6717ff
0xaf5f1fff 0xa75717ff 0x9f5717ff 0x974f17ff
0x8f4717ff 0x9f5717ff 0xa75f17ff 0xa75f17ff
0xa75f17ff 0xa75717ff 0x9f4f17ff 0x8f4717ff
0x7f3f17ff 0x5f370fff 0x5f2f0fff 0x5f2f0fff
0x57270fff 0x6f2f0fff 0x7f3717ff 0x873f17ff
0x8f4717ff 0x974f17ff 0x974f17ff 0x974f17ff
0x974f17ff 0x974f17ff 0x974f17ff 0x874717ff
0x7f3f17ff 0x7f3f17ff 0x7f3f17ff 0x773f17ff
0x6f3717ff 0x672f0fff 0x672f0fff 0x773717ff
0x873f17ff 0x873f17ff 0x874717ff 0x8f4717ff
0x8f4f17ff 0x8f4717ff 0x8f4717ff 0x8f4717ff
0x8f4f17ff 0x8f4f17ff 0x8f4f17ff 0x8f4f17ff
0x8f4717ff 0x874717ff 0x7f3f17ff 0x773f17ff
0x773f17ff 0x773f17ff 0x773f17ff 0x773f17ff
0x874717ff 0x8f4f17ff 0x975717ff 0x9f5f1fff
0x9f5f1fff 0x975717ff 0x8f4f17ff 0x874717ff
0x773f17ff 0x773f17ff 0x773f17ff 0x773f17ff
0x773f17ff 0x7f3f17ff 0x874717ff 0x8f4717ff
0x8f4f17ff 0x8f4f17ff 0x8f4f17ff 0x8f4f17ff
0x8f4717ff 0x8f4717ff 0x8f4717ff 0x8f4f17ff
0x8f4717ff 0x874717ff 0x873f17ff 0x873f17ff
0x773717ff 0x672f0fff 0x672f0fff 0x6f3717ff
0x773f17ff 0x7f3f17ff 0x7f3f17ff 0x7f3f17ff
0x874717ff 0x974f17ff 0x974f17ff 0x974f17ff
0x974f17ff 0x974f17ff 0x974f17ff 0x8f4717ff
0x873f17ff 0x7f3717ff 0x6f2f0fff 0x57270fff
0x5f2f0fff 0x5f2f0fff 0x5f370fff 0x7f3f17ff
0x8f4717ff 0x9f4f17ff 0xa75717ff 0xa75f17ff
0xa75f17ff 0xa75f17ff 0x9f5717ff 0x8f4717ff
0x974f17ff 0x9f5717ff 0xa75717ff 0xaf5f1fff
0xaf6717ff 0xaf5f17ff 0xa75f17ff 0xa75f17ff
0xa75f17ff 0xa75f17ff 0x9f5717ff 0x874717ff
0x77370fff 0x6f370fff 0x77370fff 0x7f3f0fff
0x773f0fff 0x7f3f17ff 0x874717ff 0x8f4717ff
0x8f4f17ff 0x974f17ff 0x9f5717ff 0x9f4f17ff
0x9f4f17ff 0x974f17ff 0x975717ff 0x975717ff
0x975717ff 0x975717ff 0x9f5717ff 0x9f5717ff
0x9f5717ff 0x8f4f17ff 0x7f4717ff 0x7f4717ff
0x974f17ff 0x9f5717ff 0x975717ff 0x975717ff
0x975717ff 0x9f5717ff 0x9f571fff 0xa75717ff
0xa75717ff 0x9f5717ff 0x9f5717ff 0x975717ff
0x974f17ff 0x9f5717ff 0x9f5717ff 0x8f4f17ff
0x7f4717ff 0x7f4717ff 0x8f4f17ff 0x975717ff
0x9f5717ff 0x9f5717ff 0x975717ff 0x975717ff
0x975717ff 0x975717ff 0x9f5717ff 0x9f4f17ff
0x9f4f17ff 0x9f5717ff 0x974f17ff 0x8f4f17ff
0x8f4717ff 0x874717ff 0x7f3f17ff 0x77370fff
0x773f0fff 0x773f0fff 0x77370fff 0x773f0fff
0x874717ff 0x9f5717ff 0xa75f17ff 0xa75f17ff
0xa75f17ff 0xa75f17ff 0xaf5f17ff 0xaf6717ff
0xaf5f1fff 0xa75f17ff 0x9f5717ff 0x974f17ff
0x974f17ff 0x9f5717ff 0xa75f17ff 0xa75f17ff
0xa75f17ff 0xa75717ff 0x9f5717ff 0x974717ff
0x7f3f17ff 0x67370fff 0x672f0fff 0x5f2f0fff
0x572f0fff 0x6f370fff 0x7f3f17ff 0x874717ff
0x8f4717ff 0x974f17ff 0x974f17ff 0x974f17ff
0x974f17ff 0x974f17ff 0x8f4717ff 0x874717ff
0x7f3f17ff 0x7f3f17ff 0x7f3f17ff 0x7f3f17ff
0x77370fff 0x6f370fff 0x6f370fff 0x7f3717ff
0x873f17ff 0x874717ff 0x874717ff 0x8f4717ff
0x8f4717ff 0x8f4717ff 0x8f4717ff 0x8f4717ff
0x8f4717ff 0x8f4f17ff 0x8f4f17ff 0x974f17ff
0x974f17ff 0x8f4717ff 0x874717ff 0x7f3f17ff
0x7f3f17ff 0x773f17ff 0x773f17ff 0x773f17ff
0x874717ff 0x8f4f17ff 0x975717ff 0x9f5f1fff
0x9f5f1fff 0x975717ff 0x8f4f17ff 0x874717ff
0x773f17ff 0x773f17ff 0x773f17ff 0x7f3f17ff
0x7f3f17ff 0x874717ff 0x8f4717ff 0x974f17ff
0x974f17ff 0x8f4f17ff 0x8f4f17ff 0x8f4717ff
0x8f4717ff 0x8f4717ff 0x8f4717ff 0x8f4717ff
0x8f4717ff 0x874717ff 0x874717ff 0x873f17ff
0x7f3717ff 0x6f370fff 0x6f370fff 0x77370fff
0x7f3f17ff 0x7f3f17ff 0x7f3f17ff 0x7f3f17ff
0x874717ff 0x8f4717ff 0x974f17ff 0x974f17ff
0x974f17ff 0x974f17ff 0x974f17ff 0x8f4717ff
0x874717ff 0x7f3f17ff 0x6f370fff 0x572f0fff
0x5f2f0fff 0x672f0fff 0x67370fff 0x7f3f17ff
0x974717ff 0x9f5717ff 0xa75717ff 0xa75f17ff
0xa75f17ff 0xa75f17ff 0x9f5717ff 0x974f17ff
0x974f17ff 0x9f5717ff 0xa75f17ff 0xaf5f1fff
0xaf6717ff 0xaf5f17ff 0xa75f17ff 0xa75f17ff
0xa75f17ff 0xa75f17ff 0x9f5717ff 0x874717ff
0x773f0fff 0x77370fff 0x773f0fff 0x773f0fff
0x77370fff 0x7f3f17ff 0x874717ff 0x8f4717ff
0x8f4f17ff 0x974f17ff 0x9f5717ff 0x9f4f17ff
0x9f4f17ff 0x9f5717ff 0x975717ff 0x975717ff
0x975717ff 0x975717ff 0x9f5717ff 0x9f5717ff
0x975717ff 0x8f4f17ff 0x7f4717ff 0x7f4717ff
0x8f4f17ff 0x9f5717ff 0x9f5717ff 0x974f17ff
0x975717ff 0x9f5717ff 0x9f5717ff 0xa75717ff
0xa75f1fff 0x9f571fff 0x9f5717ff 0x974f17ff
0x974f17ff 0x9f5717ff 0x975717ff 0x8f4f17ff
0x873f17ff 0x874717ff 0x8f4f17ff 0x975717ff
0x9f5717ff 0x9f5717ff 0x975717ff 0x975717ff
0x975717ff 0x9f5717ff 0x9f5717ff 0x974f17ff
0x974f17ff 0x9f5717ff 0x974f17ff 0x8f4f17ff
0x8f4717ff 0x874717ff 0x7f3f17ff 0x6f370fff
0x77370fff 0x77370fff 0x773f0fff 0x7f3f0fff
0x8f4717ff 0x9f5717ff 0xa75717ff 0xa75f17ff
0xa75f17ff 0xa75f17ff 0xaf6717ff 0xb7671fff
0xaf671fff 0xaf5f1fff 0xa75f1fff 0x9f571fff
0x9f5717ff 0xa75f17ff 0xa75f17ff 0xa75f17ff
0xa75f17ff 0xa75717ff 0x9f5717ff 0x974f17ff
0x7f3f17ff 0x67370fff 0x67370fff 0x672f0fff
0x5f2f0fff 0x6f370fff 0x7f3f17ff 0x874717ff
0x8f4717ff 0x974f17ff 0x974f17ff 0x974f17ff
0x974f17ff 0x974f17ff 0x8f4f17ff 0x8f4717ff
0x7f3f17ff 0x773f0fff 0x773f0fff 0x7f3f0fff
0x77370fff 0x6f370fff 0x6f370fff 0x7f3f17ff
0x874717ff 0x874717ff 0x874717ff 0x874717ff
0x8f4717ff 0x874717ff 0x874717ff 0x8f4717ff
0x8f4f17ff 0x8f4f17ff 0x974f17ff 0x974f17ff
0x974f17ff 0x8f4717ff 0x873f17ff 0x7f3f17ff
0x7f3f17ff 0x773f17ff 0x6f370fff 0x77370fff
0x7f3f17ff 0x8f4f17ff 0x975717ff 0x97571fff
0x97571fff 0x975717ff 0x8f4f17ff 0x7f3f17ff
0x77370fff 0x6f370fff 0x773f17ff 0x7f3f17ff
0x7f3f17ff 0x873f17ff 0x8f4717ff 0x974f17ff
0x974f17ff 0x974f17ff 0x8f4f17ff 0x8f4f17ff
0x8f4717ff 0x874717ff 0x874717ff 0x8f4717ff
0x874717ff 0x874717ff 0x874717ff 0x874717ff
0x7f3f17ff 0x6f370fff 0x6f370fff 0x77370fff
0x7f3f0fff 0x773f0fff 0x773f0fff 0x7f3f17ff
0x8f4717ff 0x8f4f17ff 0x974f17ff 0x974f17ff
0x974f17ff 0x974f17ff 0x974f17ff 0x8f4717ff
0x874717ff 0x7f3f17ff 0x6f370fff 0x5f2f0fff
0x672f0fff 0x67370fff 0x67370fff 0x7f3f17ff
0x974f17ff 0x9f5717ff 0xa75717ff 0xa75f17ff
0xa75f17ff 0xa75f17ff 0xa75f17ff 0x9f5717ff
0x9f571fff 0xa75f1fff 0xaf5f1fff 0xaf671fff
0xb7671fff 0xaf6717ff 0xa75f17ff 0xa75f17ff
0xa75f17ff 0xa75717ff 0x9f5717ff 0x8f4717ff
0x7f3f0fff 0x773f0fff 0x77370fff 0x77370fff
0x6f370fff 0x7f3f17ff 0x874717ff 0x8f4717ff
0x8f4f17ff 0x974f17ff 0x9f5717ff 0x974f17ff
0x974f17ff 0x9f5717ff 0x9f5717ff 0x975717ff
0x975717ff 0x975717ff 0x9f5717ff 0x9f5717ff
0x975717ff 0x8f4f17ff 0x874717ff 0x873f17ff
0x8f4f17ff 0x975717ff 0x9f5717ff 0x974f17ff
0x974f17ff 0x9f5717ff 0x9f571fff 0xa75f1fff
0xa75f1fff 0x9f571fff 0x9f5717ff 0x974f17ff
0x974f17ff 0x9f5717ff 0x975717ff 0x8f4f17ff
0x873f17ff 0x7f3f17ff 0x8f4f17ff 0x975717ff
0x9f5717ff 0x9f5717ff 0x975717ff 0x975717ff
0x975717ff 0x9f5717ff 0x9f5717ff 0x974f17ff
0x974f17ff 0x9f5717ff 0x974f17ff 0x8f4f17ff
0x8f4717ff 0x874717ff 0x7f3f17ff 0x6f370fff
0x77370fff 0x77370fff 0x773f0fff 0x7f3f0fff
0x8f4717ff 0x9f5717ff 0xa75717ff 0xa75f17ff
0xa75f17ff 0xa75f17ff 0xaf6717ff 0xb7671fff
0xaf671fff 0xaf5f1fff 0xa75f1fff 0x9f571fff
0x9f5717ff 0xa75f17ff 0xa75f17ff 0xa75f17ff
0xa75f17ff 0xa75717ff 0x9f5717ff 0x974f17ff
0x7f3f17ff 0x67370fff 0x67370fff 0x672f0fff
0x5f2f0fff 0x6f370fff 0x7f3f17ff 0x874717ff
0x8f4717ff 0x974f17ff 0x974f17ff 0x974f17ff
0x974f17ff 0x974f17ff 0x8f4f17ff 0x8f4717ff
0x7f3f17ff 0x773f0fff 0x773f0fff 0x7f3f0fff
0x77370fff 0x6f370fff 0x6f370fff 0x7f3f17ff
0x874717ff 0x874717ff 0x874717ff 0x874717ff
0x8f4717ff 0x874717ff 0x874717ff 0x8f4717ff
0x8f4f17ff 0x8f4f17ff 0x974f17ff 0x974f17ff
0x974f17ff 0x8f4717ff 0x873f17ff 0x7f3f17ff
0x7f3f17ff 0x773f17ff 0x6f370fff 0x6f370fff
0x7f3f17ff 0x8f4717ff 0x975717ff 0x97571fff
0x97571fff 0x975717ff 0x8f4717ff 0x7f3f17ff
0x6f370fff 0x6f370fff 0x773f17ff 0x7f3f17ff
0x7f3f17ff 0x873f17ff 0x8f4717ff 0x974f17ff
0x974f17ff 0x974f17ff 0x8f4f17ff 0x8f4f17ff
0x8f4717ff 0x874717ff 0x874717ff 0x8f4717ff
0x874717ff 0x874717ff 0x874717ff 0x874717ff
0x7f3f17ff 0x6f370fff 0x6f370fff 0x77370fff
0x7f3f0fff 0x773f0fff 0x773f0fff 0x7f3f17ff
0x8f4717ff 0x8f4f17ff 0x974f17ff 0x974f17ff
0x974f17ff 0x974f17ff 0x974f17ff 0x8f4717ff
0x874717ff 0x7f3f17ff 0x6f370fff 0x5f2f0fff
0x672f0fff 0x67370fff 0x67370fff 0x7f3f17ff
0x974f17ff 0x9f5717ff 0xa75717ff 0xa75f17ff
0xa75f17ff 0xa75f17ff 0xa75f17ff 0x9f5717ff
0x9f571fff 0xa75f1fff 0xaf5f1fff 0xaf671fff
0xb7671fff 0xaf6717ff 0xa75f17ff 0xa75f17ff
0xa75f17ff 0xa75717ff 0x9f5717ff 0x8f4717ff
0x7f3f0fff 0x773f0fff 0x77370fff 0x77370fff
0x6f370fff 0x7f3f17ff 0x874717ff 0x8f4717ff
0x8f4f17ff 0x974f17ff 0x9f5717ff 0x974f17ff
0x974f17ff 0x9f5717ff 0x9f5717ff 0x975717ff
0x975717ff 0x975717ff 0x9f5717ff 0x9f5717ff
0x975717ff 0x8f4f17ff 0x7f3f17ff 0x873f17ff
0x8f4f17ff 0x975717ff 0x9f5717ff 0x974f17ff
0x974f17ff 0x9f5717ff 0x9f571fff 0xa75f1fff
0xa75717ff 0x9f5717ff 0x9f5717ff 0x975717ff
0x974f17ff 0x9f5717ff 0x9f5717ff 0x8f4f17ff
0x7f4717ff 0x7f4717ff 0x8f4f17ff 0x975717ff
0x9f5717ff 0x9f5717ff 0x975717ff 0x975717ff
0x975717ff 0x975717ff 0x9f5717ff 0x974f17ff
0x9f4f17ff 0x9f4f17ff 0x974f17ff 0x8f4f17ff
0x8f4717ff 0x8f4717ff 0x7f3f17ff 0x77370fff
0x773f0fff 0x773f0fff 0x77370fff 0x773f0fff
0x874717ff 0x975717ff 0xa75f17ff 0xa75f17ff
0xa75717ff 0xa75f17ff 0xaf5f17ff 0xaf6717ff
0xaf5f1fff 0xa75f17ff 0x9f5717ff 0x974f17ff
0x974f17ff 0x9f5717ff 0xa75f17ff 0xa75f17ff
0xa75f17ff 0xa75717ff 0x9f4f17ff 0x974717ff
0x7f3f17ff 0x67370fff 0x672f0fff 0x5f2f0fff
0x572f0fff 0x6f370fff 0x7f3f17ff 0x873f17ff
0x8f4717ff 0x974f17ff 0x974f17ff 0x974f17ff
0x974f17ff 0x974f17ff 0x974717ff 0x8f4717ff
0x7f3f17ff 0x7f3f17ff 0x7f3f17ff 0x7f3f17ff
0x77370fff 0x6f370fff 0x6f370fff 0x773717ff
0x873f17ff 0x874717ff 0x874717ff 0x874717ff
0x8f4f17ff 0x8f4717ff 0x8f4717ff 0x8f4717ff
0x8f4717ff 0x8f4f17ff 0x8f4f17ff 0x974f17ff
0x974f17ff 0x8f4717ff 0x874717ff 0x7f3f17ff
0x7f3f17ff 0x773f17ff 0x773f17ff 0x773f17ff
0x7f4717ff 0x8f4f17ff 0x975717ff 0x9f5f1fff
0x9f5f1fff 0x975717ff 0x8f4f17ff 0x7f4717ff
0x773f17ff 0x773f17ff 0x773f17ff 0x7f3f17ff
0x7f3f17ff 0x874717ff 0x8f4717ff 0x974f17ff
0x974f17ff 0x8f4f17ff 0x8f4f17ff 0x8f4717ff
0x8f4717ff 0x8f4717ff 0x8f4717ff 0x8f4f17ff
0x874717ff 0x874717ff 0x874717ff 0x873f17ff
0x773717ff 0x6f370fff 0x6f370fff 0x77370fff
0x7f3f17ff 0x7f3f17ff 0x7f3f17ff 0x7f3f17ff
0x8f4717ff 0x974717ff 0x974f17ff 0x974f17ff
0x974f17ff 0x974f17ff 0x974f17ff 0x8f4717ff
0x873f17ff 0x7f3f17ff 0x6f370fff 0x572f0fff
0x5f2f0fff 0x672f0fff 0x67370fff 0x7f3f17ff
0x974717ff 0x9f4f17ff 0xa75717ff 0xa75f17ff
0xa75f17ff 0xa75f17ff 0x9f5717ff 0x974f17ff
0x974f17ff 0x9f5717ff 0xa75f17ff 0xaf5f1fff
0xaf6717ff 0xaf5f17ff 0xa75f17ff 0xa75717ff
0xa75f17ff 0xa75f17ff 0x975717ff 0x874717ff
0x773f0fff 0x77370fff 0x773f0fff 0x773f0fff
0x77370fff 0x7f3f17ff 0x8f4717ff 0x8f4717ff
0x8f4f17ff 0x974f17ff 0x9f4f17ff 0x9f4f17ff
0x974f17ff 0x9f5717ff 0x975717ff 0x975717ff
0x975717ff 0x975717ff 0x9f5717ff 0x9f5717ff
0x975717ff 0x8f4f17ff 0x7f4717ff 0x7f4717ff
0x8f4f17ff 0x9f5717ff 0x9f5717ff 0x974f17ff
0x975717ff 0x9f5717ff 0x9f5717ff 0xa75717ff
0xa75717ff 0x9f571fff 0x9f5717ff 0x975717ff
0x975717ff 0x9f5717ff 0x9f5717ff 0x974f17ff
0x874717ff 0x7f4717ff 0x8f4f17ff 0x975717ff
0x9f5717ff 0x9f5717ff 0x975717ff 0x975717ff
0x975717ff 0x975717ff 0x974f17ff 0x974f17ff
0x9f4f17ff 0x9f4f17ff 0x974f17ff 0x974f17ff
0x8f4717ff 0x8f4717ff 0x7f3f17ff 0x773f0fff
0x773f0fff 0x77370fff 0x6f370fff 0x77370fff
0x874717ff 0x9f5717ff 0xa75f17ff 0xa75f17ff
0xa75f17ff 0xa75f17ff 0xaf5f17ff 0xaf6717ff
0xaf5f1fff 0xa75f17ff 0x9f5717ff 0x974f17ff
0x8f4717ff 0x975717ff 0x9f5f17ff 0xa75f17ff
0xa75f17ff 0xa75717ff 0x9f4f17ff 0x974717ff
0x7f3f17ff 0x5f2f0fff 0x5f2f0fff 0x5f2f0fff
0x57270fff 0x672f0fff 0x7f3717ff 0x873f17ff
0x8f4717ff 0x974f17ff 0x974f17ff 0x974f17ff
0x974f17ff 0x974f17ff 0x974f17ff 0x8f4717ff
0x7f3f17ff 0x7f3f17ff 0x7f3f17ff 0x773f17ff
0x6f3717ff 0x672f0fff 0x672f0fff 0x773717ff
0x7f3f17ff 0x873f17ff 0x874717ff 0x874717ff
0x8f4f17ff 0x8f4717ff 0x8f4717ff 0x8f4717ff
0x8f4717ff 0x8f4f17ff 0x8f4f17ff 0x8f4f17ff
0x8f4717ff 0x874717ff 0x7f3f17ff 0x773f17ff
0x773f17ff 0x773f17ff 0x773f17ff 0x773f17ff
0x874717ff 0x8f4f17ff 0x975717ff 0x9f5f1fff
0x9f5f1fff 0x975717ff 0x8f4f17ff 0x874717ff
0x773f17ff 0x773f17ff 0x773f17ff 0x773f17ff
0x773f17ff 0x7f3f17ff 0x874717ff 0x8f4717ff
0x8f4f17ff 0x8f4f17ff 0x8f4f17ff 0x8f4717ff
0x8f4717ff 0x8f4717ff 0x8f4717ff 0x8f4f17ff
0x874717ff 0x874717ff 0x873f17ff 0x7f3f17ff
0x773717ff 0x672f0fff 0x672f0fff 0x6f3717ff
0x773f17ff 0x7f3f17ff 0x7f3f17ff 0x7f3f17ff
0x8f4717ff 0x974f17ff 0x974f17ff 0x974f17ff
0x974f17ff 0x974f17ff 0x974f17ff 0x8f4717ff
0x873f17ff 0x7f3717ff 0x672f0fff 0x57270fff
0x5f2f0fff 0x5f2f0fff 0x5f2f0fff 0x7f3f17ff
0x974717ff 0x9f4f17ff 0xa75717ff 0xa75f17ff
0xa75f17ff 0x9f5f17ff 0x975717ff 0x8f4717ff
0x974f17ff 0x9f5717ff 0xa75f17ff 0xaf5f1fff
0xaf6717ff 0xaf5f17ff 0xa75f17ff 0xa75f17ff
0xa75f17ff 0xa75f17ff 0x9f5717ff 0x874717ff
0x77370fff 0x6f370fff 0x77370fff 0x773f0fff
0x773f0fff 0x7f3f17ff 0x8f4717ff 0x8f4717ff
0x974f17ff 0x974f17ff 0x9f4f17ff 0x9f4f17ff
0x974f17ff 0x974f17ff 0x975717ff 0x975717ff
0x975717ff 0x975717ff 0x9f5717ff 0x9f5717ff
0x975717ff 0x8f4f17ff 0x7f4717ff 0x874717ff
0x974f17ff 0x9f5717ff 0x9f5717ff 0x975717ff
0x975717ff 0x9f5717ff 0x9f571fff 0xa75717ff
0xa7571fff 0x9f571fff 0x975717ff 0x974f17ff
0x974f17ff 0x975717ff 0x975717ff 0x974f17ff
0x874717ff 0x874717ff 0x8f4f17ff 0x974f17ff
0x9f5717ff 0x9f5717ff 0x9f5717ff 0x975717ff
0x975717ff 0x9f5717ff 0x9f4f17ff 0x9f4f17ff
0x9f5717ff 0x9f5717ff 0x9f5717ff 0x974f17ff
0x8f4f17ff 0x8f4717ff 0x874717ff 0x7f3f0fff
0x7f3f0fff 0x773f17ff 0x77370fff 0x773f0fff
0x874717ff 0x9f5717ff 0xa75f17ff 0xa75f17ff
0xa75f17ff 0xa75f17ff 0xaf6717ff 0xaf671fff
0xaf671fff 0xa75f17ff 0x9f5717ff 0x8f4717ff
0x874717ff 0x974f17ff 0x9f5717ff 0xa75f17ff
0xa75f17ff 0x9f5717ff 0x974f17ff 0x8f4717ff
0x773f0fff 0x5f370fff 0x5f2f0fff 0x57270fff
0x57270fff 0x672f0fff 0x77370fff 0x7f3f17ff
0x8f4717ff 0x974f17ff 0x974f17ff 0x974f17ff
0x974f17ff 0x974f17ff 0x974f17ff 0x8f4717ff
0x873f17ff 0x7f3f0fff 0x7f3f17ff 0x773f17ff
0x6f370fff 0x672f0fff 0x672f0fff 0x77370fff
0x873f17ff 0x873f17ff 0x873f17ff 0x874717ff
0x8f4f17ff 0x8f4717ff 0x8f4717ff 0x8f4f17ff
0x974f17ff 0x974f17ff 0x8f4717ff 0x8f4f17ff
0x8f4717ff 0x8f4717ff 0x7f4717ff 0x773f17ff
0x773f17ff 0x773f17ff 0x6f3f17ff 0x773f17ff
0x874717ff 0x8f4f17ff 0x975717ff 0x9f5f1fff
0x9f5f1fff 0x975717ff 0x8f4f17ff 0x874717ff
0x773f17ff 0x6f3f17ff 0x773f17ff 0x773f17ff
0x773f17ff 0x7f4717ff 0x8f4717ff 0x8f4717ff
0x8f4f17ff 0x8f4717ff 0x974f17ff 0x974f17ff
0x8f4f17ff 0x8f4717ff 0x8f4717ff 0x8f4f17ff
0x874717ff 0x873f17ff 0x873f17ff 0x873f17ff
0x77370fff 0x672f0fff 0x672f0fff 0x6f370fff
0x773f17ff 0x7f3f17ff 0x7f3f0fff 0x873f17ff
0x8f4717ff 0x974f17ff 0x974f17ff 0x974f17ff
0x974f17ff 0x974f17ff 0x974f17ff 0x8f4717ff
0x7f3f17ff 0x77370fff 0x672f0fff 0x57270fff
0x57270fff 0x5f2f0fff 0x5f370fff 0x773f0fff
0x8f4717ff 0x974f17ff 0x9f5717ff 0xa75f17ff
0xa75f17ff 0x9f5717ff 0x974f17ff 0x874717ff
0x8f4717ff 0x9f5717ff 0xa75f17ff 0xaf671fff
0xaf671fff 0xaf6717ff 0xa75f17ff 0xa75f17ff
0xa75f17ff 0xa75f17ff 0x9f5717ff 0x874717ff
0x773f0fff 0x77370fff 0x773f17ff 0x7f3f0fff
0x7f3f0fff 0x874717ff 0x8f4717ff 0x8f4f17ff
0x974f17ff 0x9f5717ff 0x9f5717ff 0x9f5717ff
0x9f4f17ff 0x9f4f17ff 0x9f5717ff 0x975717ff
0x975717ff 0x9f5717ff 0x9f5717ff 0x9f5717ff
0x974f17ff 0x8f4f17ff 0x874717ff 0x874717ff
0x974f17ff 0x975717ff 0x975717ff 0x974f17ff
0x974f17ff 0x975717ff 0x9f571fff 0xa7571fff
0xa7571fff 0x9f571fff 0x9f5717ff 0x974f17ff
0x8f4f17ff 0x975717ff 0x975717ff 0x8f4f17ff
0x874717ff 0x874717ff 0x8f4f17ff 0x975717ff
0x9f5717ff 0x9f5717ff 0x9f5717ff 0x9f5717ff
0x9f5717ff 0x9f5717ff 0x9f5717ff 0x9f4f17ff
0x9f5717ff 0x9f5717ff 0x9f5717ff 0x9f4f17ff
0x8f4f17ff 0x8f4f17ff 0x8f4717ff 0x7f3f17ff
0x773f0fff 0x773f17ff 0x7f3f17ff 0x7f3f0fff
0x874717ff 0x975717ff 0xa75f17ff 0xa75f17ff
0xa75f17ff 0xa75f17ff 0xaf5f17ff 0xb7671fff
0xaf671fff 0xa75f17ff 0x9f4f17ff 0x8f4717ff
0x874717ff 0x8f4f17ff 0x9f5717ff 0xa75717ff
0x9f5717ff 0x9f5717ff 0x974f17ff 0x8f4717ff
0x773f0fff 0x672f0fff 0x5f2f0fff 0x57270fff
0x5f270fff 0x672f0fff 0x6f370fff 0x7f3f0fff
0x874717ff 0x974f17ff 0x974f17ff 0x974f17ff
0x974f17ff 0x974f17ff 0x974717ff 0x8f4717ff
0x7f3f0fff 0x7f3f0fff 0x7f3f0fff 0x7f370fff
0x6f370fff 0x672f0fff 0x672f0fff 0x77370fff
0x873f17ff 0x873f17ff 0x873f17ff 0x874717ff
0x8f4717ff 0x8f4f17ff 0x8f4f17ff 0x974f17ff
0x974f17ff 0x8f4f17ff 0x8f4717ff 0x8f4f17ff
0x8f4f17ff 0x8f4717ff 0x7f4717ff 0x773f17ff
0x773f17ff 0x773f17ff 0x6f3f17ff 0x773f17ff
0x874717ff 0x8f4f17ff 0x975717ff 0x975f1fff
0x975f1fff 0x975717ff 0x8f4f17ff 0x874717ff
0x773f17ff 0x6f3f17ff 0x773f17ff 0x773f17ff
0x773f17ff 0x7f4717ff 0x8f4717ff 0x8f4f17ff
0x8f4f17ff 0x8f4717ff 0x8f4f17ff 0x974f17ff
0x974f17ff 0x8f4f17ff 0x8f4f17ff 0x8f4717ff
0x874717ff 0x873f17ff 0x873f17ff 0x873f17ff
0x77370fff 0x672f0fff 0x672f0fff 0x6f370fff
0x7f370fff 0x7f3f0fff 0x7f3f0fff 0x7f3f0fff
0x8f4717ff 0x974717ff 0x974f17ff 0x974f17ff
0x974f17ff 0x974f17ff 0x974f17ff 0x874717ff
0x7f3f0fff 0x6f370fff 0x672f0fff 0x5f270fff
0x57270fff 0x5f2f0fff 0x672f0fff 0x773f0fff
0x8f4717ff 0x974f17ff 0x9f5717ff 0x9f5717ff
0xa75717ff 0x9f5717ff 0x8f4f17ff 0x874717ff
0x8f4717ff 0x9f4f17ff 0xa75f17ff 0xaf671fff
0xb7671fff 0xaf5f17ff 0xa75f17ff 0xa75f17ff
0xa75f17ff 0xa75f17ff 0x975717ff 0x874717ff
0x7f3f0fff 0x7f3f17ff 0x773f17ff 0x773f0fff
0x7f3f17ff 0x8f4717ff 0x8f4f17ff 0x8f4f17ff
0x9f4f17ff 0x9f5717ff 0x9f5717ff 0x9f5717ff
0x9f4f17ff 0x9f5717ff 0x9f5717ff 0x9f5717ff
0x9f5717ff 0x9f5717ff 0x9f5717ff 0x9f5717ff
0x975717ff 0x8f4f17ff 0x874717ff 0x874717ff
0x8f4f17ff 0x975717ff 0x975717ff 0x8f4f17ff
0x974f17ff 0x9f5717ff 0x9f571fff 0xa7571fff
0x9f5717ff 0x9f5717ff 0x974f17ff 0x974f17ff
0x8f4f17ff 0x8f4f17ff 0x975717ff 0x974f17ff
0x8f4717ff 0x874717ff 0x8f4f17ff 0x9f5717ff
0x9f5717ff 0x9f5717ff 0x9f5717ff 0x9f5717ff
0x9f5717ff 0x9f5717ff 0x9f5717ff 0x9f5717ff
0x9f5717ff 0x9f5717ff 0x9f5717ff 0x9f4f17ff
0x974f17ff 0x8f4f17ff 0x8f4717ff 0x7f3f0fff
0x773f0fff 0x7f3f0fff 0x874717ff 0x873f17ff
0x8f4717ff 0x9f5717ff 0xa75f17ff 0xa75f17ff
0xa75717ff 0xa75f17ff 0xaf6717ff 0xb7671fff
0xb7671fff 0xaf5f17ff 0x9f4f17ff 0x8f4717ff
0x874717ff 0x974f17ff 0x9f5717ff 0xa75717ff
0x9f5717ff 0x9f5717ff 0x974f17ff 0x8f4717ff
0x773f0fff 0x5f2f0fff 0x57270fff 0x57270fff
0x5f270fff 0x672f0fff 0x6f2f0fff 0x7f3f0fff
0x8f4717ff 0x974f17ff 0x974f17ff 0x8f4f17ff
0x974f17ff 0x974f17ff 0x8f4717ff 0x874717ff
0x7f3f0fff 0x7f3f0fff 0x7f3f0fff 0x7f3f0fff
0x6f370fff 0x67370fff 0x67370fff 0x77370fff
0x7f3f17ff 0x873f17ff 0x873f17ff 0x873f17ff
0x874717ff 0x8f4717ff 0x974f17ff 0x974f17ff
0x8f4f17ff 0x8f4f17ff 0x8f4717ff 0x8f4f17ff
0x8f4f17ff 0x8f4717ff 0x7f3f17ff 0x6f370fff
0x6f370fff 0x6f3f17ff 0x6f370fff 0x773f17ff
0x7f4717ff 0x8f4f17ff 0x975717ff 0x975717ff
0x975717ff 0x975717ff 0x8f4f17ff 0x7f4717ff
0x773f17ff 0x6f370fff 0x6f3f17ff 0x6f370fff
0x6f370fff 0x7f3f17ff 0x8f4717ff 0x8f4f17ff
0x8f4f17ff 0x8f4717ff 0x8f4f17ff 0x8f4f17ff
0x974f17ff 0x974f17ff 0x8f4717ff 0x874717ff
0x873f17ff 0x873f17ff 0x873f17ff 0x7f3f17ff
0x77370fff 0x67370fff 0x67370fff 0x6f370fff
0x7f3f0fff 0x7f3f0fff 0x7f3f0fff 0x7f3f0fff
0x874717ff 0x8f4717ff 0x974f17ff 0x974f17ff
0x8f4f17ff 0x974f17ff 0x974f17ff 0x8f4717ff
0x7f3f0fff 0x6f2f0fff 0x672f0fff 0x5f270fff
0x57270fff 0x57270fff 0x5f2f0fff 0x773f0fff
0x8f4717ff 0x974f17ff 0x9f5717ff 0x9f5717ff
0xa75717ff 0x9f5717ff 0x974f17ff 0x874717ff
0x8f4717ff 0x9f4f17ff 0xaf5f17ff 0xb7671fff
0xb7671fff 0xaf6717ff 0xa75f17ff 0xa75717ff
0xa75f17ff 0xa75f17ff 0x9f5717ff 0x8f4717ff
0x873f17ff 0x874717ff 0x7f3f0fff 0x773f0fff
0x7f3f0fff 0x8f4717ff 0x8f4f17ff 0x974f17ff
0x9f4f17ff 0x9f5717ff 0x9f5717ff 0x9f5717ff
0x9f5717ff 0x9f5717ff 0x9f5717ff 0x9f5717ff
0x9f5717ff 0x9f5717ff 0x9f5717ff 0x9f5717ff
0x9f5717ff 0x8f4f17ff 0x874717ff 0x8f4717ff
0x974f17ff 0x975717ff 0x8f4f17ff 0x8f4f17ff
0x974f17ff 0x974f17ff 0x9f5717ff 0x9f5717ff
0x9f5717ff 0x974f17ff 0x974f17ff 0x8f4717ff
0x874717ff 0x8f4f17ff 0x974f17ff 0x975717ff
0x974f17ff 0x8f4717ff 0x8f4f17ff 0x9f4f17ff
0x9f5717ff 0x9f4f17ff 0x9f4f17ff 0x9f5717ff
0x9f5717ff 0x9f5717ff 0x9f5717ff 0x9f5717ff
0x9f5717ff 0x9f5717ff 0x9f4f17ff 0x974f17ff
0x974f17ff 0x8f4f17ff 0x874717ff 0x773f0fff
0x773f0fff 0x773f17ff 0x7f3f17ff 0x7f3f17ff
0x8f4717ff 0x9f5717ff 0xa75f17ff 0xa75717ff
0xa75717ff 0xaf5f17ff 0xb76717ff 0xb76f1fff
0xb7671fff 0xaf5f17ff 0x9f4f17ff 0x8f4717ff
0x8f4717ff 0x974f17ff 0x9f5717ff 0xa75f17ff
0x9f5f17ff 0x9f5717ff 0x974f17ff 0x874717ff
0x77370fff 0x572f0fff 0x57270fff 0x572f0fff
0x5f2f0fff 0x672f0fff 0x6f2f0fff 0x7f3f0fff
0x8f4717ff 0x974f17ff 0x8f4f17ff 0x8f4717ff
0x8f4717ff 0x8f4f17ff 0x8f4717ff 0x8f4717ff
0x873f17ff 0x773f0fff 0x773f0fff 0x773f0fff
0x6f370fff 0x672f0fff 0x67370fff 0x77370fff
0x7f3f17ff 0x873f17ff 0x873f17ff 0x873f17ff
0x8f4717ff 0x8f4717ff 0x974f17ff 0x974f17ff
0x8f4f17ff 0x8f4f17ff 0x8f4f17ff 0x8f4f17ff
0x8f4f17ff 0x8f4717ff 0x7f3f17ff 0x6f370fff
0x67370fff 0x6f3717ff 0x773717ff 0x773f17ff
0x7f4717ff 0x8f4f17ff 0x975717ff 0x975717ff
0x975717ff 0x975717ff 0x8f4f17ff 0x7f4717ff
0x773f17ff 0x773717ff 0x6f3717ff 0x67370fff
0x6f370fff 0x7f3f17ff 0x8f4717ff 0x8f4f17ff
0x8f4f17ff 0x8f4f17ff 0x8f4f17ff 0x8f4f17ff
0x974f17ff 0x974f17ff 0x8f4717ff 0x8f4717ff
0x873f17ff 0x873f17ff 0x873f17ff 0x7f3f17ff
0x77370fff 0x67370fff 0x672f0fff 0x6f370fff
0x773f0fff 0x773f0fff 0x773f0fff 0x873f17ff
0x8f4717ff 0x8f4717ff 0x8f4f17ff 0x8f4717ff
0x8f4717ff 0x8f4f17ff 0x974f17ff 0x8f4717ff
0x7f3f0fff 0x6f2f0fff 0x672f0fff 0x5f2f0fff
0x572f0fff 0x57270fff 0x572f0fff 0x77370fff
0x874717ff 0x974f17ff 0x9f5717ff 0x9f5f17ff
0xa75f17ff 0x9f5717ff 0x974f17ff 0x8f4717ff
0x8f4717ff 0x9f4f17ff 0xaf5f17ff 0xb7671fff
0xb76f1fff 0xb76717ff 0xaf5f17ff 0xa75717ff
0xa75717ff 0xa75f17ff 0x9f5717ff 0x8f4717ff
0x7f3f17ff 0x7f3f17ff 0x773f17ff 0x773f0fff
0x773f0fff 0x874717ff 0x8f4f17ff 0x974f17ff
0x974f17ff 0x9f4f17ff 0x9f5717ff 0x9f5717ff
0x9f5717ff 0x9f5717ff 0x9f5717ff 0x9f5717ff
0x9f5717ff 0x9f4f17ff 0x9f4f17ff 0x9f5717ff
0x9f4f17ff 0x8f4f17ff 0x8f4717ff 0x974f17ff
0x975717ff 0x974f17ff 0x8f4f17ff 0x874717ff
0x8f4717ff 0x974f17ff 0x974f17ff 0x9f5717ff
0x9f4f1fff 0x974f17ff 0x974f17ff 0x874717ff
0x874717ff 0x8f4717ff 0x974f17ff 0x9f5717ff
0x974f17ff 0x874717ff 0x8f4f17ff 0x9f4f17ff
0xa75717ff 0x9f5717ff 0x9f5717ff 0x9f5717ff
0x9f5717ff 0x9f5717ff 0x9f4f17ff 0x9f5717ff
0x9f5717ff 0x975717ff 0x974f17ff 0x974f17ff
0x974f17ff 0x974f17ff 0x874717ff 0x773f17ff
0x77370fff 0x773f0fff 0x773f17ff 0x7f3f17ff
0x874f17ff 0x9f5717ff 0xa75717ff 0xa75717ff
0xa75f17ff 0xaf6717ff 0xb76f1fff 0xb76f1fff
0xb7671fff 0xa75f17ff 0x9f4f17ff 0x8f4717ff
0x8f4f17ff 0x9f5717ff 0xa75717ff 0xa75f17ff
0xa75f17ff 0x9f5717ff 0x974f17ff 0x874717ff
0x6f370fff 0x572f0fff 0x57270fff 0x5f2f0fff
0x672f0fff 0x672f0fff 0x6f2f0fff 0x7f3f0fff
0x8f4717ff 0x8f4717ff 0x8f4717ff 0x8f4717ff
0x8f4717ff 0x8f4717ff 0x8f4717ff 0x8f4717ff
0x873f17ff 0x773f0fff 0x77370fff 0x77370fff
0x6f370fff 0x672f0fff 0x672f0fff 0x6f370fff
0x7f3f17ff 0x873f17ff 0x873f17ff 0x873f17ff
0x8f4717ff 0x8f4717ff 0x974717ff 0x974f17ff
0x974f17ff 0x8f4f17ff 0x8f4f17ff 0x8f4f17ff
0x8f4f17ff 0x8f4717ff 0x7f3f17ff 0x6f370fff
0x673717ff 0x6f3f17ff 0x6f3f17ff 0x773f17ff
0x874717ff 0x8f4f17ff 0x974f17ff 0x974f17ff
0x974f17ff 0x974f17ff 0x8f4f17ff 0x874717ff
0x773f17ff 0x6f3f17ff 0x6f3f17ff 0x673717ff
0x6f370fff 0x7f3f17ff 0x8f4717ff 0x8f4f17ff
0x8f4f17ff 0x8f4f17ff 0x8f4f17ff 0x974f17ff
0x974f17ff 0x974717ff 0x8f4717ff 0x8f4717ff
0x873f17ff 0x873f17ff 0x873f17ff 0x7f3f17ff
0x6f370fff 0x672f0fff 0x672f0fff 0x6f370fff
0x77370fff 0x77370fff 0x773f0fff 0x873f17ff
0x8f4717ff 0x8f4717ff 0x8f4717ff 0x8f4717ff
0x8f4717ff 0x8f4717ff 0x8f4717ff 0x8f4717ff
0x7f3f0fff 0x6f2f0fff 0x672f0fff 0x672f0fff
0x5f2f0fff 0x57270fff 0x572f0fff 0x6f370fff
0x874717ff 0x974f17ff 0x9f5717ff 0xa75f17ff
0xa75f17ff 0xa75717ff 0x9f5717ff 0x8f4f17ff
0x8f4717ff 0x9f4f17ff 0xa75f17ff 0xb7671fff
0xb76f1fff 0xb76f1fff 0xaf6717ff 0xa75f17ff
0xa75717ff 0xa75717ff 0x9f5717ff 0x874f17ff
0x7f3f17ff 0x773f17ff 0x773f0fff 0x77370fff
0x773f17ff 0x874717ff 0x974f17ff 0x974f17ff
0x974f17ff 0x974f17ff 0x975717ff 0x9f5717ff
0x9f5717ff 0x9f4f17ff 0x9f5717ff 0x9f5717ff
0x9f5717ff 0x9f5717ff 0x9f5717ff 0xa75717ff
0x9f4f17ff 0x8f4f17ff 0x874717ff 0x974f17ff
0x9f5717ff 0x974f17ff 0x8f4717ff 0x874717ff
0x874717ff 0x974f17ff 0x974f17ff 0x9f4f1fff
0x9f4f1fff 0x974f17ff 0x8f4717ff 0x873f17ff
0x7f3f17ff 0x8f4717ff 0x974f17ff 0x975717ff
0x8f4f17ff 0x8f4717ff 0x8f4717ff 0x9f4f17ff
0x9f5717ff 0x9f5717ff 0x9f5717ff 0x9f5717ff
0x9f5717ff 0x974f17ff 0x974f17ff 0x974f17ff
0x974f17ff 0x974f17ff 0x974f17ff 0x974f17ff
0x974f17ff 0x974f17ff 0x8f4717ff 0x7f3f17ff
0x6f370fff 0x6f370fff 0x773f17ff 0x7f4717ff
0x8f4f17ff 0x9f5717ff 0xa75717ff 0xa75717ff
0xa75f17ff 0xaf6717ff 0xb76f1fff 0xb76f1fff
0xb7671fff 0xaf5f17ff 0x9f5717ff 0x974f17ff
0x974f17ff 0x9f5717ff 0xa75f17ff 0xa75f17ff
0xa75717ff 0x9f5717ff 0x974f17ff 0x874717ff
0x77370fff 0x5f2f0fff 0x5f270fff 0x672f0fff
0x672f0fff 0x6f2f0fff 0x6f370fff 0x7f3f0fff
0x874717ff 0x8f4717ff 0x8f4717ff 0x8f4717ff
0x8f4717ff 0x8f4717ff 0x8f4717ff 0x8f4717ff
0x873f17ff 0x773f0fff 0x773f0fff 0x773f0fff
0x6f370fff 0x67370fff 0x672f0fff 0x6f370fff
0x7f3f17ff 0x873f17ff 0x873f17ff 0x873f17ff
0x874717ff 0x8f4717ff 0x974f17ff 0x974f17ff
0x974f17ff 0x8f4f17ff 0x8f4f17ff 0x974f17ff
0x974f17ff 0x8f4717ff 0x7f3f17ff 0x6f370fff
0x67370fff 0x673717ff 0x6f3f17ff 0x773f17ff
0x874717ff 0x8f4717ff 0x8f4f17ff 0x974f17ff
0x974f17ff 0x8f4f17ff 0x8f4717ff 0x874717ff
0x773f17ff 0x6f3f17ff 0x673717ff 0x67370fff
0x6f370fff 0x7f3f17ff 0x8f4717ff 0x974f17ff
0x974f17ff 0x8f4f17ff 0x8f4f17ff 0x974f17ff
0x974f17ff 0x974f17ff 0x8f4717ff 0x874717ff
0x873f17ff 0x873f17ff 0x873f17ff 0x7f3f17ff
0x6f370fff 0x672f0fff 0x67370fff 0x6f370fff
0x773f0fff 0x773f0fff 0x773f0fff 0x873f17ff
0x8f4717ff 0x8f4717ff 0x8f4717ff 0x8f4717ff
0x8f4717ff 0x8f4717ff 0x8f4717ff 0x874717ff
0x7f3f0fff 0x6f370fff 0x6f2f0fff 0x672f0fff
0x672f0fff 0x5f270fff 0x5f2f0fff 0x77370fff
0x874717ff 0x974f17ff 0x9f5717ff 0xa75717ff
0xa75f17ff 0xa75f17ff 0x9f5717ff 0x974f17ff
0x974f17ff 0x9f5717ff 0xaf5f17ff 0xb7671fff
0xb76f1fff 0xb76f1fff 0xaf6717ff 0xa75f17ff
0xa75717ff 0xa75717ff 0x9f5717ff 0x8f4f17ff
0x7f4717ff 0x773f17ff 0x6f370fff 0x6f370fff
0x7f3f17ff 0x8f4717ff 0x974f17ff 0x974f17ff
0x974f17ff 0x974f17ff 0x974f17ff 0x974f17ff
0x974f17ff 0x974f17ff 0x974f17ff 0x9f5717ff
0x9f5717ff 0x9f5717ff 0x9f5717ff 0x9f5717ff
0x9f4f17ff 0x8f4717ff 0x8f4717ff 0x8f4f17ff
0x975717ff 0x974f17ff 0x8f4717ff 0x7f3f17ff
0x873f17ff 0x8f4717ff 0x974f17ff 0x9f4f1fff
0x974f1fff 0x974f17ff 0x8f4f17ff 0x874717ff
0x7f3f17ff 0x874717ff 0x974f17ff 0x974f17ff
0x974f17ff 0x8f4f17ff 0x974717ff 0x974f17ff
0x9f4f17ff 0x9f4f17ff 0x9f4f17ff 0x974f17ff
0x974f17ff 0x974f17ff 0x974f17ff 0x9f5717ff
0x9f5717ff 0x974f17ff 0x974f17ff 0x974f17ff
0x974f17ff 0x974f17ff 0x8f4717ff 0x7f3f17ff
0x67370fff 0x67370fff 0x773f17ff 0x874717ff
0x8f4f17ff 0x9f5717ff 0xa75717ff 0xa75717ff
0xa75f17ff 0xaf671fff 0xb76f1fff 0xb76f1fff
0xb7671fff 0xaf5f1fff 0xa75717ff 0x974f17ff
0x975717ff 0x9f5f17ff 0xa75f1fff 0xa75f17ff
0x9f5717ff 0x9f5717ff 0x974f17ff 0x874717ff
0x6f370fff 0x5f2f0fff 0x572f0fff 0x672f0fff
0x6f370fff 0x6f370fff 0x77370fff 0x7f3f17ff
0x873f17ff 0x874717ff 0x8f4f17ff 0x8f4f17ff
0x8f4f17ff 0x8f4717ff 0x8f4717ff 0x8f4717ff
0x7f3f17ff 0x773717ff 0x77370fff 0x77370fff
0x6f370fff 0x6f370fff 0x6f370fff 0x77370fff
0x7f3f0fff 0x7f3f0fff 0x873f17ff 0x7f3f17ff
0x7f3f17ff 0x874717ff 0x8f4f17ff 0x974f17ff
0x974f17ff 0x974f17ff 0x974f17ff 0x974f17ff
0x974f17ff 0x8f4717ff 0x873f0fff 0x6f370fff
0x672f0fff 0x67370fff 0x6f370fff 0x773f17ff
0x874717ff 0x8f4717ff 0x8f4f17ff 0x974f17ff
0x974f17ff 0x8f4f17ff 0x8f4717ff 0x874717ff
0x773f17ff 0x6f370fff 0x67370fff 0x672f0fff
0x6f370fff 0x873f0fff 0x8f4717ff 0x974f17ff
0x974f17ff 0x974f17ff 0x974f17ff 0x974f17ff
0x974f17ff 0x8f4f17ff 0x874717ff 0x7f3f17ff
0x7f3f17ff 0x873f17ff 0x7f3f0fff 0x7f3f0fff
0x77370fff 0x6f370fff 0x6f370fff 0x6f370fff
0x77370fff 0x77370fff 0x773717ff 0x7f3f17ff
0x8f4717ff 0x8f4717ff 0x8f4717ff 0x8f4f17ff
0x8f4f17ff 0x8f4f17ff 0x874717ff 0x873f17ff
0x7f3f17ff 0x77370fff 0x6f370fff 0x6f370fff
0x672f0fff 0x572f0fff 0x5f2f0fff 0x6f370fff
0x874717ff 0x974f17ff 0x9f5717ff 0x9f5717ff
0xa75f17ff 0xa75f1fff 0x9f5f17ff 0x975717ff
0x974f17ff 0xa75717ff 0xaf5f1fff 0xb7671fff
0xb76f1fff 0xb76f1fff 0xaf671fff 0xa75f17ff
0xa75717ff 0xa75717ff 0x9f5717ff 0x8f4f17ff
0x874717ff 0x773f17ff 0x67370fff 0x67370fff
0x7f3f17ff 0x8f4717ff 0x974f17ff 0x974f17ff
0x974f17ff 0x974f17ff 0x974f17ff 0x9f5717ff
0x9f5717ff 0x974f17ff 0x974f17ff 0x974f17ff
0x974f17ff 0x9f4f17ff 0x9f4f17ff 0x9f4f17ff
0x974f17ff 0x974717ff 0x8f4f17ff 0x974f17ff
0x974f17ff 0x974f17ff 0x874717ff 0x7f3f17ff
0x874717ff 0x8f4f17ff 0x974f17ff 0x974f1fff
0x974f1fff 0x974f17ff 0x8f4f17ff 0x874717ff
0x7f3f17ff 0x874717ff 0x974f17ff 0x974f17ff
0x974f17ff 0x974f17ff 0x974f17ff 0x974f17ff
0x9f4f17ff 0x9f4f17ff 0x9f4f17ff 0x974f17ff
0x974f17ff 0x974f17ff 0x975717ff 0x9f5717ff
0x9f5717ff 0x974f17ff 0x974f17ff 0x974f17ff
0x974f17ff 0x8f4f17ff 0x874717ff 0x773f17ff
0x5f370fff 0x5f370fff 0x773f17ff 0x874717ff
0x975717ff 0x9f5f17ff 0xa75f1fff 0xa7571fff
0xa75f1fff 0xaf671fff 0xb76f1fff 0xb76f1fff
0xb76f1fff 0xaf671fff 0xa75717ff 0x974f17ff
0x975717ff 0x9f5f17ff 0xa75f17ff 0xa75f17ff
0x9f5717ff 0x975717ff 0x974f17ff 0x874717ff
0x6f370fff 0x5f2f0fff 0x5f2f0fff 0x672f0fff
0x6f370fff 0x77370fff 0x773f17ff 0x773717ff
0x7f3f17ff 0x874717ff 0x8f4f17ff 0x974f17ff
0x974f17ff 0x8f4f17ff 0x8f4717ff 0x8f4717ff
0x7f3f17ff 0x773717ff 0x77370fff 0x77370fff
0x6f370fff 0x6f370fff 0x6f370fff 0x77370fff
0x7f3f17ff 0x873f17ff 0x873f17ff 0x873f17ff
0x873f17ff 0x874717ff 0x8f4f17ff 0x8f4f17ff
0x8f4f17ff 0x974717ff 0x974717ff 0x974f17ff
0x974f17ff 0x974f17ff 0x873f17ff 0x6f370fff
0x672f0fff 0x6f370fff 0x773f17ff 0x7f4717ff
0x874717ff 0x8f4f17ff 0x974f17ff 0x97571fff
0x97571fff 0x974f17ff 0x8f4f17ff 0x874717ff
0x7f4717ff 0x773f17ff 0x6f370fff 0x672f0fff
0x6f370fff 0x873f17ff 0x974f17ff 0x974f17ff
0x974f17ff 0x974717ff 0x974717ff 0x8f4f17ff
0x8f4f17ff 0x8f4f17ff 0x874717ff 0x873f17ff
0x873f17ff 0x873f17ff 0x873f17ff 0x7f3f17ff
0x77370fff 0x6f370fff 0x6f370fff 0x6f370fff
0x77370fff 0x77370fff 0x773717ff 0x7f3f17ff
0x8f4717ff 0x8f4717ff 0x8f4f17ff 0x974f17ff
0x974f17ff 0x8f4f17ff 0x874717ff 0x7f3f17ff
0x773717ff 0x773f17ff 0x77370fff 0x6f370fff
0x672f0fff 0x5f2f0fff 0x5f2f0fff 0x6f370fff
0x874717ff 0x974f17ff 0x975717ff 0x9f5717ff
0xa75f17ff 0xa75f17ff 0x9f5f17ff 0x975717ff
0x974f17ff 0xa75717ff 0xaf671fff 0xb76f1fff
0xb76f1fff 0xb76f1fff 0xaf671fff 0xa75f1fff
0xa7571fff 0xa75f1fff 0x9f5f17ff 0x975717ff
0x874717ff 0x773f17ff 0x5f370fff 0x5f370fff
0x773f17ff 0x874717ff 0x8f4f17ff 0x974f17ff
0x974f17ff 0x974f17ff 0x974f17ff 0x9f5717ff
0x9f5717ff 0x975717ff 0x974f17ff 0x974f17ff
0x974f17ff 0x9f4f17ff 0x9f4f17ff 0x9f4f17ff
0x974f17ff 0x974f17ff 0x974f17ff 0x974f17ff
0x974f17ff 0x974f17ff 0x874717ff 0x7f3f17ff
0x874717ff 0x8f4f17ff 0x974f17ff 0x974f1fff
0x974f1fff 0x974f17ff 0x8f4f17ff 0x874717ff
0x7f3f17ff 0x874717ff 0x8f4f17ff 0x974f17ff
0x974f17ff 0x974f17ff 0x974f17ff 0x974f17ff
0x9f5717ff 0x9f5717ff 0x9f4f17ff 0x974f17ff
0x974f17ff 0x9f4f17ff 0x9f5717ff 0x9f5717ff
0x9f4f17ff 0x974f17ff 0x974f17ff 0x974f17ff
0x974f17ff 0x974f17ff 0x874717ff 0x773f17ff
0x67370fff 0x5f3717ff 0x773f17ff 0x874717ff
0x974f17ff 0x9f571fff 0xa75f1fff 0xa75f1fff
0xaf5f1fff 0xb76f1fff 0xbf771fff 0xbf771fff
0xb76f1fff 0xaf671fff 0xa75f1fff 0x975717ff
0x975717ff 0x9f5f17ff 0xa75f17ff 0xa75f17ff
0x9f5717ff 0x9f5717ff 0x974f17ff 0x874717ff
0x6f370fff 0x5f2f0fff 0x5f2f0fff 0x672f0fff
0x77370fff 0x773f0fff 0x773f17ff 0x773f17ff
0x773f17ff 0x874717ff 0x8f4f17ff 0x974f17ff
0x974f17ff 0x974f17ff 0x8f4f17ff 0x8f4717ff
0x873f17ff 0x7f3f17ff 0x77370fff 0x77370fff
0x6f370fff 0x6f370fff 0x6f370fff 0x77370fff
0x7f3f17ff 0x874717ff 0x874717ff 0x873f17ff
0x874717ff 0x8f4f17ff 0x8f4f17ff 0x8f4f17ff
0x8f4717ff 0x8f4717ff 0x974717ff 0x974f17ff
0x974f17ff 0x8f4717ff 0x873f17ff 0x6f370fff
0x67370fff 0x6f370fff 0x773f17ff 0x7f4717ff
0x874717ff 0x8f4f17ff 0x974f17ff 0x974f1fff
0x974f1fff 0x974f17ff 0x8f4f17ff 0x874717ff
0x7f4717ff 0x773f17ff 0x6f370fff 0x67370fff
0x6f370fff 0x873f17ff 0x8f4717ff 0x974f17ff
0x974f17ff 0x974717ff 0x8f4717ff 0x8f4717ff
0x8f4f17ff 0x8f4f17ff 0x8f4f17ff 0x874717ff
0x873f17ff 0x874717ff 0x874717ff 0x7f3f17ff
0x77370fff 0x6f370fff 0x6f370fff 0x6f370fff
0x77370fff 0x77370fff 0x7f3f17ff 0x873f17ff
0x8f4717ff 0x8f4f17ff 0x974f17ff 0x974f17ff
0x974f17ff 0x8f4f17ff 0x874717ff 0x773f17ff
0x773f17ff 0x773f17ff 0x773f0fff 0x77370fff
0x672f0fff 0x5f2f0fff 0x5f2f0fff 0x6f370fff
0x874717ff 0x974f17ff 0x9f5717ff 0x9f5717ff
0xa75f17ff 0xa75f17ff 0x9f5f17ff 0x975717ff
0x975717ff 0xa75f1fff 0xaf671fff 0xb76f1fff
0xbf771fff 0xbf771fff 0xb76f1fff 0xaf5f1fff
0xa75f1fff 0xa75f1fff 0x9f571fff 0x974f17ff
0x874717ff 0x773f17ff 0x5f3717ff 0x67370fff
0x773f17ff 0x874717ff 0x974f17ff 0x974f17ff
0x974f17ff 0x974f17ff 0x974f17ff 0x9f4f17ff
0x9f5717ff 0x9f5717ff 0x9f4f17ff 0x974f17ff
0x974f17ff 0x9f4f17ff 0x9f5717ff 0x9f5717ff
0x974f17ff 0x974f17ff 0x974f17ff 0x974f17ff
0x974f17ff 0x8f4f17ff 0x874717ff 0x7f3f17ff
0x874717ff 0x8f4f17ff 0x974f17ff 0x974f1fff
0x974f1fff 0x974f17ff 0x8f4f17ff 0x874717ff
0x7f3f17ff 0x874717ff 0x8f4f17ff 0x9f4f17ff
0x9f4f17ff 0x974f17ff 0x974717ff 0x974f17ff
0x9f5717ff 0x9f4f17ff 0x9f4f17ff 0x974f17ff
0x9f4f17ff 0x9f4f17ff 0x9f4f17ff 0x9f4f17ff
0x974f17ff 0x974f17ff 0x974f17ff 0x974f17ff
0x974f17ff 0x974f17ff 0x8f4717ff 0x773f0fff
0x67370fff 0x6f3717ff 0x7f3f17ff 0x874717ff
0x8f4f17ff 0x9f571fff 0xa75f1fff 0xa75f1fff
0xaf671fff 0xb76f1fff 0xbf771fff 0xbf7727ff
0xbf6f27ff 0xb76f1fff 0xa75f1fff 0x9f571fff
0x9f5717ff 0xa75f17ff 0xa75f17ff 0x9f5f17ff
0x9f5717ff 0x9f5717ff 0x974f17ff 0x8f4717ff
0x773f0fff 0x5f2f0fff 0x5f2f0fff 0x6f370fff
0x77370fff 0x77370fff 0x773f17ff 0x773f17ff
0x773717ff 0x7f3f17ff 0x8f4717ff 0x974f17ff
0x974f17ff 0x974f17ff 0x8f4f17ff 0x8f4717ff
0x873f17ff 0x7f3f17ff 0x773f17ff 0x77370fff
0x77370fff 0x77370fff 0x6f370fff 0x77370fff
0x7f3f17ff 0x874717ff 0x8f4717ff 0x8f4717ff
0x8f4717ff 0x8f4f17ff 0x8f4f17ff 0x8f4717ff
0x8f4717ff 0x8f4717ff 0x8f4717ff 0x974f17ff
0x974f17ff 0x8f4717ff 0x873f17ff 0x6f370fff
0x67370fff 0x6f370fff 0x773f17ff 0x7f3f17ff
0x874717ff 0x8f4f17ff 0x974f1fff 0x974f1fff
0x974f1fff 0x974f1fff 0x8f4f17ff 0x874717ff
0x7f3f17ff 0x773f17ff 0x6f370fff 0x67370fff
0x6f370fff 0x873f17ff 0x8f4717ff 0x974f17ff
0x974f17ff 0x8f4717ff 0x8f4717ff 0x8f4717ff
0x8f4717ff 0x8f4f17ff 0x8f4f17ff 0x8f4717ff
0x8f4717ff 0x8f4717ff 0x874717ff 0x7f3f17ff
0x77370fff 0x6f370fff 0x77370fff 0x77370fff
0x77370fff 0x773f17ff 0x7f3f17ff 0x873f17ff
0x8f4717ff 0x8f4f17ff 0x974f17ff 0x974f17ff
0x974f17ff 0x8f4717ff 0x7f3f17ff 0x773717ff
0x773f17ff 0x773f17ff 0x77370fff 0x77370fff
0x6f370fff 0x5f2f0fff 0x5f2f0fff 0x773f0fff
0x8f4717ff 0x974f17ff 0x9f5717ff 0x9f5717ff
0x9f5f17ff 0xa75f17ff 0xa75f17ff 0x9f5717ff
0x9f571fff 0xa75f1fff 0xb76f1fff 0xbf6f27ff
0xbf7727ff 0xbf771fff 0xb76f1fff 0xaf671fff
0xa75f1fff 0xa75f1fff 0x9f571fff 0x8f4f17ff
0x874717ff 0x7f3f17ff 0x6f3717ff 0x67370fff
0x773f0fff 0x8f4717ff 0x974f17ff 0x974f17ff
0x974f17ff 0x974f17ff 0x974f17ff 0x974f17ff
0x9f4f17ff 0x9f4f17ff 0x9f4f17ff 0x9f4f17ff
0x974f17ff 0x9f4f17ff 0x9f4f17ff 0x9f5717ff
0x974f17ff 0x974717ff 0x974f17ff 0x9f4f17ff
0x9f4f17ff 0x8f4f17ff 0x874717ff 0x7f3f17ff
0x874717ff 0x8f4f17ff 0x974f17ff 0x974f1fff
0x974f1fff 0x974f17ff 0x8f4f17ff 0x873f17ff
0x7f3f17ff 0x874717ff 0x974f17ff 0x9f4f17ff
0x9f4f17ff 0x9f4f17ff 0x974f17ff 0x974f17ff
0x9f5717ff 0x9f4f17ff 0x974f17ff 0x9f4f17ff
0x9f4f17ff 0x9f4f17ff 0x9f4f17ff 0x974f17ff
0x974f17ff 0x974f17ff 0x974f17ff 0x974f17ff
0x974f17ff 0x974f17ff 0x8f4717ff 0x773f17ff
0x673717ff 0x6f3717ff 0x773f17ff 0x7f3f17ff
0x8f4f17ff 0x9f571fff 0xa75f1fff 0xa75f1fff
0xaf671fff 0xb76f1fff 0xbf6f27ff 0xbf7727ff
0xbf6f27ff 0xb7671fff 0xaf671fff 0xa75f1fff
0xa75f1fff 0xa75f17ff 0x9f5717ff 0x9f5717ff
0x9f5717ff 0x9f5717ff 0x974f17ff 0x8f4717ff
0x773f0fff 0x5f2f0fff 0x672f0fff 0x6f2f0fff
0x77370fff 0x77370fff 0x77370fff 0x6f370fff
0x6f370fff 0x7f3f0fff 0x8f4717ff 0x974f17ff
0x974f17ff 0x974f17ff 0x974f17ff 0x8f4717ff
0x874717ff 0x7f3f17ff 0x773f0fff 0x773f0fff
0x773f0fff 0x773f0fff 0x77370fff 0x77370fff
0x7f3f17ff 0x874717ff 0x873f17ff 0x873f17ff
0x874717ff 0x8f4f17ff 0x974f17ff 0x8f4f17ff
0x8f4f17ff 0x8f4717ff 0x8f4717ff 0x8f4717ff
0x974717ff 0x8f4717ff 0x7f3f17ff 0x6f370fff
0x67370fff 0x6f370fff 0x77370fff 0x7f3f17ff
0x874717ff 0x8f4f17ff 0x974f1fff 0x97571fff
0x97571fff 0x974f1fff 0x8f4f17ff 0x874717ff
0x7f3f17ff 0x77370fff 0x6f370fff 0x67370fff
0x6f370fff 0x7f3f17ff 0x8f4717ff 0x974717ff
0x8f4717ff 0x8f4717ff 0x8f4717ff 0x8f4f17ff
0x8f4f17ff 0x974f17ff 0x8f4f17ff 0x874717ff
0x873f17ff 0x873f17ff 0x874717ff 0x7f3f17ff
0x77370fff 0x77370fff 0x773f0fff 0x773f0fff
0x773f0fff 0x773f0fff 0x7f3f17ff 0x874717ff
0x8f4717ff 0x974f17ff 0x974f17ff 0x974f17ff
0x974f17ff 0x8f4717ff 0x7f3f0fff 0x6f370fff
0x6f370fff 0x77370fff 0x77370fff 0x77370fff
0x6f2f0fff 0x672f0fff 0x5f2f0fff 0x773f0fff
0x8f4717ff 0x974f17ff 0x9f5717ff 0x9f5717ff
0x9f5717ff 0x9f5717ff 0xa75f17ff 0xa75f1fff
0xa75f1fff 0xaf671fff 0xb7671fff 0xbf6f27ff
0xbf7727ff 0xbf6f27ff 0xb76f1fff 0xaf671fff
0xa75f1fff 0xa75f1fff 0x9f571fff 0x8f4f17ff
0x7f3f17ff 0x773f17ff 0x6f3717ff 0x673717ff
0x773f17ff 0x8f4717ff 0x974f17ff 0x974f17ff
0x974f17ff 0x974f17ff 0x974f17ff 0x974f17ff
0x974f17ff 0x9f4f17ff 0x9f4f17ff 0x9f4f17ff
0x9f4f17ff 0x974f17ff 0x9f4f17ff 0x9f5717ff
0x974f17ff 0x974f17ff 0x9f4f17ff 0x9f4f17ff
0x9f4f17ff 0x974f17ff 0x874717ff 0x7f3f17ff
0x873f17ff 0x8f4f17ff 0x974f17ff 0x974f1fff
0x97571fff 0x975717ff 0x8f4f17ff 0x7f3f17ff
0x7f3f17ff 0x874717ff 0x974f17ff 0x974f17ff
0x974f17ff 0x974f17ff 0x974f17ff 0x974f17ff
0x9f5717ff 0x9f4f17ff 0x974f17ff 0x9f4f17ff
0x9f5717ff 0x9f4f17ff 0x974f17ff 0x974f17ff
0x974f17ff 0x974f17ff 0x974f17ff 0x974f17ff
0x974f17ff 0x974f17ff 0x8f4f17ff 0x7f3f17ff
0x6f3717ff 0x6f3717ff 0x6f3717ff 0x7f3f17ff
0x974f17ff 0x9f571fff 0xa75f1fff 0xa75f1fff
0xaf5f1fff 0xb7671fff 0xbf6f1fff 0xbf6f27ff
0xbf6f27ff 0xb76f1fff 0xaf671fff 0xaf671fff
0xa75f1fff 0x9f571fff 0x9f5717ff 0x975717ff
0x9f5717ff 0x9f5717ff 0x975717ff 0x8f4717ff
0x773f0fff 0x5f2f0fff 0x5f2f0fff 0x6f370fff
0x77370fff 0x77370fff 0x6f2f0fff 0x6f2f0fff
0x6f370fff 0x773f0fff 0x874717ff 0x8f4f17ff
0x974f17ff 0x974f17ff 0x974f17ff 0x8f4f17ff
0x8f4717ff 0x874717ff 0x7f3f0fff 0x773f0fff
0x773f0fff 0x773f0fff 0x773f0fff 0x773f0fff
0x874717ff 0x874717ff 0x874717ff 0x874717ff
0x874717ff 0x8f4717ff 0x974f17ff 0x974f17ff
0x8f4f17ff 0x8f4f17ff 0x8f4717ff 0x8f4717ff
0x8f4717ff 0x8f4717ff 0x7f3f0fff 0x6f370fff
0x672f0fff 0x6f370fff 0x77370fff 0x7f3f17ff
0x874717ff 0x8f4f17ff 0x974f17ff 0x974f1fff
0x974f1fff 0x974f17ff 0x8f4f17ff 0x874717ff
0x7f3f17ff 0x77370fff 0x6f370fff 0x672f0fff
0x6f370fff 0x7f3f0fff 0x8f4717ff 0x8f4717ff
0x8f4717ff 0x8f4717ff 0x8f4f17ff 0x8f4f17ff
0x974f17ff 0x974f17ff 0x8f4717ff 0x874717ff
0x874717ff 0x874717ff 0x874717ff 0x874717ff
0x773f0fff 0x773f0fff 0x773f0fff 0x773f0fff
0x773f0fff 0x7f3f0fff 0x874717ff 0x8f4717ff
0x8f4f17ff 0x974f17ff 0x974f17ff 0x974f17ff
0x8f4f17ff 0x874717ff 0x773f0fff 0x6f370fff
0x6f2f0fff 0x6f2f0fff 0x77370fff 0x77370fff
0x6f370fff 0x5f2f0fff 0x5f2f0fff 0x773f0fff
0x8f4717ff 0x975717ff 0x9f5717ff 0x9f5717ff
0x975717ff 0x9f5717ff 0x9f571fff 0xa75f1fff
0xaf671fff 0xaf671fff 0xb76f1fff 0xbf6f27ff
0xbf6f27ff 0xbf6f1fff 0xb7671fff 0xaf5f1fff
0xa75f1fff 0xa75f1fff 0x9f571fff 0x974f17ff
0x7f3f17ff 0x6f3717ff 0x6f3717ff 0x6f3717ff
0x7f3f17ff 0x8f4f17ff 0x974f17ff 0x974f17ff
0x974f17ff 0x974f17ff 0x974f17ff 0x974f17ff
0x974f17ff 0x974f17ff 0x9f4f17ff 0x9f5717ff
0x9f4f17ff 0x974f17ff 0x9f4f17ff 0x9f5717ff
0x974f17ff 0x974f17ff 0x974f17ff 0x974f17ff
0x974f17ff 0x974f17ff 0x874717ff 0x7f3f17ff
0x7f3f17ff 0x8f4f17ff 0x975717ff 0x97571fff
0x9f571fff 0x974f17ff 0x8f4f17ff 0x874717ff
0x7f3f17ff 0x874717ff 0x974f17ff 0x974f17ff
0x974f17ff 0x974f17ff 0x974f17ff 0x9f4f17ff
0x9f4f17ff 0x9f4f17ff 0x974f17ff 0x9f4f17ff
0x9f4f17ff 0x9f4f17ff 0x974f17ff 0x974f17ff
0x974f17ff 0x974f17ff 0x974f17ff 0x974f17ff
0x974f17ff 0x974f17ff 0x974f17ff 0x874717ff
0x6f3717ff 0x673717ff 0x6f3f17ff 0x7f4717ff
0x974f17ff 0x9f571fff 0xa75f1fff 0xa75f1fff
0xa75f1fff 0xaf671fff 0xb76f1fff 0xbf6f1fff
0xb76f27ff 0xb76f1fff 0xb7671fff 0xaf671fff
0xaf671fff 0xa75f17ff 0x975717ff 0x974f17ff
0x9f5717ff 0x9f5717ff 0x9f5717ff 0x8f4717ff
0x77370fff 0x572f0fff 0x5f2f0fff 0x67370fff
0x77370fff 0x6f370fff 0x672f0fff 0x672f0fff
0x6f2f0fff 0x773f0fff 0x874717ff 0x8f4f17ff
0x974f17ff 0x974f17ff 0x974f17ff 0x974f17ff
0x8f4717ff 0x873f17ff 0x7f3f0fff 0x77370fff
0x77370fff 0x773f0fff 0x773f0fff 0x7f3f0fff
0x874717ff 0x8f4717ff 0x8f4717ff 0x874717ff
0x874717ff 0x8f4717ff 0x8f4f17ff 0x8f4f17ff
0x8f4f17ff 0x8f4f17ff 0x8f4717ff 0x8f4717ff
0x8f4717ff 0x8f3f17ff 0x7f3717ff 0x6f2f0fff
0x672f0fff 0x6f370fff 0x77370fff 0x7f3f17ff
0x874717ff 0x8f4717ff 0x974f17ff 0x974f1fff
0x974f1fff 0x974f17ff 0x8f4717ff 0x874717ff
0x7f3f17ff 0x77370fff 0x6f370fff 0x672f0fff
0x6f2f0fff 0x7f3717ff 0x8f3f17ff 0x8f4717ff
0x8f4717ff 0x8f4717ff 0x8f4f17ff 0x8f4f17ff
0x8f4f17ff 0x8f4f17ff 0x8f4717ff 0x874717ff
0x874717ff 0x8f4717ff 0x8f4717ff 0x874717ff
0x7f3f0fff 0x773f0fff 0x773f0fff 0x77370fff
0x77370fff 0x7f3f0fff 0x873f17ff 0x8f4717ff
0x974f17ff 0x974f17ff 0x974f17ff 0x974f17ff
0x8f4f17ff 0x874717ff 0x773f0fff 0x6f2f0fff
0x672f0fff 0x672f0fff 0x6f370fff 0x77370fff
0x67370fff 0x5f2f0fff 0x572f0fff 0x77370fff
0x8f4717ff 0x9f5717ff 0x9f5717ff 0x9f5717ff
0x974f17ff 0x975717ff 0xa75f17ff 0xaf671fff
0xaf671fff 0xb7671fff 0xb76f1fff 0xb76f27ff
0xbf6f1fff 0xb76f1fff 0xaf671fff 0xa75f1fff
0xa75f1fff 0xa75f1fff 0x9f571fff 0x974f17ff
0x7f4717ff 0x6f3f17ff 0x673717ff 0x6f3717ff
0x874717ff 0x974f17ff 0x974f17ff 0x974f17ff
0x974f17ff 0x974f17ff 0x974f17ff 0x974f17ff
0x974f17ff 0x974f17ff 0x9f4f17ff 0x9f4f17ff
0x9f4f17ff 0x974f17ff 0x9f4f17ff 0x9f4f17ff
0x9f4f17ff 0x974f17ff 0x974f17ff 0x974f17ff
0x974f17ff 0x974f17ff 0x874717ff 0x7f3f17ff
0x874717ff 0x8f4f17ff 0x974f17ff 0x9f571fff
0x974f17ff 0x974f17ff 0x8f4f17ff 0x874717ff
0x873f17ff 0x874717ff 0x974f17ff 0x974f17ff
0x974f17ff 0x974f17ff 0x974f17ff 0x9f4f17ff
0x9f4f17ff 0x974f17ff 0x974f17ff 0x9f4f17ff
0x9f4f17ff 0x974f17ff 0x974f17ff 0x974f17ff
0x974f17ff 0x974f17ff 0x974f17ff 0x974f17ff
0x974f17ff 0x975717ff 0x974f17ff 0x7f4717ff
0x673717ff 0x673717ff 0x6f3f17ff 0x7f4717ff
0x974f17ff 0x9f5717ff 0xa75f1fff 0xa75f1fff
0xa75f1fff 0xaf671fff 0xb76f1fff 0xb7771fff
0xb76f1fff 0xb7671fff 0xaf671fff 0xaf671fff
0xaf671fff 0xa75f17ff 0x974f17ff 0x8f4f17ff
0x975717ff 0x9f5717ff 0x9f5717ff 0x8f4717ff
0x77370fff 0x572f0fff 0x5f2f0fff 0x6f370fff
0x77370fff 0x6f370fff 0x672f0fff 0x672f0fff
0x6f2f0fff 0x773f0fff 0x874717ff 0x8f4f17ff
0x974f17ff 0x974f17ff 0x974f17ff 0x8f4f17ff
0x8f4717ff 0x873f17ff 0x77370fff 0x6f370fff
0x6f370fff 0x77370fff 0x773f0fff 0x7f3f0fff
0x874717ff 0x8f4717ff 0x8f4717ff 0x8f4717ff
0x8f4717ff 0x8f4717ff 0x974f17ff 0x8f4f17ff
0x8f4f17ff 0x8f4717ff 0x8f4717ff 0x8f4717ff
0x8f4717ff 0x874717ff 0x7f3f17ff 0x67370fff
0x5f2f0fff 0x67370fff 0x6f370fff 0x773f17ff
0x874717ff 0x8f4717ff 0x8f4f17ff 0x974f1fff
0x974f1fff 0x8f4f17ff 0x8f4717ff 0x874717ff
0x773f17ff 0x6f370fff 0x67370fff 0x5f2f0fff
0x67370fff 0x7f3f17ff 0x874717ff 0x8f4717ff
0x8f4717ff 0x8f4717ff 0x8f4717ff 0x8f4f17ff
0x8f4f17ff 0x974f17ff 0x8f4717ff 0x8f4717ff
0x8f4717ff 0x8f4717ff 0x8f4717ff 0x874717ff
0x7f3f0fff 0x773f0fff 0x77370fff 0x6f370fff
0x6f370fff 0x77370fff 0x873f17ff 0x8f4717ff
0x8f4f17ff 0x974f17ff 0x974f17ff 0x974f17ff
0x8f4f17ff 0x874717ff 0x773f0fff 0x6f2f0fff
0x672f0fff 0x672f0fff 0x6f370fff 0x77370fff
0x6f370fff 0x5f2f0fff 0x572f0fff 0x77370fff
0x8f4717ff 0x9f5717ff 0x9f5717ff 0x975717ff
0x8f4f17ff 0x974f17ff 0xa75f17ff 0xaf671fff
0xaf671fff 0xaf671fff 0xb7671fff 0xb76f1fff
0xb7771fff 0xb76f1fff 0xaf671fff 0xa75f1fff
0xa75f1fff 0xa75f1fff 0x9f5717ff 0x974f17ff
0x7f4717ff 0x6f3f17ff 0x673717ff 0x673717ff
0x7f4717ff 0x974f17ff 0x975717ff 0x974f17ff
0x974f17ff 0x974f17ff 0x974f17ff 0x974f17ff
0x974f17ff 0x974f17ff 0x974f17ff 0x9f4f17ff
0x9f4f17ff 0x974f17ff 0x974f17ff 0x9f4f17ff
0x9f4f17ff 0x974f17ff 0x974f17ff 0x974f17ff
0x974f17ff 0x974f17ff 0x874717ff 0x873f17ff
0x874717ff 0x8f4f17ff 0x974f17ff 0x974f17ff
0x974f17ff 0x974f17ff 0x974f17ff 0x8f4717ff
0x874717ff 0x8f4f17ff 0x974f17ff 0x975717ff
0x9f5717ff 0x974f17ff 0x974f17ff 0x974f17ff
0x974717ff 0x974f17ff 0x974f17ff 0x9f4f17ff
0x9f5717ff 0x9f5717ff 0x974f17ff 0x974f17ff
0x975717ff 0x975717ff 0x974f17ff 0x974f17ff
0x8f4f17ff 0x974f17ff 0x974f17ff 0x874717ff
0x6f3717ff 0x673717ff 0x6f370fff 0x7f3f17ff
0x8f4717ff 0x9f4f17ff 0x9f5717ff 0xa7571fff
0xa7571fff 0xaf671fff 0xb76f1fff 0xb7771fff
0xb76f1fff 0xaf671fff 0xaf671fff 0xaf671fff
0xaf671fff 0xa75f17ff 0x974f17ff 0x874f17ff
0x975717ff 0x9f5717ff 0x9f5717ff 0x8f4717ff
0x77370fff 0x5f2f0fff 0x5f2f0fff 0x672f0fff
0x6f370fff 0x6f370fff 0x672f0fff 0x672f0fff
0x6f370fff 0x773f0fff 0x7f4717ff 0x874f17ff
0x8f4f17ff 0x974f17ff 0x974f17ff 0x974f17ff
0x8f4717ff 0x7f3f0fff 0x77370fff 0x67370fff
0x67370fff 0x6f370fff 0x773f0fff 0x7f3f0fff
0x874717ff 0x874717ff 0x874717ff 0x8f4717ff
0x8f4f17ff 0x974f17ff 0x974f17ff 0x974f17ff
0x8f4f17ff 0x8f4717ff 0x8f4717ff 0x8f4717ff
0x8f4717ff 0x8f4717ff 0x873f17ff 0x6f370fff
0x5f2f0fff 0x672f0fff 0x67370fff 0x6f3f17ff
0x7f3f17ff 0x874717ff 0x8f4f17ff 0x974f1fff
0x974f1fff 0x8f4f17ff 0x874717ff 0x7f3f17ff
0x6f3f17ff 0x67370fff 0x672f0fff 0x5f2f0fff
0x6f370fff 0x873f17ff 0x8f4717ff 0x8f4717ff
0x8f4717ff 0x8f4717ff 0x8f4717ff 0x8f4f17ff
0x974f17ff 0x974f17ff 0x974f17ff 0x8f4f17ff
0x8f4717ff 0x874717ff 0x874717ff 0x874717ff
0x7f3f0fff 0x773f0fff 0x6f370fff 0x67370fff
0x67370fff 0x77370fff 0x7f3f0fff 0x8f4717ff
0x974f17ff 0x974f17ff 0x974f17ff 0x8f4f17ff
0x874f17ff 0x7f4717ff 0x773f0fff 0x6f370fff
0x672f0fff 0x672f0fff 0x6f370fff 0x6f370fff
0x672f0fff 0x5f2f0fff 0x5f2f0fff 0x77370fff
0x8f4717ff 0x9f5717ff 0x9f5717ff 0x975717ff
0x874f17ff 0x974f17ff 0xa75f17ff 0xaf671fff
0xaf671fff 0xaf671fff 0xaf671fff 0xb76f1fff
0xb7771fff 0xb76f1fff 0xaf671fff 0xa7571fff
0xa7571fff 0x9f5717ff 0x9f4f17ff 0x8f4717ff
0x7f3f17ff 0x6f370fff 0x673717ff 0x6f3717ff
0x874717ff 0x974f17ff 0x974f17ff 0x8f4f17ff
0x974f17ff 0x974f17ff 0x975717ff 0x975717ff
0x974f17ff 0x974f17ff 0x9f5717ff 0x9f5717ff
0x9f4f17ff 0x974f17ff 0x974f17ff 0x974717ff
0x974f17ff 0x974f17ff 0x974f17ff 0x9f5717ff
0x975717ff 0x974f17ff 0x8f4f17ff 0x874717ff
0x8f4717ff 0x974f17ff 0x974f17ff 0x974f17ff
0x974f1fff 0x975717ff 0x975717ff 0x874717ff
0x874717ff 0x8f4f17ff 0x975717ff 0x975717ff
0x9f5717ff 0x974f17ff 0x974f17ff 0x974f17ff
0x8f4717ff 0x8f4717ff 0x974f17ff 0x9f4f17ff
0x9f5717ff 0x974f17ff 0x975717ff 0x975717ff
0x975717ff 0x974f17ff 0x974f17ff 0x974f17ff
0x8f4f17ff 0x974f17ff 0x974f17ff 0x8f4f17ff
0x773f17ff 0x67370fff 0x6f370fff 0x7f3f17ff
0x8f4717ff 0x974f17ff 0x9f5717ff 0xa7571fff
0xa75f1fff 0xaf671fff 0xb76f1fff 0xb76f1fff
0xb76f1fff 0xaf671fff 0xaf671fff 0xaf671fff
0xaf6717ff 0xa75f17ff 0x8f4f17ff 0x874f17ff
0x974f17ff 0x9f5717ff 0x9f5717ff 0x974f17ff
0x7f3f17ff 0x5f2f0fff 0x572f0fff 0x5f2f0fff
0x672f0fff 0x6f370fff 0x67370fff 0x67370fff
0x6f370fff 0x7f3f17ff 0x874717ff 0x874f17ff
0x8f4f17ff 0x974f17ff 0x974f17ff 0x974717ff
0x8f4717ff 0x7f3f0fff 0x77370fff 0x672f0fff
0x67370fff 0x6f370fff 0x773f0fff 0x7f3f0fff
0x873f0fff 0x87470fff 0x87470fff 0x8f4717ff
0x8f4f17ff 0x974f17ff 0x974f17ff 0x974f17ff
0x8f4f17ff 0x8f4717ff 0x8f4717ff 0x8f4717ff
0x8f4f17ff 0x8f4f17ff 0x874717ff 0x6f370fff
0x5f2f0fff 0x5f2f0fff 0x5f2f0fff 0x67370fff
0x773f17ff 0x874717ff 0x8f4717ff 0x8f4f1fff
0x8f4f1fff 0x8f4717ff 0x874717ff 0x773f17ff
0x67370fff 0x5f2f0fff 0x5f2f0fff 0x5f2f0fff
0x6f370fff 0x874717ff 0x8f4f17ff 0x8f4f17ff
0x8f4717ff 0x8f4717ff 0x8f4717ff 0x8f4f17ff
0x974f17ff 0x974f17ff 0x974f17ff 0x8f4f17ff
0x8f4717ff 0x87470fff 0x87470fff 0x873f0fff
0x7f3f0fff 0x773f0fff 0x6f370fff 0x67370fff
0x672f0fff 0x77370fff 0x7f3f0fff 0x8f4717ff
0x974717ff 0x974f17ff 0x974f17ff 0x8f4f17ff
0x874f17ff 0x874717ff 0x7f3f17ff 0x6f370fff
0x67370fff 0x67370fff 0x6f370fff 0x672f0fff
0x5f2f0fff 0x572f0fff 0x5f2f0fff 0x7f3f17ff
0x974f17ff 0x9f5717ff 0x9f5717ff 0x974f17ff
0x874f17ff 0x8f4f17ff 0xa75f17ff 0xaf6717ff
0xaf671fff 0xaf671fff 0xaf671fff 0xb76f1fff
0xb76f1fff 0xb76f1fff 0xaf671fff 0xa75f1fff
0xa7571fff 0x9f5717ff 0x974f17ff 0x8f4717ff
0x7f3f17ff 0x6f370fff 0x67370fff 0x773f17ff
0x8f4f17ff 0x974f17ff 0x974f17ff 0x8f4f17ff
0x974f17ff 0x974f17ff 0x974f17ff 0x975717ff
0x975717ff 0x975717ff 0x974f17ff 0x9f5717ff
0x9f4f17ff 0x974f17ff 0x8f4717ff 0x8f4717ff
0x974f17ff 0x974f17ff 0x974f17ff 0x9f5717ff
0x975717ff 0x975717ff 0x8f4f17ff 0x874717ff
0x874717ff 0x975717ff 0x975717ff 0x974f1fff
0x974f1fff 0x974f17ff 0x974f17ff 0x874717ff
0x7f4717ff 0x874f17ff 0x8f4f17ff 0x975717ff
0x9f5717ff 0x974f17ff 0x974f17ff 0x8f4f17ff
0x8f4717ff 0x8f4717ff 0x974f17ff 0x9f5717ff
0x975717ff 0x974f17ff 0x975717ff 0x975717ff
0x975717ff 0x975717ff 0x974f17ff 0x974f17ff
0x974f17ff 0x974f17ff 0x8f4f17ff 0x8f4717ff
0x773f17ff 0x67370fff 0x67370fff 0x7f3f17ff
0x8f4717ff 0x975717ff 0x9f571fff 0xa7571fff
0xa75f1fff 0xaf671fff 0xb76f1fff 0xb76f1fff
0xb7671fff 0xaf671fff 0xaf671fff 0xaf671fff
0xaf671fff 0x9f5717ff 0x8f4f17ff 0x8f4717ff
0x974f17ff 0x9f5717ff 0x9f4f17ff 0x8f4f17ff
0x773f17ff 0x5f2f0fff 0x572f0fff 0x5f2f0fff
0x672f0fff 0x6f370fff 0x67370fff 0x672f0fff
0x6f370fff 0x7f3f0fff 0x874717ff 0x8f4f17ff
0x8f4f17ff 0x974f17ff 0x974f17ff 0x974717ff
0x87470fff 0x7f3f0fff 0x6f370fff 0x672f0fff
0x672f0fff 0x6f370fff 0x7f3f0fff 0x87470fff
0x873f0fff 0x87470fff 0x87470fff 0x874717ff
0x874717ff 0x8f4f17ff 0x974f17ff 0x974f17ff
0x8f4f17ff 0x8f4717ff 0x8f4717ff 0x8f4717ff
0x8f4717ff 0x874717ff 0x873f17ff 0x6f370fff
0x5f2f0fff 0x572f0fff 0x4f2f0fff 0x572f0fff
0x6f3f0fff 0x7f4717ff 0x874717ff 0x8f4f17ff
0x8f4f17ff 0x874717ff 0x7f4717ff 0x6f3f0fff
0x572f0fff 0x4f2f0fff 0x572f0fff 0x5f2f0fff
0x6f370fff 0x873f17ff 0x874717ff 0x8f4717ff
0x8f4717ff 0x8f4717ff 0x8f4717ff 0x8f4f17ff
0x974f17ff 0x974f17ff 0x8f4f17ff 0x874717ff
0x874717ff 0x87470fff 0x87470fff 0x873f0fff
0x87470fff 0x7f3f0fff 0x6f370fff 0x672f0fff
0x672f0fff 0x6f370fff 0x7f3f0fff 0x87470fff
0x974717ff 0x974f17ff 0x974f17ff 0x8f4f17ff
0x8f4f17ff 0x874717ff 0x7f3f0fff 0x6f370fff
0x672f0fff 0x67370fff 0x6f370fff 0x672f0fff
0x5f2f0fff 0x572f0fff 0x5f2f0fff 0x773f17ff
0x8f4f17ff 0x9f4f17ff 0x9f5717ff 0x974f17ff
0x8f4717ff 0x8f4f17ff 0x9f5717ff 0xaf671fff
0xaf671fff 0xaf671fff 0xaf671fff 0xb7671fff
0xb76f1fff 0xb76f1fff 0xaf671fff 0xa75f1fff
0xa7571fff 0x9f571fff 0x975717ff 0x8f4717ff
0x7f3f17ff 0x67370fff 0x67370fff 0x773f17ff
0x8f4717ff 0x8f4f17ff 0x974f17ff 0x974f17ff
0x974f17ff 0x974f17ff 0x975717ff 0x975717ff
0x975717ff 0x975717ff 0x974f17ff 0x975717ff
0x9f5717ff 0x974f17ff 0x8f4717ff 0x8f4717ff
0x8f4f17ff 0x974f17ff 0x974f17ff 0x9f5717ff
0x975717ff 0x8f4f17ff 0x874f17ff 0x7f4717ff
0x874717ff 0x974f17ff 0x974f17ff 0x974f1fff
0x974f17ff 0x974f17ff 0x974f17ff 0x8f4717ff
0x874717ff 0x874f17ff 0x974f17ff 0x974f17ff
0x974f17ff 0x974f17ff 0x974f17ff 0x8f4717ff
0x874717ff 0x874717ff 0x974f17ff 0x974f17ff
0x974f17ff 0x974f17ff 0x974f17ff 0x974f17ff
0x975717ff 0x975717ff 0x975717ff 0x974f17ff
0x974f17ff 0x974f17ff 0x974f17ff 0x8f4717ff
0x7f3f0fff 0x6f370fff 0x67370fff 0x7f3f17ff
0x8f4f17ff 0x974f17ff 0x9f5717ff 0x9f5717ff
0xa75f17ff 0xaf6717ff 0xaf6717ff 0xaf6717ff
0xaf6717ff 0xaf671fff 0xaf671fff 0xaf671fff
0xaf671fff 0x9f5f17ff 0x974f17ff 0x8f4717ff
0x974f17ff 0x9f5717ff 0x9f5717ff 0x8f4f17ff
0x773f17ff 0x5f370fff 0x5f2f0fff 0x5f2f0fff
0x672f0fff 0x67370fff 0x672f0fff 0x5f2f0fff
0x6f370fff 0x7f3f0fff 0x874717ff 0x8f4f17ff
0x8f4f17ff 0x974f17ff 0x8f4f17ff 0x8f4f17ff
0x874717ff 0x7f3f0fff 0x6f370fff 0x5f2f0fff
0x5f370fff 0x6f3f0fff 0x7f470fff 0x87470fff
0x7f470fff 0x874717ff 0x874717ff 0x874717ff
0x87470fff 0x8f470fff 0x8f4f17ff 0x8f4f17ff
0x8f4f17ff 0x8f4717ff 0x8f4f17ff 0x8f4717ff
0x874717ff 0x873f17ff 0x7f3f17ff 0x773717ff
0x5f2f0fff 0x57270fff 0x4f270fff 0x4f270fff
0x67370fff 0x7f3f17ff 0x874717ff 0x8f4f17ff
0x8f4f17ff 0x874717ff 0x7f3f17ff 0x67370fff
0x4f270fff 0x4f270fff 0x57270fff 0x5f2f0fff
0x773717ff 0x7f3f17ff 0x873f17ff 0x874717ff
0x8f4717ff 0x8f4f17ff 0x8f4717ff 0x8f4f17ff
0x8f4f17ff 0x8f4f17ff 0x8f470fff 0x87470fff
0x874717ff 0x874717ff 0x874717ff 0x7f470fff
0x87470fff 0x7f470fff 0x6f3f0fff 0x5f370fff
0x5f2f0fff 0x6f370fff 0x7f3f0fff 0x874717ff
0x8f4f17ff 0x8f4f17ff 0x974f17ff 0x8f4f17ff
0x8f4f17ff 0x874717ff 0x7f3f0fff 0x6f370fff
0x5f2f0fff 0x672f0fff 0x67370fff 0x672f0fff
0x5f2f0fff 0x5f2f0fff 0x5f370fff 0x773f17ff
0x8f4f17ff 0x9f5717ff 0x9f5717ff 0x974f17ff
0x8f4717ff 0x974f17ff 0x9f5f17ff 0xaf671fff
0xaf671fff 0xaf671fff 0xaf671fff 0xaf6717ff
0xaf6717ff 0xaf6717ff 0xaf6717ff 0xa75f17ff
0x9f5717ff 0x9f5717ff 0x974f17ff 0x8f4f17ff
0x7f3f17ff 0x67370fff 0x6f370fff 0x7f3f0fff
0x8f4717ff 0x974f17ff 0x974f17ff 0x974f17ff
0x974f17ff 0x975717ff 0x975717ff 0x975717ff
0x974f17ff 0x974f17ff 0x974f17ff 0x974f17ff
0x974f17ff 0x974f17ff 0x874717ff 0x874717ff
0x8f4717ff 0x974f17ff 0x974f17ff 0x974f17ff
0x974f17ff 0x974f17ff 0x874f17ff 0x874717ff
0x8f4717ff 0x974f17ff 0x974f17ff 0x974f17ff
0x974f17ff 0x974f17ff 0x974f17ff 0x8f4717ff
0x8f4717ff 0x8f4f17ff 0x975717ff 0x974f17ff
0x974f17ff 0x974f17ff 0x8f4f17ff 0x8f4717ff
0x873f17ff 0x873f17ff 0x8f4717ff 0x974f17ff
0x974f17ff 0x974f17ff 0x974f17ff 0x974f17ff
0x974f17ff 0x974f17ff 0x974f17ff 0x974f17ff
0x974f17ff 0x974f17ff 0x974f17ff 0x8f4f17ff
0x874717ff 0x773f0fff 0x6f3f0fff 0x7f4717ff
0x8f4f17ff 0x974f17ff 0x9f4f17ff 0x9f5717ff
0x9f5f17ff 0xa76717ff 0xaf6717ff 0xaf6717ff
0xaf6717ff 0xaf6717ff 0xaf671fff 0xaf671fff
0xa75f1fff 0x9f5717ff 0x974f17ff 0x8f4f17ff
0x9f4f17ff 0xa75717ff 0x9f5717ff 0x974f17ff
0x7f3f17ff 0x5f370fff 0x5f2f0fff 0x5f2f0fff
0x672f0fff 0x67370fff 0x67370fff 0x5f2f0fff
0x6f370fff 0x7f3f0fff 0x874717ff 0x8f4f17ff
0x8f4f17ff 0x974f17ff 0x974f17ff 0x8f4f17ff
0x874717ff 0x773f0fff 0x672f0fff 0x5f2f0fff
0x5f2f0fff 0x67370fff 0x773f0fff 0x7f3f0fff
0x7f3f0fff 0x7f3f17ff 0x874717ff 0x874717ff
0x87470fff 0x87470fff 0x8f470fff 0x8f470fff
0x8f4717ff 0x8f4717ff 0x8f4717ff 0x8f4717ff
0x873f17ff 0x7f3f0fff 0x7f3f17ff 0x7f3f0fff
0x672f0fff 0x57270fff 0x4f270fff 0x4f270fff
0x672f0fff 0x773f17ff 0x874717ff 0x8f4f17ff
0x8f4f17ff 0x874717ff 0x773f17ff 0x672f0fff
0x4f270fff 0x4f270fff 0x57270fff 0x672f0fff
0x7f3f0fff 0x7f3f17ff 0x7f3f0fff 0x873f17ff
0x8f4717ff 0x8f4717ff 0x8f4717ff 0x8f4717ff
0x8f470fff 0x8f470fff 0x87470fff 0x87470fff
0x874717ff 0x874717ff 0x7f3f17ff 0x7f3f0fff
0x7f3f0fff 0x773f0fff 0x67370fff 0x5f2f0fff
0x5f2f0fff 0x672f0fff 0x773f0fff 0x874717ff
0x8f4f17ff 0x974f17ff 0x974f17ff 0x8f4f17ff
0x8f4f17ff 0x874717ff 0x7f3f0fff 0x6f370fff
0x5f2f0fff 0x67370fff 0x67370fff 0x672f0fff
0x5f2f0fff 0x5f2f0fff 0x5f370fff 0x7f3f17ff
0x974f17ff 0x9f5717ff 0xa75717ff 0x9f4f17ff
0x8f4f17ff 0x974f17ff 0x9f5717ff 0xa75f1fff
0xaf671fff 0xaf671fff 0xaf6717ff 0xaf6717ff
0xaf6717ff 0xaf6717ff 0xa76717ff 0x9f5f17ff
0x9f5717ff 0x9f4f17ff 0x974f17ff 0x8f4f17ff
0x7f4717ff 0x6f3f0fff 0x773f0fff 0x874717ff
0x8f4f17ff 0x974f17ff 0x974f17ff 0x974f17ff
0x974f17ff 0x974f17ff 0x974f17ff 0x974f17ff
0x974f17ff 0x974f17ff 0x974f17ff 0x974f17ff
0x974f17ff 0x8f4717ff 0x873f17ff 0x873f17ff
0x8f4717ff 0x8f4f17ff 0x974f17ff 0x974f17ff
0x974f17ff 0x975717ff 0x8f4f17ff 0x8f4717ff
0x8f4717ff 0x974f17ff 0x974f17ff 0x974f17ff
0x9f4f17ff 0x9f4f17ff 0x974f17ff 0x974f17ff
0x8f4f17ff 0x974f17ff 0x9f4f17ff 0x9f4f17ff
0x974f17ff 0x974f17ff 0x974f17ff 0x8f4717ff
0x874717ff 0x874717ff 0x8f4717ff 0x974f17ff
0x974f17ff 0x9f5717ff 0x975717ff 0x975717ff
0x975717ff 0x974f17ff 0x974f17ff 0x974f17ff
0x974f17ff 0x975717ff 0x975717ff 0x974f17ff
0x8f4f17ff 0x7f4717ff 0x7f3f17ff 0x7f3f17ff
0x8f4717ff 0x974f17ff 0x974f17ff 0x975717ff
0x9f5f17ff 0xa76717ff 0xaf6717ff 0xaf6717ff
0xaf6717ff 0xaf6717ff 0xaf671fff 0xaf671fff
0xa75f17ff 0x9f5717ff 0x974f17ff 0x974f17ff
0x9f5717ff 0x9f5717ff 0x9f5717ff 0x974f17ff
0x773f17ff 0x5f2f0fff 0x5f2f0fff 0x672f0fff
0x67370fff 0x6f370fff 0x6f370fff 0x67370fff
0x6f370fff 0x773f0fff 0x874717ff 0x8f4717ff
0x8f4f17ff 0x974f17ff 0x974f17ff 0x8f4f17ff
0x874717ff 0x773f0fff 0x67370fff 0x5f2f0fff
0x572f0fff 0x5f2f0fff 0x6f370fff 0x773f0fff
0x7f3f0fff 0x7f3f0fff 0x7f4717ff 0x874717ff
0x874717ff 0x8f470fff 0x8f470fff 0x8f470fff
0x8f470fff 0x8f4717ff 0x8f4f17ff 0x8f4717ff
0x873f17ff 0x7f3f0fff 0x874717ff 0x873f0fff
0x6f370fff 0x5f2f0fff 0x4f270fff 0x47270fff
0x5f2f0fff 0x6f3f17ff 0x874717ff 0x8f4f17ff
0x8f4f17ff 0x874717ff 0x6f3f17ff 0x5f2f0fff
0x47270fff 0x4f270fff 0x5f2f0fff 0x6f370fff
0x873f0fff 0x874717ff 0x7f3f0fff 0x873f17ff
0x8f4717ff 0x8f4f17ff 0x8f4717ff 0x8f470fff
0x8f470fff 0x8f470fff 0x8f470fff 0x874717ff
0x874717ff 0x7f4717ff 0x7f3f0fff 0x7f3f0fff
0x773f0fff 0x6f370fff 0x5f2f0fff 0x572f0fff
0x5f2f0fff 0x67370fff 0x773f0fff 0x874717ff
0x8f4f17ff 0x974f17ff 0x974f17ff 0x8f4f17ff
0x8f4717ff 0x874717ff 0x773f0fff 0x6f370fff
0x67370fff 0x6f370fff 0x6f370fff 0x67370fff
0x672f0fff 0x5f2f0fff 0x5f2f0fff 0x773f17ff
0x974f17ff 0x9f5717ff 0x9f5717ff 0x9f5717ff
0x974f17ff 0x974f17ff 0x9f5717ff 0xa75f17ff
0xaf671fff 0xaf671fff 0xaf6717ff 0xaf6717ff
0xaf6717ff 0xaf6717ff 0xa76717ff 0x9f5f17ff
0x975717ff 0x974f17ff 0x974f17ff 0x8f4717ff
0x7f3f17ff 0x7f3f17ff 0x7f4717ff 0x8f4f17ff
0x974f17ff 0x975717ff 0x975717ff 0x974f17ff
0x974f17ff 0x974f17ff 0x974f17ff 0x975717ff
0x975717ff 0x975717ff 0x9f5717ff 0x974f17ff
0x974f17ff 0x8f4717ff 0x874717ff 0x874717ff
0x8f4717ff 0x974f17ff 0x974f17ff 0x974f17ff
0x9f4f17ff 0x9f4f17ff 0x974f17ff 0x8f4f17ff
0x974f17ff 0x974f17ff 0x9f4f17ff 0x9f4f17ff
0x9f5717ff 0x975717ff 0x974f17ff 0x974f17ff
0x974f17ff 0x974f17ff 0x9f4f17ff 0x9f4f17ff
0x974f17ff 0x974f17ff 0x974f17ff 0x8f4f17ff
0x873f17ff 0x873f17ff 0x8f4f17ff 0x974f17ff
0x9f5717ff 0x9f5717ff 0x9f5717ff 0x974f17ff
0x974f17ff 0x974f17ff 0x974f17ff 0x974f17ff
0x975717ff 0x975717ff 0x975717ff 0x974f17ff
0x8f4f17ff 0x874717ff 0x7f3f17ff 0x773f0fff
0x874717ff 0x974f17ff 0x974f17ff 0x974f17ff
0x9f5717ff 0xa76717ff 0xaf6717ff 0xaf6717ff
0xaf6717ff 0xaf6717ff 0xaf6717ff 0xaf671fff
0xa75f17ff 0xa75f17ff 0x975717ff 0x974f17ff
0x9f5717ff 0x9f5717ff 0x9f5717ff 0x8f4717ff
0x773717ff 0x5f2f0fff 0x5f2f0fff 0x672f0fff
0x67370fff 0x6f370fff 0x77370fff 0x6f370fff
0x77370fff 0x7f3f0fff 0x874717ff 0x8f4717ff
0x8f4717ff 0x974f17ff 0x974f17ff 0x8f4717ff
0x874717ff 0x773f0fff 0x67370fff 0x5f2f0fff
0x5f2f0fff 0x5f2f0fff 0x6f370fff 0x773f0fff
0x773f0fff 0x7f3f0fff 0x7f4717ff 0x874717ff
0x874717ff 0x8f4717ff 0x8f470fff 0x8f470fff
0x8f470fff 0x8f470fff 0x8f4f17ff 0x8f4717ff
0x873f17ff 0x7f3f17ff 0x874717ff 0x873f0fff
0x6f370fff 0x5f2f0fff 0x4f270fff 0x47270fff
0x572f0fff 0x773f17ff 0x874717ff 0x974f17ff
0x974f17ff 0x874717ff 0x773f17ff 0x572f0fff
0x47270fff 0x4f270fff 0x5f2f0fff 0x6f370fff
0x873f0fff 0x874717ff 0x7f3f17ff 0x873f17ff
0x8f4717ff 0x8f4f17ff 0x8f470fff 0x8f470fff
0x8f470fff 0x8f470fff 0x8f4717ff 0x874717ff
0x874717ff 0x7f4717ff 0x7f3f0fff 0x773f0fff
0x773f0fff 0x6f370fff 0x5f2f0fff 0x5f2f0fff
0x5f2f0fff 0x67370fff 0x773f0fff 0x874717ff
0x8f4717ff 0x974f17ff 0x974f17ff 0x8f4717ff
0x8f4717ff 0x874717ff 0x7f3f0fff 0x77370fff
0x6f370fff 0x77370fff 0x6f370fff 0x67370fff
0x672f0fff 0x5f2f0fff 0x5f2f0fff 0x773717ff
0x8f4717ff 0x9f5717ff 0x9f5717ff 0x9f5717ff
0x974f17ff 0x975717ff 0xa75f17ff 0xa75f17ff
0xaf671fff 0xaf6717ff 0xaf6717ff 0xaf6717ff
0xaf6717ff 0xaf6717ff 0xa76717ff 0x9f5717ff
0x974f17ff 0x974f17ff 0x974f17ff 0x874717ff
0x773f0fff 0x7f3f17ff 0x874717ff 0x8f4f17ff
0x974f17ff 0x975717ff 0x975717ff 0x975717ff
0x974f17ff 0x974f17ff 0x974f17ff 0x974f17ff
0x974f17ff 0x9f5717ff 0x9f5717ff 0x9f5717ff
0x974f17ff 0x8f4f17ff 0x873f17ff 0x873f17ff
0x8f4f17ff 0x974f17ff 0x974f17ff 0x974f17ff
0x9f4f17ff 0x9f4f17ff 0x974f17ff 0x974f17ff
0x974f17ff 0x974f17ff 0x975717ff 0x9f5717ff
0x974f17ff 0x974f17ff 0x974f17ff 0x974f17ff
0x974f17ff 0x974f17ff 0x9f4f17ff 0x9f4f17ff
0x974f17ff 0x974f17ff 0x974f17ff 0x8f4717ff
0x874717ff 0x874717ff 0x8f4717ff 0x974f17ff
0x974f17ff 0x9f5717ff 0x9f5717ff 0x974f17ff
0x974f17ff 0x974f17ff 0x974f17ff 0x975717ff
0x975717ff 0x974f17ff 0x974f17ff 0x974f17ff
0x8f4f17ff 0x873f17ff 0x77370fff 0x6f370fff
0x874717ff 0x974f17ff 0x8f4f17ff 0x8f4717ff
0x975717ff 0xa75f17ff 0xaf6717ff 0xaf6717ff
0xaf6717ff 0xaf6717ff 0xaf6717ff 0xaf671fff
0xa75f17ff 0xa75f17ff 0x975717ff 0x975717ff
0x9f5717ff 0x9f5717ff 0x9f5717ff 0x8f4717ff
0x7f3f17ff 0x67370fff 0x672f0fff 0x672f0fff
0x6f370fff 0x773f0fff 0x77370fff 0x77370fff
0x77370fff 0x7f3f0fff 0x873f0fff 0x874717ff
0x8f4717ff 0x974f17ff 0x974f17ff 0x8f4717ff
0x874717ff 0x773f0fff 0x67370fff 0x5f2f0fff
0x5f2f0fff 0x5f2f0fff 0x67370fff 0x773f0fff
0x773f0fff 0x7f3f17ff 0x874717ff 0x874717ff
0x874717ff 0x8f4717ff 0x8f4717ff 0x8f4717ff
0x8f470fff 0x8f4717ff 0x8f4f17ff 0x8f4717ff
0x874717ff 0x874717ff 0x874717ff 0x7f3f0fff
0x6f370fff 0x5f2f0fff 0x4f270fff 0x4f270fff
0x5f2f0fff 0x6f370fff 0x874717ff 0x8f4f17ff
0x8f4f17ff 0x874717ff 0x6f370fff 0x5f2f0fff
0x4f270fff 0x4f270fff 0x5f2f0fff 0x6f370fff
0x7f3f0fff 0x874717ff 0x874717ff 0x874717ff
0x8f4717ff 0x8f4f17ff 0x8f4717ff 0x8f470fff
0x8f4717ff 0x8f4717ff 0x8f4717ff 0x874717ff
0x874717ff 0x874717ff 0x7f3f17ff 0x773f0fff
0x773f0fff 0x67370fff 0x5f2f0fff 0x5f2f0fff
0x5f2f0fff 0x67370fff 0x773f0fff 0x874717ff
0x8f4717ff 0x974f17ff 0x974f17ff 0x8f4717ff
0x874717ff 0x873f0fff 0x7f3f0fff 0x77370fff
0x77370fff 0x77370fff 0x773f0fff 0x6f370fff
0x672f0fff 0x672f0fff 0x67370fff 0x7f3f17ff
0x8f4717ff 0x9f5717ff 0x9f5717ff 0x9f5717ff
0x975717ff 0x975717ff 0xa75f17ff 0xa75f17ff
0xaf671fff 0xaf6717ff 0xaf6717ff 0xaf6717ff
0xaf6717ff 0xaf6717ff 0xa75f17ff 0x975717ff
0x8f4717ff 0x8f4f17ff 0x974f17ff 0x874717ff
0x6f370fff 0x77370fff 0x873f17ff 0x8f4f17ff
0x974f17ff 0x974f17ff 0x974f17ff 0x975717ff
0x975717ff 0x974f17ff 0x974f17ff 0x974f17ff
0x974f17ff 0x9f5717ff 0x9f5717ff 0x974f17ff
0x974f17ff 0x8f4717ff 0x874717ff 0x874717ff
0x8f4717ff 0x974f17ff 0x974f17ff 0x974f17ff
0x9f4f17ff 0x9f4f17ff 0x974f17ff 0x974f17ff
0x974f17ff 0x974f17ff 0x974f17ff 0x974f17ff
0x974f17ff 0x974f17ff 0x974f17ff 0x974f17ff
0x974f17ff 0x975717ff 0x9f4f17ff 0x9f4f17ff
0x9f4f17ff 0x974f17ff 0x974f17ff 0x8f4717ff
0x874717ff 0x874717ff 0x8f4f17ff 0x974f17ff
0x974f17ff 0x9f5717ff 0x9f5717ff 0x974f17ff
0x974f17ff 0x974f17ff 0x974f17ff 0x975717ff
0x974f17ff 0x974f17ff 0x974f17ff 0x974f17ff
0x8f4717ff 0x7f3f17ff 0x6f3f0fff 0x773f0fff
0x7f4717ff 0x8f4717ff 0x8f4717ff 0x874717ff
0x8f4f17ff 0x9f5717ff 0xa75f17ff 0xaf6717ff
0xaf6717ff 0xaf6717ff 0xaf6717ff 0xaf671fff
0xa76717ff 0xa75f17ff 0x9f5717ff 0x9f5717ff
0xa75f17ff 0xa75717ff 0x9f5717ff 0x974717ff
0x7f3f0fff 0x6f370fff 0x6f2f0fff 0x672f0fff
0x6f370fff 0x773f0fff 0x773f0fff 0x77370fff
0x77370fff 0x7f3f0fff 0x873f0fff 0x87470fff
0x8f4717ff 0x8f4f17ff 0x974f17ff 0x8f4717ff
0x87470fff 0x7f3f0fff 0x67370fff 0x5f2f0fff
0x5f2f0fff 0x5f370fff 0x67370fff 0x6f370fff
0x7f3f0fff 0x874717ff 0x874717ff 0x87470fff
0x87470fff 0x874717ff 0x8f4717ff 0x8f4717ff
0x87470fff 0x8f4717ff 0x8f4f17ff 0x8f4717ff
0x8f4717ff 0x8f4f17ff 0x8f4717ff 0x7f3f0fff
0x67370fff 0x572f0fff 0x572f0fff 0x572f0fff
0x5f370fff 0x6f3f17ff 0x7f4717ff 0x8f4717ff
0x8f4717ff 0x7f4717ff 0x6f3f17ff 0x5f370fff
0x572f0fff 0x572f0fff 0x572f0fff 0x67370fff
0x7f3f0fff 0x8f4717ff 0x8f4f17ff 0x8f4717ff
0x8f4717ff 0x8f4f17ff 0x8f4717ff 0x87470fff
0x8f4717ff 0x8f4717ff 0x874717ff 0x87470fff
0x87470fff 0x874717ff 0x874717ff 0x7f3f0fff
0x6f370fff 0x67370fff 0x5f370fff 0x5f2f0fff
0x5f2f0fff 0x67370fff 0x7f3f0fff 0x87470fff
0x8f4717ff 0x974f17ff 0x8f4f17ff 0x8f4717ff
0x87470fff 0x873f0fff 0x7f3f0fff 0x77370fff
0x77370fff 0x773f0fff 0x773f0fff 0x6f370fff
0x672f0fff 0x6f2f0fff 0x6f370fff 0x7f3f0fff
0x974717ff 0x9f5717ff 0xa75717ff 0xa75f17ff
0x9f5717ff 0x9f5717ff 0xa75f17ff 0xa76717ff
0xaf671fff 0xaf6717ff 0xaf6717ff 0xaf6717ff
0xaf6717ff 0xa75f17ff 0x9f5717ff 0x8f4f17ff
0x874717ff 0x8f4717ff 0x8f4717ff 0x7f4717ff
0x773f0fff 0x6f3f0fff 0x7f3f17ff 0x8f4717ff
0x974f17ff 0x974f17ff 0x974f17ff 0x974f17ff
0x975717ff 0x974f17ff 0x974f17ff 0x974f17ff
0x974f17ff 0x9f5717ff 0x9f5717ff 0x974f17ff
0x974f17ff 0x8f4f17ff 0x874717ff 0x874717ff
0x8f4717ff 0x974f17ff 0x974f17ff 0x9f4f17ff
0x9f4f17ff 0x9f4f17ff 0x975717ff 0x974f17ff
0x974f17ff 0x974f17ff 0x974f17ff 0x974f17ff
0x974f17ff 0x8f4f17ff 0x8f4f17ff 0x974f17ff
0x974f17ff 0x975717ff 0x974f17ff 0x9f4f17ff
0x974f17ff 0x974f17ff 0x8f4717ff 0x8f4717ff
0x873f17ff 0x874717ff 0x8f4717ff 0x974f17ff
0x974f17ff 0x9f5717ff 0x9f5717ff 0x974f17ff
0x974f17ff 0x974f17ff 0x974f17ff 0x974f17ff
0x974f17ff 0x974f17ff 0x974f17ff 0x974f17ff
0x8f4717ff 0x873f17ff 0x773f0fff 0x7f3f0fff
0x87470fff 0x874717ff 0x874717ff 0x873f0fff
0x8f470fff 0x9f5717ff 0xa75f17ff 0xaf6717ff
0xaf6717ff 0xaf6717ff 0xaf6717ff 0xaf6717ff
0xaf6717ff 0xa76717ff 0x9f5f17ff 0x9f5f17ff
0xa75f17ff 0xa75f17ff 0x9f5717ff 0x8f4717ff
0x7f3f0fff 0x6f370fff 0x6f370fff 0x6f370fff
0x6f370fff 0x773f0fff 0x773f0fff 0x773f0fff
0x77370fff 0x7f3f0fff 0x874717ff 0x8f4717ff
0x8f4f17ff 0x8f4f17ff 0x974f17ff 0x8f4717ff
0x874717ff 0x7f3f0fff 0x67370fff 0x5f2f0fff
0x5f2f0fff 0x672f0fff 0x67370fff 0x6f370fff
0x7f3f0fff 0x874717ff 0x874717ff 0x7f470fff
0x7f470fff 0x87470fff 0x87470fff 0x87470fff
0x87470fff 0x8f470fff 0x8f470fff 0x8f4717ff
0x8f4f17ff 0x8f4717ff 0x8f4717ff 0x7f3f0fff
0x6f370fff 0x5f2f0fff 0x5f2f0fff 0x5f2f0fff
0x67370fff 0x773f17ff 0x874717ff 0x8f4717ff
0x8f4717ff 0x874717ff 0x773f17ff 0x67370fff
0x5f2f0fff 0x5f2f0fff 0x5f2f0fff 0x6f370fff
0x7f3f0fff 0x8f4717ff 0x8f4717ff 0x8f4f17ff
0x8f4717ff 0x8f470fff 0x8f470fff 0x87470fff
0x87470fff 0x87470fff 0x87470fff 0x7f470fff
0x7f470fff 0x874717ff 0x874717ff 0x7f3f0fff
0x6f370fff 0x67370fff 0x672f0fff 0x5f2f0fff
0x5f2f0fff 0x67370fff 0x7f3f0fff 0x874717ff
0x8f4717ff 0x974f17ff 0x8f4f17ff 0x8f4f17ff
0x8f4717ff 0x874717ff 0x7f3f0fff 0x77370fff
0x773f0fff 0x773f0fff 0x773f0fff 0x6f370fff
0x6f370fff 0x6f370fff 0x6f370fff 0x7f3f0fff
0x8f4717ff 0x9f5717ff 0xa75f17ff 0xa75f17ff
0x9f5f17ff 0x9f5f17ff 0xa76717ff 0xaf6717ff
0xaf6717ff 0xaf6717ff 0xaf6717ff 0xaf6717ff
0xaf6717ff 0xa75f17ff 0x9f5717ff 0x8f470fff
0x873f0fff 0x874717ff 0x874717ff 0x87470fff
0x7f3f0fff 0x773f0fff 0x873f17ff 0x8f4717ff
0x974f17ff 0x974f17ff 0x974f17ff 0x974f17ff
0x974f17ff 0x974f17ff 0x974f17ff 0x974f17ff
0x974f17ff 0x9f5717ff 0x9f5717ff 0x974f17ff
0x974f17ff 0x8f4717ff 0x874717ff 0x873f17ff
0x8f4717ff 0x8f4717ff 0x974f17ff 0x974f17ff
0x9f4f17ff 0x974f17ff 0x975717ff 0x974f17ff
0x974f17ff 0x8f4f17ff 0x8f4f17ff 0x974f17ff
0x8f4f17ff 0x7f4717ff 0x874717ff 0x974f17ff
0x974f17ff 0x974f17ff 0x974f17ff 0x974f17ff
0x974f17ff 0x974f17ff 0x8f4717ff 0x873f17ff
0x7f3f17ff 0x874717ff 0x8f4f17ff 0x974f17ff
0x9f4f17ff 0x9f5717ff 0x9f5717ff 0x974f17ff
0x974f17ff 0x974f17ff 0x974f17ff 0x974f17ff
0x974f17ff 0x974f17ff 0x974f17ff 0x974f17ff
0x8f4f17ff 0x874717ff 0x7f3f0fff 0x7f3f0fff
0x7f3f0fff 0x874717ff 0x874717ff 0x7f3f0fff
0x87470fff 0x9f5717ff 0xa75f17ff 0xa76717ff
0xaf5f17ff 0xaf6717ff 0xaf6717ff 0xaf6f17ff
0xaf6717ff 0xa76717ff 0xa75f17ff 0xa75f17ff
0xa75f17ff 0xa75717ff 0x9f5717ff 0x8f4717ff
0x773f0fff 0x6f370fff 0x6f370fff 0x6f370fff
0x6f370fff 0x77370fff 0x7f3f0fff 0x7f3f0fff
0x773f17ff 0x7f4717ff 0x874f17ff 0x8f4f17ff
0x8f4f17ff 0x974f17ff 0x974f17ff 0x8f4f17ff
0x874717ff 0x77370fff 0x672f0fff 0x572f0fff
0x5f2f0fff 0x672f0fff 0x6f370fff 0x77370fff
0x7f3f0fff 0x873f17ff 0x874717ff 0x7f470fff
0x87470fff 0x874717ff 0x7f470fff 0x87470fff
0x87470fff 0x8f3f0fff 0x8f470fff 0x8f470fff
0x8f4717ff 0x8f4717ff 0x874717ff 0x7f3f0fff
0x6f370fff 0x5f2f0fff 0x5f2f0fff 0x67370fff
0x6f370fff 0x7f3f17ff 0x874717ff 0x8f4f17ff
0x8f4f17ff 0x874717ff 0x7f3f17ff 0x6f370fff
0x67370fff 0x5f2f0fff 0x5f2f0fff 0x6f370fff
0x7f3f0fff 0x874717ff 0x8f4717ff 0x8f4717ff
0x8f470fff 0x8f470fff 0x8f3f0fff 0x87470fff
0x87470fff 0x7f470fff 0x874717ff 0x87470fff
0x7f470fff 0x874717ff 0x873f17ff 0x7f3f0fff
0x77370fff 0x6f370fff 0x672f0fff 0x5f2f0fff
0x572f0fff 0x672f0fff 0x77370fff 0x874717ff
0x8f4f17ff 0x974f17ff 0x974f17ff 0x8f4f17ff
0x8f4f17ff 0x874f17ff 0x7f4717ff 0x773f17ff
0x7f3f0fff 0x7f3f0fff 0x77370fff 0x6f370fff
0x6f370fff 0x6f370fff 0x6f370fff 0x773f0fff
0x8f4717ff 0x9f5717ff 0xa75717ff 0xa75f17ff
0xa75f17ff 0xa75f17ff 0xa76717ff 0xaf6717ff
0xaf6f17ff 0xaf6717ff 0xaf6717ff 0xaf5f17ff
0xa76717ff 0xa75f17ff 0x9f5717ff 0x87470fff
0x7f3f0fff 0x874717ff 0x874717ff 0x7f3f0fff
0x7f3f0fff 0x7f3f0fff 0x874717ff 0x8f4f17ff
0x974f17ff 0x974f17ff 0x974f17ff 0x974f17ff
0x974f17ff 0x974f17ff 0x974f17ff 0x974f17ff
0x974f17ff 0x9f5717ff 0x9f5717ff 0x9f4f17ff
0x974f17ff 0x8f4f17ff 0x874717ff 0x7f3f17ff
0x873f17ff 0x8f4717ff 0x974f17ff 0x974f17ff
0x974f17ff 0x974f17ff 0x974f17ff 0x974f17ff
0x974f17ff 0x874717ff 0x7f4717ff 0x8f4f17ff
0x8f4717ff 0x773f17ff 0x7f3f17ff 0x8f4f17ff
0x974f17ff 0x974f17ff 0x975717ff 0x974f17ff
0x974f17ff 0x8f4f17ff 0x8f4717ff 0x873f17ff
0x7f3f17ff 0x874717ff 0x974f17ff 0x9f5717ff
0x9f5717ff 0x9f5717ff 0x974f17ff 0x974f17ff
0x974f17ff 0x8f4f17ff 0x8f4717ff 0x8f4717ff
0x8f4717ff 0x974f17ff 0x974f17ff 0x8f4f17ff
0x8f4f17ff 0x874717ff 0x7f3f17ff 0x7f3f17ff
0x7f3f0fff 0x873f0fff 0x7f3f0fff 0x7f3f0fff
0x7f3f0fff 0x974f17ff 0xa75f17ff 0xa75f17ff
0xa75f17ff 0xa75f17ff 0xaf6717ff 0xaf6f17ff
0xaf6717ff 0xaf6717ff 0xa75f17ff 0xa75f17ff
0xa75f17ff 0xa75717ff 0x9f5717ff 0x8f4717ff
0x7f3f17ff 0x77370fff 0x6f370fff 0x6f370fff
0x6f370fff 0x7f3f0fff 0x7f3f17ff 0x7f3f17ff
0x7f3f17ff 0x874717ff 0x8f4f17ff 0x8f4f17ff
0x8f4f17ff 0x8f4f17ff 0x974f17ff 0x8f4f17ff
0x874717ff 0x77370fff 0x672f0fff 0x5f2f0fff
0x5f2f0fff 0x672f0fff 0x6f370fff 0x77370fff
0x7f3f0fff 0x874717ff 0x874717ff 0x874717ff
0x874717ff 0x7f3f0fff 0x7f3f0fff 0x7f3f0fff
0x87470fff 0x8f3f0fff 0x8f3f0fff 0x8f470fff
0x8f3f0fff 0x873f0fff 0x873f0fff 0x7f3f0fff
0x67370fff 0x5f2f0fff 0x5f2f0fff 0x67370fff
0x6f3f0fff 0x7f4717ff 0x874717ff 0x8f4f17ff
0x8f4f17ff 0x874717ff 0x7f4717ff 0x6f3f0fff
0x67370fff 0x5f2f0fff 0x5f2f0fff 0x67370fff
0x7f3f0fff 0x873f0fff 0x873f0fff 0x8f3f0fff
0x8f470fff 0x8f3f0fff 0x8f3f0fff 0x87470fff
0x7f3f0fff 0x7f3f0fff 0x7f3f0fff 0x874717ff
0x874717ff 0x874717ff 0x874717ff 0x7f3f0fff
0x77370fff 0x6f370fff 0x672f0fff 0x5f2f0fff
0x5f2f0fff 0x672f0fff 0x77370fff 0x874717ff
0x8f4f17ff 0x974f17ff 0x8f4f17ff 0x8f4f17ff
0x8f4f17ff 0x8f4f17ff 0x874717ff 0x7f3f17ff
0x7f3f17ff 0x7f3f17ff 0x7f3f0fff 0x6f370fff
0x6f370fff 0x6f370fff 0x77370fff 0x7f3f17ff
0x8f4717ff 0x9f5717ff 0xa75717ff 0xa75f17ff
0xa75f17ff 0xa75f17ff 0xaf6717ff 0xaf6717ff
0xaf6f17ff 0xaf6717ff 0xa75f17ff 0xa75f17ff
0xa75f17ff 0xa75f17ff 0x974f17ff 0x7f3f0fff
0x7f3f0fff 0x7f3f0fff 0x873f0fff 0x7f3f0fff
0x7f3f17ff 0x7f3f17ff 0x874717ff 0x8f4f17ff
0x8f4f17ff 0x974f17ff 0x974f17ff 0x8f4717ff
0x8f4717ff 0x8f4717ff 0x8f4f17ff 0x974f17ff
0x974f17ff 0x974f17ff 0x9f5717ff 0x9f5717ff
0x9f5717ff 0x974f17ff 0x874717ff 0x7f3f17ff
0x873f17ff 0x8f4717ff 0x8f4f17ff 0x974f17ff
0x974f17ff 0x975717ff 0x974f17ff 0x974f17ff
0x8f4f17ff 0x7f3f17ff 0x773f17ff 0x8f4717ff
0x874717ff 0x773f17ff 0x7f3f17ff 0x874717ff
0x8f4f17ff 0x974f17ff 0x975717ff 0x974f17ff
0x974f17ff 0x974f17ff 0x8f4717ff 0x874717ff
0x7f3f17ff 0x874717ff 0x8f4f17ff 0x974f17ff
0x9f5717ff 0x9f4f17ff 0x974f17ff 0x974f17ff
0x974f17ff 0x8f4717ff 0x8f4717ff 0x8f4717ff
0x8f4717ff 0x8f4f17ff 0x974f17ff 0x974f17ff
0x8f4f17ff 0x874717ff 0x7f3f17ff 0x7f3f17ff
0x7f3f0fff 0x873f0fff 0x873f0fff 0x7f3f0fff
0x7f3f0fff 0x8f4f17ff 0xa75f17ff 0xa75f17ff
0xa75f17ff 0xa75f17ff 0xaf6717ff 0xaf6717ff
0xaf6717ff 0xaf6717ff 0xa75f17ff 0xa75f17ff
0xa75f17ff 0xa75f17ff 0x9f5717ff 0x8f4f17ff
0x7f3f17ff 0x77370fff 0x6f370fff 0x6f370fff
0x773f0fff 0x7f3f0fff 0x7f3f17ff 0x7f3f17ff
0x7f3f17ff 0x7f3f17ff 0x87470fff 0x8f470fff
0x8f4717ff 0x8f4f17ff 0x974f17ff 0x8f4f17ff
0x874717ff 0x773f0fff 0x672f0fff 0x5f2f0fff
0x672f0fff 0x67370fff 0x6f370fff 0x6f3f0fff
0x7f3f0fff 0x874717ff 0x874717ff 0x7f3f17ff
0x773f0fff 0x77370fff 0x77370fff 0x7f3f0fff
0x873f0fff 0x873f0fff 0x873f0fff 0x873f0fff
0x873f0fff 0x873f0fff 0x7f3f0fff 0x7f3f0fff
0x6f370fff 0x672f0fff 0x672f0fff 0x6f370fff
0x773f0fff 0x7f4717ff 0x8f4f17ff 0x97571fff
0x97571fff 0x8f4f17ff 0x7f4717ff 0x773f0fff
0x6f370fff 0x672f0fff 0x672f0fff 0x6f370fff
0x7f3f0fff 0x7f3f0fff 0x873f0fff 0x873f0fff
0x873f0fff 0x873f0fff 0x873f0fff 0x873f0fff
0x7f3f0fff 0x77370fff 0x77370fff 0x773f0fff
0x7f3f17ff 0x874717ff 0x874717ff 0x7f3f0fff
0x6f3f0fff 0x6f370fff 0x67370fff 0x672f0fff
0x5f2f0fff 0x672f0fff 0x773f0fff 0x874717ff
0x8f4f17ff 0x974f17ff 0x8f4f17ff 0x8f4717ff
0x8f470fff 0x87470fff 0x7f3f17ff 0x7f3f17ff
0x7f3f17ff 0x7f3f17ff 0x7f3f0fff 0x773f0fff
0x6f370fff 0x6f370fff 0x77370fff 0x7f3f17ff
0x8f4f17ff 0x9f5717ff 0xa75f17ff 0xa75f17ff
0xa75f17ff 0xa75f17ff 0xaf6717ff 0xaf6717ff
0xaf6717ff 0xaf6717ff 0xa75f17ff 0xa75f17ff
0xa75f17ff 0xa75f17ff 0x8f4f17ff 0x7f3f0fff
0x7f3f0fff 0x873f0fff 0x873f0fff 0x7f3f0fff
0x7f3f17ff 0x7f3f17ff 0x874717ff 0x8f4f17ff
0x974f17ff 0x974f17ff 0x8f4f17ff 0x8f4717ff
0x8f4717ff 0x8f4717ff 0x8f4717ff 0x974f17ff
0x974f17ff 0x974f17ff 0x9f4f17ff 0x9f5717ff
0x974f17ff 0x8f4f17ff 0x874717ff 0x7f3f17ff
0x874717ff 0x8f4717ff 0x974f17ff 0x974f17ff
0x974f17ff 0x975717ff 0x974f17ff 0x8f4f17ff
0x874717ff 0x7f3f17ff 0x773f17ff 0x874717ff
0x874717ff 0x7f3f17ff 0x7f3f17ff 0x873f17ff
0x8f4717ff 0x974f17ff 0x974f17ff 0x974f17ff
0x974717ff 0x974f17ff 0x974f17ff 0x8f4717ff
0x7f3f0fff 0x874717ff 0x8f4717ff 0x974f17ff
0x9f5717ff 0x974f17ff 0x974f17ff 0x974f17ff
0x8f4f17ff 0x8f4f17ff 0x8f4717ff 0x8f4717ff
0x8f4717ff 0x974f17ff 0x974f17ff 0x974f17ff
0x974f17ff 0x8f4717ff 0x873f17ff 0x7f3f17ff
0x7f3f0fff 0x87470fff 0x874717ff 0x874717ff
0x874717ff 0x974f17ff 0xa75f17ff 0xaf5f17ff
0xa75f17ff 0xaf5f17ff 0xaf6717ff 0xaf6717ff
0xaf6717ff 0xaf6717ff 0xa75f17ff 0xa75f17ff
0xa75f17ff 0xa75f17ff 0x9f5717ff 0x974f17ff
0x873f0fff 0x77370fff 0x6f370fff 0x773f0fff
0x7f4717ff 0x87470fff 0x873f0fff 0x7f3f0fff
0x7f470fff 0x7f470fff 0x87470fff 0x87470fff
0x87470fff 0x8f4f17ff 0x974f17ff 0x8f4f17ff
0x874717ff 0x773f0fff 0x6f370fff 0x672f0fff
0x672f0fff 0x6f370fff 0x6f370fff 0x6f3f0fff
0x7f3f0fff 0x873f0fff 0x873f0fff 0x7f3f0fff
0x6f2f0fff 0x672f0fff 0x77370fff 0x7f3f0fff
0x873f0fff 0x873f0fff 0x87470fff 0x87470fff
0x873f0fff 0x7f3f0fff 0x7f3f0fff 0x7f3f0fff
0x6f370fff 0x672f0fff 0x672f0fff 0x6f370fff
0x773f0fff 0x874717ff 0x8f4f17ff 0x975717ff
0x975717ff 0x8f4f17ff 0x874717ff 0x773f0fff
0x6f370fff 0x672f0fff 0x672f0fff 0x6f370fff
0x7f3f0fff 0x7f3f0fff 0x7f3f0fff 0x873f0fff
0x87470fff 0x87470fff 0x873f0fff 0x873f0fff
0x7f3f0fff 0x77370fff 0x672f0fff 0x6f2f0fff
0x7f3f0fff 0x873f0fff 0x873f0fff 0x7f3f0fff
0x6f3f0fff 0x6f370fff 0x6f370fff 0x672f0fff
0x672f0fff 0x6f370fff 0x773f0fff 0x874717ff
0x8f4f17ff 0x974f17ff 0x8f4f17ff 0x87470fff
0x87470fff 0x87470fff 0x7f470fff 0x7f470fff
0x7f3f0fff 0x873f0fff 0x87470fff 0x7f4717ff
0x773f0fff 0x6f370fff 0x77370fff 0x873f0fff
0x974f17ff 0x9f5717ff 0xa75f17ff 0xa75f17ff
0xa75f17ff 0xa75f17ff 0xaf6717ff 0xaf6717ff
0xaf6717ff 0xaf6717ff 0xaf5f17ff 0xa75f17ff
0xaf5f17ff 0xa75f17ff 0x974f17ff 0x874717ff
0x874717ff 0x874717ff 0x87470fff 0x7f3f0fff
0x7f3f17ff 0x873f17ff 0x8f4717ff 0x974f17ff
0x974f17ff 0x974f17ff 0x974f17ff 0x8f4717ff
0x8f4717ff 0x8f4717ff 0x8f4f17ff 0x8f4f17ff
0x974f17ff 0x974f17ff 0x974f17ff 0x9f5717ff
0x974f17ff 0x8f4717ff 0x874717ff 0x7f3f0fff
0x8f4717ff 0x974f17ff 0x974f17ff 0x974717ff
0x974f17ff 0x974f17ff 0x974f17ff 0x8f4717ff
0x873f17ff 0x7f3f17ff 0x7f3f17ff 0x874717ff
0x7f4717ff 0x7f4717ff 0x7f3f17ff 0x7f3f17ff
0x8f4717ff 0x974f17ff 0x974f17ff 0x974f17ff
0x974717ff 0x974f17ff 0x974f17ff 0x8f4717ff
0x873f0fff 0x874717ff 0x8f4717ff 0x974f17ff
0x974f17ff 0x974f17ff 0x974f17ff 0x974f17ff
0x974f17ff 0x8f4f17ff 0x8f4f17ff 0x8f4717ff
0x8f4717ff 0x974f17ff 0x974f17ff 0x974f17ff
0x8f4f17ff 0x8f4717ff 0x873f0fff 0x873f0fff
0x87470fff 0x87470fff 0x8f4717ff 0x874717ff
0x874717ff 0x974f17ff 0xa75f17ff 0xa75f17ff
0xa75f17ff 0xaf6717ff 0xaf6717ff 0xaf6717ff
0xaf6717ff 0xaf5f17ff 0xa75f17ff 0xa75f17ff
0xa75f17ff 0xa75f17ff 0x9f5717ff 0x8f4717ff
0x7f370fff 0x6f370fff 0x6f370fff 0x7f3f0fff
0x874717ff 0x873f0fff 0x873f0fff 0x7f3f0fff
0x7f470fff 0x87470fff 0x87470fff 0x87470fff
0x874717ff 0x8f4f17ff 0x974f17ff 0x8f4f17ff
0x874717ff 0x7f3f0fff 0x6f370fff 0x67370fff
0x672f0fff 0x672f0fff 0x67370fff 0x6f370fff
0x773f0fff 0x873f0fff 0x873f0fff 0x77370fff
0x5f2f0fff 0x5f2f0fff 0x6f370fff 0x7f3f0fff
0x7f3f0fff 0x87470fff 0x87470fff 0x87470fff
0x873f0fff 0x7f3f0fff 0x7f3f0fff 0x7f3f0fff
0x6f370fff 0x672f0fff 0x672f0fff 0x6f370fff
0x773f0fff 0x874717ff 0x8f4f17ff 0x975717ff
0x975717ff 0x8f4f17ff 0x874717ff 0x773f0fff
0x6f370fff 0x672f0fff 0x672f0fff 0x6f370fff
0x7f3f0fff 0x7f3f0fff 0x7f3f0fff 0x873f0fff
0x87470fff 0x87470fff 0x87470fff 0x7f3f0fff
0x7f3f0fff 0x6f370fff 0x5f2f0fff 0x5f2f0fff
0x77370fff 0x873f0fff 0x873f0fff 0x773f0fff
0x6f370fff 0x67370fff 0x672f0fff 0x672f0fff
0x67370fff 0x6f370fff 0x7f3f0fff 0x874717ff
0x8f4f17ff 0x974f17ff 0x8f4f17ff 0x874717ff
0x87470fff 0x87470fff 0x87470fff 0x7f470fff
0x7f3f0fff 0x873f0fff 0x873f0fff 0x874717ff
0x7f3f0fff 0x6f370fff 0x6f370fff 0x7f370fff
0x8f4717ff 0x9f5717ff 0xa75f17ff 0xa75f17ff
0xa75f17ff 0xa75f17ff 0xaf5f17ff 0xaf6717ff
0xaf6717ff 0xaf6717ff 0xaf6717ff 0xa75f17ff
0xa75f17ff 0xa75f17ff 0x974f17ff 0x874717ff
0x874717ff 0x8f4717ff 0x87470fff 0x87470fff
0x873f0fff 0x873f0fff 0x8f4717ff 0x8f4f17ff
0x974f17ff 0x974f17ff 0x974f17ff 0x8f4717ff
0x8f4717ff 0x8f4f17ff 0x8f4f17ff 0x974f17ff
0x974f17ff 0x974f17ff 0x974f17ff 0x974f17ff
0x974f17ff 0x8f4717ff 0x874717ff 0x873f0fff
0x8f4717ff 0x974f17ff 0x974f17ff 0x974717ff
0x974f17ff 0x974f17ff 0x974f17ff 0x8f4717ff
0x7f3f17ff 0x7f3f17ff 0x7f4717ff 0x7f4717ff
0x7f4717ff 0x7f3f17ff 0x7f3f17ff 0x7f3f17ff
0x874717ff 0x974f17ff 0x974f17ff 0x974f17ff
0x974f17ff 0x974f17ff 0x974f17ff 0x8f4717ff
0x873f0fff 0x873f17ff 0x8f4717ff 0x974f17ff
0x974f17ff 0x974f17ff 0x974f17ff 0x974f17ff
0x8f4f17ff 0x8f4f17ff 0x8f4717ff 0x8f4717ff
0x8f4717ff 0x974717ff 0x974f17ff 0x974f17ff
0x8f4717ff 0x8f470fff 0x873f0fff 0x873f0fff
0x87470fff 0x8f4f0fff 0x8f4f17ff 0x8f4717ff
0x874717ff 0x974f17ff 0xa75717ff 0xa75f17ff
0xa75f17ff 0xa75f17ff 0xaf6717ff 0xaf6717ff
0xaf6717ff 0xaf5f17ff 0xa75f17ff 0xa75f17ff
0xa75f17ff 0xa75f17ff 0x9f5717ff 0x874717ff
0x6f370fff 0x67370fff 0x6f370fff 0x7f3f0fff
0x873f0fff 0x7f3f0fff 0x7f3f0fff 0x7f4717ff
0x7f3f0fff 0x7f3f0fff 0x874717ff 0x874717ff
0x8f4717ff 0x8f4f17ff 0x974f17ff 0x8f4717ff
0x87470fff 0x7f3f0fff 0x6f370fff 0x672f0fff
0x5f2f0fff 0x5f2f0fff 0x5f2f0fff 0x67370fff
0x773f0fff 0x7f3f0fff 0x7f3f0fff 0x77370fff
0x5f2f0fff 0x572f0fff 0x672f0fff 0x77370fff
0x873f0fff 0x87470fff 0x8f470fff 0x8f4717ff
0x874717ff 0x873f0fff 0x7f3f0fff 0x7f3f0fff
0x77370fff 0x6f370fff 0x672f0fff 0x6f370fff
0x773f0fff 0x874717ff 0x8f4f17ff 0x97571fff
0x97571fff 0x8f4f17ff 0x874717ff 0x773f0fff
0x6f370fff 0x672f0fff 0x6f370fff 0x77370fff
0x7f3f0fff 0x7f3f0fff 0x873f0fff 0x874717ff
0x8f4717ff 0x8f470fff 0x87470fff 0x873f0fff
0x77370fff 0x672f0fff 0x572f0fff 0x5f2f0fff
0x77370fff 0x7f3f0fff 0x7f3f0fff 0x773f0fff
0x67370fff 0x5f2f0fff 0x5f2f0fff 0x5f2f0fff
0x672f0fff 0x6f370fff 0x7f3f0fff 0x87470fff
0x8f4717ff 0x974f17ff 0x8f4f17ff 0x8f4717ff
0x874717ff 0x874717ff 0x7f3f0fff 0x7f3f0fff
0x7f4717ff 0x7f3f0fff 0x7f3f0fff 0x873f0fff
0x7f3f0fff 0x6f370fff 0x67370fff 0x6f370fff
0x874717ff 0x9f5717ff 0xa75f17ff 0xa75f17ff
0xa75f17ff 0xa75f17ff 0xaf5f17ff 0xaf6717ff
0xaf6717ff 0xaf6717ff 0xa75f17ff 0xa75f17ff
0xa75f17ff 0xa75717ff 0x974f17ff 0x874717ff
0x8f4717ff 0x8f4f17ff 0x8f4f0fff 0x87470fff
0x873f0fff 0x873f0fff 0x8f470fff 0x8f4717ff
0x974f17ff 0x974f17ff 0x974717ff 0x8f4717ff
0x8f4717ff 0x8f4717ff 0x8f4f17ff 0x8f4f17ff
0x974f17ff 0x974f17ff 0x974f17ff 0x974f17ff
0x974f17ff 0x8f4717ff 0x873f17ff 0x873f0fff
0x8f4717ff 0x974f17ff 0x974f17ff 0x974f17ff
0x974f17ff 0x974f17ff 0x974f17ff 0x874717ff
0x7f3f17ff 0x7f3f17ff 0x7f3f17ff 0x7f4717ff
0x874717ff 0x7f3f17ff 0x773f17ff 0x7f3f17ff
0x874717ff 0x8f4f17ff 0x974f17ff 0x974f17ff
0x974717ff 0x974f17ff 0x974f17ff 0x8f4717ff
0x873f17ff 0x874717ff 0x974f17ff 0x974f17ff
0x974f17ff 0x974f17ff 0x974f17ff 0x974f17ff
0x8f4f17ff 0x8f4f17ff 0x8f4717ff 0x8f4717ff
0x8f4717ff 0x8f4717ff 0x8f4717ff 0x8f4717ff
0x8f4717ff 0x8f4717ff 0x87470fff 0x87470fff
0x8f470fff 0x974f17ff 0x974f17ff 0x8f4f17ff
0x8f4717ff 0x974f17ff 0xa75717ff 0xa75f17ff
0xa75f17ff 0xa75f17ff 0xa75f17ff 0xaf6717ff
0xaf6717ff 0xaf5f17ff 0xa75f17ff 0xa75f17ff
0xa75f17ff 0xa75f17ff 0x9f5717ff 0x874717ff
0x6f370fff 0x6f370fff 0x6f370fff 0x77370fff
0x7f3f0fff 0x7f3f0fff 0x7f3f0fff 0x874717ff
0x87470fff 0x7f3f0fff 0x873f0fff 0x874717ff
0x8f4717ff 0x974f17ff 0x974717ff 0x8f4717ff
0x873f0fff 0x773f0fff 0x6f370fff 0x672f0fff
0x5f2f0fff 0x5f2f0fff 0x5f2f0fff 0x672f0fff
0x6f370fff 0x7f3f0fff 0x7f3f0fff 0x77370fff
0x5f2f0fff 0x4f270fff 0x5f2f0fff 0x6f370fff
0x7f470fff 0x8f4717ff 0x8f4f17ff 0x8f4717ff
0x87470fff 0x7f3f0fff 0x7f3f0fff 0x7f3f0fff
0x773f0fff 0x6f370fff 0x67370fff 0x67370fff
0x773f17ff 0x874f17ff 0x974f17ff 0x97571fff
0x97571fff 0x974f17ff 0x874f17ff 0x773f17ff
0x67370fff 0x67370fff 0x6f370fff 0x773f0fff
0x7f3f0fff 0x7f3f0fff 0x7f3f0fff 0x87470fff
0x8f4717ff 0x8f4f17ff 0x8f4717ff 0x7f470fff
0x6f370fff 0x5f2f0fff 0x4f270fff 0x5f2f0fff
0x77370fff 0x7f3f0fff 0x7f3f0fff 0x6f370fff
0x672f0fff 0x5f2f0fff 0x5f2f0fff 0x5f2f0fff
0x672f0fff 0x6f370fff 0x773f0fff 0x873f0fff
0x8f4717ff 0x974717ff 0x974f17ff 0x8f4717ff
0x874717ff 0x873f0fff 0x7f3f0fff 0x87470fff
0x874717ff 0x7f3f0fff 0x7f3f0fff 0x7f3f0fff
0x77370fff 0x6f370fff 0x6f370fff 0x6f370fff
0x874717ff 0x9f5717ff 0xa75f17ff 0xa75f17ff
0xa75f17ff 0xa75f17ff 0xaf5f17ff 0xaf6717ff
0xaf6717ff 0xa75f17ff 0xa75f17ff 0xa75f17ff
0xa75f17ff 0xa75717ff 0x974f17ff 0x8f4717ff
0x8f4f17ff 0x974f17ff 0x974f17ff 0x8f470fff
0x87470fff 0x87470fff 0x8f4717ff 0x8f4717ff
0x8f4717ff 0x8f4717ff 0x8f4717ff 0x8f4717ff
0x8f4717ff 0x8f4717ff 0x8f4f17ff 0x8f4f17ff
0x974f17ff 0x974f17ff 0x974f17ff 0x974f17ff
0x974f17ff 0x974f17ff 0x874717ff 0x873f17ff
0x8f4717ff 0x974f17ff 0x974f17ff 0x974717ff
0x974f17ff 0x974f17ff 0x8f4f17ff 0x874717ff
0x7f3f17ff 0x773f17ff 0x7f3f17ff 0x874717ff
0x874717ff 0x773f17ff 0x77370fff 0x773f0fff
0x87470fff 0x8f4f17ff 0x974f17ff 0x974f17ff
0x974f17ff 0x974f17ff 0x974f17ff 0x8f4f17ff
0x874717ff 0x8f4717ff 0x974f17ff 0x9f4f17ff
0x974f17ff 0x975717ff 0x975717ff 0x974f17ff
0x8f4f17ff 0x8f4f17ff 0x874717ff 0x874717ff
0x8f4717ff 0x8f470fff 0x8f4717ff 0x8f4717ff
0x8f4717ff 0x8f4717ff 0x874717ff 0x873f17ff
0x8f4717ff 0x974f17ff 0x974f17ff 0x974f17ff
0x974717ff 0x9f5717ff 0xa75f17ff 0xa75f17ff
0xa75717ff 0xa75717ff 0xa75f17ff 0xaf6717ff
0xaf5f17ff 0xaf5f17ff 0xa75f17ff 0xa75f17ff
0xaf5f17ff 0xa75f17ff 0x9f5717ff 0x874717ff
0x77370fff 0x6f370fff 0x6f370fff 0x77370fff
0x7f3f0fff 0x7f3f0fff 0x874717ff 0x874717ff
0x874717ff 0x87470fff 0x873f17ff 0x874717ff
0x8f4717ff 0x8f4f17ff 0x974717ff 0x8f4717ff
0x874717ff 0x7f3f0fff 0x77370fff 0x67370fff
0x5f2f0fff 0x5f2f0fff 0x572f0fff 0x5f2f0fff
0x6f370fff 0x77370fff 0x7f3f0fff 0x77370fff
0x5f2f0fff 0x472700ff 0x572f0fff 0x773f0fff
0x87470fff 0x8f4717ff 0x8f4f17ff 0x8f4717ff
0x873f0fff 0x7f3f0fff 0x7f3f0fff 0x7f3f0fff
0x773f0fff 0x6f370fff 0x67370fff 0x67370fff
0x773f17ff 0x874717ff 0x974f17ff 0x974f17ff
0x974f17ff 0x974f17ff 0x874717ff 0x773f17ff
0x67370fff 0x67370fff 0x6f370fff 0x773f0fff
0x7f3f0fff 0x7f3f0fff 0x7f3f0fff 0x873f0fff
0x8f4717ff 0x8f4f17ff 0x8f4717ff 0x87470fff
0x773f0fff 0x572f0fff 0x472700ff 0x5f2f0fff
0x77370fff 0x7f3f0fff 0x77370fff 0x6f370fff
0x5f2f0fff 0x572f0fff 0x5f2f0fff 0x5f2f0fff
0x67370fff 0x77370fff 0x7f3f0fff 0x874717ff
0x8f4717ff 0x974717ff 0x8f4f17ff 0x8f4717ff
0x874717ff 0x873f17ff 0x87470fff 0x874717ff
0x874717ff 0x874717ff 0x7f3f0fff 0x7f3f0fff
0x77370fff 0x6f370fff 0x6f370fff 0x77370fff
0x874717ff 0x9f5717ff 0xa75f17ff 0xaf5f17ff
0xa75f17ff 0xa75f17ff 0xaf5f17ff 0xaf5f17ff
0xaf6717ff 0xa75f17ff 0xa75717ff 0xa75717ff
0xa75f17ff 0xa75f17ff 0x9f5717ff 0x974717ff
0x974f17ff 0x974f17ff 0x974f17ff 0x8f4717ff
0x873f17ff 0x874717ff 0x8f4717ff 0x8f4717ff
0x8f4717ff 0x8f4717ff 0x8f470fff 0x8f4717ff
0x874717ff 0x874717ff 0x8f4f17ff 0x8f4f17ff
0x974f17ff 0x975717ff 0x975717ff 0x974f17ff
0x9f4f17ff 0x974f17ff 0x8f4717ff 0x874717ff
0x8f4f17ff 0x974f17ff 0x974f17ff 0x974f17ff
0x974f17ff 0x974f17ff 0x8f4f17ff 0x87470fff
0x773f0fff 0x77370fff 0x773f17ff 0x874717ff
0x874717ff 0x773f17ff 0x6f370fff 0x773f0fff
0x873f0fff 0x8f4717ff 0x974f17ff 0x974f17ff
0x974f17ff 0x974f17ff 0x974f17ff 0x8f4f17ff
0x8f4717ff 0x8f470fff 0x974f17ff 0x9f4f17ff
0x9f4f17ff 0x9f5717ff 0x9f5717ff 0x974f17ff
0x8f4717ff 0x8f4717ff 0x874717ff 0x7f3f0fff
0x87470fff 0x8f470fff 0x974f0fff 0x97470fff
0x8f470fff 0x8f4717ff 0x874717ff 0x874717ff
0x8f4717ff 0x974f17ff 0x974f17ff 0x974f17ff
0x974f17ff 0x9f5717ff 0xa75f17ff 0xa75f17ff
0xa75717ff 0x9f5717ff 0xa75f17ff 0xaf6717ff
0xaf6717ff 0xaf5f17ff 0xaf5f17ff 0xaf5f17ff
0xaf5f17ff 0xa75717ff 0x974f17ff 0x874717ff
0x77370fff 0x6f370fff 0x6f370fff 0x773f0fff
0x7f3f0fff 0x874717ff 0x874717ff 0x874717ff
0x874717ff 0x873f0fff 0x873f17ff 0x874717ff
0x8f4717ff 0x8f4f17ff 0x974f17ff 0x8f4f17ff
0x874717ff 0x7f3f0fff 0x77370fff 0x6f370fff
0x672f0fff 0x5f2f0fff 0x572f0fff 0x672f0fff
0x6f370fff 0x77370fff 0x773f0fff 0x77370fff
0x5f2f0fff 0x472700ff 0x572f00ff 0x773f0fff
0x87470fff 0x8f4717ff 0x8f4717ff 0x8f4717ff
0x87470fff 0x7f3f0fff 0x7f470fff 0x874717ff
0x773f0fff 0x67370fff 0x67370fff 0x6f3f0fff
0x773f17ff 0x874717ff 0x8f4717ff 0x974f17ff
0x974f17ff 0x8f4717ff 0x874717ff 0x773f17ff
0x6f3f0fff 0x67370fff 0x67370fff 0x773f0fff
0x874717ff 0x7f470fff 0x7f3f0fff 0x87470fff
0x8f4717ff 0x8f4717ff 0x8f4717ff 0x87470fff
0x773f0fff 0x572f00ff 0x472700ff 0x5f2f0fff
0x77370fff 0x773f0fff 0x77370fff 0x6f370fff
0x672f0fff 0x572f0fff 0x5f2f0fff 0x672f0fff
0x6f370fff 0x77370fff 0x7f3f0fff 0x874717ff
0x8f4f17ff 0x974f17ff 0x8f4f17ff 0x8f4717ff
0x874717ff 0x873f17ff 0x873f0fff 0x874717ff
0x874717ff 0x874717ff 0x874717ff 0x7f3f0fff
0x773f0fff 0x6f370fff 0x6f370fff 0x77370fff
0x874717ff 0x974f17ff 0xa75717ff 0xaf5f17ff
0xaf5f17ff 0xaf5f17ff 0xaf5f17ff 0xaf6717ff
0xaf6717ff 0xa75f17ff 0x9f5717ff 0xa75717ff
0xa75f17ff 0xa75f17ff 0x9f5717ff 0x974f17ff
0x974f17ff 0x974f17ff 0x974f17ff 0x8f4717ff
0x874717ff 0x874717ff 0x8f4717ff 0x8f470fff
0x97470fff 0x974f0fff 0x8f470fff 0x87470fff
0x7f3f0fff 0x874717ff 0x8f4717ff 0x8f4717ff
0x974f17ff 0x9f5717ff 0x9f5717ff 0x9f4f17ff
0x9f4f17ff 0x974f17ff 0x8f470fff 0x8f4717ff
0x8f4f17ff 0x974f17ff 0x974f17ff 0x974f17ff
0x974f17ff 0x974f17ff 0x8f4717ff 0x873f0fff
0x773f0fff 0x6f370fff 0x773f17ff 0x874717ff
0x874717ff 0x6f3717ff 0x67370fff 0x77370fff
0x7f3f0fff 0x8f4717ff 0x974f17ff 0x974f17ff
0x974f17ff 0x974717ff 0x974f17ff 0x974717ff
0x8f4717ff 0x8f4717ff 0x974f17ff 0x9f5717ff
0x9f5717ff 0x9f5717ff 0x9f5717ff 0x974f17ff
0x8f4717ff 0x8f4717ff 0x7f3f0fff 0x773f0fff
0x87470fff 0x8f4f0fff 0x974f0fff 0x974f0fff
0x8f470fff 0x8f470fff 0x87470fff 0x87470fff
0x8f4717ff 0x974f17ff 0x9f5717ff 0x974f17ff
0x975717ff 0x9f5f17ff 0xa76717ff 0xa75f17ff
0xa75717ff 0x9f5717ff 0xa75f17ff 0xaf6717ff
0xaf6717ff 0xaf5f17ff 0xaf5f17ff 0xaf5f17ff
0xa75717ff 0x9f5717ff 0x974f17ff 0x873f17ff
0x7f370fff 0x6f370fff 0x6f370fff 0x7f3f0fff
0x874717ff 0x874717ff 0x874717ff 0x874717ff
0x874717ff 0x873f17ff 0x873f17ff 0x874717ff
0x8f4f17ff 0x974f17ff 0x974f17ff 0x8f4f17ff
0x874717ff 0x7f3f0fff 0x773f0fff 0x6f370fff
0x672f0fff 0x5f2f0fff 0x572f0fff 0x672f0fff
0x6f370fff 0x6f370fff 0x773f0fff 0x77370fff
0x5f2f0fff 0x472700ff 0x4f2700ff 0x6f370fff
0x873f0fff 0x873f0fff 0x8f4717ff 0x8f4f17ff
0x874717ff 0x874717ff 0x874717ff 0x874717ff
0x7f470fff 0x6f370fff 0x6f370fff 0x773f17ff
0x7f3f17ff 0x7f4717ff 0x874717ff 0x8f4f17ff
0x8f4f17ff 0x874717ff 0x7f4717ff 0x7f3f17ff
0x773f17ff 0x6f370fff 0x6f370fff 0x7f470fff
0x874717ff 0x874717ff 0x874717ff 0x874717ff
0x8f4f17ff 0x8f4717ff 0x873f0fff 0x873f0fff
0x6f370fff 0x4f2700ff 0x472700ff 0x5f2f0fff
0x77370fff 0x773f0fff 0x6f370fff 0x6f370fff
0x672f0fff 0x572f0fff 0x5f2f0fff 0x672f0fff
0x6f370fff 0x773f0fff 0x7f3f0fff 0x874717ff
0x8f4f17ff 0x974f17ff 0x974f17ff 0x8f4f17ff
0x874717ff 0x873f17ff 0x873f17ff 0x874717ff
0x874717ff 0x874717ff 0x874717ff 0x874717ff
0x7f3f0fff 0x6f370fff 0x6f370fff 0x7f370fff
0x873f17ff 0x974f17ff 0x9f5717ff 0xa75717ff
0xaf5f17ff 0xaf5f17ff 0xaf5f17ff 0xaf6717ff
0xaf6717ff 0xa75f17ff 0x9f5717ff 0xa75717ff
0xa75f17ff 0xa76717ff 0x9f5f17ff 0x975717ff
0x974f17ff 0x9f5717ff 0x974f17ff 0x8f4717ff
0x87470fff 0x87470fff 0x8f470fff 0x8f470fff
0x974f0fff 0x974f0fff 0x8f4f0fff 0x87470fff
0x773f0fff 0x7f3f0fff 0x8f4717ff 0x8f4717ff
0x974f17ff 0x9f5717ff 0x9f5717ff 0x9f5717ff
0x9f5717ff 0x974f17ff 0x8f4717ff 0x8f4717ff
0x974717ff 0x974f17ff 0x974717ff 0x974f17ff
0x974f17ff 0x974f17ff 0x8f4717ff 0x7f3f0fff
0x77370fff 0x67370fff 0x6f3717ff 0x874717ff
0x874717ff 0x6f3717ff 0x67370fff 0x6f370fff
0x7f3f0fff 0x8f4717ff 0x974f17ff 0x974f17ff
0x974f17ff 0x974f17ff 0x974f17ff 0x974f17ff
0x974717ff 0x974f17ff 0x9f5717ff 0x9f5717ff
0x9f5717ff 0x9f5717ff 0x9f5717ff 0x974f17ff
0x8f4717ff 0x8f4717ff 0x7f470fff 0x773f0fff
0x87470fff 0x8f4f0fff 0x974f17ff 0x974717ff
0x8f470fff 0x8f470fff 0x87470fff 0x87470fff
0x8f4717ff 0x974f17ff 0x9f4f17ff 0x974f17ff
0x9f5717ff 0xa75f17ff 0xa75f17ff 0xa75f17ff
0x9f5717ff 0x9f5717ff 0xa75f17ff 0xaf6717ff
0xaf6717ff 0xaf6717ff 0xaf5f17ff 0xa75f17ff
0xa75717ff 0x9f5717ff 0x974f17ff 0x873f17ff
0x77370fff 0x672f0fff 0x6f370fff 0x7f370fff
0x873f17ff 0x873f17ff 0x874717ff 0x874717ff
0x874717ff 0x874717ff 0x874717ff 0x874717ff
0x8f4f17ff 0x974f17ff 0x974f17ff 0x974f17ff
0x874717ff 0x7f3f0fff 0x773f0fff 0x6f370fff
0x672f0fff 0x5f2f0fff 0x5f2f0fff 0x672f0fff
0x6f370fff 0x773f0fff 0x7f3f0fff 0x7f3f0fff
0x67370fff 0x4f2700ff 0x4f2700ff 0x6f2f0fff
0x7f3f0fff 0x873f0fff 0x8f4717ff 0x8f4717ff
0x8f4717ff 0x874717ff 0x874717ff 0x8f4f17ff
0x874717ff 0x6f3f0fff 0x773f0fff 0x7f3f17ff
0x7f3f17ff 0x874717ff 0x8f4717ff 0x8f4f17ff
0x8f4f17ff 0x8f4717ff 0x874717ff 0x7f3f17ff
0x7f3f17ff 0x773f0fff 0x6f3f0fff 0x874717ff
0x8f4f17ff 0x874717ff 0x874717ff 0x8f4717ff
0x8f4717ff 0x8f4717ff 0x873f0fff 0x7f3f0fff
0x6f2f0fff 0x4f2700ff 0x4f2700ff 0x67370fff
0x7f3f0fff 0x7f3f0fff 0x773f0fff 0x6f370fff
0x672f0fff 0x5f2f0fff 0x5f2f0fff 0x672f0fff
0x6f370fff 0x773f0fff 0x7f3f0fff 0x874717ff
0x974f17ff 0x974f17ff 0x974f17ff 0x8f4f17ff
0x874717ff 0x874717ff 0x874717ff 0x874717ff
0x874717ff 0x874717ff 0x873f17ff 0x873f17ff
0x7f370fff 0x6f370fff 0x672f0fff 0x77370fff
0x873f17ff 0x974f17ff 0x9f5717ff 0xa75717ff
0xa75f17ff 0xaf5f17ff 0xaf6717ff 0xaf6717ff
0xaf6717ff 0xa75f17ff 0x9f5717ff 0x9f5717ff
0xa75f17ff 0xa75f17ff 0xa75f17ff 0x9f5717ff
0x974f17ff 0x9f4f17ff 0x974f17ff 0x8f4717ff
0x87470fff 0x87470fff 0x8f470fff 0x8f470fff
0x974717ff 0x974f17ff 0x8f4f0fff 0x87470fff
0x773f0fff 0x7f470fff 0x8f4717ff 0x8f4717ff
0x974f17ff 0x9f5717ff 0x9f5717ff 0x9f5717ff
0x9f5717ff 0x9f5717ff 0x974f17ff 0x974717ff
0x974f17ff 0x974f17ff 0x974f17ff 0x974f17ff
0x974f17ff 0x974f17ff 0x8f4717ff 0x7f3f0fff
0x6f370fff 0x67370fff 0x6f3717ff 0x874717ff
0x874717ff 0x773f17ff 0x673717ff 0x6f370fff
0x7f3f17ff 0x8f4717ff 0x974717ff 0x974717ff
0x974717ff 0x974f17ff 0x974f17ff 0x974f17ff
0x974f17ff 0x974f17ff 0x9f4f17ff 0xa75717ff
0x9f5717ff 0x9f5717ff 0x9f5717ff 0x9f4f17ff
0x974717ff 0x8f470fff 0x873f0fff 0x7f3f0fff
0x874717ff 0x8f4717ff 0x8f4717ff 0x8f4717ff
0x8f4717ff 0x8f470fff 0x8f470fff 0x8f470fff
0x974717ff 0x974f17ff 0x9f4f17ff 0x9f5717ff
0x9f5717ff 0xa75f17ff 0xa75f17ff 0xa75717ff
0x9f4f17ff 0x974f17ff 0x9f5717ff 0xaf6717ff
0xaf6717ff 0xaf6717ff 0xaf5f17ff 0xa75f17ff
0xa75717ff 0xa75717ff 0x9f4f17ff 0x8f4717ff
0x77370fff 0x5f2f0fff 0x672f0fff 0x77370fff
0x7f3f0fff 0x7f3f17ff 0x7f3f17ff 0x874717ff
0x874717ff 0x874717ff 0x87470fff 0x8f4717ff
0x8f4f17ff 0x974f17ff 0x974f17ff 0x974f17ff
0x874717ff 0x7f3f17ff 0x7f3f0fff 0x77370fff
0x6f370fff 0x672f0fff 0x672f0fff 0x672f0fff
0x6f370fff 0x773f0fff 0x873f0fff 0x873f0fff
0x6f370fff 0x57270fff 0x572700ff 0x672f0fff
0x7f370fff 0x873f0fff 0x8f4717ff 0x8f4717ff
0x8f4717ff 0x8f4f17ff 0x8f4f17ff 0x8f4717ff
0x873f17ff 0x773f0fff 0x773f0fff 0x7f3f17ff
0x7f3f17ff 0x874717ff 0x8f4f17ff 0x97571fff
0x97571fff 0x8f4f17ff 0x874717ff 0x7f3f17ff
0x7f3f17ff 0x773f0fff 0x773f0fff 0x873f17ff
0x8f4717ff 0x8f4f17ff 0x8f4f17ff 0x8f4717ff
0x8f4717ff 0x8f4717ff 0x873f0fff 0x7f370fff
0x672f0fff 0x572700ff 0x57270fff 0x6f370fff
0x873f0fff 0x873f0fff 0x773f0fff 0x6f370fff
0x672f0fff 0x672f0fff 0x672f0fff 0x6f370fff
0x77370fff 0x7f3f0fff 0x7f3f17ff 0x874717ff
0x974f17ff 0x974f17ff 0x974f17ff 0x8f4f17ff
0x8f4717ff 0x87470fff 0x874717ff 0x874717ff
0x874717ff 0x7f3f17ff 0x7f3f17ff 0x7f3f0fff
0x77370fff 0x672f0fff 0x5f2f0fff 0x77370fff
0x8f4717ff 0x9f4f17ff 0xa75717ff 0xa75717ff
0xa75f17ff 0xaf5f17ff 0xaf6717ff 0xaf6717ff
0xaf6717ff 0x9f5717ff 0x974f17ff 0x9f4f17ff
0xa75717ff 0xa75f17ff 0xa75f17ff 0x9f5717ff
0x9f5717ff 0x9f4f17ff 0x974f17ff 0x974717ff
0x8f470fff 0x8f470fff 0x8f470fff 0x8f4717ff
0x8f4717ff 0x8f4717ff 0x8f4717ff 0x874717ff
0x7f3f0fff 0x873f0fff 0x8f470fff 0x974717ff
0x9f4f17ff 0x9f5717ff 0x9f5717ff 0x9f5717ff
0xa75717ff 0x9f4f17ff 0x974f17ff 0x974f17ff
0x974f17ff 0x974f17ff 0x974f17ff 0x974717ff
0x974717ff 0x974717ff 0x8f4717ff 0x7f3f17ff
0x6f370fff 0x673717ff 0x773f17ff 0x874717ff
0x874717ff 0x7f3f17ff 0x773717ff 0x773f0fff
0x873f17ff 0x8f4717ff 0x8f4717ff 0x974717ff
0x974717ff 0x974717ff 0x974f17ff 0x974f17ff
0x974f17ff 0x974f0fff 0x9f4f17ff 0xa75717ff
0x9f5717ff 0x9f5717ff 0x9f5717ff 0x9f4f17ff
0x8f4717ff 0x8f470fff 0x873f0fff 0x7f3f0fff
0x874717ff 0x8f4717ff 0x8f4717ff 0x8f4717ff
0x8f4717ff 0x8f470fff 0x8f470fff 0x8f4717ff
0x974f17ff 0x974f17ff 0x9f5717ff 0x9f5717ff
0x9f5f17ff 0xa75f17ff 0xa75f17ff 0x9f5717ff
0x974717ff 0x8f4717ff 0x975717ff 0xaf5f17ff
0xaf6717ff 0xaf6717ff 0xaf5f17ff 0xa75f17ff
0xa75717ff 0xa75717ff 0x9f4f17ff 0x8f4717ff
0x77370fff 0x5f2f0fff 0x5f2f0fff 0x672f0fff
0x77370fff 0x7f370fff 0x7f3f17ff 0x873f17ff
0x874717ff 0x87470fff 0x874717ff 0x8f4717ff
0x974f17ff 0x974f17ff 0x974f17ff 0x974f17ff
0x874717ff 0x873f17ff 0x7f3f17ff 0x77370fff
0x6f370fff 0x672f0fff 0x672f0fff 0x67370fff
0x6f370fff 0x7f3f0fff 0x7f3f0fff 0x873f0fff
0x77370fff 0x57270fff 0x4f270fff 0x672f0fff
0x7f3f0fff 0x873f0fff 0x87470fff 0x8f4717ff
0x8f4717ff 0x8f4f17ff 0x974f17ff 0x8f4717ff
0x874717ff 0x773f17ff 0x773f17ff 0x7f3f17ff
0x7f4717ff 0x874717ff 0x8f4f17ff 0x975f1fff
0x975f1fff 0x8f4f17ff 0x874717ff 0x7f4717ff
0x7f3f17ff 0x773f17ff 0x773f17ff 0x874717ff
0x8f4717ff 0x974f17ff 0x8f4f17ff 0x8f4717ff
0x8f4717ff 0x87470fff 0x873f0fff 0x7f3f0fff
0x672f0fff 0x4f270fff 0x57270fff 0x77370fff
0x873f0fff 0x7f3f0fff 0x7f3f0fff 0x6f370fff
0x67370fff 0x672f0fff 0x672f0fff 0x6f370fff
0x77370fff 0x7f3f17ff 0x873f17ff 0x874717ff
0x974f17ff 0x974f17ff 0x974f17ff 0x974f17ff
0x8f4717ff 0x874717ff 0x87470fff 0x874717ff
0x873f17ff 0x7f3f17ff 0x7f370fff 0x77370fff
0x672f0fff 0x5f2f0fff 0x5f2f0fff 0x77370fff
0x8f4717ff 0x9f4f17ff 0xa75717ff 0xa75717ff
0xa75f17ff 0xaf5f17ff 0xaf6717ff 0xaf6717ff
0xaf5f17ff 0x975717ff 0x8f4717ff 0x974717ff
0x9f5717ff 0xa75f17ff 0xa75f17ff 0x9f5f17ff
0x9f5717ff 0x9f5717ff 0x974f17ff 0x974f17ff
0x8f4717ff 0x8f470fff 0x8f470fff 0x8f4717ff
0x8f4717ff 0x8f4717ff 0x8f4717ff 0x874717ff
0x7f3f0fff 0x873f0fff 0x8f470fff 0x8f4717ff
0x9f4f17ff 0x9f5717ff 0x9f5717ff 0x9f5717ff
0xa75717ff 0x9f4f17ff 0x974f0fff 0x974f17ff
0x974f17ff 0x974f17ff 0x974717ff 0x974717ff
0x974717ff 0x8f4717ff 0x8f4717ff 0x873f17ff
0x773f0fff 0x773717ff 0x7f3f17ff 0x874717ff
0x874717ff 0x873f17ff 0x7f3f17ff 0x773f17ff
0x7f4717ff 0x874717ff 0x8f4717ff 0x8f4717ff
0x974717ff 0x974717ff 0x974f17ff 0x974f17ff
0x974717ff 0x97470fff 0x9f4f17ff 0xa75717ff
0x9f5717ff 0x9f4f17ff 0x9f4f17ff 0x974f17ff
0x8f4717ff 0x874717ff 0x873f17ff 0x873f17ff
0x8f4717ff 0x8f4f17ff 0x974f17ff 0x974f17ff
0x8f4717ff 0x8f470fff 0x8f470fff 0x8f4717ff
0x974f17ff 0x974f17ff 0x9f5717ff 0x9f5717ff
0xa75f17ff 0xa75f17ff 0xa75f17ff 0x9f5717ff
0x974717ff 0x8f4717ff 0x9f5717ff 0xa76717ff
0xaf6717ff 0xaf6717ff 0xaf5f17ff 0xaf5f17ff
0xa75f17ff 0xa75f17ff 0x9f5717ff 0x8f4717ff
0x773f17ff 0x5f2f0fff 0x572f0fff 0x5f2f0fff
0x6f370fff 0x773f0fff 0x7f3f17ff 0x874717ff
0x8f4717ff 0x8f4717ff 0x874717ff 0x8f4717ff
0x974f17ff 0x974f17ff 0x974f17ff 0x974f17ff
0x8f4717ff 0x873f17ff 0x7f3f0fff 0x77370fff
0x6f370fff 0x6f370fff 0x6f370fff 0x6f370fff
0x77370fff 0x7f3f0fff 0x7f3f0fff 0x7f3f0fff
0x77370fff 0x572f0fff 0x57270fff 0x672f0fff
0x7f3f0fff 0x873f0fff 0x87470fff 0x8f4717ff
0x974f17ff 0x8f4f17ff 0x8f4f17ff 0x8f4717ff
0x874717ff 0x7f4717ff 0x773f17ff 0x7f3f17ff
0x7f4717ff 0x874f17ff 0x97571fff 0x9f5f1fff
0x9f5f1fff 0x97571fff 0x874f17ff 0x7f4717ff
0x7f3f17ff 0x773f17ff 0x7f4717ff 0x874717ff
0x8f4717ff 0x8f4f17ff 0x8f4f17ff 0x974f17ff
0x8f4717ff 0x87470fff 0x873f0fff 0x7f3f0fff
0x672f0fff 0x57270fff 0x572f0fff 0x77370fff
0x7f3f0fff 0x7f3f0fff 0x7f3f0fff 0x77370fff
0x6f370fff 0x6f370fff 0x6f370fff 0x6f370fff
0x77370fff 0x7f3f0fff 0x873f17ff 0x8f4717ff
0x974f17ff 0x974f17ff 0x974f17ff 0x974f17ff
0x8f4717ff 0x874717ff 0x8f4717ff 0x8f4717ff
0x874717ff 0x7f3f17ff 0x773f0fff 0x6f370fff
0x5f2f0fff 0x572f0fff 0x5f2f0fff 0x773f17ff
0x8f4717ff 0x9f5717ff 0xa75f17ff 0xa75f17ff
0xaf5f17ff 0xaf5f17ff 0xaf6717ff 0xaf6717ff
0xa76717ff 0x9f5717ff 0x8f4717ff 0x974717ff
0x9f5717ff 0xa75f17ff 0xa75f17ff 0xa75f17ff
0x9f5717ff 0x9f5717ff 0x974f17ff 0x974f17ff
0x8f4717ff 0x8f470fff 0x8f470fff 0x8f4717ff
0x974f17ff 0x974f17ff 0x8f4f17ff 0x8f4717ff
0x873f17ff 0x873f17ff 0x874717ff 0x8f4717ff
0x974f17ff 0x9f4f17ff 0x9f4f17ff 0x9f5717ff
0xa75717ff 0x9f4f17ff 0x97470fff 0x974717ff
0x974f17ff 0x974f17ff 0x974717ff 0x974717ff
0x8f4717ff 0x8f4717ff 0x874717ff 0x7f4717ff
0x773f17ff 0x7f3f17ff 0x873f17ff 0x874717ff
0x8f4717ff 0x8f4717ff 0x873f17ff 0x7f3f17ff
0x7f4717ff 0x874717ff 0x8f4f17ff 0x974717ff
0x974717ff 0x974f17ff 0x974f17ff 0x974f17ff
0x974717ff 0x974717ff 0x974717ff 0x9f4f17ff
0x9f4f17ff 0x9f4f17ff 0x9f4f17ff 0x974f17ff
0x974717ff 0x8f4717ff 0x874717ff 0x873f17ff
0x8f4717ff 0x974f17ff 0x974f17ff 0x974f17ff
0x8f4717ff 0x8f4717ff 0x8f4717ff 0x974f17ff
0x975717ff 0x9f5717ff 0x9f5717ff 0x9f5f17ff
0xa75f17ff 0xa75f17ff 0xa75f17ff 0x9f5717ff
0x974f17ff 0x974f17ff 0x9f5717ff 0xa76717ff
0xaf6717ff 0xaf6717ff 0xaf5f17ff 0xaf5f17ff
0xaf5f17ff 0xa75f17ff 0x9f5717ff 0x8f4717ff
0x7f3f17ff 0x5f2f0fff 0x572f0fff 0x572f0fff
0x67370fff 0x773f0fff 0x874717ff 0x874717ff
0x8f4717ff 0x8f4717ff 0x8f4717ff 0x8f4717ff
0x974f17ff 0x974f17ff 0x974f17ff 0x974f17ff
0x8f4f17ff 0x873f17ff 0x7f3f0fff 0x77370fff
0x77370fff 0x6f370fff 0x6f370fff 0x6f370fff
0x77370fff 0x7f3f0fff 0x7f3f0fff 0x873f0fff
0x7f3f0fff 0x6f2f0fff 0x5f2f0fff 0x672f0fff
0x77370fff 0x873f0fff 0x874717ff 0x8f4717ff
0x974f17ff 0x974f17ff 0x8f4f17ff 0x8f4f17ff
0x8f4f17ff 0x874717ff 0x7f3f17ff 0x773f17ff
0x7f4717ff 0x874f17ff 0x97571fff 0x9f5f1fff
0x9f5f1fff 0x97571fff 0x874f17ff 0x7f4717ff
0x773f17ff 0x7f3f17ff 0x874717ff 0x8f4f17ff
0x8f4f17ff 0x8f4f17ff 0x974f17ff 0x974f17ff
0x8f4717ff 0x874717ff 0x873f0fff 0x77370fff
0x672f0fff 0x5f2f0fff 0x6f2f0fff 0x7f3f0fff
0x873f0fff 0x7f3f0fff 0x7f3f0fff 0x77370fff
0x6f370fff 0x6f370fff 0x6f370fff 0x77370fff
0x77370fff 0x7f3f0fff 0x873f17ff 0x8f4f17ff
0x974f17ff 0x974f17ff 0x974f17ff 0x974f17ff
0x8f4717ff 0x8f4717ff 0x8f4717ff 0x8f4717ff
0x874717ff 0x874717ff 0x773f0fff 0x67370fff
0x572f0fff 0x572f0fff 0x5f2f0fff 0x7f3f17ff
0x8f4717ff 0x9f5717ff 0xa75f17ff 0xaf5f17ff
0xaf5f17ff 0xaf5f17ff 0xaf6717ff 0xaf6717ff
0xa76717ff 0x9f5717ff 0x974f17ff 0x974f17ff
0x9f5717ff 0xa75f17ff 0xa75f17ff 0xa75f17ff
0x9f5f17ff 0x9f5717ff 0x9f5717ff 0x975717ff
0x974f17ff 0x8f4717ff 0x8f4717ff 0x8f4717ff
0x974f17ff 0x974f17ff 0x974f17ff 0x8f4717ff
0x873f17ff 0x874717ff 0x8f4717ff 0x974717ff
0x974f17ff 0x9f4f17ff 0x9f4f17ff 0x9f4f17ff
0x9f4f17ff 0x974717ff 0x974717ff 0x974717ff
0x974f17ff 0x974f17ff 0x974f17ff 0x974717ff
0x974717ff 0x8f4f17ff 0x874717ff 0x7f4717ff
0x7f3f17ff 0x873f17ff 0x8f4717ff 0x8f4717ff
0x974f17ff 0x8f4717ff 0x8f4717ff 0x874717ff
0x874717ff 0x8f4f17ff 0x974f17ff 0x974f17ff
0x974f17ff 0x974f17ff 0x974f17ff 0x974f17ff
0x974f17ff 0x974717ff 0x974f17ff 0x9f4f17ff
0x9f5717ff 0x9f5717ff 0x9f5717ff 0x9f5717ff
0x974f17ff 0x8f4f17ff 0x8f4717ff 0x874717ff
0x8f4717ff 0x8f4f17ff 0x974f17ff 0x974f17ff
0x8f4717ff 0x8f4717ff 0x8f4717ff 0x974f17ff
0x975717ff 0x974f17ff 0x9f5717ff 0x9f5717ff
0xa75f17ff 0xa75f17ff 0xa75f17ff 0x9f5717ff
0x974f17ff 0x974f17ff 0x9f5f17ff 0xaf671fff
0xaf6717ff 0xaf6717ff 0xaf6717ff 0xaf5f17ff
0xaf5f17ff 0xaf5f17ff 0xa75717ff 0x974f17ff
0x7f3f17ff 0x5f2f0fff 0x572f0fff 0x572f0fff
0x67370fff 0x7f3f0fff 0x873f17ff 0x874717ff
0x874717ff 0x8f4717ff 0x8f4717ff 0x8f4717ff
0x974717ff 0x974f17ff 0x9f4f17ff 0x9f4f17ff
0x8f4f17ff 0x873f17ff 0x7f3f0fff 0x77370fff
0x77370fff 0x6f370fff 0x6f370fff 0x6f370fff
0x77370fff 0x7f3f0fff 0x873f17ff 0x874717ff
0x873f0fff 0x77370fff 0x672f0fff 0x672f0fff
0x77370fff 0x873f0fff 0x8f4717ff 0x8f4717ff
0x8f4f17ff 0x8f4f17ff 0x8f4f17ff 0x8f4f17ff
0x874f17ff 0x874717ff 0x7f3f17ff 0x773f17ff
0x773f17ff 0x874f17ff 0x97571fff 0x975f1fff
0x975f1fff 0x97571fff 0x874f17ff 0x773f17ff
0x773f17ff 0x7f3f17ff 0x874717ff 0x874f17ff
0x8f4f17ff 0x8f4f17ff 0x8f4f17ff 0x8f4f17ff
0x8f4717ff 0x8f4717ff 0x873f0fff 0x77370fff
0x672f0fff 0x672f0fff 0x77370fff 0x873f0fff
0x874717ff 0x873f17ff 0x7f3f0fff 0x77370fff
0x6f370fff 0x6f370fff 0x6f370fff 0x77370fff
0x77370fff 0x7f3f0fff 0x873f17ff 0x8f4f17ff
0x9f4f17ff 0x9f4f17ff 0x974f17ff 0x974717ff
0x8f4717ff 0x8f4717ff 0x8f4717ff 0x874717ff
0x874717ff 0x873f17ff 0x7f3f0fff 0x67370fff
0x572f0fff 0x572f0fff 0x5f2f0fff 0x7f3f17ff
0x974f17ff 0xa75717ff 0xaf5f17ff 0xaf5f17ff
0xaf5f17ff 0xaf6717ff 0xaf6717ff 0xaf6717ff
0xaf671fff 0x9f5f17ff 0x974f17ff 0x974f17ff
0x9f5717ff 0xa75f17ff 0xa75f17ff 0xa75f17ff
0x9f5717ff 0x9f5717ff 0x974f17ff 0x975717ff
0x974f17ff 0x8f4717ff 0x8f4717ff 0x8f4717ff
0x974f17ff 0x974f17ff 0x8f4f17ff 0x8f4717ff
0x874717ff 0x8f4717ff 0x8f4f17ff 0x974f17ff
0x9f5717ff 0x9f5717ff 0x9f5717ff 0x9f5717ff
0x9f4f17ff 0x974f17ff 0x974717ff 0x974f17ff
0x974f17ff 0x974f17ff 0x974f17ff 0x974f17ff
0x974f17ff 0x974f17ff 0x8f4f17ff 0x874717ff
0x874717ff 0x8f4717ff 0x8f4717ff 0x974f17ff
0x8f4717ff 0x8f4717ff 0x8f4717ff 0x8f4717ff
0x8f4f17ff 0x974f17ff 0x974f17ff 0x9f5717ff
0x9f5717ff 0x9f4f17ff 0x9f4f17ff 0x9f4f17ff
0x974f17ff 0x974f17ff 0x974f17ff 0x974f17ff
0x9f4f17ff 0x9f5717ff 0xa75717ff 0x9f5717ff
0x9f4f17ff 0x974f17ff 0x8f4717ff 0x874717ff
0x8f4717ff 0x8f4f17ff 0x8f4f17ff 0x974f17ff
0x8f4717ff 0x8f4717ff 0x974717ff 0x8f4717ff
0x8f4f17ff 0x8f4f17ff 0x974f17ff 0x9f5717ff
0xa75f17ff 0xa75f17ff 0xa75f1fff 0x9f5f1fff
0x974f17ff 0x974f17ff 0x9f5f17ff 0xaf671fff
0xaf671fff 0xaf6717ff 0xaf6717ff 0xaf6717ff
0xaf6717ff 0xa75f17ff 0xa75f17ff 0x974f17ff
0x7f3f17ff 0x5f370fff 0x572f0fff 0x572f0fff
0x67370fff 0x773f0fff 0x7f3f0fff 0x873f0fff
0x874717ff 0x874717ff 0x8f4717ff 0x8f4717ff
0x8f4717ff 0x974f17ff 0x975717ff 0x974f17ff
0x8f4717ff 0x873f17ff 0x7f370fff 0x77370fff
0x6f370fff 0x6f2f0fff 0x6f2f0fff 0x672f0fff
0x6f370fff 0x7f3f0fff 0x874717ff 0x874717ff
0x873f17ff 0x77370fff 0x672f0fff 0x5f2f0fff
0x6f370fff 0x873f0fff 0x8f4717ff 0x8f4717ff
0x8f4717ff 0x8f4f17ff 0x8f4f17ff 0x8f4f17ff
0x8f4f17ff 0x874f17ff 0x773f17ff 0x6f3717ff
0x773f17ff 0x8f4f17ff 0x97571fff 0x97571fff
0x97571fff 0x97571fff 0x8f4f17ff 0x773f17ff
0x6f3717ff 0x773f17ff 0x874f17ff 0x8f4f17ff
0x8f4f17ff 0x8f4f17ff 0x8f4f17ff 0x8f4717ff
0x8f4717ff 0x8f4717ff 0x873f0fff 0x6f370fff
0x5f2f0fff 0x672f0fff 0x77370fff 0x873f17ff
0x874717ff 0x874717ff 0x7f3f0fff 0x6f370fff
0x672f0fff 0x6f2f0fff 0x6f2f0fff 0x6f370fff
0x77370fff 0x7f370fff 0x873f17ff 0x8f4717ff
0x974f17ff 0x975717ff 0x974f17ff 0x8f4717ff
0x8f4717ff 0x8f4717ff 0x874717ff 0x874717ff
0x873f0fff 0x7f3f0fff 0x773f0fff 0x67370fff
0x572f0fff 0x572f0fff 0x5f370fff 0x7f3f17ff
0x974f17ff 0xa75f17ff 0xa75f17ff 0xaf6717ff
0xaf6717ff 0xaf6717ff 0xaf6717ff 0xaf671fff
0xaf671fff 0x9f5f17ff 0x974f17ff 0x974f17ff
0x9f5f1fff 0xa75f1fff 0xa75f17ff 0xa75f17ff
0x9f5717ff 0x974f17ff 0x8f4f17ff 0x8f4f17ff
0x8f4717ff 0x974717ff 0x8f4717ff 0x8f4717ff
0x974f17ff 0x8f4f17ff 0x8f4f17ff 0x8f4717ff
0x874717ff 0x8f4717ff 0x974f17ff 0x9f4f17ff
0x9f5717ff 0xa75717ff 0x9f5717ff 0x9f4f17ff
0x974f17ff 0x974f17ff 0x974f17ff 0x974f17ff
0x9f4f17ff 0x9f4f17ff 0x9f4f17ff 0x9f5717ff
0x9f5717ff 0x974f17ff 0x974f17ff 0x8f4f17ff
0x8f4717ff 0x8f4717ff 0x8f4717ff 0x8f4717ff
0x874717ff 0x8f4717ff 0x8f4717ff 0x8f4717ff
0x974f17ff 0x974f17ff 0x9f4f17ff 0x9f5717ff
0x9f5717ff 0x974f17ff 0x974f17ff 0x974f17ff
0x974f17ff 0x974f17ff 0x974717ff 0x974717ff
0x974f17ff 0x9f4f17ff 0x9f5717ff 0x9f5717ff
0x9f4f17ff 0x974f17ff 0x8f4717ff 0x874717ff
0x8f4717ff 0x8f4f17ff 0x8f4f17ff 0x974f17ff
0x8f4717ff 0x8f4717ff 0x8f4717ff 0x8f4717ff
0x874717ff 0x8f4f17ff 0x975717ff 0xa75f17ff
0xa75f1fff 0xaf671fff 0xa7671fff 0xa75f1fff
0x975717ff 0x974f17ff 0x9f5f17ff 0xaf671fff
0xaf671fff 0xaf671fff 0xaf6717ff 0xaf671fff
0xaf6717ff 0xa75f17ff 0xa75717ff 0x974f17ff
0x773f17ff 0x5f2f0fff 0x572f0fff 0x572f0fff
0x5f2f0fff 0x77370fff 0x7f3f17ff 0x873f17ff
0x874717ff 0x874717ff 0x8f4717ff 0x8f4717ff
0x974f17ff 0x974f17ff 0x975717ff 0x974f17ff
0x8f4717ff 0x873f17ff 0x7f370fff 0x77370fff
0x6f2f0fff 0x672f0fff 0x672f0fff 0x672f0fff
0x6f2f0fff 0x77370fff 0x873f0fff 0x874717ff
0x873f17ff 0x77370fff 0x672f0fff 0x5f2f0fff
0x6f370fff 0x873f0fff 0x8f4717ff 0x8f4717ff
0x8f4717ff 0x8f4717ff 0x8f4f17ff 0x8f4f17ff
0x8f4f17ff 0x874f17ff 0x7f4717ff 0x6f3f17ff
0x773f17ff 0x874717ff 0x8f4f1fff 0x97571fff
0x97571fff 0x8f4f1fff 0x874717ff 0x773f17ff
0x6f3f17ff 0x7f4717ff 0x874f17ff 0x8f4f17ff
0x8f4f17ff 0x8f4f17ff 0x8f4717ff 0x8f4717ff
0x8f4717ff 0x8f4717ff 0x873f0fff 0x6f370fff
0x5f2f0fff 0x672f0fff 0x77370fff 0x873f17ff
0x874717ff 0x873f0fff 0x77370fff 0x6f2f0fff
0x672f0fff 0x672f0fff 0x672f0fff 0x6f2f0fff
0x77370fff 0x7f370fff 0x873f17ff 0x8f4717ff
0x974f17ff 0x975717ff 0x974f17ff 0x974f17ff
0x8f4717ff 0x8f4717ff 0x874717ff 0x874717ff
0x873f17ff 0x7f3f17ff 0x77370fff 0x5f2f0fff
0x572f0fff 0x572f0fff 0x5f2f0fff 0x773f17ff
0x974f17ff 0xa75717ff 0xa75f17ff 0xaf6717ff
0xaf671fff 0xaf6717ff 0xaf671fff 0xaf671fff
0xaf671fff 0x9f5f17ff 0x974f17ff 0x975717ff
0xa75f1fff 0xa7671fff 0xaf671fff 0xa75f1fff
0xa75f17ff 0x975717ff 0x8f4f17ff 0x874717ff
0x8f4717ff 0x8f4717ff 0x8f4717ff 0x8f4717ff
0x974f17ff 0x8f4f17ff 0x8f4f17ff 0x8f4717ff
0x874717ff 0x8f4717ff 0x974f17ff 0x9f4f17ff
0x9f5717ff 0x9f5717ff 0x9f4f17ff 0x974f17ff
0x974717ff 0x974717ff 0x974f17ff 0x974f17ff
0x974f17ff 0x974f17ff 0x974f17ff 0x9f5717ff
0x9f5717ff 0x9f4f17ff 0x974f17ff 0x974f17ff
0x8f4717ff 0x8f4717ff 0x8f4717ff 0x874717ff
0x873f17ff 0x874717ff 0x8f4717ff 0x8f4717ff
0x974f17ff 0x974f17ff 0x9f4f17ff 0x9f5717ff
0x9f4f17ff 0x974f17ff 0x974f17ff 0x974f17ff
0x974f17ff 0x974f17ff 0x8f4717ff 0x8f4717ff
0x974717ff 0x9f4f17ff 0x9f5717ff 0x9f5717ff
0x9f4f17ff 0x974f17ff 0x8f4717ff 0x874717ff
0x8f4717ff 0x8f4f17ff 0x8f4f17ff 0x974f17ff
0x8f4717ff 0x8f4717ff 0x8f4717ff 0x8f4717ff
0x8f4717ff 0x8f4f17ff 0x9f4f17ff 0x9f5717ff
0xa75f1fff 0xaf671fff 0xa7671fff 0xa75f1fff
0x9f5717ff 0x975717ff 0x9f5f17ff 0xaf671fff
0xaf6f1fff 0xaf671fff 0xaf671fff 0xaf671fff
0xaf671fff 0xa75f1fff 0xa7571fff 0x974f17ff
0x7f3f17ff 0x5f2f0fff 0x572f0fff 0x57270fff
0x5f2f0fff 0x6f370fff 0x773f17ff 0x873f17ff
0x874717ff 0x874717ff 0x874717ff 0x8f4717ff
0x974f17ff 0x974f17ff 0x9f5717ff 0x974f17ff
0x8f4717ff 0x873f17ff 0x77370fff 0x6f370fff
0x672f0fff 0x672f0fff 0x672f0fff 0x672f0fff
0x6f370fff 0x77370fff 0x7f3f0fff 0x873f0fff
0x873f0fff 0x77370fff 0x67370fff 0x67370fff
0x77370fff 0x873f17ff 0x874717ff 0x8f4717ff
0x8f470fff 0x8f4717ff 0x974f17ff 0x974f17ff
0x8f4f17ff 0x874717ff 0x7f4717ff 0x773f17ff
0x773f17ff 0x7f4717ff 0x874f1fff 0x97571fff
0x97571fff 0x874f1fff 0x7f4717ff 0x773f17ff
0x773f17ff 0x7f4717ff 0x874717ff 0x8f4f17ff
0x974f17ff 0x974f17ff 0x8f4717ff 0x8f470fff
0x8f4717ff 0x874717ff 0x873f17ff 0x77370fff
0x67370fff 0x67370fff 0x77370fff 0x873f0fff
0x873f0fff 0x7f3f0fff 0x77370fff 0x6f370fff
0x672f0fff 0x672f0fff 0x672f0fff 0x672f0fff
0x6f370fff 0x77370fff 0x873f17ff 0x8f4717ff
0x974f17ff 0x9f5717ff 0x974f17ff 0x974f17ff
0x8f4717ff 0x874717ff 0x874717ff 0x874717ff
0x873f17ff 0x773f17ff 0x6f370fff 0x5f2f0fff
0x57270fff 0x572f0fff 0x5f2f0fff 0x7f3f17ff
0x974f17ff 0xa7571fff 0xa75f1fff 0xaf671fff
0xaf671fff 0xaf671fff 0xaf671fff 0xaf6f1fff
0xaf671fff 0x9f5f17ff 0x975717ff 0x9f5717ff
0xa75f1fff 0xa7671fff 0xaf671fff 0xa75f1fff
0x9f5717ff 0x9f4f17ff 0x8f4f17ff 0x8f4717ff
0x8f4717ff 0x8f4717ff 0x8f4717ff 0x8f4717ff
0x974f17ff 0x8f4f17ff 0x8f4f17ff 0x8f4717ff
0x874717ff 0x8f4717ff 0x974f17ff 0x9f4f17ff
0x9f5717ff 0x9f5717ff 0x9f4f17ff 0x974717ff
0x8f4717ff 0x8f4717ff 0x974f17ff 0x974f17ff
0x974f17ff 0x974f17ff 0x974f17ff 0x9f4f17ff
0x9f5717ff 0x9f4f17ff 0x974f17ff 0x974f17ff
0x8f4717ff 0x8f4717ff 0x874717ff 0x873f17ff
0x7f3f17ff 0x874717ff 0x8f4717ff 0x974f17ff
0x974f17ff 0x974f17ff 0x974f17ff 0x9f4f17ff
0x974f17ff 0x974f17ff 0x974f17ff 0x974f17ff
0x974f17ff 0x974717ff 0x8f4717ff 0x8f4717ff
0x8f4717ff 0x974f17ff 0x9f4f17ff 0x9f4f17ff
0x9f4f17ff 0x974f17ff 0x8f4717ff 0x8f3f17ff
0x8f4717ff 0x8f4717ff 0x8f4f17ff 0x8f4f17ff
0x8f4717ff 0x8f4717ff 0x8f4717ff 0x8f4717ff
0x8f4f17ff 0x974f17ff 0x974f17ff 0x9f5717ff
0xa75f17ff 0xaf671fff 0xaf671fff 0xa75f1fff
0x9f5717ff 0x9f5717ff 0xa75f17ff 0xaf671fff
0xb76f1fff 0xb76f1fff 0xaf671fff 0xaf671fff
0xaf671fff 0xaf671fff 0xa75f1fff 0x974f1fff
0x7f3f17ff 0x5f370fff 0x572f0fff 0x572f0fff
0x5f2f0fff 0x6f370fff 0x773f0fff 0x873f17ff
0x8f4717ff 0x874717ff 0x874717ff 0x8f4717ff
0x974f17ff 0x974f17ff 0x9f5717ff 0x974f17ff
0x974717ff 0x873f17ff 0x77370fff 0x6f370fff
0x672f0fff 0x672f0fff 0x672f0fff 0x672f0fff
0x672f0fff 0x77370fff 0x7f3f0fff 0x873f0fff
0x873f0fff 0x773f0fff 0x6f370fff 0x6f370fff
0x77370fff 0x873f17ff 0x874717ff 0x8f4717ff
0x8f4717ff 0x8f4f17ff 0x974f17ff 0x8f4f17ff
0x8f4f17ff 0x874717ff 0x7f3f17ff 0x773f17ff
0x7f3f17ff 0x7f3f17ff 0x874717ff 0x97571fff
0x97571fff 0x874717ff 0x7f3f17ff 0x7f3f17ff
0x773f17ff 0x7f3f17ff 0x874717ff 0x8f4f17ff
0x8f4f17ff 0x974f17ff 0x8f4f17ff 0x8f4717ff
0x8f4717ff 0x874717ff 0x873f17ff 0x77370fff
0x6f370fff 0x6f370fff 0x773f0fff 0x873f0fff
0x873f0fff 0x7f3f0fff 0x77370fff 0x672f0fff
0x672f0fff 0x672f0fff 0x672f0fff 0x672f0fff
0x6f370fff 0x77370fff 0x873f17ff 0x974717ff
0x974f17ff 0x9f5717ff 0x974f17ff 0x974f17ff
0x8f4717ff 0x874717ff 0x874717ff 0x8f4717ff
0x873f17ff 0x773f0fff 0x6f370fff 0x5f2f0fff
0x572f0fff 0x572f0fff 0x5f370fff 0x7f3f17ff
0x974f1fff 0xa75f1fff 0xaf671fff 0xaf671fff
0xaf671fff 0xaf671fff 0xb76f1fff 0xb76f1fff
0xaf671fff 0xa75f17ff 0x9f5717ff 0x9f5717ff
0xa75f1fff 0xaf671fff 0xaf671fff 0xa75f17ff
0x9f5717ff 0x974f17ff 0x974f17ff 0x8f4f17ff
0x8f4717ff 0x8f4717ff 0x8f4717ff 0x8f4717ff
0x8f4f17ff 0x8f4f17ff 0x8f4717ff 0x8f4717ff
0x8f3f17ff 0x8f4717ff 0x974f17ff 0x9f4f17ff
0x9f4f17ff 0x9f4f17ff 0x974f17ff 0x8f4717ff
0x8f4717ff 0x8f4717ff 0x974717ff 0x974f17ff
0x974f17ff 0x974f17ff 0x974f17ff 0x974f17ff
0x9f4f17ff 0x974f17ff 0x974f17ff 0x974f17ff
0x974f17ff 0x8f4717ff 0x874717ff 0x7f3f17ff
0x7f3f17ff 0x7f3f17ff 0x8f4717ff 0x974f17ff
0x974f17ff 0x974f17ff 0x974f17ff 0x974f17ff
0x974f17ff 0x974f17ff 0x974f17ff 0x9f4f17ff
0x974f17ff 0x974f17ff 0x8f4717ff 0x874717ff
0x8f4717ff 0x974f17ff 0x974f17ff 0x9f4f17ff
0x9f4f17ff 0x974f17ff 0x8f4717ff 0x8f4717ff
0x8f4717ff 0x874717ff 0x874717ff 0x8f4717ff
0x8f4717ff 0x874717ff 0x8f4717ff 0x8f4717ff
0x974f17ff 0x8f4f17ff 0x974f17ff 0x9f5717ff
0xa76717ff 0xaf671fff 0xa76717ff 0xa75f17ff
0x9f5717ff 0x9f5717ff 0xa75f1fff 0xaf6f1fff
0xb76f1fff 0xb76f1fff 0xaf671fff 0xaf671fff
0xaf671fff 0xaf5f1fff 0xa75f1fff 0x974f17ff
0x874717ff 0x5f370fff 0x572f0fff 0x57270fff
0x5f2f0fff 0x67370fff 0x773f0fff 0x874717ff
0x8f4717ff 0x8f4717ff 0x874717ff 0x8f4f17ff
0x974f17ff 0x974f17ff 0x9f4f17ff 0x9f4f17ff
0x974f17ff 0x87470fff 0x7f3f0fff 0x6f370fff
0x672f0fff 0x5f2f0fff 0x672f0fff 0x672f0fff
0x672f0fff 0x6f370fff 0x7f3f0fff 0x873f0fff
0x873f0fff 0x7f3f0fff 0x77370fff 0x77370fff
0x77370fff 0x873f17ff 0x8f4717ff 0x8f4f17ff
0x8f4f17ff 0x974f17ff 0x974f17ff 0x8f4f17ff
0x8f4f17ff 0x874717ff 0x773f17ff 0x773f17ff
0x773f17ff 0x7f3f17ff 0x874f17ff 0x975f1fff
0x975f1fff 0x874f17ff 0x7f3f17ff 0x773f17ff
0x773f17ff 0x773f17ff 0x874717ff 0x8f4f17ff
0x8f4f17ff 0x974f17ff 0x974f17ff 0x8f4f17ff
0x8f4f17ff 0x8f4717ff 0x873f17ff 0x77370fff
0x77370fff 0x77370fff 0x7f3f0fff 0x873f0fff
0x873f0fff 0x7f3f0fff 0x6f370fff 0x672f0fff
0x672f0fff 0x672f0fff 0x5f2f0fff 0x672f0fff
0x6f370fff 0x7f3f0fff 0x87470fff 0x974f17ff
0x9f4f17ff 0x9f4f17ff 0x974f17ff 0x974f17ff
0x8f4f17ff 0x874717ff 0x8f4717ff 0x8f4717ff
0x874717ff 0x773f0fff 0x67370fff 0x5f2f0fff
0x57270fff 0x572f0fff 0x5f370fff 0x874717ff
0x974f17ff 0xa75f1fff 0xaf5f1fff 0xaf671fff
0xaf671fff 0xaf671fff 0xb76f1fff 0xb76f1fff
0xaf6f1fff 0xa75f1fff 0x9f5717ff 0x9f5717ff
0xa75f17ff 0xa76717ff 0xaf671fff 0xa76717ff
0x9f5717ff 0x974f17ff 0x8f4f17ff 0x974f17ff
0x8f4717ff 0x8f4717ff 0x874717ff 0x8f4717ff
0x8f4717ff 0x874717ff 0x874717ff 0x8f4717ff
0x8f4717ff 0x8f4717ff 0x974f17ff 0x9f4f17ff
0x9f4f17ff 0x974f17ff 0x974f17ff 0x8f4717ff
0x874717ff 0x8f4717ff 0x974f17ff 0x974f17ff
0x9f4f17ff 0x974f17ff 0x974f17ff 0x974f17ff
0x974f17ff 0x974f17ff 0x974f17ff 0x974f17ff
0x974f17ff 0x8f4717ff 0x7f3f17ff 0x7f3f17ff
0x773f17ff 0x7f3f17ff 0x874717ff 0x974f17ff
0x974f17ff 0x974f17ff 0x974f17ff 0x974f17ff
0x974717ff 0x974f17ff 0x974f17ff 0x9f5717ff
0x974f17ff 0x974f17ff 0x8f4717ff 0x873f0fff
0x8f4717ff 0x974f17ff 0x9f4f17ff 0x9f4f17ff
0x974f17ff 0x974f17ff 0x8f4717ff 0x8f4717ff
0x8f4717ff 0x874717ff 0x874717ff 0x8f4717ff
0x8f4717ff 0x8f4717ff 0x874717ff 0x8f4717ff
0x8f4717ff 0x8f470fff 0x8f4f17ff 0x9f5717ff
0xa75f17ff 0xa76717ff 0xa75f17ff 0x9f5717ff
0x9f5717ff 0x9f5f17ff 0xa7671fff 0xaf6f1fff
0xb76f1fff 0xaf671fff 0xaf6717ff 0xaf671fff
0xaf5f1fff 0xa75f1fff 0xa75717ff 0x974f17ff
0x874717ff 0x67370fff 0x572f0fff 0x4f270fff
0x57270fff 0x67370fff 0x7f3f0fff 0x874717ff
0x8f4717ff 0x8f4717ff 0x8f4717ff 0x8f4717ff
0x974f17ff 0x974f17ff 0x9f4f17ff 0x9f4f17ff
0x974f0fff 0x8f470fff 0x873f0fff 0x77370fff
0x5f2f0fff 0x57270fff 0x5f2f0fff 0x5f2f0fff
0x672f0fff 0x77370fff 0x7f3f0fff 0x873f0fff
0x87470fff 0x873f0fff 0x77370fff 0x77370fff
0x77370fff 0x873f17ff 0x8f4717ff 0x974f17ff
0x974f17ff 0x974f17ff 0x974f17ff 0x974f17ff
0x8f4f17ff 0x874717ff 0x6f3f17ff 0x6f3717ff
0x773f17ff 0x7f3f17ff 0x8f4f17ff 0x975f1fff
0x975f1fff 0x8f4f17ff 0x7f3f17ff 0x773f17ff
0x6f3717ff 0x6f3f17ff 0x874717ff 0x8f4f17ff
0x974f17ff 0x974f17ff 0x974f17ff 0x974f17ff
0x974f17ff 0x8f4717ff 0x873f17ff 0x77370fff
0x77370fff 0x77370fff 0x873f0fff 0x87470fff
0x873f0fff 0x7f3f0fff 0x77370fff 0x672f0fff
0x5f2f0fff 0x5f2f0fff 0x57270fff 0x5f2f0fff
0x77370fff 0x873f0fff 0x8f470fff 0x974f0fff
0x9f4f17ff 0x9f4f17ff 0x974f17ff 0x974f17ff
0x8f4717ff 0x8f4717ff 0x8f4717ff 0x8f4717ff
0x874717ff 0x7f3f0fff 0x67370fff 0x57270fff
0x4f270fff 0x572f0fff 0x67370fff 0x874717ff
0x974f17ff 0xa75717ff 0xa75f1fff 0xaf5f1fff
0xaf671fff 0xaf6717ff 0xaf671fff 0xb76f1fff
0xaf6f1fff 0xa7671fff 0x9f5f17ff 0x9f5717ff
0x9f5717ff 0xa75f17ff 0xa76717ff 0xa75f17ff
0x9f5717ff 0x8f4f17ff 0x8f470fff 0x8f4717ff
0x8f4717ff 0x874717ff 0x8f4717ff 0x8f4717ff
0x8f4717ff 0x874717ff 0x874717ff 0x8f4717ff
0x8f4717ff 0x8f4717ff 0x974f17ff 0x974f17ff
0x9f4f17ff 0x9f4f17ff 0x974f17ff 0x8f4717ff
0x873f0fff 0x8f4717ff 0x974f17ff 0x974f17ff
0x9f5717ff 0x974f17ff 0x974f17ff 0x974717ff
0x974f17ff 0x974f17ff 0x974f17ff 0x974f17ff
0x974f17ff 0x874717ff 0x7f3f17ff 0x773f17ff
0x773717ff 0x773717ff 0x7f3f17ff 0x8f4f17ff
0x974f17ff 0x974f17ff 0x974f17ff 0x974f17ff
0x974f17ff 0x974f17ff 0x975717ff 0x9f5717ff
0x975717ff 0x974f17ff 0x874717ff 0x873f0fff
0x874717ff 0x974f17ff 0x974f17ff 0x9f4f17ff
0x974f17ff 0x974f17ff 0x8f4717ff 0x8f4717ff
0x874717ff 0x874717ff 0x874717ff 0x8f4717ff
0x8f4717ff 0x874717ff 0x873f17ff 0x874717ff
0x8f4717ff 0x8f470fff 0x8f4f17ff 0x9f5717ff
0xa75f17ff 0xa76717ff 0xa75f17ff 0x9f5717ff
0x9f5717ff 0x9f5f17ff 0xa7671fff 0xaf6f1fff
0xaf671fff 0xaf671fff 0xaf6717ff 0xaf6717ff
0xa75f17ff 0xa75f17ff 0x9f5717ff 0x974f17ff
0x874717ff 0x773f0fff 0x5f2f0fff 0x47270fff
0x4f2f0fff 0x67370fff 0x773f0fff 0x874717ff
0x8f4717ff 0x8f4717ff 0x8f4717ff 0x8f4717ff
0x8f4f17ff 0x974f17ff 0x9f4f17ff 0x974f17ff
0x974717ff 0x8f470fff 0x873f0fff 0x77370fff
0x572f0fff 0x47270fff 0x57270fff 0x672f0fff
0x6f370fff 0x77370fff 0x7f3f0fff 0x873f0fff
0x873f0fff 0x7f3f0fff 0x77370fff 0x6f370fff
0x773f0fff 0x874717ff 0x8f4717ff 0x974f17ff
0x974f17ff 0x974f17ff 0x974f17ff 0x974f17ff
0x8f4f17ff 0x874717ff 0x6f3f17ff 0x6f370fff
0x773f17ff 0x7f3f17ff 0x8f4f17ff 0x97571fff
0x97571fff 0x8f4f17ff 0x7f3f17ff 0x773f17ff
0x6f370fff 0x6f3f17ff 0x874717ff 0x8f4f17ff
0x974f17ff 0x974f17ff 0x974f17ff 0x974f17ff
0x974f17ff 0x8f4717ff 0x874717ff 0x773f0fff
0x6f370fff 0x77370fff 0x7f3f0fff 0x873f0fff
0x873f0fff 0x7f3f0fff 0x77370fff 0x6f370fff
0x672f0fff 0x57270fff 0x47270fff 0x572f0fff
0x77370fff 0x873f0fff 0x8f470fff 0x974717ff
0x974f17ff 0x9f4f17ff 0x974f17ff 0x8f4f17ff
0x8f4717ff 0x8f4717ff 0x8f4717ff 0x8f4717ff
0x874717ff 0x773f0fff 0x67370fff 0x4f2f0fff
0x47270fff 0x5f2f0fff 0x773f0fff 0x874717ff
0x974f17ff 0x9f5717ff 0xa75f17ff 0xa75f17ff
0xaf6717ff 0xaf6717ff 0xaf671fff 0xaf671fff
0xaf6f1fff 0xa7671fff 0x9f5f17ff 0x9f5717ff
0x9f5717ff 0xa75f17ff 0xa76717ff 0xa75f17ff
0x9f5717ff 0x8f4f17ff 0x8f470fff 0x8f4717ff
0x874717ff 0x873f17ff 0x874717ff 0x8f4717ff
0x8f4717ff 0x874717ff 0x874717ff 0x874717ff
0x8f4717ff 0x8f4717ff 0x974f17ff 0x974f17ff
0x9f4f17ff 0x974f17ff 0x974f17ff 0x874717ff
0x873f0fff 0x874717ff 0x974f17ff 0x975717ff
0x9f5717ff 0x975717ff 0x974f17ff 0x974f17ff
0x974f17ff 0x974f17ff 0x974f17ff 0x974f17ff
0x8f4f17ff 0x7f3f17ff 0x773717ff 0x773717ff
0x672f17ff 0x6f3717ff 0x773f17ff 0x8f4717ff
0x974f17ff 0x974f17ff 0x974f17ff 0x974f17ff
0x974f17ff 0x974f17ff 0x975717ff 0x9f5717ff
0x9f5717ff 0x974f17ff 0x874717ff 0x7f3f0fff
0x87470fff 0x8f4f17ff 0x974f17ff 0x974f17ff
0x974f17ff 0x974f17ff 0x8f4717ff 0x8f4717ff
0x8f4717ff 0x8f4f17ff 0x8f4f17ff 0x874717ff
0x8f4717ff 0x87470fff 0x7f3f0fff 0x7f3f0fff
0x87470fff 0x87470fff 0x8f4f17ff 0x9f5717ff
0xa75f17ff 0xa76717ff 0xa75f17ff 0x9f5f17ff
0x9f5f17ff 0xa75f17ff 0xaf671fff 0xaf6f1fff
0xaf671fff 0xaf671fff 0xaf671fff 0xaf6717ff
0xaf5f17ff 0xa75f17ff 0x9f5717ff 0x974f17ff
0x8f4717ff 0x7f3f0fff 0x5f370fff 0x4f2f0fff
0x572f0fff 0x67370fff 0x773f0fff 0x87470fff
0x874717ff 0x874717ff 0x87470fff 0x87470fff
0x974f17ff 0x975717ff 0x9f4f17ff 0x974f17ff
0x974717ff 0x87470fff 0x7f3f0fff 0x77370fff
0x572f0fff 0x47270fff 0x572f0fff 0x672f0fff
0x6f370fff 0x77370fff 0x773f0fff 0x7f470fff
0x873f0fff 0x7f3f0fff 0x6f370fff 0x6f370fff
0x7f3f0fff 0x874717ff 0x8f4f17ff 0x974f17ff
0x974717ff 0x8f4717ff 0x974f17ff 0x974f17ff
0x974f17ff 0x8f4717ff 0x773f17ff 0x6f3f17ff
0x773f17ff 0x874717ff 0x8f4f17ff 0x97571fff
0x97571fff 0x8f4f17ff 0x874717ff 0x773f17ff
0x6f3f17ff 0x773f17ff 0x8f4717ff 0x974f17ff
0x974f17ff 0x974f17ff 0x8f4717ff 0x974717ff
0x974f17ff 0x8f4f17ff 0x874717ff 0x7f3f0fff
0x6f370fff 0x6f370fff 0x7f3f0fff 0x873f0fff
0x7f470fff 0x773f0fff 0x77370fff 0x6f370fff
0x672f0fff 0x572f0fff 0x47270fff 0x572f0fff
0x77370fff 0x7f3f0fff 0x87470fff 0x974717ff
0x974f17ff 0x9f4f17ff 0x975717ff 0x974f17ff
0x87470fff 0x87470fff 0x874717ff 0x874717ff
0x87470fff 0x773f0fff 0x67370fff 0x572f0fff
0x4f2f0fff 0x5f370fff 0x7f3f0fff 0x8f4717ff
0x974f17ff 0x9f5717ff 0xa75f17ff 0xaf5f17ff
0xaf6717ff 0xaf671fff 0xaf671fff 0xaf671fff
0xaf6f1fff 0xaf671fff 0xa75f17ff 0x9f5f17ff
0x9f5f17ff 0xa75f17ff 0xa76717ff 0xa75f17ff
0x9f5717ff 0x8f4f17ff 0x87470fff 0x87470fff
0x7f3f0fff 0x7f3f0fff 0x87470fff 0x8f4717ff
0x874717ff 0x8f4f17ff 0x8f4f17ff 0x8f4717ff
0x8f4717ff 0x8f4717ff 0x974f17ff 0x974f17ff
0x974f17ff 0x974f17ff 0x8f4f17ff 0x87470fff
0x7f3f0fff 0x874717ff 0x974f17ff 0x9f5717ff
0x9f5717ff 0x975717ff 0x974f17ff 0x974f17ff
0x974f17ff 0x974f17ff 0x974f17ff 0x974f17ff
0x8f4717ff 0x773f17ff 0x6f3717ff 0x672f17ff
0x672f0fff 0x672f17ff 0x773f17ff 0x874717ff
0x974f17ff 0x975717ff 0x974f17ff 0x974f17ff
0x974f17ff 0x974f17ff 0x974f17ff 0x9f5717ff
0x9f5717ff 0x974f17ff 0x874717ff 0x873f0fff
0x8f470fff 0x974f17ff 0x974f17ff 0x974f17ff
0x974f17ff 0x974f17ff 0x974f17ff 0x8f4f17ff
0x8f4f17ff 0x8f4f17ff 0x8f4f17ff 0x874717ff
0x874717ff 0x87470fff 0x7f3f0fff 0x7f3f0fff
0x873f0fff 0x87470fff 0x8f4f17ff 0x9f5717ff
0xa75f17ff 0xa75f17ff 0xa75f17ff 0x9f5f17ff
0x9f5f17ff 0xa76717ff 0xaf671fff 0xaf6f1fff
0xaf671fff 0xaf6717ff 0xaf6717ff 0xaf5f17ff
0xaf5f17ff 0xa75f17ff 0x9f5717ff 0x9f5717ff
0x8f4717ff 0x7f3f0fff 0x67370fff 0x5f2f0fff
0x5f2f0fff 0x6f370fff 0x77370fff 0x873f0fff
0x87470fff 0x874717ff 0x7f470fff 0x87470fff
0x974f17ff 0x9f4f17ff 0x9f4f17ff 0x974f17ff
0x974f17ff 0x87470fff 0x773f0fff 0x6f370fff
0x5f2f0fff 0x572f0fff 0x5f2f0fff 0x67370fff
0x6f370fff 0x6f370fff 0x773f0fff 0x874717ff
0x873f17ff 0x7f3f0fff 0x773f0fff 0x773f0fff
0x7f3f0fff 0x874717ff 0x8f4f17ff 0x974f17ff
0x8f4717ff 0x8f4717ff 0x8f4f17ff 0x974f17ff
0x974f17ff 0x8f4f17ff 0x874717ff 0x773f17ff
0x7f4717ff 0x874717ff 0x8f4f17ff 0x975f1fff
0x975f1fff 0x8f4f17ff 0x874717ff 0x7f4717ff
0x773f17ff 0x874717ff 0x8f4f17ff 0x974f17ff
0x974f17ff 0x8f4f17ff 0x8f4717ff 0x8f4717ff
0x974f17ff 0x8f4f17ff 0x874717ff 0x7f3f0fff
0x773f0fff 0x773f0fff 0x7f3f0fff 0x873f17ff
0x874717ff 0x773f0fff 0x6f370fff 0x6f370fff
0x67370fff 0x5f2f0fff 0x572f0fff 0x5f2f0fff
0x6f370fff 0x773f0fff 0x87470fff 0x974f17ff
0x974f17ff 0x9f4f17ff 0x9f4f17ff 0x974f17ff
0x87470fff 0x7f470fff 0x874717ff 0x87470fff
0x873f0fff 0x77370fff 0x6f370fff 0x5f2f0fff
0x5f2f0fff 0x67370fff 0x7f3f0fff 0x8f4717ff
0x9f5717ff 0x9f5717ff 0xa75f17ff 0xaf5f17ff
0xaf5f17ff 0xaf6717ff 0xaf6717ff 0xaf671fff
0xaf6f1fff 0xaf671fff 0xa76717ff 0x9f5f17ff
0x9f5f17ff 0xa75f17ff 0xa75f17ff 0xa75f17ff
0x9f5717ff 0x8f4f17ff 0x87470fff 0x873f0fff
0x7f3f0fff 0x7f3f0fff 0x87470fff 0x874717ff
0x874717ff 0x8f4f17ff 0x8f4f17ff 0x8f4f17ff
0x8f4f17ff 0x974f17ff 0x974f17ff 0x974f17ff
0x974f17ff 0x974f17ff 0x974f17ff 0x8f470fff
0x873f0fff 0x874717ff 0x974f17ff 0x9f5717ff
0x9f5717ff 0x974f17ff 0x974f17ff 0x974f17ff
0x974f17ff 0x974f17ff 0x975717ff 0x974f17ff
0x874717ff 0x773f17ff 0x672f17ff 0x672f0fff
0x672f0fff 0x67370fff 0x6f3717ff 0x874717ff
0x975717ff 0x9f5717ff 0x9f5717ff 0x9f5717ff
0x974f17ff 0x974f17ff 0x974f17ff 0x9f5717ff
0x9f5717ff 0x974f17ff 0x8f4717ff 0x873f0fff
0x8f4717ff 0x974f17ff 0x9f4f17ff 0x9f4f17ff
0x974f17ff 0x974f17ff 0x974f17ff 0x974f17ff
0x974f17ff 0x8f4f17ff 0x8f4717ff 0x873f17ff
0x874717ff 0x873f17ff 0x7f3f0fff 0x77370fff
0x7f3f0fff 0x87470fff 0x8f4f17ff 0x9f5717ff
0xa75f17ff 0xa75f17ff 0xa75f17ff 0x9f5717ff
0xa75f17ff 0xa76717ff 0xaf6f17ff 0xaf6f1fff
0xaf6717ff 0xaf6717ff 0xaf6717ff 0xaf6717ff
0xaf5f17ff 0xa75f17ff 0xa75f17ff 0x9f5717ff
0x974f17ff 0x873f0fff 0x6f370fff 0x67370fff
0x67370fff 0x6f370fff 0x773f0fff 0x7f3f0fff
0x874717ff 0x874717ff 0x874717ff 0x874717ff
0x974f17ff 0x975717ff 0x9f4f17ff 0x974f17ff
0x974f17ff 0x874717ff 0x7f3f0fff 0x6f370fff
0x67370fff 0x5f2f0fff 0x672f0fff 0x672f0fff
0x6f2f0fff 0x6f370fff 0x7f3f0fff 0x874717ff
0x873f17ff 0x7f3f0fff 0x7f3f0fff 0x7f3f0fff
0x7f3f0fff 0x87470fff 0x8f4f0fff 0x974f17ff
0x8f4717ff 0x8f4717ff 0x8f4f17ff 0x974f17ff
0x8f4f17ff 0x8f4717ff 0x874717ff 0x7f4717ff
0x7f4717ff 0x874f17ff 0x8f4f17ff 0x975717ff
0x975717ff 0x8f4f17ff 0x874f17ff 0x7f4717ff
0x7f4717ff 0x874717ff 0x8f4717ff 0x8f4f17ff
0x974f17ff 0x8f4f17ff 0x8f4717ff 0x8f4717ff
0x974f17ff 0x8f4f0fff 0x87470fff 0x7f3f0fff
0x7f3f0fff 0x7f3f0fff 0x7f3f0fff 0x873f17ff
0x874717ff 0x7f3f0fff 0x6f370fff 0x6f2f0fff
0x672f0fff 0x672f0fff 0x5f2f0fff 0x67370fff
0x6f370fff 0x7f3f0fff 0x874717ff 0x974f17ff
0x974f17ff 0x9f4f17ff 0x975717ff 0x974f17ff
0x874717ff 0x874717ff 0x874717ff 0x874717ff
0x7f3f0fff 0x773f0fff 0x6f370fff 0x67370fff
0x67370fff 0x6f370fff 0x873f0fff 0x974f17ff
0x9f5717ff 0xa75f17ff 0xa75f17ff 0xaf5f17ff
0xaf6717ff 0xaf6717ff 0xaf6717ff 0xaf6717ff
0xaf6f1fff 0xaf6f17ff 0xa76717ff 0xa75f17ff
0x9f5717ff 0xa75f17ff 0xa75f17ff 0xa75f17ff
0x9f5717ff 0x8f4f17ff 0x87470fff 0x7f3f0fff
0x77370fff 0x7f3f0fff 0x873f17ff 0x874717ff
0x873f17ff 0x8f4717ff 0x8f4f17ff 0x974f17ff
0x974f17ff 0x974f17ff 0x974f17ff 0x974f17ff
0x9f4f17ff 0x9f4f17ff 0x974f17ff 0x8f4717ff
0x873f0fff 0x8f4717ff 0x974f17ff 0x9f5717ff
0x9f5717ff 0x974f17ff 0x974f17ff 0x974f17ff
0x9f5717ff 0x9f5717ff 0x9f5717ff 0x975717ff
0x874717ff 0x6f3717ff 0x67370fff 0x672f0fff
0x67370fff 0x67370fff 0x77370fff 0x874717ff
0x975717ff 0x9f5717ff 0x9f5717ff 0x9f5717ff
0x974f17ff 0x974f17ff 0x974f17ff 0x9f5717ff
0x9f5717ff 0x974f17ff 0x874717ff 0x873f0fff
0x8f4717ff 0x974f17ff 0x9f4f17ff 0x9f4f17ff
0x974f17ff 0x974f17ff 0x974f17ff 0x974f17ff
0x974f17ff 0x8f4717ff 0x874717ff 0x873f17ff
0x873f17ff 0x873f17ff 0x77370fff 0x6f370fff
0x773f0fff 0x874717ff 0x974f17ff 0xa75f17ff
0xa76717ff 0xa75f17ff 0xa75f17ff 0x9f5717ff
0x9f5717ff 0xa75f17ff 0xaf6717ff 0xaf6f1fff
0xaf6f17ff 0xaf6717ff 0xaf6717ff 0xaf6717ff
0xaf6717ff 0xa75f17ff 0xa75717ff 0x9f5717ff
0x974f17ff 0x873f0fff 0x77370fff 0x6f370fff
0x67370fff 0x6f370fff 0x773f0fff 0x7f470fff
0x874717ff 0x874717ff 0x874717ff 0x874717ff
0x8f4f17ff 0x974f17ff 0x974f17ff 0x974f17ff
0x8f4f17ff 0x87470fff 0x77370fff 0x6f370fff
0x6f370fff 0x672f0fff 0x672f0fff 0x67370fff
0x6f370fff 0x77370fff 0x7f3f0fff 0x874717ff
0x873f0fff 0x7f3f0fff 0x7f3f0fff 0x7f3f0fff
0x7f3f0fff 0x87470fff 0x8f470fff 0x974717ff
0x8f4f17ff 0x8f4717ff 0x8f4f17ff 0x974f17ff
0x8f4f17ff 0x8f4717ff 0x874717ff 0x7f3f17ff
0x7f4717ff 0x874f17ff 0x8f4f17ff 0x975717ff
0x975717ff 0x8f4f17ff 0x874f17ff 0x7f4717ff
0x7f3f17ff 0x874717ff 0x8f4717ff 0x8f4f17ff
0x974f17ff 0x8f4f17ff 0x8f4717ff 0x8f4f17ff
0x974717ff 0x8f470fff 0x87470fff 0x7f3f0fff
0x7f3f0fff 0x7f3f0fff 0x7f3f0fff 0x873f0fff
0x874717ff 0x7f3f0fff 0x77370fff 0x6f370fff
0x67370fff 0x672f0fff 0x672f0fff 0x6f370fff
0x6f370fff 0x77370fff 0x87470fff 0x8f4f17ff
0x974f17ff 0x974f17ff 0x974f17ff 0x8f4f17ff
0x874717ff 0x874717ff 0x874717ff 0x874717ff
0x7f470fff 0x773f0fff 0x6f370fff 0x67370fff
0x6f370fff 0x77370fff 0x873f0fff 0x974f17ff
0x9f5717ff 0xa75717ff 0xa75f17ff 0xaf6717ff
0xaf6717ff 0xaf6717ff 0xaf6717ff 0xaf6f17ff
0xaf6f1fff 0xaf6717ff 0xa75f17ff 0x9f5717ff
0x9f5717ff 0xa75f17ff 0xa75f17ff 0xa76717ff
0xa75f17ff 0x974f17ff 0x874717ff 0x773f0fff
0x6f370fff 0x77370fff 0x873f17ff 0x873f17ff
0x873f17ff 0x874717ff 0x8f4717ff 0x974f17ff
0x974f17ff 0x974f17ff 0x974f17ff 0x974f17ff
0x9f4f17ff 0x9f4f17ff 0x974f17ff 0x8f4717ff
0x873f0fff 0x874717ff 0x974f17ff 0x9f5717ff
0x9f5717ff 0x974f17ff 0x974f17ff 0x974f17ff
0x9f5717ff 0x9f5717ff 0x9f5717ff 0x975717ff
0x874717ff 0x77370fff 0x67370fff 0x67370fff
0x673717ff 0x67370fff 0x77370fff 0x874717ff
0x974f17ff 0x974f17ff 0x9f4f17ff 0x9f4f17ff
0x974f17ff 0x974f17ff 0x974f17ff 0x9f5717ff
0x9f5717ff 0x974f17ff 0x874717ff 0x873f17ff
0x8f4717ff 0x974f17ff 0x975717ff 0x9f4f17ff
0x974f17ff 0x974f17ff 0x974f17ff 0x974f17ff
0x974f17ff 0x8f4f17ff 0x874717ff 0x873f0fff
0x87470fff 0x873f17ff 0x77370fff 0x6f370fff
0x77370fff 0x87470fff 0x974f17ff 0xa75f17ff
0xa75f17ff 0xa75f17ff 0xa75f17ff 0xa75717ff
0x9f5717ff 0xa75f17ff 0xaf6717ff 0xaf6717ff
0xaf6717ff 0xaf6717ff 0xaf6717ff 0xaf6717ff
0xaf6717ff 0xa75f17ff 0xa75717ff 0x9f5717ff
0x974f17ff 0x8f4717ff 0x7f3f0fff 0x6f370fff
0x67370fff 0x6f370fff 0x7f3f0fff 0x874717ff
0x8f4717ff 0x8f4717ff 0x8f4717ff 0x8f4717ff
0x8f4f17ff 0x974f17ff 0x974f0fff 0x974f0fff
0x8f4717ff 0x7f3f0fff 0x6f370fff 0x6f370fff
0x6f2f0fff 0x672f0fff 0x5f2f0fff 0x67370fff
0x773f0fff 0x7f3f0fff 0x874717ff 0x87470fff
0x87470fff 0x7f3f0fff 0x77370fff 0x773f0fff
0x7f3f0fff 0x8f470fff 0x8f470fff 0x8f4f17ff
0x974f17ff 0x8f4f17ff 0x974f17ff 0x974f17ff
0x974f17ff 0x8f4f17ff 0x874717ff 0x7f4717ff
0x874717ff 0x8f4f17ff 0x974f17ff 0x975717ff
0x975717ff 0x974f17ff 0x8f4f17ff 0x874717ff
0x7f4717ff 0x874717ff 0x8f4f17ff 0x974f17ff
0x974f17ff 0x974f17ff 0x8f4f17ff 0x974f17ff
0x8f4f17ff 0x8f470fff 0x8f470fff 0x7f3f0fff
0x773f0fff 0x77370fff 0x7f3f0fff 0x87470fff
0x87470fff 0x874717ff 0x7f3f0fff 0x773f0fff
0x67370fff 0x5f2f0fff 0x672f0fff 0x6f2f0fff
0x6f370fff 0x6f370fff 0x7f3f0fff 0x8f4717ff
0x974f0fff 0x974f0fff 0x974f17ff 0x8f4f17ff
0x8f4717ff 0x8f4717ff 0x8f4717ff 0x8f4717ff
0x874717ff 0x7f3f0fff 0x6f370fff 0x67370fff
0x6f370fff 0x7f3f0fff 0x8f4717ff 0x974f17ff
0x9f5717ff 0xa75717ff 0xa75f17ff 0xaf6717ff
0xaf6717ff 0xaf6717ff 0xaf6717ff 0xaf6717ff
0xaf6717ff 0xaf6717ff 0xa75f17ff 0x9f5717ff
0xa75717ff 0xa75f17ff 0xa75f17ff 0xa75f17ff
0xa75f17ff 0x974f17ff 0x87470fff 0x77370fff
0x6f370fff 0x77370fff 0x873f17ff 0x87470fff
0x873f0fff 0x874717ff 0x8f4f17ff 0x974f17ff
0x974f17ff 0x974f17ff 0x974f17ff 0x974f17ff
0x9f4f17ff 0x975717ff 0x974f17ff 0x8f4717ff
0x873f17ff 0x874717ff 0x974f17ff 0x9f5717ff
0x9f5717ff 0x974f17ff 0x974f17ff 0x974f17ff
0x9f4f17ff 0x9f4f17ff 0x974f17ff 0x974f17ff
0x874717ff 0x77370fff 0x67370fff 0x673717ff
0x6f3f17ff 0x6f370fff 0x773f0fff 0x874717ff
0x974f17ff 0x974f17ff 0x974f17ff 0x974f17ff
0x974f17ff 0x974f17ff 0x974f17ff 0x9f5717ff
0x9f5717ff 0x974f17ff 0x8f4717ff 0x874717ff
0x8f4f17ff 0x974f17ff 0x975717ff 0x9f4f17ff
0x974f17ff 0x974717ff 0x974717ff 0x974f17ff
0x974f17ff 0x974717ff 0x8f4717ff 0x87470fff
0x8f470fff 0x8f4717ff 0x7f3f0fff 0x6f370fff
0x6f370fff 0x7f3f0fff 0x974f17ff 0xa75f17ff
0xaf5f17ff 0xaf5f17ff 0xa75f17ff 0xa75717ff
0x9f5717ff 0xa75f17ff 0xaf6717ff 0xaf6717ff
0xaf6717ff 0xaf6717ff 0xaf6717ff 0xaf6717ff
0xaf5f17ff 0xa75f17ff 0xa75f17ff 0x9f5717ff
0x974f17ff 0x8f4717ff 0x874717ff 0x773f0fff
0x6f370fff 0x77370fff 0x7f3f0fff 0x87470fff
0x8f4717ff 0x8f4717ff 0x8f470fff 0x8f470fff
0x8f4717ff 0x974f17ff 0x974f17ff 0x8f4f17ff
0x8f4f17ff 0x7f3f0fff 0x67370fff 0x672f0fff
0x672f0fff 0x5f2f0fff 0x5f2f0fff 0x67370fff
0x7f3f0fff 0x7f3f0fff 0x87470fff 0x87470fff
0x87470fff 0x7f3f0fff 0x77370fff 0x77370fff
0x7f3f0fff 0x87470fff 0x8f470fff 0x8f4f0fff
0x974f17ff 0x974f17ff 0x974f17ff 0x975717ff
0x975717ff 0x8f4f17ff 0x874717ff 0x874717ff
0x874717ff 0x8f4f17ff 0x974f17ff 0x974f17ff
0x974f17ff 0x974f17ff 0x8f4f17ff 0x874717ff
0x874717ff 0x874717ff 0x8f4f17ff 0x975717ff
0x975717ff 0x974f17ff 0x974f17ff 0x974f17ff
0x8f4f0fff 0x8f470fff 0x87470fff 0x7f3f0fff
0x77370fff 0x77370fff 0x7f3f0fff 0x87470fff
0x87470fff 0x87470fff 0x7f3f0fff 0x7f3f0fff
0x67370fff 0x5f2f0fff 0x5f2f0fff 0x672f0fff
0x672f0fff 0x67370fff 0x7f3f0fff 0x8f4f17ff
0x8f4f17ff 0x974f17ff 0x974f17ff 0x8f4717ff
0x8f470fff 0x8f470fff 0x8f4717ff 0x8f4717ff
0x87470fff 0x7f3f0fff 0x77370fff 0x6f370fff
0x773f0fff 0x874717ff 0x8f4717ff 0x974f17ff
0x9f5717ff 0xa75f17ff 0xa75f17ff 0xaf5f17ff
0xaf6717ff 0xaf6717ff 0xaf6717ff 0xaf6717ff
0xaf6717ff 0xaf6717ff 0xa75f17ff 0x9f5717ff
0xa75717ff 0xa75f17ff 0xaf5f17ff 0xaf5f17ff
0xa75f17ff 0x974f17ff 0x7f3f0fff 0x6f370fff
0x6f370fff 0x7f3f0fff 0x8f4717ff 0x8f470fff
0x87470fff 0x8f4717ff 0x974717ff 0x974f17ff
0x974f17ff 0x974717ff 0x974717ff 0x974f17ff
0x9f4f17ff 0x975717ff 0x974f17ff 0x8f4f17ff
0x874717ff 0x8f4717ff 0x974f17ff 0x9f5717ff
0x9f5717ff 0x974f17ff 0x974f17ff 0x974f17ff
0x974f17ff 0x974f17ff 0x974f17ff 0x974f17ff
0x874717ff 0x773f0fff 0x6f370fff 0x6f3f17ff
0x773f17ff 0x6f3717ff 0x773f17ff 0x874717ff
0x974f17ff 0x974f17ff 0x974f17ff 0x975717ff
0x974f17ff 0x974f17ff 0x9f4f17ff 0x9f5717ff
0x9f4f17ff 0x974f17ff 0x8f4f17ff 0x8f4f17ff
0x974f17ff 0x9f5717ff 0x9f5717ff 0x9f4f17ff
0x974f17ff 0x974f17ff 0x974f17ff 0x974f17ff
0x974717ff 0x974717ff 0x8f4717ff 0x8f470fff
0x8f4717ff 0x8f4717ff 0x873f17ff 0x77370fff
0x6f370fff 0x7f3f0fff 0x974f17ff 0xa75717ff
0xa75f17ff 0xaf5f17ff 0xa75f17ff 0xa75f17ff
0x9f5717ff 0xa75f17ff 0xaf6717ff 0xaf6717ff
0xaf6717ff 0xaf6717ff 0xaf6717ff 0xaf6717ff
0xaf5f17ff 0xa75f17ff 0xa75f17ff 0xa75717ff
0x974f17ff 0x8f4717ff 0x874717ff 0x7f3f17ff
0x77370fff 0x77370fff 0x7f3f0fff 0x87470fff
0x8f470fff 0x8f470fff 0x87470fff 0x87470fff
0x8f470fff 0x8f4f0fff 0x8f4f17ff 0x8f4f17ff
0x8f4717ff 0x773f17ff 0x6f370fff 0x672f0fff
0x672f0fff 0x5f270fff 0x5f2f0fff 0x6f370fff
0x7f3f0fff 0x7f3f0fff 0x87470fff 0x87470fff
0x87470fff 0x7f3f0fff 0x6f370fff 0x6f370fff
0x7f3f0fff 0x873f0fff 0x87470fff 0x8f470fff
0x974f17ff 0x974f17ff 0x974f17ff 0x9f5717ff
0x9f5717ff 0x8f4f17ff 0x874717ff 0x874717ff
0x874717ff 0x8f4f17ff 0x974f17ff 0x974f17ff
0x974f17ff 0x974f17ff 0x8f4f17ff 0x874717ff
0x874717ff 0x874717ff 0x8f4f17ff 0x9f5717ff
0x9f5717ff 0x974f17ff 0x974f17ff 0x974f17ff
0x8f470fff 0x87470fff 0x873f0fff 0x7f3f0fff
0x6f370fff 0x6f370fff 0x7f3f0fff 0x87470fff
0x87470fff 0x87470fff 0x7f3f0fff 0x7f3f0fff
0x6f370fff 0x5f2f0fff 0x5f270fff 0x672f0fff
0x672f0fff 0x6f370fff 0x773f17ff 0x8f4717ff
0x8f4f17ff 0x8f4f17ff 0x8f4f0fff 0x8f470fff
0x87470fff 0x87470fff 0x8f470fff 0x8f470fff
0x87470fff 0x7f3f0fff 0x77370fff 0x77370fff
0x7f3f17ff 0x874717ff 0x8f4717ff 0x974f17ff
0xa75717ff 0xa75f17ff 0xa75f17ff 0xaf5f17ff
0xaf6717ff 0xaf6717ff 0xaf6717ff 0xaf6717ff
0xaf6717ff 0xaf6717ff 0xa75f17ff 0x9f5717ff
0xa75f17ff 0xa75f17ff 0xaf5f17ff 0xa75f17ff
0xa75717ff 0x974f17ff 0x7f3f0fff 0x6f370fff
0x77370fff 0x873f17ff 0x8f4717ff 0x8f4717ff
0x8f470fff 0x8f4717ff 0x974717ff 0x974717ff
0x974f17ff 0x974f17ff 0x974f17ff 0x974f17ff
0x9f4f17ff 0x9f5717ff 0x9f5717ff 0x974f17ff
0x8f4f17ff 0x8f4f17ff 0x974f17ff 0x9f4f17ff
0x9f5717ff 0x9f4f17ff 0x974f17ff 0x974f17ff
0x975717ff 0x974f17ff 0x974f17ff 0x974f17ff
0x874717ff 0x773f17ff 0x6f3717ff 0x773f17ff
0x7f3f17ff 0x773717ff 0x773f17ff 0x874f17ff
0x975717ff 0x975717ff 0x975717ff 0x9f571fff
0x9f5717ff 0x975717ff 0x9f5717ff 0x9f5717ff
0x9f4f17ff 0x974f17ff 0x974f17ff 0x975717ff
0x9f5717ff 0x9f5717ff 0x9f4f17ff 0x9f4f17ff
0x974f17ff 0x974f17ff 0x974f17ff 0x974f17ff
0x8f4717ff 0x8f4717ff 0x8f4717ff 0x8f4717ff
0x974717ff 0x8f4717ff 0x873f17ff 0x77370fff
0x67370fff 0x7f3f0fff 0x974f17ff 0x9f5717ff
0xa75f17ff 0xaf5f17ff 0xa75f17ff 0xa75717ff
0x9f5717ff 0xa75717ff 0xaf6717ff 0xaf6717ff
0xaf6717ff 0xaf6717ff 0xaf6717ff 0xaf6717ff
0xaf5f17ff 0xaf5f17ff 0xa75f17ff 0xa75717ff
0x974f17ff 0x8f4717ff 0x8f4717ff 0x874717ff
0x77370fff 0x6f370fff 0x7f3f0fff 0x87470fff
0x8f470fff 0x8f4717ff 0x8f470fff 0x87470fff
0x8f470fff 0x8f470fff 0x8f4717ff 0x8f4717ff
0x874717ff 0x773f17ff 0x6f370fff 0x672f0fff
0x5f2f0fff 0x57270fff 0x5f2f0fff 0x6f370fff
0x7f3f0fff 0x7f3f0fff 0x873f0fff 0x874717ff
0x874717ff 0x773f0fff 0x6f370fff 0x6f370fff
0x7f3f0fff 0x873f0fff 0x8f470fff 0x8f4717ff
0x974f17ff 0x974f17ff 0x974f17ff 0x9f5717ff
0x975717ff 0x8f4f17ff 0x874717ff 0x874717ff
0x7f4717ff 0x7f4717ff 0x8f4f17ff 0x974f17ff
0x974f17ff 0x8f4f17ff 0x7f4717ff 0x7f4717ff
0x874717ff 0x874717ff 0x8f4f17ff 0x975717ff
0x9f5717ff 0x974f17ff 0x974f17ff 0x974f17ff
0x8f4717ff 0x8f470fff 0x873f0fff 0x7f3f0fff
0x6f370fff 0x6f370fff 0x773f0fff 0x874717ff
0x874717ff 0x873f0fff 0x7f3f0fff 0x7f3f0fff
0x6f370fff 0x5f2f0fff 0x57270fff 0x5f2f0fff
0x672f0fff 0x6f370fff 0x773f17ff 0x874717ff
0x8f4717ff 0x8f4717ff 0x8f470fff 0x8f470fff
0x87470fff 0x8f470fff 0x8f4717ff 0x8f470fff
0x87470fff 0x7f3f0fff 0x6f370fff 0x77370fff
0x874717ff 0x8f4717ff 0x8f4717ff 0x974f17ff
0xa75717ff 0xa75f17ff 0xaf5f17ff 0xaf5f17ff
0xaf6717ff 0xaf6717ff 0xaf6717ff 0xaf6717ff
0xaf6717ff 0xaf6717ff 0xa75717ff 0x9f5717ff
0xa75717ff 0xa75f17ff 0xaf5f17ff 0xa75f17ff
0x9f5717ff 0x974f17ff 0x7f3f0fff 0x67370fff
0x77370fff 0x873f17ff 0x8f4717ff 0x974717ff
0x8f4717ff 0x8f4717ff 0x8f4717ff 0x8f4717ff
0x974f17ff 0x974f17ff 0x974f17ff 0x974f17ff
0x9f4f17ff 0x9f4f17ff 0x9f5717ff 0x9f5717ff
0x975717ff 0x974f17ff 0x974f17ff 0x9f4f17ff
0x9f5717ff 0x9f5717ff 0x975717ff 0x9f5717ff
0x9f571fff 0x975717ff 0x975717ff 0x975717ff
0x874f17ff 0x773f17ff 0x773717ff 0x7f3f17ff
0x7f3f17ff 0x773f17ff 0x7f3f17ff 0x8f4f17ff
0x975717ff 0x975717ff 0x975717ff 0x9f571fff
0x9f5717ff 0x9f5717ff 0x975717ff 0x9f5717ff
0x975717ff 0x975717ff 0x975717ff 0x9f5f17ff
0xa75717ff 0xa75717ff 0x9f5717ff 0x9f4f17ff
0x9f4f17ff 0x974f17ff 0x974f17ff 0x974717ff
0x8f4717ff 0x8f4717ff 0x8f4717ff 0x8f4717ff
0x974f17ff 0x974717ff 0x874717ff 0x6f370fff
0x67370fff 0x7f3f17ff 0x974f17ff 0x9f5717ff
0xa75f17ff 0xa75f17ff 0xa75f17ff 0xa75717ff
0x9f5717ff 0xa75717ff 0xaf6717ff 0xaf6717ff
0xaf5f17ff 0xaf5f17ff 0xaf5f17ff 0xaf5f17ff
0xaf5f17ff 0xaf5f17ff 0xaf5f17ff 0xa75717ff
0x9f4f17ff 0x974717ff 0x8f4717ff 0x874717ff
0x773f0fff 0x6f370fff 0x773f0fff 0x87470fff
0x8f4717ff 0x8f4717ff 0x8f4717ff 0x8f470fff
0x8f4f0fff 0x8f4f17ff 0x8f4f17ff 0x8f4717ff
0x873f17ff 0x7f3f0fff 0x6f370fff 0x67370fff
0x672f0fff 0x5f270fff 0x5f2f0fff 0x6f2f0fff
0x77370fff 0x7f3f0fff 0x7f3f0fff 0x873f17ff
0x873f17ff 0x77370fff 0x672f0fff 0x6f370fff
0x773f0fff 0x87470fff 0x8f4717ff 0x8f4717ff
0x8f4717ff 0x974f17ff 0x974f17ff 0x975717ff
0x974f17ff 0x8f4f17ff 0x874717ff 0x7f3f17ff
0x773f17ff 0x7f4717ff 0x8f4f17ff 0x975717ff
0x975717ff 0x8f4f17ff 0x7f4717ff 0x773f17ff
0x7f3f17ff 0x874717ff 0x8f4f17ff 0x974f17ff
0x975717ff 0x974f17ff 0x974f17ff 0x8f4717ff
0x8f4717ff 0x8f4717ff 0x87470fff 0x773f0fff
0x6f370fff 0x672f0fff 0x77370fff 0x873f17ff
0x873f17ff 0x7f3f0fff 0x7f3f0fff 0x77370fff
0x6f2f0fff 0x5f2f0fff 0x5f270fff 0x672f0fff
0x67370fff 0x6f370fff 0x7f3f0fff 0x873f17ff
0x8f4717ff 0x8f4f17ff 0x8f4f17ff 0x8f4f0fff
0x8f470fff 0x8f4717ff 0x8f4717ff 0x8f4717ff
0x87470fff 0x773f0fff 0x6f370fff 0x773f0fff
0x874717ff 0x8f4717ff 0x974717ff 0x9f4f17ff
0xa75717ff 0xaf5f17ff 0xaf5f17ff 0xaf5f17ff
0xaf5f17ff 0xaf5f17ff 0xaf5f17ff 0xaf5f17ff
0xaf6717ff 0xaf6717ff 0xa75717ff 0x9f5717ff
0xa75717ff 0xa75f17ff 0xa75f17ff 0xa75f17ff
0x9f5717ff 0x974f17ff 0x7f3f17ff 0x67370fff
0x6f370fff 0x874717ff 0x974717ff 0x974f17ff
0x8f4717ff 0x8f4717ff 0x8f4717ff 0x8f4717ff
0x974717ff 0x974f17ff 0x974f17ff 0x9f4f17ff
0x9f4f17ff 0x9f5717ff 0xa75717ff 0xa75717ff
0x9f5f17ff 0x975717ff 0x975717ff 0x975717ff
0x9f5717ff 0x975717ff 0x9f5717ff 0x9f5717ff
0x9f571fff 0x975717ff 0x975717ff 0x975717ff
0x8f4f17ff 0x7f3f17ff 0x773f17ff 0x7f3f17ff
0x874717ff 0x7f3f17ff 0x7f4717ff 0x8f4f17ff
0x975717ff 0x975717ff 0x974f17ff 0x974f17ff
0x974f17ff 0x974f17ff 0x974f17ff 0x975717ff
0x9f5717ff 0x974f17ff 0x9f5717ff 0xa75717ff
0xa75717ff 0xa75717ff 0xa75717ff 0x9f5717ff
0x9f4f17ff 0x974f17ff 0x974717ff 0x974717ff
0x8f4717ff 0x8f4717ff 0x8f4717ff 0x8f4717ff
0x974f17ff 0x974f17ff 0x874717ff 0x6f370fff
0x67370fff 0x773f0fff 0x8f4f17ff 0xa75717ff
0xa75f17ff 0xa75f17ff 0xa75717ff 0x9f5717ff
0x9f5717ff 0xa75f17ff 0xaf6717ff 0xaf6717ff
0xaf6717ff 0xaf5f17ff 0xaf5f17ff 0xaf5f17ff
0xaf5f17ff 0xaf5f17ff 0xa75f17ff 0x9f4f17ff
0x974f17ff 0x8f470fff 0x8f470fff 0x873f0fff
0x6f370fff 0x67370fff 0x77370fff 0x873f0fff
0x8f4717ff 0x8f4717ff 0x8f4f17ff 0x8f4f17ff
0x8f4f17ff 0x8f4f17ff 0x974f17ff 0x8f4717ff
0x87470fff 0x7f3f0fff 0x77370fff 0x672f0fff
0x5f2f0fff 0x5f270fff 0x5f270fff 0x672f0fff
0x77370fff 0x7f3f0fff 0x7f3f0fff 0x873f17ff
0x873f17ff 0x77370fff 0x672f0fff 0x6f370fff
0x77370fff 0x7f3f0fff 0x8f4717ff 0x8f4717ff
0x8f4717ff 0x8f4717ff 0x974f17ff 0x974f17ff
0x974f17ff 0x8f4717ff 0x873f17ff 0x7f3f17ff
0x773f17ff 0x7f3f17ff 0x8f4f17ff 0x975717ff
0x975717ff 0x8f4f17ff 0x7f3f17ff 0x773f17ff
0x7f3f17ff 0x873f17ff 0x8f4717ff 0x974f17ff
0x974f17ff 0x974f17ff 0x8f4717ff 0x8f4717ff
0x8f4717ff 0x8f4717ff 0x7f3f0fff 0x77370fff
0x6f370fff 0x672f0fff 0x77370fff 0x873f17ff
0x873f17ff 0x7f3f0fff 0x7f3f0fff 0x77370fff
0x672f0fff 0x5f270fff 0x5f270fff 0x5f2f0fff
0x672f0fff 0x77370fff 0x7f3f0fff 0x87470fff
0x8f4717ff 0x974f17ff 0x8f4f17ff 0x8f4f17ff
0x8f4f17ff 0x8f4f17ff 0x8f4717ff 0x8f4717ff
0x873f0fff 0x77370fff 0x67370fff 0x6f370fff
0x873f0fff 0x8f470fff 0x8f470fff 0x974f17ff
0x9f4f17ff 0xa75f17ff 0xaf5f17ff 0xaf5f17ff
0xaf5f17ff 0xaf5f17ff 0xaf5f17ff 0xaf6717ff
0xaf6717ff 0xaf6717ff 0xa75f17ff 0x9f5717ff
0x9f5717ff 0xa75717ff 0xa75f17ff 0xa75f17ff
0xa75717ff 0x8f4f17ff 0x773f0fff 0x67370fff
0x6f370fff 0x874717ff 0x974f17ff 0x974f17ff
0x8f4717ff 0x8f4717ff 0x8f4717ff 0x8f4717ff
0x974717ff 0x974717ff 0x974f17ff 0x9f4f17ff
0x9f5717ff 0xa75717ff 0xa75717ff 0xa75717ff
0xa75717ff 0x9f5717ff 0x974f17ff 0x9f5717ff
0x975717ff 0x974f17ff 0x974f17ff 0x974f17ff
0x974f17ff 0x974f17ff 0x975717ff 0x975717ff
0x8f4f17ff 0x7f4717ff 0x7f3f17ff 0x874717ff
0x7f3f17ff 0x7f3f17ff 0x874717ff 0x8f4f17ff
0x975717ff 0x975717ff 0x975717ff 0x975717ff
0x974f17ff 0x974f17ff 0x974f17ff 0x9f5717ff
0x9f5717ff 0x9f5717ff 0x9f4f17ff 0xa75717ff
0xa75717ff 0xa75717ff 0x9f5717ff 0x9f5717ff
0x9f5717ff 0x974f17ff 0x974f17ff 0x974f17ff
0x974f17ff 0x8f4717ff 0x874717ff 0x8f4717ff
0x974f17ff 0x974f17ff 0x874717ff 0x77370fff
0x67370fff 0x773f0fff 0x8f4717ff 0xa75717ff
0xa75717ff 0xa75717ff 0xa75717ff 0x9f4f17ff
0x9f4f17ff 0xa75f17ff 0xaf6717ff 0xb76717ff
0xaf6717ff 0xaf5f17ff 0xaf6717ff 0xaf6717ff
0xa75f17ff 0xa75f17ff 0xa75717ff 0x9f4f17ff
0x97470fff 0x8f3f0fff 0x873f0fff 0x7f3f0fff
0x6f370fff 0x6f370fff 0x773f0fff 0x7f3f0fff
0x8f4717ff 0x974f17ff 0x974f17ff 0x8f4f17ff
0x8f4f17ff 0x974f17ff 0x974f17ff 0x974717ff
0x8f470fff 0x7f3f0fff 0x6f370fff 0x5f2f0fff
0x5f270fff 0x57270fff 0x5f270fff 0x672f0fff
0x77370fff 0x7f3f0fff 0x873f17ff 0x874717ff
0x874717ff 0x7f3f0fff 0x6f370fff 0x6f370fff
0x6f370fff 0x7f3f0fff 0x8f4717ff 0x8f4717ff
0x8f4717ff 0x8f4717ff 0x8f4f17ff 0x974f17ff
0x8f4f17ff 0x874717ff 0x7f3f0fff 0x77370fff
0x773f0fff 0x773f17ff 0x874717ff 0x8f4f17ff
0x8f4f17ff 0x874717ff 0x773f17ff 0x773f0fff
0x77370fff 0x7f3f0fff 0x874717ff 0x8f4f17ff
0x974f17ff 0x8f4f17ff 0x8f4717ff 0x8f4717ff
0x8f4717ff 0x8f4717ff 0x7f3f0fff 0x6f370fff
0x6f370fff 0x6f370fff 0x7f3f0fff 0x874717ff
0x874717ff 0x873f17ff 0x7f3f0fff 0x77370fff
0x672f0fff 0x5f270fff 0x57270fff 0x5f270fff
0x5f2f0fff 0x6f370fff 0x7f3f0fff 0x8f470fff
0x974717ff 0x974f17ff 0x974f17ff 0x8f4f17ff
0x8f4f17ff 0x974f17ff 0x974f17ff 0x8f4717ff
0x7f3f0fff 0x773f0fff 0x6f370fff 0x6f370fff
0x7f3f0fff 0x873f0fff 0x8f3f0fff 0x97470fff
0x9f4f17ff 0xa75717ff 0xa75f17ff 0xa75f17ff
0xaf6717ff 0xaf6717ff 0xaf5f17ff 0xaf6717ff
0xb76717ff 0xaf6717ff 0xa75f17ff 0x9f4f17ff
0x9f4f17ff 0xa75717ff 0xa75717ff 0xa75717ff
0xa75717ff 0x8f4717ff 0x773f0fff 0x67370fff
0x77370fff 0x874717ff 0x974f17ff 0x974f17ff
0x8f4717ff 0x874717ff 0x8f4717ff 0x974f17ff
0x974f17ff 0x974f17ff 0x974f17ff 0x9f5717ff
0x9f5717ff 0x9f5717ff 0xa75717ff 0xa75717ff
0xa75717ff 0x9f4f17ff 0x9f5717ff 0x9f5717ff
0x9f5717ff 0x974f17ff 0x974f17ff 0x974f17ff
0x975717ff 0x975717ff 0x975717ff 0x975717ff
0x8f4f17ff 0x874717ff 0x7f3f17ff 0x7f3f17ff
0x7f3f17ff 0x7f3f17ff 0x873f17ff 0x8f4f17ff
0x975717ff 0x975717ff 0x975717ff 0x975717ff
0x974f17ff 0x974f17ff 0x974f17ff 0x9f5717ff
0x9f5717ff 0x9f4f17ff 0x9f5717ff 0x9f5717ff
0xa75717ff 0x9f5717ff 0x9f5717ff 0x9f5717ff
0x9f4f17ff 0x974f17ff 0x974717ff 0x974f17ff
0x974f17ff 0x8f4717ff 0x874717ff 0x874717ff
0x974f17ff 0x974f17ff 0x8f4717ff 0x7f3f0fff
0x6f370fff 0x773f0fff 0x8f4717ff 0x9f5717ff
0xa75717ff 0xa75717ff 0x9f5717ff 0x9f4f17ff
0x9f5717ff 0xa75f17ff 0xaf6717ff 0xb76717ff
0xaf6717ff 0xaf5f17ff 0xaf6717ff 0xaf6717ff
0xa75f17ff 0xa75f17ff 0xa75f17ff 0x9f5717ff
0x974717ff 0x873f0fff 0x77370fff 0x6f370fff
0x6f370fff 0x6f370fff 0x773f0fff 0x7f470fff
0x8f4717ff 0x974f17ff 0x974f17ff 0x8f4f17ff
0x8f4f17ff 0x974f17ff 0x974f17ff 0x974f17ff
0x8f4717ff 0x7f3f0fff 0x67370fff 0x5f2f0fff
0x5f270fff 0x57270fff 0x5f270fff 0x672f0fff
0x77370fff 0x873f17ff 0x874717ff 0x874717ff
0x874717ff 0x7f3f0fff 0x77370fff 0x6f370fff
0x6f370fff 0x7f3f0fff 0x874717ff 0x87470fff
0x8f470fff 0x8f4717ff 0x8f4f17ff 0x974f17ff
0x8f4717ff 0x7f3f0fff 0x77370fff 0x77370fff
0x77370fff 0x77370fff 0x7f3f17ff 0x874717ff
0x874717ff 0x7f3f17ff 0x77370fff 0x77370fff
0x77370fff 0x77370fff 0x7f3f0fff 0x8f4717ff
0x974f17ff 0x8f4f17ff 0x8f4717ff 0x8f470fff
0x87470fff 0x874717ff 0x7f3f0fff 0x6f370fff
0x6f370fff 0x77370fff 0x7f3f0fff 0x874717ff
0x874717ff 0x874717ff 0x873f17ff 0x77370fff
0x672f0fff 0x5f270fff 0x57270fff 0x5f270fff
0x5f2f0fff 0x67370fff 0x7f3f0fff 0x8f4717ff
0x974f17ff 0x974f17ff 0x974f17ff 0x8f4f17ff
0x8f4f17ff 0x974f17ff 0x974f17ff 0x8f4717ff
0x7f470fff 0x773f0fff 0x6f370fff 0x6f370fff
0x6f370fff 0x77370fff 0x873f0fff 0x974717ff
0x9f5717ff 0xa75f17ff 0xa75f17ff 0xa75f17ff
0xaf6717ff 0xaf6717ff 0xaf5f17ff 0xaf6717ff
0xb76717ff 0xaf6717ff 0xa75f17ff 0x9f5717ff
0x9f4f17ff 0x9f5717ff 0xa75717ff 0xa75717ff
0x9f5717ff 0x8f4717ff 0x773f0fff 0x6f370fff
0x7f3f0fff 0x8f4717ff 0x974f17ff 0x974f17ff
0x874717ff 0x874717ff 0x8f4717ff 0x974f17ff
0x974f17ff 0x974717ff 0x974f17ff 0x9f4f17ff
0x9f5717ff 0x9f5717ff 0x9f5717ff 0xa75717ff
0x9f5717ff 0x9f5717ff 0x9f4f17ff 0x9f5717ff
0x9f5717ff 0x974f17ff 0x974f17ff 0x974f17ff
0x975717ff 0x975717ff 0x975717ff 0x975717ff
0x8f4f17ff 0x873f17ff 0x7f3f17ff 0x7f3f17ff
0x773f17ff 0x7f3f17ff 0x7f3f17ff 0x8f4f17ff
0x974f17ff 0x974f17ff 0x975717ff 0x974f17ff
0x974f17ff 0x974f17ff 0x974f17ff 0x974f17ff
0x9f4f17ff 0x9f4f17ff 0x975717ff 0x9f5717ff
0x9f5717ff 0x9f5717ff 0x9f5717ff 0x9f5717ff
0x9f4f17ff 0x974f17ff 0x974f17ff 0x974717ff
0x974f17ff 0x8f4f17ff 0x874717ff 0x874717ff
0x8f4f17ff 0x974f17ff 0x8f4f17ff 0x874717ff
0x7f3f0fff 0x773f0fff 0x87470fff 0x9f4f17ff
0xa75717ff 0xa75717ff 0x9f5717ff 0x9f4f17ff
0x9f5717ff 0xa75f17ff 0xaf6717ff 0xb76717ff
0xaf6717ff 0xaf5f17ff 0xaf6717ff 0xaf6717ff
0xaf5f17ff 0xa75f17ff 0xa75f17ff 0x9f5717ff
0x974717ff 0x7f3f0fff 0x67370fff 0x67370fff
0x6f370fff 0x77370fff 0x773f0fff 0x7f3f0fff
0x8f470fff 0x8f470fff 0x8f470fff 0x8f470fff
0x8f4717ff 0x974f17ff 0x974f17ff 0x974f17ff
0x8f4717ff 0x7f3f17ff 0x6f370fff 0x672f0fff
0x672f0fff 0x5f2f0fff 0x5f2f0fff 0x672f0fff
0x6f370fff 0x7f3f0fff 0x87470fff 0x87470fff
0x8f470fff 0x87470fff 0x7f3f0fff 0x77370fff
0x6f370fff 0x773f0fff 0x7f3f0fff 0x87470fff
0x87470fff 0x8f470fff 0x8f470fff 0x8f4f17ff
0x8f4717ff 0x873f17ff 0x77370fff 0x6f370fff
0x6f2f0fff 0x67370fff 0x773f17ff 0x874717ff
0x874717ff 0x773f17ff 0x67370fff 0x6f2f0fff
0x6f370fff 0x77370fff 0x873f17ff 0x8f4717ff
0x8f4f17ff 0x8f470fff 0x8f470fff 0x87470fff
0x87470fff 0x7f3f0fff 0x773f0fff 0x6f370fff
0x77370fff 0x7f3f0fff 0x87470fff 0x8f470fff
0x87470fff 0x87470fff 0x7f3f0fff 0x6f370fff
0x672f0fff 0x5f2f0fff 0x5f2f0fff 0x672f0fff
0x672f0fff 0x6f370fff 0x7f3f17ff 0x8f4717ff
0x974f17ff 0x974f17ff 0x974f17ff 0x8f4717ff
0x8f470fff 0x8f470fff 0x8f470fff 0x8f470fff
0x7f3f0fff 0x773f0fff 0x77370fff 0x6f370fff
0x67370fff 0x67370fff 0x7f3f0fff 0x974717ff
0x9f5717ff 0xa75f17ff 0xa75f17ff 0xaf5f17ff
0xaf6717ff 0xaf6717ff 0xaf5f17ff 0xaf6717ff
0xb76717ff 0xaf6717ff 0xa75f17ff 0x9f5717ff
0x9f4f17ff 0x9f5717ff 0xa75717ff 0xa75717ff
0x9f4f17ff 0x87470fff 0x773f0fff 0x7f3f0fff
0x874717ff 0x8f4f17ff 0x974f17ff 0x8f4f17ff
0x874717ff 0x874717ff 0x8f4f17ff 0x974f17ff
0x974717ff 0x974f17ff 0x974f17ff 0x9f4f17ff
0x9f5717ff 0x9f5717ff 0x9f5717ff 0x9f5717ff
0x9f5717ff 0x975717ff 0x9f4f17ff 0x9f4f17ff
0x974f17ff 0x974f17ff 0x974f17ff 0x974f17ff
0x974f17ff 0x975717ff 0x974f17ff 0x974f17ff
0x8f4f17ff 0x7f3f17ff 0x7f3f17ff 0x773f17ff
0x7f3f17ff 0x7f3f17ff 0x7f3f17ff 0x8f4f17ff
0x974f17ff 0x974f17ff 0x974f17ff 0x975717ff
0x974f17ff 0x974f17ff 0x974f17ff 0x974f17ff
0x9f4f17ff 0x9f4f17ff 0x974f17ff 0x9f5717ff
0x9f5717ff 0x9f5717ff 0x9f5717ff 0x9f5717ff
0x9f4f17ff 0x9f4f17ff 0x974f17ff 0x974f17ff
0x974f17ff 0x8f4f17ff 0x874717ff 0x874717ff
0x8f4f17ff 0x974f17ff 0x974f17ff 0x8f4717ff
0x7f3f0fff 0x7f3f0fff 0x87470fff 0x9f4f17ff
0xa75717ff 0xa75717ff 0x9f5717ff 0x9f4f17ff
0x9f4f17ff 0xa75f17ff 0xaf6717ff 0xb76717ff
0xaf6717ff 0xaf6717ff 0xaf6717ff 0xaf6717ff
0xaf5f17ff 0xaf5f17ff 0xa75f17ff 0xa75717ff
0x974f17ff 0x7f3f0fff 0x67370fff 0x5f2f0fff
0x67370fff 0x6f370fff 0x77370fff 0x7f3f0fff
0x87470fff 0x8f470fff 0x8f470fff 0x8f470fff
0x8f4717ff 0x974717ff 0x974f17ff 0x974f17ff
0x8f4717ff 0x7f3f17ff 0x77370fff 0x6f2f0fff
0x6f2f0fff 0x672f0fff 0x672f0fff 0x672f0fff
0x6f370fff 0x7f3f0fff 0x87470fff 0x8f470fff
0x8f470fff 0x87470fff 0x87470fff 0x773f0fff
0x6f370fff 0x77370fff 0x7f3f0fff 0x87470fff
0x87470fff 0x8f470fff 0x8f4f17ff 0x8f4f17ff
0x974f17ff 0x874717ff 0x773f17ff 0x6f370fff
0x672f0fff 0x67370fff 0x773f0fff 0x874717ff
0x874717ff 0x773f0fff 0x67370fff 0x672f0fff
0x6f370fff 0x773f17ff 0x874717ff 0x974f17ff
0x8f4f17ff 0x8f4f17ff 0x8f470fff 0x87470fff
0x87470fff 0x7f3f0fff 0x77370fff 0x6f370fff
0x773f0fff 0x87470fff 0x87470fff 0x8f470fff
0x8f470fff 0x87470fff 0x7f3f0fff 0x6f370fff
0x672f0fff 0x672f0fff 0x672f0fff 0x6f2f0fff
0x6f2f0fff 0x77370fff 0x7f3f17ff 0x8f4717ff
0x974f17ff 0x974f17ff 0x974717ff 0x8f4717ff
0x8f470fff 0x8f470fff 0x8f470fff 0x87470fff
0x7f3f0fff 0x77370fff 0x6f370fff 0x67370fff
0x5f2f0fff 0x67370fff 0x7f3f0fff 0x974f17ff
0xa75717ff 0xa75f17ff 0xaf5f17ff 0xaf5f17ff
0xaf6717ff 0xaf6717ff 0xaf6717ff 0xaf6717ff
0xb76717ff 0xaf6717ff 0xa75f17ff 0x9f4f17ff
0x9f4f17ff 0x9f5717ff 0xa75717ff 0xa75717ff
0x9f4f17ff 0x87470fff 0x7f3f0fff 0x7f3f0fff
0x8f4717ff 0x974f17ff 0x974f17ff 0x8f4f17ff
0x874717ff 0x874717ff 0x8f4f17ff 0x974f17ff
0x974f17ff 0x974f17ff 0x9f4f17ff 0x9f4f17ff
0x9f5717ff 0x9f5717ff 0x9f5717ff 0x9f5717ff
0x9f5717ff 0x974f17ff 0x9f4f17ff 0x9f4f17ff
0x974f17ff 0x974f17ff 0x974f17ff 0x974f17ff
0x975717ff 0x974f17ff 0x974f17ff 0x974f17ff
0x8f4f17ff 0x7f3f17ff 0x7f3f17ff 0x7f3f17ff
0x874717ff 0x7f3f17ff 0x7f4717ff 0x8f4f17ff
0x974f17ff 0x975717ff 0x975717ff 0x975717ff
0x975717ff 0x974f17ff 0x974f17ff 0x975717ff
0x975717ff 0x9f4f17ff 0x974f17ff 0x9f4f17ff
0x9f5717ff 0x9f4f17ff 0x9f4f17ff 0x9f4f17ff
0x9f4f17ff 0x974f17ff 0x974f17ff 0x974f17ff
0x974f17ff 0x8f4717ff 0x873f17ff 0x873f0fff
0x8f4f17ff 0x974f17ff 0x974f17ff 0x8f4717ff
0x873f0fff 0x7f3f0fff 0x8f4717ff 0x974f17ff
0xa75717ff 0xa75717ff 0xa75717ff 0x9f5717ff
0x9f4f17ff 0xa75717ff 0xaf6717ff 0xaf6717ff
0xaf6717ff 0xaf6717ff 0xaf6717ff 0xaf6717ff
0xaf6717ff 0xa75f17ff 0xa75f17ff 0xa75717ff
0x974f17ff 0x7f3f0fff 0x67370fff 0x572f0fff
0x5f2f0fff 0x672f0fff 0x77370fff 0x7f3f0fff
0x87470fff 0x8f470fff 0x8f470fff 0x8f470fff
0x974f17ff 0x974f17ff 0x974f17ff 0x974f17ff
0x8f4f17ff 0x7f3f0fff 0x77370fff 0x6f370fff
0x6f2f0fff 0x6f2f0fff 0x672f0fff 0x5f2f0fff
0x672f0fff 0x773f0fff 0x873f0fff 0x8f470fff
0x8f4717ff 0x8f470fff 0x7f3f0fff 0x77370fff
0x6f370fff 0x6f370fff 0x7f3f0fff 0x7f4717ff
0x874717ff 0x8f4717ff 0x8f4f17ff 0x974f17ff
0x974f17ff 0x8f4717ff 0x7f3f17ff 0x6f370fff
0x67370fff 0x67370fff 0x773f0fff 0x874717ff
0x874717ff 0x773f0fff 0x67370fff 0x67370fff
0x6f370fff 0x7f3f17ff 0x8f4717ff 0x974f17ff
0x974f17ff 0x8f4f17ff 0x8f4717ff 0x874717ff
0x7f4717ff 0x7f3f0fff 0x6f370fff 0x6f370fff
0x77370fff 0x7f3f0fff 0x8f470fff 0x8f4717ff
0x8f470fff 0x873f0fff 0x773f0fff 0x672f0fff
0x5f2f0fff 0x672f0fff 0x6f2f0fff 0x6f2f0fff
0x6f370fff 0x77370fff 0x7f3f0fff 0x8f4f17ff
0x974f17ff 0x974f17ff 0x974f17ff 0x974f17ff
0x8f470fff 0x8f470fff 0x8f470fff 0x87470fff
0x7f3f0fff 0x77370fff 0x672f0fff 0x5f2f0fff
0x572f0fff 0x67370fff 0x7f3f0fff 0x974f17ff
0xa75717ff 0xa75f17ff 0xa75f17ff 0xaf6717ff
0xaf6717ff 0xaf6717ff 0xaf6717ff 0xaf6717ff
0xaf6717ff 0xaf6717ff 0xa75717ff 0x9f4f17ff
0x9f5717ff 0xa75717ff 0xa75717ff 0xa75717ff
0x974f17ff 0x8f4717ff 0x7f3f0fff 0x873f0fff
0x8f4717ff 0x974f17ff 0x974f17ff 0x8f4f17ff
0x873f0fff 0x873f17ff 0x8f4717ff 0x974f17ff
0x974f17ff 0x974f17ff 0x974f17ff 0x9f4f17ff
0x9f4f17ff 0x9f4f17ff 0x9f4f17ff 0x9f5717ff
0x9f4f17ff 0x974f17ff 0x9f4f17ff 0x975717ff
0x975717ff 0x974f17ff 0x974f17ff 0x975717ff
0x975717ff 0x975717ff 0x975717ff 0x974f17ff
0x8f4f17ff 0x7f4717ff 0x7f3f17ff 0x874717ff
0x8f4717ff 0x873f17ff 0x7f3f17ff 0x8f4f17ff
0x975717ff 0x975717ff 0x974f17ff 0x974f17ff
0x974f17ff 0x974f17ff 0x974f17ff 0x974f17ff
0x974f17ff 0x974f17ff 0x974f17ff 0x974f17ff
0x9f4f17ff 0x9f4f17ff 0x9f4f17ff 0x974f17ff
0x974f17ff 0x974f17ff 0x974f17ff 0x974f17ff
0x974f17ff 0x8f4717ff 0x874717ff 0x87470fff
0x8f4f17ff 0x974f17ff 0x974f17ff 0x8f4717ff
0x873f0fff 0x873f0fff 0x8f4717ff 0x974f17ff
0x9f5717ff 0xa75717ff 0xa75717ff 0x9f5717ff
0x9f5717ff 0xa75f17ff 0xaf6717ff 0xaf6717ff
0xaf6717ff 0xaf6717ff 0xaf6717ff 0xaf6717ff
0xaf5f17ff 0xa75f17ff 0xa75f17ff 0xa75f17ff
0x974f17ff 0x7f3f0fff 0x5f2f0fff 0x572f0fff
0x57270fff 0x5f2f0fff 0x6f370fff 0x7f3f0fff
0x87470fff 0x8f470fff 0x8f4717ff 0x974717ff
0x974f17ff 0x974f17ff 0x974f17ff 0x974f17ff
0x8f4f17ff 0x87470fff 0x7f370fff 0x6f370fff
0x6f2f0fff 0x672f0fff 0x5f2f0fff 0x57270fff
0x5f2f0fff 0x773f0fff 0x87470fff 0x8f470fff
0x8f4717ff 0x8f4717ff 0x7f3f17ff 0x77370fff
0x6f370fff 0x773f0fff 0x7f3f0fff 0x874717ff
0x8f4f17ff 0x8f4f17ff 0x8f4f17ff 0x974f17ff
0x974f17ff 0x8f4f17ff 0x7f3f17ff 0x6f370fff
0x67370fff 0x6f3f17ff 0x7f4717ff 0x874f17ff
0x874f17ff 0x7f4717ff 0x6f3f17ff 0x67370fff
0x6f370fff 0x7f3f17ff 0x8f4f17ff 0x974f17ff
0x974f17ff 0x8f4f17ff 0x8f4f17ff 0x8f4f17ff
0x874717ff 0x7f3f0fff 0x773f0fff 0x6f370fff
0x77370fff 0x7f3f17ff 0x8f4717ff 0x8f4717ff
0x8f470fff 0x87470fff 0x773f0fff 0x5f2f0fff
0x57270fff 0x5f2f0fff 0x672f0fff 0x6f2f0fff
0x6f370fff 0x7f370fff 0x87470fff 0x8f4f17ff
0x974f17ff 0x974f17ff 0x974f17ff 0x974f17ff
0x974717ff 0x8f4717ff 0x8f470fff 0x87470fff
0x7f3f0fff 0x6f370fff 0x5f2f0fff 0x57270fff
0x572f0fff 0x5f2f0fff 0x7f3f0fff 0x974f17ff
0xa75f17ff 0xa75f17ff 0xa75f17ff 0xaf5f17ff
0xaf6717ff 0xaf6717ff 0xaf6717ff 0xaf6717ff
0xaf6717ff 0xaf6717ff 0xa75f17ff 0x9f5717ff
0x9f5717ff 0xa75717ff 0xa75717ff 0x9f5717ff
0x974f17ff 0x8f4717ff 0x873f0fff 0x873f0fff
0x8f4717ff 0x974f17ff 0x974f17ff 0x8f4f17ff
0x87470fff 0x874717ff 0x8f4717ff 0x974f17ff
0x974f17ff 0x974f17ff 0x974f17ff 0x974f17ff
0x974f17ff 0x9f4f17ff 0x9f4f17ff 0x9f4f17ff
0x974f17ff 0x974f17ff 0x974f17ff 0x974f17ff
0x974f17ff 0x974f17ff 0x974f17ff 0x974f17ff
0x974f17ff 0x974f17ff 0x975717ff 0x975717ff
0x8f4f17ff 0x7f3f17ff 0x873f17ff 0x8f4717ff
0x974717ff 0x873f17ff 0x7f3f17ff 0x874717ff
0x974f17ff 0x974f17ff 0x974f17ff 0x8f4f17ff
0x8f4717ff 0x8f4f17ff 0x974f17ff 0x974f17ff
0x974f17ff 0x974f17ff 0x974f17ff 0x975717ff
0x975717ff 0x974f17ff 0x974f17ff 0x974f17ff
0x974f17ff 0x974f17ff 0x974f17ff 0x8f4f17ff
0x974f17ff 0x8f4f17ff 0x874717ff 0x87470fff
0x8f4717ff 0x974f17ff 0x974f17ff 0x8f4717ff
0x874717ff 0x874717ff 0x8f4717ff 0x974f17ff
0x9f5717ff 0xa75717ff 0xa75717ff 0x9f5717ff
0x9f5717ff 0xa75f17ff 0xaf6717ff 0xaf6717ff
0xaf6717ff 0xaf6717ff 0xaf6717ff 0xaf6717ff
0xaf5f17ff 0xa75f17ff 0xa75f17ff 0xa75f17ff
0x975717ff 0x773f0fff 0x572f0fff 0x572f0fff
0x572f0fff 0x5f2f0fff 0x6f370fff 0x7f3f0fff
0x87470fff 0x8f470fff 0x8f4717ff 0x8f4717ff
0x974f17ff 0x974f17ff 0x974f17ff 0x974f17ff
0x974f17ff 0x8f470fff 0x7f3f0fff 0x6f370fff
0x6f2f0fff 0x672f0fff 0x5f270fff 0x57270fff
0x672f0fff 0x7f3f0fff 0x87470fff 0x8f470fff
0x8f470fff 0x8f4f17ff 0x874717ff 0x773f17ff
0x773f0fff 0x773f0fff 0x7f470fff 0x87470fff
0x8f4f17ff 0x8f4f17ff 0x975717ff 0x974f17ff
0x8f4f17ff 0x8f4f17ff 0x874717ff 0x6f3f17ff
0x673717ff 0x6f3f17ff 0x7f4717ff 0x874f17ff
0x874f17ff 0x7f4717ff 0x6f3f17ff 0x673717ff
0x6f3f17ff 0x874717ff 0x8f4f17ff 0x8f4f17ff
0x974f17ff 0x975717ff 0x8f4f17ff 0x8f4f17ff
0x87470fff 0x7f470fff 0x773f0fff 0x773f0fff
0x773f17ff 0x874717ff 0x8f4f17ff 0x8f470fff
0x8f470fff 0x87470fff 0x7f3f0fff 0x672f0fff
0x57270fff 0x5f270fff 0x672f0fff 0x6f2f0fff
0x6f370fff 0x7f3f0fff 0x8f470fff 0x974f17ff
0x974f17ff 0x974f17ff 0x974f17ff 0x974f17ff
0x8f4717ff 0x8f4717ff 0x8f470fff 0x87470fff
0x7f3f0fff 0x6f370fff 0x5f2f0fff 0x572f0fff
0x572f0fff 0x572f0fff 0x773f0fff 0x975717ff
0xa75f17ff 0xa75f17ff 0xa75f17ff 0xaf5f17ff
0xaf6717ff 0xaf6717ff 0xaf6717ff 0xaf6717ff
0xaf6717ff 0xaf6717ff 0xa75f17ff 0x9f5717ff
0x9f5717ff 0xa75717ff 0xa75717ff 0x9f5717ff
0x974f17ff 0x8f4717ff 0x874717ff 0x874717ff
0x8f4717ff 0x974f17ff 0x974f17ff 0x8f4717ff
0x87470fff 0x874717ff 0x8f4f17ff 0x974f17ff
0x8f4f17ff 0x974f17ff 0x974f17ff 0x974f17ff
0x974f17ff 0x974f17ff 0x974f17ff 0x975717ff
0x975717ff 0x974f17ff 0x974f17ff 0x974f17ff
0x974f17ff 0x974f17ff 0x8f4f17ff 0x8f4717ff
0x8f4f17ff 0x974f17ff 0x974f17ff 0x974f17ff
0x874717ff 0x7f3f17ff 0x873f17ff 0x974717ff
0x974f17ff 0x873f17ff 0x773f17ff 0x7f3f17ff
0x8f4717ff 0x8f4f17ff 0x8f4f17ff 0x8f4717ff
0x8f4717ff 0x8f4f17ff 0x974f17ff 0x974f17ff
0x974f17ff 0x974f17ff 0x974f17ff 0x9f5717ff
0x9f5717ff 0x9f5717ff 0x975717ff 0x974f17ff
0x974f17ff 0x974f17ff 0x8f4f17ff 0x8f4717ff
0x8f4717ff 0x8f4717ff 0x874717ff 0x8f470fff
0x8f470fff 0x974f17ff 0x974f17ff 0x974f17ff
0x8f4f17ff 0x8f4f17ff 0x8f4f17ff 0x9f5717ff
0x9f5717ff 0xa75f17ff 0xa75f17ff 0x9f5717ff
0x9f5717ff 0xa75f17ff 0xaf6717ff 0xaf6717ff
0xaf6717ff 0xaf6717ff 0xaf6717ff 0xaf5f17ff
0xaf5f17ff 0xa75f17ff 0xa75f17ff 0xa75f17ff
0x974f17ff 0x773f0fff 0x572f0fff 0x572f0fff
0x572f0fff 0x5f2f0fff 0x6f370fff 0x7f3f0fff
0x87470fff 0x87470fff 0x8f4717ff 0x8f4717ff
0x8f4f17ff 0x974f17ff 0x974f17ff 0x974f17ff
0x974f17ff 0x8f470fff 0x7f3f0fff 0x77370fff
0x6f370fff 0x6f370fff 0x5f2f0fff 0x57270fff
0x6f2f0fff 0x7f3f0fff 0x87470fff 0x8f4717ff
0x8f4717ff 0x8f4f17ff 0x8f4f17ff 0x7f4717ff
0x773f17ff 0x773f17ff 0x7f3f0fff 0x87470fff
0x8f4f17ff 0x974f17ff 0x974f17ff 0x974f17ff
0x974f17ff 0x8f4f17ff 0x874717ff 0x773f17ff
0x673717ff 0x6f3717ff 0x7f3f17ff 0x874f17ff
0x874f17ff 0x7f3f17ff 0x6f3717ff 0x673717ff
0x773f17ff 0x874717ff 0x8f4f17ff 0x974f17ff
0x974f17ff 0x974f17ff 0x974f17ff 0x8f4f17ff
0x87470fff 0x7f3f0fff 0x773f17ff 0x773f17ff
0x7f4717ff 0x8f4f17ff 0x8f4f17ff 0x8f4717ff
0x8f4717ff 0x87470fff 0x7f3f0fff 0x6f2f0fff
0x57270fff 0x5f2f0fff 0x6f370fff 0x6f370fff
0x77370fff 0x7f3f0fff 0x8f470fff 0x974f17ff
0x974f17ff 0x974f17ff 0x974f17ff 0x8f4f17ff
0x8f4717ff 0x8f4717ff 0x87470fff 0x87470fff
0x7f3f0fff 0x6f370fff 0x5f2f0fff 0x572f0fff
0x572f0fff 0x572f0fff 0x773f0fff 0x974f17ff
0xa75f17ff 0xa75f17ff 0xa75f17ff 0xaf5f17ff
0xaf5f17ff 0xaf6717ff 0xaf6717ff 0xaf6717ff
0xaf6717ff 0xaf6717ff 0xa75f17ff 0x9f5717ff
0x9f5717ff 0xa75f17ff 0xa75f17ff 0x9f5717ff
0x9f5717ff 0x8f4f17ff 0x8f4f17ff 0x8f4f17ff
0x974f17ff 0x974f17ff 0x974f17ff 0x8f470fff
0x8f470fff 0x874717ff 0x8f4717ff 0x8f4717ff
0x8f4717ff 0x8f4f17ff 0x974f17ff 0x974f17ff
0x974f17ff 0x975717ff 0x9f5717ff 0x9f5717ff
0x9f5717ff 0x974f17ff 0x974f17ff 0x974f17ff
0x974f17ff 0x974f17ff 0x8f4f17ff 0x8f4717ff
0x8f4717ff 0x8f4f17ff 0x8f4f17ff 0x8f4717ff
0x7f3f17ff 0x773f17ff 0x873f17ff 0x974f17ff
0x8f4f17ff 0x7f3f17ff 0x773717ff 0x7f3f17ff
0x874717ff 0x8f4717ff 0x8f4f17ff 0x8f4717ff
0x8f4717ff 0x974f17ff 0x974f17ff 0x974f17ff
0x974f17ff 0x974f17ff 0x974f17ff 0x9f4f17ff
0x9f4f17ff 0x9f5717ff 0x9f5717ff 0x974f17ff
0x974f17ff 0x974f17ff 0x8f4f17ff 0x8f4717ff
0x8f4717ff 0x8f4f17ff 0x874717ff 0x87470fff
0x8f470fff 0x974f17ff 0x974f17ff 0x974f17ff
0x8f4f17ff 0x8f4f17ff 0x974f17ff 0x9f5717ff
0x9f5717ff 0xa75f17ff 0xa75f17ff 0xa75717ff
0x9f5717ff 0xa75f17ff 0xaf6717ff 0xaf6717ff
0xaf6717ff 0xaf6717ff 0xaf6717ff 0xaf5f17ff
0xa75f17ff 0xa75f17ff 0xa75f17ff 0xa75f17ff
0x974f17ff 0x7f3f0fff 0x5f370fff 0x572f0fff
0x5f2f0fff 0x672f0fff 0x6f370fff 0x7f3f0fff
0x87470fff 0x87470fff 0x8f4717ff 0x8f4717ff
0x8f4f17ff 0x8f4f17ff 0x8f4717ff 0x974717ff
0x974717ff 0x8f470fff 0x873f0fff 0x77370fff
0x77370fff 0x77370fff 0x672f0fff 0x5f270fff
0x6f2f0fff 0x7f3f0fff 0x874717ff 0x8f4717ff
0x8f4f17ff 0x974f17ff 0x8f4f17ff 0x8f4717ff
0x874717ff 0x7f4717ff 0x7f3f17ff 0x874717ff
0x8f4717ff 0x8f4f17ff 0x974f17ff 0x974f17ff
0x974f17ff 0x8f4f17ff 0x874717ff 0x6f3717ff
0x6f3717ff 0x6f3717ff 0x7f3f17ff 0x874f17ff
0x874f17ff 0x7f3f17ff 0x6f3717ff 0x6f3717ff
0x6f3717ff 0x874717ff 0x8f4f17ff 0x974f17ff
0x974f17ff 0x974f17ff 0x8f4f17ff 0x8f4717ff
0x874717ff 0x7f3f17ff 0x7f4717ff 0x874717ff
0x8f4717ff 0x8f4f17ff 0x974f17ff 0x8f4f17ff
0x8f4717ff 0x874717ff 0x7f3f0fff 0x6f2f0fff
0x5f270fff 0x672f0fff 0x77370fff 0x77370fff
0x77370fff 0x873f0fff 0x8f470fff 0x974717ff
0x974717ff 0x8f4717ff 0x8f4f17ff 0x8f4f17ff
0x8f4717ff 0x8f4717ff 0x87470fff 0x87470fff
0x7f3f0fff 0x6f370fff 0x672f0fff 0x5f2f0fff
0x572f0fff 0x5f370fff 0x7f3f0fff 0x974f17ff
0xa75f17ff 0xa75f17ff 0xa75f17ff 0xa75f17ff
0xaf5f17ff 0xaf6717ff 0xaf6717ff 0xaf6717ff
0xaf6717ff 0xaf6717ff 0xa75f17ff 0x9f5717ff
0xa75717ff 0xa75f17ff 0xa75f17ff 0x9f5717ff
0x9f5717ff 0x974f17ff 0x8f4f17ff 0x8f4f17ff
0x974f17ff 0x974f17ff 0x974f17ff 0x8f470fff
0x87470fff 0x874717ff 0x8f4f17ff 0x8f4717ff
0x8f4717ff 0x8f4f17ff 0x974f17ff 0x974f17ff
0x974f17ff 0x9f5717ff 0x9f5717ff 0x9f4f17ff
0x9f4f17ff 0x974f17ff 0x974f17ff 0x974f17ff
0x974f17ff 0x974f17ff 0x974f17ff 0x8f4717ff
0x8f4717ff 0x8f4f17ff 0x8f4717ff 0x874717ff
0x7f3f17ff 0x773717ff 0x7f3f17ff 0x8f4f17ff
0x874717ff 0x773f17ff 0x6f3717ff 0x773f0fff
0x7f3f17ff 0x874717ff 0x8f4717ff 0x8f4717ff
0x8f4f17ff 0x974f17ff 0x974f17ff 0x974f17ff
0x974f17ff 0x974f17ff 0x974f17ff 0x9f4f17ff
0x9f4f17ff 0x9f4f17ff 0x9f5717ff 0x974f17ff
0x974f17ff 0x974f17ff 0x8f4f17ff 0x8f4f17ff
0x8f4f17ff 0x8f4717ff 0x87470fff 0x87470fff
0x8f4f0fff 0x974f0fff 0x974f0fff 0x974f17ff
0x8f4717ff 0x8f4717ff 0x974f17ff 0x9f4f17ff
0x9f5717ff 0xa75717ff 0xa75717ff 0x9f5717ff
0x9f5717ff 0xa75f17ff 0xaf6717ff 0xaf6717ff
0xaf6717ff 0xaf6717ff 0xaf6717ff 0xaf6717ff
0xaf5f17ff 0xa75f17ff 0xa75f17ff 0xa75f17ff
0x975717ff 0x874717ff 0x6f3f0fff 0x5f2f0fff
0x5f2f0fff 0x672f0fff 0x77370fff 0x7f3f0fff
0x87470fff 0x8f4717ff 0x8f4717ff 0x974f17ff
0x974f17ff 0x974f17ff 0x8f4717ff 0x8f4717ff
0x974f17ff 0x97470fff 0x873f0fff 0x7f370fff
0x7f3f0fff 0x773f0fff 0x672f0fff 0x5f2f0fff
0x672f0fff 0x7f3f0fff 0x874717ff 0x8f4f17ff
0x8f4f17ff 0x974f17ff 0x974f17ff 0x8f4f17ff
0x874717ff 0x7f4717ff 0x7f4717ff 0x874717ff
0x8f4717ff 0x8f4717ff 0x8f4f17ff 0x974f17ff
0x975717ff 0x974f17ff 0x7f4717ff 0x6f370fff
0x6f3717ff 0x6f3717ff 0x773f17ff 0x874717ff
0x874717ff 0x773f17ff 0x6f3717ff 0x6f3717ff
0x6f370fff 0x7f4717ff 0x974f17ff 0x975717ff
0x974f17ff 0x8f4f17ff 0x8f4717ff 0x8f4717ff
0x874717ff 0x7f4717ff 0x7f4717ff 0x874717ff
0x8f4f17ff 0x974f17ff 0x974f17ff 0x8f4f17ff
0x8f4f17ff 0x874717ff 0x7f3f0fff 0x672f0fff
0x5f2f0fff 0x672f0fff 0x773f0fff 0x7f3f0fff
0x7f370fff 0x873f0fff 0x97470fff 0x974f17ff
0x8f4717ff 0x8f4717ff 0x974f17ff 0x974f17ff
0x974f17ff 0x8f4717ff 0x8f4717ff 0x87470fff
0x7f3f0fff 0x77370fff 0x672f0fff 0x5f2f0fff
0x5f2f0fff 0x6f3f0fff 0x874717ff 0x975717ff
0xa75f17ff 0xa75f17ff 0xa75f17ff 0xaf5f17ff
0xaf6717ff 0xaf6717ff 0xaf6717ff 0xaf6717ff
0xaf6717ff 0xaf6717ff 0xa75f17ff 0x9f5717ff
0x9f5717ff 0xa75717ff 0xa75717ff 0x9f5717ff
0x9f4f17ff 0x974f17ff 0x8f4717ff 0x8f4717ff
0x974f17ff 0x974f0fff 0x974f0fff 0x8f4f0fff
0x87470fff 0x87470fff 0x8f4717ff 0x8f4f17ff
0x8f4f17ff 0x8f4f17ff 0x974f17ff 0x974f17ff
0x974f17ff 0x9f5717ff 0x9f4f17ff 0x9f4f17ff
0x9f4f17ff 0x974f17ff 0x974f17ff 0x974f17ff
0x974f17ff 0x974f17ff 0x974f17ff 0x8f4f17ff
0x8f4717ff 0x8f4717ff 0x874717ff 0x7f3f17ff
0x773f0fff 0x6f3717ff 0x773f17ff 0x874717ff
0x8f4717ff 0x773f17ff 0x773717ff 0x773f0fff
0x7f3f0fff 0x873f0fff 0x874717ff 0x8f4717ff
0x8f4f17ff 0x974f17ff 0x974f17ff 0x974f17ff
0x974f17ff 0x974f17ff 0x974f17ff 0x974f17ff
0x974f17ff 0x9f5717ff 0x9f5717ff 0x974f17ff
0x97470fff 0x974f0fff 0x974f17ff 0x8f4f17ff
0x8f4717ff 0x874717ff 0x87470fff 0x8f470fff
0x974f0fff 0x974f17ff 0x974f0fff 0x8f4f0fff
0x8f470fff 0x8f4717ff 0x974f17ff 0x9f5717ff
0x9f5717ff 0xa75f17ff 0xa75f17ff 0x9f5717ff
0x9f5717ff 0xa75f17ff 0xaf6717ff 0xaf6717ff
0xaf6717ff 0xaf6717ff 0xb76717ff 0xb76717ff
0xaf6717ff 0xa76717ff 0xa75f17ff 0xa75f17ff
0x9f5717ff 0x8f4f17ff 0x773f0fff 0x67370fff
0x5f2f0fff 0x672f0fff 0x77370fff 0x7f3f0fff
0x874717ff 0x8f4717ff 0x8f4717ff 0x974717ff
0x974f17ff 0x974f17ff 0x8f4f17ff 0x974f17ff
0x974f17ff 0x974717ff 0x873f17ff 0x7f3f0fff
0x7f3f0fff 0x773f0fff 0x67370fff 0x5f2f0fff
0x67370fff 0x773f17ff 0x874f17ff 0x8f4f17ff
0x974f17ff 0x975717ff 0x974f17ff 0x8f4717ff
0x874717ff 0x7f3f17ff 0x7f4717ff 0x874717ff
0x8f4717ff 0x8f4f17ff 0x8f4f17ff 0x974f17ff
0x975717ff 0x8f4f17ff 0x7f3f17ff 0x67370fff
0x67370fff 0x672f0fff 0x6f3717ff 0x7f4717ff
0x7f4717ff 0x6f3717ff 0x672f0fff 0x67370fff
0x67370fff 0x7f3f17ff 0x8f4f17ff 0x975717ff
0x974f17ff 0x8f4f17ff 0x8f4f17ff 0x8f4717ff
0x874717ff 0x7f4717ff 0x7f3f17ff 0x874717ff
0x8f4717ff 0x974f17ff 0x975717ff 0x974f17ff
0x8f4f17ff 0x874f17ff 0x773f17ff 0x67370fff
0x5f2f0fff 0x67370fff 0x773f0fff 0x7f3f0fff
0x7f3f0fff 0x873f17ff 0x974717ff 0x974f17ff
0x974f17ff 0x8f4f17ff 0x974f17ff 0x974f17ff
0x974717ff 0x8f4717ff 0x8f4717ff 0x874717ff
0x7f3f0fff 0x77370fff 0x672f0fff 0x5f2f0fff
0x67370fff 0x773f0fff 0x8f4f17ff 0x9f5717ff
0xa75f17ff 0xa75f17ff 0xa76717ff 0xaf6717ff
0xb76717ff 0xb76717ff 0xaf6717ff 0xaf6717ff
0xaf6717ff 0xaf6717ff 0xa75f17ff 0x9f5717ff
0x9f5717ff 0xa75f17ff 0xa75f17ff 0x9f5717ff
0x9f5717ff 0x974f17ff 0x8f4717ff 0x8f470fff
0x8f4f0fff 0x974f0fff 0x974f17ff 0x974f0fff
0x8f470fff 0x87470fff 0x874717ff 0x8f4717ff
0x8f4f17ff 0x974f17ff 0x974f0fff 0x97470fff
0x974f17ff 0x9f5717ff 0x9f5717ff 0x974f17ff
0x974f17ff 0x974f17ff 0x974f17ff 0x974f17ff
0x974f17ff 0x974f17ff 0x974f17ff 0x8f4f17ff
0x8f4717ff 0x874717ff 0x873f0fff 0x7f3f0fff
0x773f0fff 0x773717ff 0x773f17ff 0x8f4717ff
0x8f4717ff 0x7f3f17ff 0x773f17ff 0x773f17ff
0x7f3f0fff 0x7f3f0fff 0x874717ff 0x8f4717ff
0x8f4717ff 0x974f17ff 0x974f17ff 0x974f17ff
0x974f17ff 0x974f17ff 0x974f17ff 0x974f17ff
0x974f17ff 0x9f5717ff 0x9f5717ff 0x974f17ff
0x974f17ff 0x974f17ff 0x974f17ff 0x8f4f17ff
0x8f4717ff 0x87470fff 0x7f470fff 0x8f4717ff
0x974f17ff 0x974f17ff 0x974f17ff 0x974f17ff
0x8f4717ff 0x8f4f17ff 0x975717ff 0x9f5717ff
0xa75f17ff 0xa75f17ff 0xa75f17ff 0x9f5717ff
0x9f5717ff 0xa75f17ff 0xaf6717ff 0xaf6717ff
0xaf6717ff 0xaf6717ff 0xb76717ff 0xb76717ff
0xaf6717ff 0xaf6717ff 0xa75f17ff 0xa75f17ff
0x9f5717ff 0x974f17ff 0x7f3f17ff 0x67370fff
0x5f2f0fff 0x672f0fff 0x6f370fff 0x7f3f0fff
0x874717ff 0x874717ff 0x8f4717ff 0x8f4717ff
0x8f4717ff 0x8f4717ff 0x974717ff 0x974f17ff
0x974717ff 0x974717ff 0x8f4717ff 0x874717ff
0x7f3f0fff 0x77370fff 0x5f2f0fff 0x572f0fff
0x67370fff 0x7f3f17ff 0x874717ff 0x8f4f17ff
0x974f17ff 0x974f17ff 0x974f17ff 0x874717ff
0x7f3f17ff 0x7f4717ff 0x874717ff 0x8f4717ff
0x8f4f17ff 0x8f4f17ff 0x974f17ff 0x975717ff
0x975717ff 0x8f4f17ff 0x773f17ff 0x672f0fff
0x672f0fff 0x5f2f0fff 0x673717ff 0x7f4f17ff
0x7f4f17ff 0x673717ff 0x5f2f0fff 0x672f0fff
0x672f0fff 0x773f17ff 0x8f4f17ff 0x975717ff
0x975717ff 0x974f17ff 0x8f4f17ff 0x8f4f17ff
0x8f4717ff 0x874717ff 0x7f4717ff 0x7f3f17ff
0x874717ff 0x974f17ff 0x974f17ff 0x974f17ff
0x8f4f17ff 0x874717ff 0x7f3f17ff 0x67370fff
0x572f0fff 0x5f2f0fff 0x77370fff 0x7f3f0fff
0x874717ff 0x8f4717ff 0x974717ff 0x974717ff
0x974f17ff 0x974717ff 0x8f4717ff 0x8f4717ff
0x8f4717ff 0x8f4717ff 0x874717ff 0x874717ff
0x7f3f0fff 0x6f370fff 0x672f0fff 0x5f2f0fff
0x67370fff 0x7f3f17ff 0x974f17ff 0x9f5717ff
0xa75f17ff 0xa75f17ff 0xaf6717ff 0xaf6717ff
0xb76717ff 0xb76717ff 0xaf6717ff 0xaf6717ff
0xaf6717ff 0xaf6717ff 0xa75f17ff 0x9f5717ff
0x9f5717ff 0xa75f17ff 0xa75f17ff 0xa75f17ff
0x9f5717ff 0x975717ff 0x8f4f17ff 0x8f4717ff
0x974f17ff 0x974f17ff 0x974f17ff 0x974f17ff
0x8f4717ff 0x7f470fff 0x87470fff 0x8f4717ff
0x8f4f17ff 0x974f17ff 0x974f17ff 0x974f17ff
0x974f17ff 0x9f5717ff 0x9f5717ff 0x974f17ff
0x974f17ff 0x974f17ff 0x974f17ff 0x974f17ff
0x974f17ff 0x974f17ff 0x974f17ff 0x8f4717ff
0x8f4717ff 0x874717ff 0x7f3f0fff 0x7f3f0fff
0x773f17ff 0x773f17ff 0x7f3f17ff 0x8f4717ff
0x8f4717ff 0x7f3f17ff 0x773f17ff 0x773f17ff
0x7f3f0fff 0x873f17ff 0x8f4717ff 0x8f4717ff
0x8f4717ff 0x974f17ff 0x974f17ff 0x974f17ff
0x974f17ff 0x974f17ff 0x974f17ff 0x975717ff
0x974f17ff 0x9f5717ff 0x9f5717ff 0x974f17ff
0x974f17ff 0x974f17ff 0x974f17ff 0x8f4f17ff
0x8f4717ff 0x7f3f0fff 0x773f0fff 0x874717ff
0x974f17ff 0x974f17ff 0x974f17ff 0x974f17ff
0x8f4f17ff 0x974f17ff 0x9f5717ff 0xa75717ff
0xa75f17ff 0xaf5f17ff 0xaf5f17ff 0x9f5717ff
0x9f4f17ff 0xa75f17ff 0xaf6717ff 0xaf6717ff
0xb76717ff 0xb76f17ff 0xb76f17ff 0xb76f17ff
0xaf6717ff 0xaf6717ff 0xaf5f17ff 0xa75f17ff
0xa75717ff 0x974f17ff 0x874717ff 0x6f370fff
0x5f2f0fff 0x67370fff 0x6f370fff 0x7f3f0fff
0x7f3f17ff 0x873f17ff 0x8f4717ff 0x8f4717ff
0x8f4717ff 0x8f4717ff 0x8f4717ff 0x974f17ff
0x974717ff 0x974717ff 0x8f4717ff 0x8f4717ff
0x7f3f17ff 0x6f370fff 0x5f2f0fff 0x572f0fff
0x67370fff 0x773f17ff 0x874717ff 0x8f4f17ff
0x974f17ff 0x974f17ff 0x8f4f17ff 0x874717ff
0x7f4717ff 0x7f4717ff 0x874717ff 0x8f4717ff
0x8f4f17ff 0x974f17ff 0x974f17ff 0x975717ff
0x975717ff 0x8f4f17ff 0x773f17ff 0x67370fff
0x5f2f0fff 0x5f2f0fff 0x6f3f17ff 0x874f17ff
0x874f17ff 0x6f3f17ff 0x5f2f0fff 0x5f2f0fff
0x67370fff 0x773f17ff 0x8f4f17ff 0x975717ff
0x975717ff 0x974f17ff 0x974f17ff 0x8f4f17ff
0x8f4717ff 0x874717ff 0x7f4717ff 0x7f4717ff
0x874717ff 0x8f4f17ff 0x974f17ff 0x974f17ff
0x8f4f17ff 0x874717ff 0x773f17ff 0x67370fff
0x572f0fff 0x5f2f0fff 0x6f370fff 0x7f3f17ff
0x8f4717ff 0x8f4717ff 0x974717ff 0x974717ff
0x974f17ff 0x8f4717ff 0x8f4717ff 0x8f4717ff
0x8f4717ff 0x8f4717ff 0x873f17ff 0x7f3f17ff
0x7f3f0fff 0x6f370fff 0x67370fff 0x5f2f0fff
0x6f370fff 0x874717ff 0x974f17ff 0xa75717ff
0xa75f17ff 0xaf5f17ff 0xaf6717ff 0xaf6717ff
0xb76f17ff 0xb76f17ff 0xb76f17ff 0xb76717ff
0xaf6717ff 0xaf6717ff 0xa75f17ff 0x9f4f17ff
0x9f5717ff 0xaf5f17ff 0xaf5f17ff 0xa75f17ff
0xa75717ff 0x9f5717ff 0x974f17ff 0x8f4f17ff
0x974f17ff 0x974f17ff 0x974f17ff 0x974f17ff
0x874717ff 0x773f0fff 0x7f3f0fff 0x8f4717ff
0x8f4f17ff 0x974f17ff 0x974f17ff 0x974f17ff
0x974f17ff 0x9f5717ff 0x9f5717ff 0x974f17ff
0x975717ff 0x974f17ff 0x974f17ff 0x974f17ff
0x974f17ff 0x974f17ff 0x974f17ff 0x8f4717ff
0x8f4717ff 0x8f4717ff 0x873f17ff 0x7f3f0fff
0x773f17ff 0x773f17ff 0x7f3f17ff 0x8f4717ff
0x8f4f17ff 0x874717ff 0x773f17ff 0x773f17ff
0x7f3f17ff 0x873f17ff 0x8f4717ff 0x8f4717ff
0x8f4717ff 0x974f17ff 0x974f17ff 0x974f17ff
0x974f17ff 0x974f17ff 0x974f17ff 0x974f17ff
0x974f17ff 0x9f4f17ff 0x9f4f17ff 0x974f17ff
0x9f4f17ff 0x9f5717ff 0x974f17ff 0x974f17ff
0x8f4717ff 0x7f3f17ff 0x773f0fff 0x87470fff
0x8f4f17ff 0x974f17ff 0x974f17ff 0x8f4f17ff
0x8f4f17ff 0x974f17ff 0x9f5717ff 0xa75f17ff
0xa75f17ff 0xaf6717ff 0xaf5f17ff 0x9f5717ff
0x9f5717ff 0xa75f17ff 0xaf6717ff 0xb76717ff
0xb76f17ff 0xb76f1fff 0xb76f1fff 0xb7671fff
0xaf6717ff 0xaf5f17ff 0xaf5f17ff 0xa75717ff
0x9f5717ff 0x9f4f17ff 0x8f4717ff 0x77370fff
0x672f0fff 0x67370fff 0x6f370fff 0x7f3f0fff
0x7f3f17ff 0x873f17ff 0x873f17ff 0x8f4717ff
0x8f4717ff 0x8f4717ff 0x8f4717ff 0x8f4717ff
0x8f4717ff 0x8f4717ff 0x8f4717ff 0x874717ff
0x7f3f0fff 0x6f2f0fff 0x572f0fff 0x57270fff
0x672f0fff 0x7f3f17ff 0x8f4717ff 0x8f4f17ff
0x8f4717ff 0x8f4717ff 0x8f4717ff 0x874717ff
0x874717ff 0x874717ff 0x874717ff 0x874717ff
0x8f4717ff 0x8f4f17ff 0x974f17ff 0x974f17ff
0x974f17ff 0x8f4717ff 0x7f3f17ff 0x67370fff
0x5f2f0fff 0x67370fff 0x6f3f17ff 0x7f4717ff
0x7f4717ff 0x6f3f17ff 0x67370fff 0x5f2f0fff
0x67370fff 0x7f3f17ff 0x8f4717ff 0x974f17ff
0x974f17ff 0x974f17ff 0x8f4f17ff 0x8f4717ff
0x874717ff 0x874717ff 0x874717ff 0x874717ff
0x874717ff 0x8f4717ff 0x8f4717ff 0x8f4717ff
0x8f4f17ff 0x8f4717ff 0x7f3f17ff 0x672f0fff
0x57270fff 0x572f0fff 0x6f2f0fff 0x7f3f0fff
0x874717ff 0x8f4717ff 0x8f4717ff 0x8f4717ff
0x8f4717ff 0x8f4717ff 0x8f4717ff 0x8f4717ff
0x8f4717ff 0x873f17ff 0x873f17ff 0x7f3f17ff
0x7f3f0fff 0x6f370fff 0x67370fff 0x672f0fff
0x77370fff 0x8f4717ff 0x9f4f17ff 0x9f5717ff
0xa75717ff 0xaf5f17ff 0xaf5f17ff 0xaf6717ff
0xb7671fff 0xb76f1fff 0xb76f1fff 0xb76f17ff
0xb76717ff 0xaf6717ff 0xa75f17ff 0x9f5717ff
0x9f5717ff 0xaf5f17ff 0xaf6717ff 0xa75f17ff
0xa75f17ff 0x9f5717ff 0x974f17ff 0x8f4f17ff
0x8f4f17ff 0x974f17ff 0x974f17ff 0x8f4f17ff
0x87470fff 0x773f0fff 0x7f3f17ff 0x8f4717ff
0x974f17ff 0x974f17ff 0x9f5717ff 0x9f4f17ff
0x974f17ff 0x9f4f17ff 0x9f4f17ff 0x974f17ff
0x974f17ff 0x974f17ff 0x974f17ff 0x974f17ff
0x974f17ff 0x974f17ff 0x974f17ff 0x8f4717ff
0x8f4717ff 0x8f4717ff 0x873f17ff 0x7f3f17ff
0x773f17ff 0x773f17ff 0x874717ff 0x8f4f17ff
0x974f17ff 0x874717ff 0x773f17ff 0x773f17ff
0x7f3f17ff 0x874717ff 0x8f4717ff 0x8f4f17ff
0x974f17ff 0x974f17ff 0x9f4f17ff 0x9f4f17ff
0x974f17ff 0x8f4f17ff 0x974f17ff 0x974f17ff
0x974f17ff 0x9f4f17ff 0x9f4f17ff 0x9f4f17ff
0x9f5717ff 0x9f5717ff 0x974f17ff 0x8f4f17ff
0x8f4717ff 0x874717ff 0x7f3f17ff 0x874717ff
0x8f4f17ff 0x8f4f17ff 0x8f4f17ff 0x8f470fff
0x8f4f17ff 0x974f17ff 0x9f5717ff 0xa75f17ff
0xa75f17ff 0xaf5f17ff 0xaf5f17ff 0xa75f17ff
0x9f5717ff 0xa75f17ff 0xaf6717ff 0xb76717ff
0xb76f17ff 0xb76f1fff 0xb76f1fff 0xaf671fff
0xaf6717ff 0xaf5f17ff 0xaf5f17ff 0xa75717ff
0x9f5717ff 0x974f17ff 0x8f4717ff 0x77370fff
0x672f0fff 0x672f0fff 0x6f370fff 0x7f3f0fff
0x7f3f17ff 0x873f0fff 0x873f0fff 0x8f4717ff
0x8f4717ff 0x8f4717ff 0x8f4717ff 0x8f4717ff
0x8f4717ff 0x8f4717ff 0x8f4717ff 0x874717ff
0x7f3f17ff 0x6f2f0fff 0x572f0fff 0x572f0fff
0x67370fff 0x7f3f0fff 0x8f4717ff 0x8f4f17ff
0x8f4f17ff 0x8f4717ff 0x874717ff 0x874717ff
0x874717ff 0x874717ff 0x874717ff 0x874717ff
0x8f4f17ff 0x974f17ff 0x974f17ff 0x974f17ff
0x974f17ff 0x8f4f17ff 0x7f3f17ff 0x6f370fff
0x67370fff 0x6f370fff 0x773f0fff 0x7f4717ff
0x7f4717ff 0x773f0fff 0x6f370fff 0x67370fff
0x6f370fff 0x7f3f17ff 0x8f4f17ff 0x974f17ff
0x974f17ff 0x974f17ff 0x974f17ff 0x8f4f17ff
0x874717ff 0x874717ff 0x874717ff 0x874717ff
0x874717ff 0x874717ff 0x8f4717ff 0x8f4f17ff
0x8f4f17ff 0x8f4717ff 0x7f3f0fff 0x67370fff
0x572f0fff 0x572f0fff 0x6f2f0fff 0x7f3f17ff
0x874717ff 0x8f4717ff 0x8f4717ff 0x8f4717ff
0x8f4717ff 0x8f4717ff 0x8f4717ff 0x8f4717ff
0x8f4717ff 0x873f0fff 0x873f0fff 0x7f3f17ff
0x7f3f0fff 0x6f370fff 0x672f0fff 0x672f0fff
0x77370fff 0x8f4717ff 0x974f17ff 0x9f5717ff
0xa75717ff 0xaf5f17ff 0xaf5f17ff 0xaf6717ff
0xaf671fff 0xb76f1fff 0xb76f1fff 0xb76f17ff
0xb76717ff 0xaf6717ff 0xa75f17ff 0x9f5717ff
0xa75f17ff 0xaf5f17ff 0xaf5f17ff 0xa75f17ff
0xa75f17ff 0x9f5717ff 0x974f17ff 0x8f4f17ff
0x8f470fff 0x8f4f17ff 0x8f4f17ff 0x8f4f17ff
0x874717ff 0x7f3f17ff 0x874717ff 0x8f4717ff
0x8f4f17ff 0x974f17ff 0x9f5717ff 0x9f5717ff
0x9f4f17ff 0x9f4f17ff 0x9f4f17ff 0x974f17ff
0x974f17ff 0x974f17ff 0x8f4f17ff 0x974f17ff
0x9f4f17ff 0x9f4f17ff 0x974f17ff 0x974f17ff
0x8f4f17ff 0x8f4717ff 0x874717ff 0x7f3f17ff
0x773f17ff 0x773f17ff 0x874717ff 0x974f17ff
0x9f5717ff 0x8f4717ff 0x7f3f17ff 0x7f3f17ff
0x7f3f17ff 0x874717ff 0x8f4f17ff 0x974f17ff
0x974f17ff 0x975717ff 0x9f5717ff 0x9f5717ff
0x974f17ff 0x974f17ff 0x974f17ff 0x974f17ff
0x974f17ff 0x9f4f17ff 0x9f4f17ff 0x9f4f17ff
0x9f5717ff 0x9f5717ff 0x974f17ff 0x974f17ff
0x8f4f17ff 0x874717ff 0x874717ff 0x87470fff
0x8f4f17ff 0x8f4717ff 0x874717ff 0x873f0fff
0x7f4717ff 0x8f4f17ff 0x974f17ff 0x9f5717ff
0xa75f17ff 0xaf5f17ff 0xaf5f17ff 0xa75f17ff
0x9f5717ff 0xa75f17ff 0xaf671fff 0xb76f1fff
0xb76f1fff 0xb76f1fff 0xb76f1fff 0xb76f1fff
0xaf6717ff 0xaf6717ff 0xa75f17ff 0xa75f17ff
0x9f5717ff 0x974f17ff 0x874717ff 0x6f3717ff
0x672f0fff 0x672f0fff 0x6f370fff 0x773f17ff
0x7f3f17ff 0x873f17ff 0x873f17ff 0x874717ff
0x8f4f17ff 0x8f4f17ff 0x8f4717ff 0x8f4717ff
0x874717ff 0x8f4717ff 0x8f4717ff 0x8f4717ff
0x7f3f17ff 0x672f0fff 0x572f0fff 0x5f2f0fff
0x67370fff 0x773f0fff 0x874717ff 0x8f4f17ff
0x8f4f17ff 0x8f4717ff 0x874717ff 0x7f3f17ff
0x7f3f17ff 0x874717ff 0x874717ff 0x8f4717ff
0x8f4f17ff 0x974f17ff 0x974f17ff 0x974f17ff
0x975717ff 0x974f17ff 0x7f4717ff 0x6f3f0fff
0x6f370fff 0x6f370fff 0x773f0fff 0x7f3f17ff
0x7f3f17ff 0x773f0fff 0x6f370fff 0x6f370fff
0x6f3f0fff 0x7f4717ff 0x974f17ff 0x975717ff
0x974f17ff 0x974f17ff 0x974f17ff 0x8f4f17ff
0x8f4717ff 0x874717ff 0x874717ff 0x7f3f17ff
0x7f3f17ff 0x874717ff 0x8f4717ff 0x8f4f17ff
0x8f4f17ff 0x874717ff 0x773f0fff 0x67370fff
0x5f2f0fff 0x572f0fff 0x672f0fff 0x7f3f17ff
0x8f4717ff 0x8f4717ff 0x8f4717ff 0x874717ff
0x8f4717ff 0x8f4717ff 0x8f4f17ff 0x8f4f17ff
0x874717ff 0x873f17ff 0x873f17ff 0x7f3f17ff
0x773f17ff 0x6f370fff 0x672f0fff 0x672f0fff
0x6f3717ff 0x874717ff 0x974f17ff 0x9f5717ff
0xa75f17ff 0xa75f17ff 0xaf6717ff 0xaf6717ff
0xb76f1fff 0xb76f1fff 0xb76f1fff 0xb76f1fff
0xb76f1fff 0xaf671fff 0xa75f17ff 0x9f5717ff
0xa75f17ff 0xaf5f17ff 0xaf5f17ff 0xa75f17ff
0x9f5717ff 0x974f17ff 0x8f4f17ff 0x7f4717ff
0x873f0fff 0x874717ff 0x8f4717ff 0x8f4f17ff
0x87470fff 0x874717ff 0x874717ff 0x8f4f17ff
0x974f17ff 0x974f17ff 0x9f5717ff 0x9f5717ff
0x9f4f17ff 0x9f4f17ff 0x9f4f17ff 0x974f17ff
0x974f17ff 0x974f17ff 0x974f17ff 0x974f17ff
0x9f5717ff 0x9f5717ff 0x975717ff 0x974f17ff
0x974f17ff 0x8f4f17ff 0x874717ff 0x7f3f17ff
0x7f3f17ff 0x7f3f17ff 0x8f4717ff 0x9f5717ff
0xa75717ff 0x974f17ff 0x7f4717ff 0x7f3f17ff
0x874717ff 0x8f4f17ff 0x974f17ff 0x974f17ff
0x974f17ff 0x9f5717ff 0x9f5717ff 0x9f5717ff
0x9f5717ff 0x974f17ff 0x974f17ff 0x974f17ff
0x974f17ff 0x9f4f17ff 0x9f4f17ff 0x9f4f17ff
0x9f5717ff 0x9f5717ff 0x974f17ff 0x974f17ff
0x974f17ff 0x8f4717ff 0x87470fff 0x87470fff
0x8f470fff 0x874717ff 0x873f17ff 0x7f3f0fff
0x773f0fff 0x7f4717ff 0x8f4717ff 0x974f17ff
0xa75717ff 0xaf5f17ff 0xaf6717ff 0xa75f17ff
0xa75f17ff 0xa7671fff 0xaf6f1fff 0xb76f1fff
0xb76f1fff 0xb76f1fff 0xb76f1fff 0xb76f1fff
0xb76f1fff 0xaf6717ff 0xaf5f17ff 0xa75f17ff
0xa75717ff 0x974f17ff 0x873f17ff 0x6f3717ff
0x67370fff 0x67370fff 0x6f370fff 0x773717ff
0x7f3f17ff 0x873f17ff 0x873f17ff 0x874717ff
0x8f4f17ff 0x974f17ff 0x8f4717ff 0x874717ff
0x874717ff 0x8f4717ff 0x8f4f17ff 0x8f4717ff
0x7f3f17ff 0x672f0fff 0x572f0fff 0x5f2f0fff
0x672f0fff 0x773717ff 0x874717ff 0x8f4717ff
0x974f17ff 0x8f4f17ff 0x7f4717ff 0x773f17ff
0x7f3f17ff 0x7f3f17ff 0x874717ff 0x8f4717ff
0x974f17ff 0x974f17ff 0x974f17ff 0x974f17ff
0x975717ff 0x974f17ff 0x874717ff 0x7f3f0fff
0x77370fff 0x77370fff 0x7f3f17ff 0x7f4717ff
0x7f4717ff 0x7f3f17ff 0x77370fff 0x77370fff
0x7f3f0fff 0x874717ff 0x974f17ff 0x975717ff
0x974f17ff 0x974f17ff 0x974f17ff 0x974f17ff
0x8f4717ff 0x874717ff 0x7f3f17ff 0x7f3f17ff
0x773f17ff 0x7f4717ff 0x8f4f17ff 0x974f17ff
0x8f4717ff 0x874717ff 0x773717ff 0x672f0fff
0x5f2f0fff 0x572f0fff 0x672f0fff 0x7f3f17ff
0x8f4717ff 0x8f4f17ff 0x8f4717ff 0x874717ff
0x874717ff 0x8f4717ff 0x974f17ff 0x8f4f17ff
0x874717ff 0x873f17ff 0x873f17ff 0x7f3f17ff
0x773717ff 0x6f370fff 0x67370fff 0x67370fff
0x6f3717ff 0x873f17ff 0x974f17ff 0xa75717ff
0xa75f17ff 0xaf5f17ff 0xaf6717ff 0xb76f1fff
0xb76f1fff 0xb76f1fff 0xb76f1fff 0xb76f1fff
0xb76f1fff 0xaf6f1fff 0xa7671fff 0xa75f17ff
0xa75f17ff 0xaf6717ff 0xaf5f17ff 0xa75717ff
0x974f17ff 0x8f4717ff 0x7f4717ff 0x773f0fff
0x7f3f0fff 0x873f17ff 0x874717ff 0x8f470fff
0x87470fff 0x87470fff 0x8f4717ff 0x974f17ff
0x974f17ff 0x974f17ff 0x9f5717ff 0x9f5717ff
0x9f4f17ff 0x9f4f17ff 0x9f4f17ff 0x974f17ff
0x974f17ff 0x974f17ff 0x974f17ff 0x9f5717ff
0x9f5717ff 0x9f5717ff 0x9f5717ff 0x974f17ff
0x974f17ff 0x974f17ff 0x8f4f17ff 0x874717ff
0x7f3f17ff 0x7f4717ff 0x974f17ff 0xa75717ff
0xa75f1fff 0x974f17ff 0x874717ff 0x7f3f17ff
0x874717ff 0x8f4f17ff 0x975717ff 0x975717ff
0x975717ff 0x975717ff 0x9f5717ff 0x9f5717ff
0x9f5717ff 0x9f4f17ff 0x974f17ff 0x9f5717ff
0x974f17ff 0x975717ff 0x9f5717ff 0x974f17ff
0x9f4f17ff 0x9f5717ff 0x9f5717ff 0x9f5717ff
0x974f17ff 0x8f4f17ff 0x87470fff 0x873f0fff
0x873f0fff 0x873f17ff 0x873f17ff 0x77370fff
0x773f0fff 0x7f3f0fff 0x8f4717ff 0x974f17ff
0x9f5717ff 0xaf5f1fff 0xaf5f17ff 0xaf5f17ff
0xa75f17ff 0xaf671fff 0xb76f1fff 0xb76f1fff
0xb76f1fff 0xb76f1fff 0xb76f1fff 0xb76f1fff
0xaf6f1fff 0xaf671fff 0xaf6717ff 0xaf5f17ff
0xa75717ff 0x9f4f17ff 0x874717ff 0x773f17ff
0x6f370fff 0x6f370fff 0x6f370fff 0x77370fff
0x7f3717ff 0x873f17ff 0x873f17ff 0x8f4717ff
0x974717ff 0x974717ff 0x8f4717ff 0x873f17ff
0x873f17ff 0x8f4717ff 0x8f4f17ff 0x874717ff
0x773717ff 0x672f0fff 0x5f2f0fff 0x5f2f0fff
0x672f0fff 0x773717ff 0x873f17ff 0x8f4717ff
0x8f4f17ff 0x8f4f17ff 0x7f3f17ff 0x773f0fff
0x773f0fff 0x7f3f17ff 0x874717ff 0x8f4717ff
0x8f4f17ff 0x974717ff 0x974f17ff 0x974f17ff
0x974f17ff 0x974f17ff 0x8f4717ff 0x873f0fff
0x773f0fff 0x7f3f17ff 0x873f17ff 0x874f17ff
0x874f17ff 0x873f17ff 0x7f3f17ff 0x773f0fff
0x873f0fff 0x8f4717ff 0x974f17ff 0x974f17ff
0x974f17ff 0x974f17ff 0x974717ff 0x8f4f17ff
0x8f4717ff 0x874717ff 0x7f3f17ff 0x773f0fff
0x773f0fff 0x7f3f17ff 0x8f4f17ff 0x8f4f17ff
0x8f4717ff 0x873f17ff 0x773717ff 0x672f0fff
0x5f2f0fff 0x5f2f0fff 0x672f0fff 0x773717ff
0x874717ff 0x8f4f17ff 0x8f4717ff 0x873f17ff
0x873f17ff 0x8f4717ff 0x974717ff 0x974717ff
0x8f4717ff 0x873f17ff 0x873f17ff 0x7f3717ff
0x77370fff 0x6f370fff 0x6f370fff 0x6f370fff
0x773f17ff 0x874717ff 0x9f4f17ff 0xa75717ff
0xaf5f17ff 0xaf6717ff 0xaf671fff 0xaf6f1fff
0xb76f1fff 0xb76f1fff 0xb76f1fff 0xb76f1fff
0xb76f1fff 0xb76f1fff 0xaf671fff 0xa75f17ff
0xaf5f17ff 0xaf5f17ff 0xaf5f1fff 0x9f5717ff
0x974f17ff 0x8f4717ff 0x7f3f0fff 0x773f0fff
0x77370fff 0x873f17ff 0x873f17ff 0x873f0fff
0x873f0fff 0x87470fff 0x8f4f17ff 0x974f17ff
0x9f5717ff 0x9f5717ff 0x9f5717ff 0x9f4f17ff
0x974f17ff 0x9f5717ff 0x975717ff 0x974f17ff
0x9f5717ff 0x974f17ff 0x9f4f17ff 0x9f5717ff
0x9f5717ff 0x9f5717ff 0x975717ff 0x975717ff
0x975717ff 0x975717ff 0x8f4f17ff 0x874717ff
0x7f3f17ff 0x874717ff 0x974f17ff 0xa75f1fff
0xa75f1fff 0x9f4f17ff 0x8f4717ff 0x874717ff
0x8f4f17ff 0x975717ff 0x9f5717ff 0x975717ff
0x975717ff 0x9f5717ff 0x9f5717ff 0x9f5717ff
0x9f5717ff 0x9f5717ff 0x9f5717ff 0x9f5717ff
0x9f4f17ff 0x975717ff 0x975717ff 0x974f17ff
0x9f4f17ff 0x9f5717ff 0x9f5717ff 0x9f5717ff
0x974f17ff 0x8f4717ff 0x7f3f17ff 0x873f17ff
0x873f17ff 0x873f17ff 0x7f3f17ff 0x6f370fff
0x77370fff 0x7f3f0fff 0x874717ff 0x974f17ff
0x9f5717ff 0xa75f17ff 0xaf5f17ff 0xaf5f17ff
0xaf5f17ff 0xaf6717ff 0xb76f1fff 0xb76f1fff
0xb76f1fff 0xb76f1fff 0xb76f1fff 0xb7671fff
0xaf671fff 0xaf671fff 0xaf671fff 0xaf5f17ff
0xa75f17ff 0x9f4f17ff 0x874717ff 0x7f3f17ff
0x773f17ff 0x6f370fff 0x6f370fff 0x6f370fff
0x77370fff 0x7f3f17ff 0x873f17ff 0x8f4717ff
0x8f4717ff 0x974717ff 0x8f4717ff 0x7f3f17ff
0x7f3f17ff 0x874717ff 0x8f4f17ff 0x874717ff
0x77370fff 0x6f370fff 0x672f0fff 0x672f0fff
0x672f0fff 0x6f370fff 0x7f3f17ff 0x874717ff
0x8f4f17ff 0x8f4f17ff 0x7f3f17ff 0x6f370fff
0x773f0fff 0x7f3f0fff 0x874717ff 0x8f4717ff
0x8f4f17ff 0x8f4f17ff 0x974f17ff 0x975717ff
0x974f17ff 0x974f17ff 0x8f4717ff 0x873f0fff
0x7f3f0fff 0x7f3f17ff 0x874717ff 0x8f4f17ff
0x8f4f17ff 0x874717ff 0x7f3f17ff 0x7f3f0fff
0x873f0fff 0x8f4717ff 0x974f17ff 0x974f17ff
0x975717ff 0x974f17ff 0x8f4f17ff 0x8f4f17ff
0x8f4717ff 0x874717ff 0x7f3f0fff 0x773f0fff
0x6f370fff 0x7f3f17ff 0x8f4f17ff 0x8f4f17ff
0x874717ff 0x7f3f17ff 0x6f370fff 0x672f0fff
0x672f0fff 0x672f0fff 0x6f370fff 0x77370fff
0x874717ff 0x8f4f17ff 0x874717ff 0x7f3f17ff
0x7f3f17ff 0x8f4717ff 0x974717ff 0x8f4717ff
0x8f4717ff 0x873f17ff 0x7f3f17ff 0x77370fff
0x6f370fff 0x6f370fff 0x6f370fff 0x773f17ff
0x7f3f17ff 0x874717ff 0x9f4f17ff 0xa75f17ff
0xaf5f17ff 0xaf671fff 0xaf671fff 0xaf671fff
0xb7671fff 0xb76f1fff 0xb76f1fff 0xb76f1fff
0xb76f1fff 0xb76f1fff 0xaf6717ff 0xaf5f17ff
0xaf5f17ff 0xaf5f17ff 0xa75f17ff 0x9f5717ff
0x974f17ff 0x874717ff 0x7f3f0fff 0x77370fff
0x6f370fff 0x7f3f17ff 0x873f17ff 0x873f17ff
0x873f17ff 0x7f3f17ff 0x8f4717ff 0x974f17ff
0x9f5717ff 0x9f5717ff 0x9f5717ff 0x9f4f17ff
0x974f17ff 0x975717ff 0x975717ff 0x9f4f17ff
0x9f5717ff 0x9f5717ff 0x9f5717ff 0x9f5717ff
0x9f5717ff 0x9f5717ff 0x9f5717ff 0x975717ff
0x975717ff 0x9f5717ff 0x975717ff 0x8f4f17ff
0x874717ff 0x8f4717ff 0x9f4f17ff 0xa75f1fff
0xa75f1fff 0x9f5717ff 0x8f4f17ff 0x874f17ff
0x8f4f17ff 0x975717ff 0x9f5717ff 0x9f5717ff
0x9f5717ff 0x9f5717ff 0x9f5717ff 0x9f5717ff
0x9f4f17ff 0x9f4f17ff 0x9f5717ff 0x9f4f17ff
0x974f17ff 0x974f17ff 0x974f17ff 0x974f17ff
0x974f17ff 0x9f5717ff 0x9f5717ff 0x9f5717ff
0x974f17ff 0x874717ff 0x7f3f17ff 0x874717ff
0x8f4717ff 0x874717ff 0x7f3f17ff 0x6f370fff
0x77370fff 0x7f3f0fff 0x873f17ff 0x8f4f17ff
0x9f5717ff 0xa75f17ff 0xaf5f17ff 0xaf5f17ff
0xa75f17ff 0xaf6717ff 0xb76f1fff 0xb76f1fff
0xb76f1fff 0xb76f1fff 0xb7671fff 0xaf671fff
0xaf671fff 0xaf671fff 0xaf671fff 0xa75f17ff
0xa75f17ff 0x9f5717ff 0x8f4717ff 0x873f17ff
0x7f3f17ff 0x77370fff 0x672f0fff 0x6f370fff
0x77370fff 0x7f370fff 0x7f3f17ff 0x874717ff
0x8f4717ff 0x974717ff 0x8f4717ff 0x7f3f17ff
0x7f3f17ff 0x874717ff 0x8f4717ff 0x873f17ff
0x773f0fff 0x6f370fff 0x6f370fff 0x672f0fff
0x672f0fff 0x6f370fff 0x7f3f17ff 0x874717ff
0x8f4f17ff 0x8f4f17ff 0x773f17ff 0x6f370fff
0x6f370fff 0x773f0fff 0x874717ff 0x8f4f17ff
0x974f17ff 0x974f17ff 0x974f17ff 0x974f17ff
0x974f17ff 0x974f17ff 0x8f4717ff 0x873f17ff
0x7f3f17ff 0x874717ff 0x8f4717ff 0x8f4f17ff
0x8f4f17ff 0x8f4717ff 0x874717ff 0x7f3f17ff
0x873f17ff 0x8f4717ff 0x974f17ff 0x974f17ff
0x974f17ff 0x974f17ff 0x974f17ff 0x974f17ff
0x8f4f17ff 0x874717ff 0x773f0fff 0x6f370fff
0x6f370fff 0x773f17ff 0x8f4f17ff 0x8f4f17ff
0x874717ff 0x7f3f17ff 0x6f370fff 0x672f0fff
0x672f0fff 0x6f370fff 0x6f370fff 0x773f0fff
0x873f17ff 0x8f4717ff 0x874717ff 0x7f3f17ff
0x7f3f17ff 0x8f4717ff 0x974717ff 0x8f4717ff
0x874717ff 0x7f3f17ff 0x7f370fff 0x77370fff
0x6f370fff 0x672f0fff 0x77370fff 0x7f3f17ff
0x873f17ff 0x8f4717ff 0x9f5717ff 0xa75f17ff
0xa75f17ff 0xaf671fff 0xaf671fff 0xaf671fff
0xaf671fff 0xb7671fff 0xb76f1fff 0xb76f1fff
0xb76f1fff 0xb76f1fff 0xaf6717ff 0xa75f17ff
0xaf5f17ff 0xaf5f17ff 0xa75f17ff 0x9f5717ff
0x8f4f17ff 0x873f17ff 0x7f3f0fff 0x77370fff
0x6f370fff 0x7f3f17ff 0x874717ff 0x8f4717ff
0x874717ff 0x7f3f17ff 0x874717ff 0x974f17ff
0x9f5717ff 0x9f5717ff 0x9f5717ff 0x974f17ff
0x974f17ff 0x974f17ff 0x974f17ff 0x974f17ff
0x9f4f17ff 0x9f5717ff 0x9f4f17ff 0x9f4f17ff
0x9f5717ff 0x9f5717ff 0x9f5717ff 0x9f5717ff
0x9f5717ff 0x9f5717ff 0x975717ff 0x8f4f17ff
0x874f17ff 0x8f4f17ff 0x9f5717ff 0xa75f1fff
0xa7571fff 0x9f571fff 0x8f4f17ff 0x8f4f17ff
0x8f4f17ff 0x974f17ff 0x9f5717ff 0x9f5717ff
0x9f5717ff 0xa75717ff 0xa75717ff 0x9f5717ff
0x9f4f17ff 0x974f17ff 0x9f4f17ff 0x9f4f17ff
0x974f17ff 0x974f17ff 0x974f17ff 0x974f17ff
0x974f17ff 0x9f5717ff 0x9f5717ff 0x9f5717ff
0x974f17ff 0x8f4717ff 0x874717ff 0x874717ff
0x8f4f17ff 0x8f4717ff 0x7f3f17ff 0x77370fff
0x77370fff 0x773f0fff 0x7f3f17ff 0x8f4717ff
0x9f4f17ff 0xa75717ff 0xa75f1fff 0xa75f1fff
0xa75f17ff 0xaf6717ff 0xaf6f1fff 0xb76f1fff
0xb76f1fff 0xb76f1fff 0xb7671fff 0xaf671fff
0xaf671fff 0xaf671fff 0xaf671fff 0xa75f1fff
0xa75f17ff 0x9f5717ff 0x8f4717ff 0x873f17ff
0x7f3f17ff 0x6f370fff 0x67370fff 0x6f370fff
0x77370fff 0x7f3f0fff 0x874717ff 0x8f4717ff
0x8f4717ff 0x974717ff 0x8f4717ff 0x7f3f17ff
0x7f3f17ff 0x8f4717ff 0x8f4717ff 0x873f17ff
0x77370fff 0x6f370fff 0x6f370fff 0x672f0fff
0x672f0fff 0x6f370fff 0x7f3f17ff 0x874717ff
0x8f4717ff 0x8f4717ff 0x773f17ff 0x672f0fff
0x67370fff 0x773f0fff 0x7f4717ff 0x8f4f17ff
0x8f4f17ff 0x974f17ff 0x974f17ff 0x974f17ff
0x974f17ff 0x974f17ff 0x974f17ff 0x874717ff
0x7f4717ff 0x874717ff 0x8f4f17ff 0x8f4f17ff
0x8f4f17ff 0x8f4f17ff 0x874717ff 0x7f4717ff
0x874717ff 0x974f17ff 0x974f17ff 0x974f17ff
0x974f17ff 0x974f17ff 0x974f17ff 0x8f4f17ff
0x8f4f17ff 0x7f4717ff 0x773f0fff 0x67370fff
0x672f0fff 0x773f17ff 0x8f4717ff 0x8f4717ff
0x874717ff 0x7f3f17ff 0x6f370fff 0x672f0fff
0x672f0fff 0x6f370fff 0x6f370fff 0x77370fff
0x873f17ff 0x8f4717ff 0x8f4717ff 0x7f3f17ff
0x7f3f17ff 0x8f4717ff 0x974717ff 0x8f4717ff
0x8f4717ff 0x874717ff 0x7f3f0fff 0x77370fff
0x6f370fff 0x67370fff 0x6f370fff 0x7f3f17ff
0x873f17ff 0x8f4717ff 0x9f5717ff 0xa75f17ff
0xa75f1fff 0xaf671fff 0xaf671fff 0xaf671fff
0xaf671fff 0xb7671fff 0xb76f1fff 0xb76f1fff
0xb76f1fff 0xaf6f1fff 0xaf6717ff 0xa75f17ff
0xa75f1fff 0xa75f1fff 0xa75717ff 0x9f4f17ff
0x8f4717ff 0x7f3f17ff 0x773f0fff 0x77370fff
0x77370fff 0x7f3f17ff 0x8f4717ff 0x8f4f17ff
0x874717ff 0x874717ff 0x8f4717ff 0x974f17ff
0x9f5717ff 0x9f5717ff 0x9f5717ff 0x974f17ff
0x974f17ff 0x974f17ff 0x974f17ff 0x974f17ff
0x9f4f17ff 0x9f4f17ff 0x974f17ff 0x9f4f17ff
0x9f5717ff 0xa75717ff 0xa75717ff 0x9f5717ff
0x9f5717ff 0x9f5717ff 0x974f17ff 0x8f4f17ff
0x8f4f17ff 0x8f4f17ff 0x9f571fff 0xa7571fff
0xa75f1fff 0x9f571fff 0x974f17ff 0x8f4f17ff
0x974f17ff 0x974f17ff 0x9f5717ff 0x9f5717ff
0x9f5717ff 0x9f5717ff 0x9f5717ff 0x9f5717ff
0x974f17ff 0x974f17ff 0x9f4f17ff 0x9f4f17ff
0x9f4f17ff 0x9f4f17ff 0x974f17ff 0x974f17ff
0x9f4f17ff 0x9f5717ff 0x9f5717ff 0x9f5717ff
0x974f17ff 0x8f4717ff 0x874717ff 0x8f4f17ff
0x8f4f17ff 0x8f4717ff 0x873f17ff 0x7f370fff
0x77370fff 0x77370fff 0x7f3f17ff 0x8f4717ff
0x9f4f17ff 0xa75717ff 0xa75f1fff 0xa75f17ff
0xa75f17ff 0xaf671fff 0xb76f1fff 0xb76f1fff
0xb76f1fff 0xb76f1fff 0xaf671fff 0xaf671fff
0xaf671fff 0xaf671fff 0xaf671fff 0xaf5f1fff
0xa75f17ff 0x9f4f17ff 0x8f4717ff 0x873f17ff
0x773717ff 0x67370fff 0x67370fff 0x77370fff
0x77370fff 0x7f3f0fff 0x874717ff 0x8f4717ff
0x974f17ff 0x8f4f17ff 0x8f4717ff 0x7f3f17ff
0x7f4717ff 0x8f4717ff 0x8f4717ff 0x874717ff
0x773f17ff 0x6f370fff 0x67370fff 0x5f2f0fff
0x67370fff 0x773f17ff 0x7f3f17ff 0x874717ff
0x8f4717ff 0x8f4717ff 0x773717ff 0x672f0fff
0x672f0fff 0x6f370fff 0x7f3f17ff 0x874717ff
0x8f4f17ff 0x974f17ff 0x974f17ff 0x974f17ff
0x974f17ff 0x974f17ff 0x974f17ff 0x8f4717ff
0x874717ff 0x874717ff 0x8f4717ff 0x8f4f17ff
0x8f4f17ff 0x8f4717ff 0x874717ff 0x874717ff
0x8f4717ff 0x974f17ff 0x974f17ff 0x974f17ff
0x974f17ff 0x974f17ff 0x974f17ff 0x8f4f17ff
0x874717ff 0x7f3f17ff 0x6f370fff 0x672f0fff
0x672f0fff 0x773717ff 0x8f4717ff 0x8f4717ff
0x874717ff 0x7f3f17ff 0x773f17ff 0x67370fff
0x5f2f0fff 0x67370fff 0x6f370fff 0x773f17ff
0x874717ff 0x8f4717ff 0x8f4717ff 0x7f4717ff
0x7f3f17ff 0x8f4717ff 0x8f4f17ff 0x974f17ff
0x8f4717ff 0x874717ff 0x7f3f0fff 0x77370fff
0x77370fff 0x67370fff 0x67370fff 0x773717ff
0x873f17ff 0x8f4717ff 0x9f4f17ff 0xa75f17ff
0xaf5f1fff 0xaf671fff 0xaf671fff 0xaf671fff
0xaf671fff 0xaf671fff 0xb76f1fff 0xb76f1fff
0xb76f1fff 0xb76f1fff 0xaf671fff 0xa75f17ff
0xa75f17ff 0xa75f1fff 0xa75717ff 0x9f4f17ff
0x8f4717ff 0x7f3f17ff 0x77370fff 0x77370fff
0x7f370fff 0x873f17ff 0x8f4717ff 0x8f4f17ff
0x8f4f17ff 0x874717ff 0x8f4717ff 0x974f17ff
0x9f5717ff 0x9f5717ff 0x9f5717ff 0x9f4f17ff
0x974f17ff 0x974f17ff 0x9f4f17ff 0x9f4f17ff
0x9f4f17ff 0x9f4f17ff 0x974f17ff 0x974f17ff
0x9f5717ff 0x9f5717ff 0x9f5717ff 0x9f5717ff
0x9f5717ff 0x9f5717ff 0x974f17ff 0x974f17ff
0x8f4f17ff 0x974f17ff 0x9f571fff 0xa75f1fff
0xa75f1fff 0x9f571fff 0x974f17ff 0x8f4f17ff
0x974f17ff 0x974f17ff 0x9f5717ff 0x9f5717ff
0x9f5717ff 0x9f5717ff 0x9f5717ff 0x9f4f17ff
0x9f4f17ff 0x974f17ff 0x974f17ff 0x9f4f17ff
0x9f4f17ff 0x9f4f17ff 0x9f4f17ff 0x974f17ff
0x9f4f17ff 0x9f5717ff 0x9f5717ff 0x9f5717ff
0x9f5717ff 0x974f17ff 0x8f4f17ff 0x8f4717ff
0x8f4f17ff 0x8f4717ff 0x874717ff 0x7f3f17ff
0x773f17ff 0x77370fff 0x773f17ff 0x8f4717ff
0x974f17ff 0xa75717ff 0xa75f17ff 0xa75f17ff
0xa75f17ff 0xaf671fff 0xb7671fff 0xb7671fff
0xb76f1fff 0xaf671fff 0xaf671fff 0xaf671fff
0xaf671fff 0xaf671fff 0xaf5f1fff 0xaf5f1fff
0xa75f17ff 0x9f4f17ff 0x8f4717ff 0x7f3f17ff
0x6f3717ff 0x67370fff 0x6f370fff 0x773717ff
0x6f370fff 0x77370fff 0x873f17ff 0x8f4717ff
0x974717ff 0x8f4717ff 0x874717ff 0x7f3f17ff
0x874717ff 0x8f4717ff 0x8f4717ff 0x8f4717ff
0x7f4717ff 0x773f17ff 0x67370fff 0x672f0fff
0x67370fff 0x773f17ff 0x7f3f17ff 0x7f3f17ff
0x874717ff 0x8f4717ff 0x7f3717ff 0x672f0fff
0x672f0fff 0x6f370fff 0x773f17ff 0x874717ff
0x8f4f17ff 0x974f17ff 0x974f17ff 0x974f17ff
0x9f4f17ff 0x9f4f17ff 0x974f17ff 0x8f4717ff
0x7f3f17ff 0x874717ff 0x8f4717ff 0x8f4f17ff
0x8f4f17ff 0x8f4717ff 0x874717ff 0x7f3f17ff
0x8f4717ff 0x974f17ff 0x9f4f17ff 0x9f4f17ff
0x974f17ff 0x974f17ff 0x974f17ff 0x8f4f17ff
0x874717ff 0x773f17ff 0x6f370fff 0x672f0fff
0x672f0fff 0x7f3717ff 0x8f4717ff 0x874717ff
0x7f3f17ff 0x7f3f17ff 0x773f17ff 0x67370fff
0x672f0fff 0x67370fff 0x773f17ff 0x7f4717ff
0x8f4717ff 0x8f4717ff 0x8f4717ff 0x874717ff
0x7f3f17ff 0x874717ff 0x8f4717ff 0x974717ff
0x8f4717ff 0x873f17ff 0x77370fff 0x6f370fff
0x773717ff 0x6f370fff 0x67370fff 0x6f3717ff
0x7f3f17ff 0x8f4717ff 0x9f4f17ff 0xa75f17ff
0xaf5f1fff 0xaf5f1fff 0xaf671fff 0xaf671fff
0xaf671fff 0xaf671fff 0xaf671fff 0xb76f1fff
0xb7671fff 0xb7671fff 0xaf671fff 0xa75f17ff
0xa75f17ff 0xa75f17ff 0xa75717ff 0x974f17ff
0x8f4717ff 0x773f17ff 0x77370fff 0x773f17ff
0x7f3f17ff 0x874717ff 0x8f4717ff 0x8f4f17ff
0x8f4717ff 0x8f4f17ff 0x974f17ff 0x9f5717ff
0x9f5717ff 0x9f5717ff 0x9f5717ff 0x9f4f17ff
0x974f17ff 0x9f4f17ff 0x9f4f17ff 0x9f4f17ff
0x9f4f17ff 0x974f17ff 0x974f17ff 0x9f4f17ff
0x9f4f17ff 0x9f5717ff 0x9f5717ff 0x9f5717ff
0x9f5717ff 0x9f5717ff 0x974f17ff 0x974f17ff
0x8f4f17ff 0x974f17ff 0x9f571fff 0xa75f1fff
0xa75f1fff 0x9f571fff 0x974f17ff 0x8f4f17ff
0x974f17ff 0x974f17ff 0x9f4f17ff 0x9f5717ff
0x9f5717ff 0x9f5717ff 0x9f5717ff 0x9f5717ff
0x9f4f17ff 0x9f4f17ff 0x9f4f17ff 0x974f17ff
0x9f4f17ff 0x9f5717ff 0x974f17ff 0x974f17ff
0x9f4f17ff 0x9f5717ff 0x9f5717ff 0x9f5717ff
0x9f5717ff 0x9f5717ff 0x974f17ff 0x974f17ff
0x8f4717ff 0x8f4717ff 0x8f4717ff 0x874717ff
0x7f3f17ff 0x773f17ff 0x7f3f17ff 0x8f4f17ff
0x975717ff 0xa75717ff 0xa75f17ff 0xa75717ff
0xa75f17ff 0xaf5f17ff 0xaf671fff 0xb7671fff
0xaf671fff 0xaf671fff 0xaf671fff 0xa7671fff
0xaf5f1fff 0xaf5f1fff 0xaf5f17ff 0xaf5f17ff
0xa75f17ff 0x9f4f17ff 0x8f4717ff 0x7f3f17ff
0x6f370fff 0x6f370fff 0x77370fff 0x6f370fff
0x6f370fff 0x77370fff 0x873f0fff 0x8f4717ff
0x8f4717ff 0x8f4717ff 0x873f17ff 0x7f3f17ff
0x874717ff 0x8f4717ff 0x8f4f17ff 0x8f4717ff
0x874717ff 0x7f3f17ff 0x6f370fff 0x67370fff
0x67370fff 0x773f17ff 0x7f3f17ff 0x7f3f17ff
0x874717ff 0x874717ff 0x7f3f17ff 0x6f370fff
0x672f0fff 0x6f370fff 0x773f17ff 0x874717ff
0x8f4f17ff 0x974f17ff 0x974f17ff 0x9f5717ff
0x9f5717ff 0x9f5717ff 0x974f17ff 0x8f4717ff
0x7f3f17ff 0x7f3f17ff 0x874717ff 0x8f4f17ff
0x8f4f17ff 0x874717ff 0x7f3f17ff 0x7f3f17ff
0x8f4717ff 0x974f17ff 0x9f5717ff 0x9f5717ff
0x9f5717ff 0x974f17ff 0x974f17ff 0x8f4f17ff
0x874717ff 0x773f17ff 0x6f370fff 0x672f0fff
0x6f370fff 0x7f3f17ff 0x874717ff 0x874717ff
0x7f3f17ff 0x7f3f17ff 0x773f17ff 0x67370fff
0x67370fff 0x6f370fff 0x7f3f17ff 0x874717ff
0x8f4717ff 0x8f4f17ff 0x8f4717ff 0x874717ff
0x7f3f17ff 0x873f17ff 0x8f4717ff 0x8f4717ff
0x8f4717ff 0x873f0fff 0x77370fff 0x6f370fff
0x6f370fff 0x77370fff 0x6f370fff 0x6f370fff
0x7f3f17ff 0x8f4717ff 0x9f4f17ff 0xa75f17ff
0xaf5f17ff 0xaf5f17ff 0xaf5f1fff 0xaf5f1fff
0xa7671fff 0xaf671fff 0xaf671fff 0xaf671fff
0xb7671fff 0xaf671fff 0xaf5f17ff 0xa75f17ff
0xa75717ff 0xa75f17ff 0xa75717ff 0x975717ff
0x8f4f17ff 0x7f3f17ff 0x773f17ff 0x7f3f17ff
0x874717ff 0x8f4717ff 0x8f4717ff 0x8f4717ff
0x974f17ff 0x974f17ff 0x9f5717ff 0x9f5717ff
0x9f5717ff 0x9f5717ff 0x9f5717ff 0x9f4f17ff
0x974f17ff 0x974f17ff 0x9f5717ff 0x9f4f17ff
0x974f17ff 0x9f4f17ff 0x9f4f17ff 0x9f4f17ff
0x9f5717ff 0x9f5717ff 0x9f5717ff 0x9f5717ff
0x9f5717ff 0x9f4f17ff 0x974f17ff 0x974f17ff
0x8f4f17ff 0x974f17ff 0x9f571fff 0xa75f1fff
0xa75f1fff 0x9f571fff 0x974f17ff 0x8f4f17ff
0x974f17ff 0x974f17ff 0x9f5717ff 0x9f5717ff
0x9f5717ff 0x9f5717ff 0x9f5717ff 0x9f5717ff
0x9f4f17ff 0x9f4f17ff 0x9f4f17ff 0x974f17ff
0x975717ff 0x9f5717ff 0x974f17ff 0x974f17ff
0x9f4f17ff 0x9f4f17ff 0x9f4f17ff 0x9f5717ff
0x9f4f17ff 0x9f4f17ff 0x974f17ff 0x974717ff
0x8f4717ff 0x8f4717ff 0x8f4717ff 0x874717ff
0x7f3f17ff 0x7f3f17ff 0x874717ff 0x8f4f17ff
0x974f17ff 0x9f5f17ff 0xa75f17ff 0xa75f17ff
0xa75f17ff 0xaf6717ff 0xaf671fff 0xaf671fff
0xaf671fff 0xaf671fff 0xaf671fff 0xaf671fff
0xaf5f1fff 0xaf5f17ff 0xaf5f17ff 0xaf5f17ff
0xa75f17ff 0x9f5717ff 0x874717ff 0x773f17ff
0x67370fff 0x67370fff 0x6f370fff 0x6f370fff
0x6f370fff 0x77370fff 0x873f17ff 0x8f4717ff
0x8f4717ff 0x8f4717ff 0x873f17ff 0x7f3f17ff
0x874717ff 0x8f4f17ff 0x8f4f17ff 0x8f4717ff
0x874717ff 0x874717ff 0x773f0fff 0x67370fff
0x67370fff 0x773f17ff 0x7f3f17ff 0x874717ff
0x874717ff 0x874717ff 0x873f17ff 0x7f370fff
0x6f370fff 0x6f370fff 0x773f17ff 0x874717ff
0x8f4f17ff 0x974f17ff 0x974f17ff 0x9f5717ff
0x9f5717ff 0x9f5717ff 0x974f17ff 0x874717ff
0x7f3f17ff 0x7f3f17ff 0x873f17ff 0x874717ff
0x874717ff 0x873f17ff 0x7f3f17ff 0x7f3f17ff
0x874717ff 0x974f17ff 0x9f5717ff 0x9f5717ff
0x9f5717ff 0x974f17ff 0x974f17ff 0x8f4f17ff
0x874717ff 0x773f17ff 0x6f370fff 0x6f370fff
0x7f370fff 0x873f17ff 0x874717ff 0x874717ff
0x874717ff 0x7f3f17ff 0x773f17ff 0x67370fff
0x67370fff 0x773f0fff 0x874717ff 0x874717ff
0x8f4717ff 0x8f4f17ff 0x8f4f17ff 0x874717ff
0x7f3f17ff 0x873f17ff 0x8f4717ff 0x8f4717ff
0x8f4717ff 0x873f17ff 0x77370fff 0x6f370fff
0x6f370fff 0x6f370fff 0x67370fff 0x67370fff
0x773f17ff 0x874717ff 0x9f5717ff 0xa75f17ff
0xaf5f17ff 0xaf5f17ff 0xaf5f17ff 0xaf5f1fff
0xaf671fff 0xaf671fff 0xaf671fff 0xaf671fff
0xaf671fff 0xaf671fff 0xaf6717ff 0xa75f17ff
0xa75f17ff 0xa75f17ff 0x9f5f17ff 0x974f17ff
0x8f4f17ff 0x874717ff 0x7f3f17ff 0x7f3f17ff
0x874717ff 0x8f4717ff 0x8f4717ff 0x8f4717ff
0x974717ff 0x974f17ff 0x9f4f17ff 0x9f4f17ff
0x9f5717ff 0x9f4f17ff 0x9f4f17ff 0x9f4f17ff
0x974f17ff 0x974f17ff 0x9f5717ff 0x975717ff
0x974f17ff 0x9f4f17ff 0x9f4f17ff 0x9f4f17ff
0x9f5717ff 0x9f5717ff 0x9f5717ff 0x9f5717ff
0x9f5717ff 0x9f5717ff 0x974f17ff 0x974f17ff
0x8f4f17ff 0x974f17ff 0x9f571fff 0xa75f1fff
0xa75f1fff 0x9f571fff 0x8f4f17ff 0x8f4f17ff
0x974f17ff 0x975717ff 0x9f5717ff 0x9f5717ff
0x9f5717ff 0x9f5717ff 0x9f5717ff 0x9f5717ff
0x9f4f17ff 0x9f4f17ff 0x9f4f17ff 0x974f17ff
0x974f17ff 0x974f17ff 0x974f17ff 0x974f17ff
0x9f4f17ff 0x9f4f17ff 0x9f4f17ff 0x9f4f17ff
0x9f4f17ff 0x9f4f17ff 0x974f17ff 0x974f17ff
0x8f4717ff 0x8f4717ff 0x8f4717ff 0x874717ff
0x7f3f17ff 0x7f3f17ff 0x873f17ff 0x8f4717ff
0x8f4f17ff 0x9f5717ff 0xa75f17ff 0xa75f17ff
0xaf5f1fff 0xaf671fff 0xaf671fff 0xaf671fff
0xaf671fff 0xaf671fff 0xaf671fff 0xaf671fff
0xaf671fff 0xaf5f1fff 0xaf5f17ff 0xaf5f17ff
0xa75f17ff 0x9f4f17ff 0x873f17ff 0x77370fff
0x67370fff 0x67370fff 0x6f370fff 0x6f370fff
0x6f370fff 0x77370fff 0x873f17ff 0x8f4717ff
0x8f4717ff 0x8f4717ff 0x873f17ff 0x7f3f17ff
0x8f4717ff 0x974f17ff 0x8f4f17ff 0x8f4717ff
0x874717ff 0x874717ff 0x773f0fff 0x5f2f0fff
0x67370fff 0x6f370fff 0x7f3f17ff 0x874717ff
0x8f4717ff 0x8f4717ff 0x874717ff 0x7f3f17ff
0x6f370fff 0x672f0fff 0x77370fff 0x874717ff
0x8f4f17ff 0x974f17ff 0x974f17ff 0x9f5717ff
0x9f571fff 0x9f5717ff 0x974f17ff 0x874717ff
0x7f3f17ff 0x773f17ff 0x7f3f17ff 0x7f3f17ff
0x7f3f17ff 0x7f3f17ff 0x773f17ff 0x7f3f17ff
0x874717ff 0x974f17ff 0x9f5717ff 0x9f571fff
0x9f5717ff 0x974f17ff 0x974f17ff 0x8f4f17ff
0x874717ff 0x77370fff 0x672f0fff 0x6f370fff
0x7f3f17ff 0x874717ff 0x8f4717ff 0x8f4717ff
0x874717ff 0x7f3f17ff 0x6f370fff 0x67370fff
0x5f2f0fff 0x773f0fff 0x874717ff 0x874717ff
0x8f4717ff 0x8f4f17ff 0x974f17ff 0x8f4717ff
0x7f3f17ff 0x873f17ff 0x8f4717ff 0x8f4717ff
0x8f4717ff 0x873f17ff 0x77370fff 0x6f370fff
0x6f370fff 0x6f370fff 0x67370fff 0x67370fff
0x77370fff 0x873f17ff 0x9f4f17ff 0xa75f17ff
0xaf5f17ff 0xaf5f17ff 0xaf5f1fff 0xaf671fff
0xaf671fff 0xaf671fff 0xaf671fff 0xaf671fff
0xaf671fff 0xaf671fff 0xaf671fff 0xaf5f1fff
0xa75f17ff 0xa75f17ff 0x9f5717ff 0x8f4f17ff
0x8f4717ff 0x873f17ff 0x7f3f17ff 0x7f3f17ff
0x874717ff 0x8f4717ff 0x8f4717ff 0x8f4717ff
0x974f17ff 0x974f17ff 0x9f4f17ff 0x9f4f17ff
0x9f4f17ff 0x9f4f17ff 0x9f4f17ff 0x9f4f17ff
0x974f17ff 0x974f17ff 0x974f17ff 0x974f17ff
0x974f17ff 0x9f4f17ff 0x9f4f17ff 0x9f4f17ff
0x9f5717ff 0x9f5717ff 0x9f5717ff 0x9f5717ff
0x9f5717ff 0x9f5717ff 0x975717ff 0x974f17ff
0x8f4f17ff 0x8f4f17ff 0x9f571fff 0xa75f1fff
0xa75f1fff 0x9f571fff 0x8f4f17ff 0x8f4f17ff
0x974f17ff 0x9f4f17ff 0x9f4f17ff 0x9f5717ff
0x9f5717ff 0x9f5717ff 0x9f5717ff 0x9f5717ff
0x9f5717ff 0x9f5717ff 0x9f5717ff 0x974f17ff
0x974f17ff 0x975717ff 0x9f5717ff 0x9f5717ff
0x9f5717ff 0x974f17ff 0x9f4f17ff 0x9f4f17ff
0x9f4f17ff 0x9f4f17ff 0x974f17ff 0x974f17ff
0x8f4717ff 0x8f4717ff 0x8f4717ff 0x8f4717ff
0x7f3f17ff 0x773717ff 0x873f17ff 0x874717ff
0x8f4717ff 0x9f5717ff 0xa7571fff 0xa75f1fff
0xaf5f1fff 0xaf671fff 0xb76f1fff 0xb7671fff
0xaf5f1fff 0xaf5f1fff 0xaf671fff 0xaf671fff
0xaf671fff 0xaf671fff 0xaf5f1fff 0xaf5f1fff
0xa75f1fff 0x9f4f17ff 0x873f17ff 0x7f370fff
0x6f370fff 0x67370fff 0x67370fff 0x6f370fff
0x77370fff 0x7f3f17ff 0x874717ff 0x8f4717ff
0x8f4717ff 0x8f4717ff 0x7f3f17ff 0x7f3f17ff
0x8f4717ff 0x974f17ff 0x974f17ff 0x8f4717ff
0x8f4717ff 0x874717ff 0x6f370fff 0x572f0fff
0x5f2f0fff 0x6f370fff 0x773f17ff 0x874717ff
0x8f4717ff 0x8f4717ff 0x8f4717ff 0x7f3f17ff
0x6f370fff 0x672f0fff 0x77370fff 0x874717ff
0x8f4f17ff 0x974f17ff 0x974f17ff 0x9f571fff
0x9f571fff 0x9f5717ff 0x974f17ff 0x8f4717ff
0x7f3f17ff 0x6f3717ff 0x6f3f17ff 0x773f17ff
0x773f17ff 0x6f3f17ff 0x6f3717ff 0x7f3f17ff
0x8f4717ff 0x974f17ff 0x9f5717ff 0x9f571fff
0x9f571fff 0x974f17ff 0x974f17ff 0x8f4f17ff
0x874717ff 0x77370fff 0x672f0fff 0x6f370fff
0x7f3f17ff 0x8f4717ff 0x8f4717ff 0x8f4717ff
0x874717ff 0x773f17ff 0x6f370fff 0x5f2f0fff
0x572f0fff 0x6f370fff 0x874717ff 0x8f4717ff
0x8f4717ff 0x974f17ff 0x974f17ff 0x8f4717ff
0x7f3f17ff 0x7f3f17ff 0x8f4717ff 0x8f4717ff
0x8f4717ff 0x874717ff 0x7f3f17ff 0x77370fff
0x6f370fff 0x67370fff 0x67370fff 0x6f370fff
0x7f370fff 0x873f17ff 0x9f4f17ff 0xa75f1fff
0xaf5f1fff 0xaf5f1fff 0xaf671fff 0xaf671fff
0xaf671fff 0xaf671fff 0xaf5f1fff 0xaf5f1fff
0xb7671fff 0xb76f1fff 0xaf671fff 0xaf5f1fff
0xa75f1fff 0xa7571fff 0x9f5717ff 0x8f4717ff
0x874717ff 0x873f17ff 0x773717ff 0x7f3f17ff
0x8f4717ff 0x8f4717ff 0x8f4717ff 0x8f4717ff
0x974f17ff 0x974f17ff 0x9f4f17ff 0x9f4f17ff
0x9f4f17ff 0x9f4f17ff 0x974f17ff 0x9f5717ff
0x9f5717ff 0x9f5717ff 0x975717ff 0x974f17ff
0x974f17ff 0x9f5717ff 0x9f5717ff 0x9f5717ff
0x9f5717ff 0x9f5717ff 0x9f5717ff 0x9f5717ff
0x9f5717ff 0x9f4f17ff 0x9f4f17ff 0x974f17ff
0x8f4f17ff 0x8f4f17ff 0x9f571fff 0xa75f1fff
0xa75f1fff 0x97571fff 0x8f4f17ff 0x8f4f17ff
0x974f17ff 0x9f5717ff 0x9f5717ff 0x9f5717ff
0x9f5717ff 0x9f5717ff 0x9f5717ff 0x9f5717ff
0x9f5717ff 0x9f5717ff 0x9f5717ff 0x974f17ff
0x974f17ff 0x9f5717ff 0x9f5f17ff 0x9f5717ff
0x9f5717ff 0x974f17ff 0x974f17ff 0x9f4f17ff
0x9f4f17ff 0x974f17ff 0x974f17ff 0x974f17ff
0x8f4717ff 0x874717ff 0x8f4717ff 0x8f4717ff
0x7f3f17ff 0x773717ff 0x7f3f17ff 0x874717ff
0x8f4f17ff 0x9f571fff 0xa75f1fff 0xa75f1fff
0xaf671fff 0xb7671fff 0xb76f1fff 0xaf671fff
0xa75f1fff 0xa75f1fff 0xaf671fff 0xb7671fff
0xb7671fff 0xb7671fff 0xaf671fff 0xaf5f1fff
0xa75f1fff 0x9f4f1fff 0x8f4717ff 0x7f3f17ff
0x6f370fff 0x67370fff 0x67370fff 0x77370fff
0x773f0fff 0x7f3f0fff 0x874717ff 0x8f4717ff
0x8f4f17ff 0x8f4717ff 0x874717ff 0x874717ff
0x8f4717ff 0x974f17ff 0x974f17ff 0x974f17ff
0x8f4717ff 0x874717ff 0x6f3717ff 0x5f2f0fff
0x5f370fff 0x6f3717ff 0x773f17ff 0x874717ff
0x8f4717ff 0x8f4717ff 0x873f17ff 0x7f3f17ff
0x6f370fff 0x67370fff 0x773717ff 0x873f17ff
0x8f4f17ff 0x974f17ff 0x974f17ff 0x97571fff
0x9f571fff 0x97571fff 0x974f17ff 0x8f4f17ff
0x874717ff 0x6f3717ff 0x673717ff 0x773f17ff
0x773f17ff 0x673717ff 0x6f3717ff 0x874717ff
0x8f4f17ff 0x974f17ff 0x97571fff 0x9f571fff
0x97571fff 0x974f17ff 0x974f17ff 0x8f4f17ff
0x873f17ff 0x773717ff 0x67370fff 0x6f370fff
0x7f3f17ff 0x873f17ff 0x8f4717ff 0x8f4717ff
0x874717ff 0x773f17ff 0x6f3717ff 0x5f370fff
0x5f2f0fff 0x6f3717ff 0x874717ff 0x8f4717ff
0x974f17ff 0x974f17ff 0x974f17ff 0x8f4717ff
0x874717ff 0x874717ff 0x8f4717ff 0x8f4f17ff
0x8f4717ff 0x874717ff 0x7f3f0fff 0x773f0fff
0x77370fff 0x67370fff 0x67370fff 0x6f370fff
0x7f3f17ff 0x8f4717ff 0x9f4f1fff 0xa75f1fff
0xaf5f1fff 0xaf671fff 0xb7671fff 0xb7671fff
0xb7671fff 0xaf671fff 0xa75f1fff 0xa75f1fff
0xaf671fff 0xb76f1fff 0xb7671fff 0xaf671fff
0xa75f1fff 0xa75f1fff 0x9f571fff 0x8f4f17ff
0x874717ff 0x7f3f17ff 0x773717ff 0x7f3f17ff
0x8f4717ff 0x8f4717ff 0x874717ff 0x8f4717ff
0x974f17ff 0x974f17ff 0x974f17ff 0x9f4f17ff
0x9f4f17ff 0x974f17ff 0x974f17ff 0x9f5717ff
0x9f5717ff 0x9f5f17ff 0x9f5717ff 0x974f17ff
0x974f17ff 0x9f5717ff 0x9f5717ff 0x9f5717ff
0x9f5717ff 0x9f5717ff 0x9f5717ff 0x9f5717ff
0x9f5717ff 0x9f5717ff 0x9f5717ff 0x974f17ff
0x8f4f17ff 0x8f4f17ff 0x97571fff 0xa75f1fff
0xa75f1fff 0x97571fff 0x8f4f1fff 0x8f4f17ff
0x974f17ff 0x9f5717ff 0x9f5717ff 0x9f5717ff
0x9f5717ff 0x9f5717ff 0x9f571fff 0x9f571fff
0x9f571fff 0x9f571fff 0x9f5717ff 0x974f17ff
0x974f17ff 0x975717ff 0x9f5717ff 0x9f5717ff
0x9f4f17ff 0x974f17ff 0x974f17ff 0x9f4f17ff
0x9f4f17ff 0x974f17ff 0x974f17ff 0x974f17ff
0x8f4717ff 0x874717ff 0x8f3f17ff 0x8f4717ff
0x873f17ff 0x7f3f17ff 0x873f17ff 0x8f4717ff
0x974f17ff 0xa75f1fff 0xaf5f1fff 0xaf5f1fff
0xaf671fff 0xb7671fff 0xb76f1fff 0xaf5f1fff
0x9f571fff 0x9f5f1fff 0xaf671fff 0xb7671fff
0xaf671fff 0xaf671fff 0xaf671fff 0xaf5f1fff
0xa75f1fff 0x9f571fff 0x8f4717ff 0x7f3f17ff
0x6f3717ff 0x67370fff 0x6f3717ff 0x773f17ff
0x7f3f17ff 0x7f3f17ff 0x874717ff 0x8f4f17ff
0x8f4f17ff 0x8f4f17ff 0x874717ff 0x874717ff
0x974f17ff 0x974f17ff 0x974f17ff 0x974f17ff
0x8f4717ff 0x874717ff 0x773f17ff 0x673717ff
0x67370fff 0x6f3f17ff 0x7f3f17ff 0x874717ff
0x8f4717ff 0x8f4717ff 0x873f17ff 0x773717ff
0x67370fff 0x673717ff 0x6f3717ff 0x7f3f17ff
0x8f4717ff 0x8f4f17ff 0x974f17ff 0x974f17ff
0x974f1fff 0x974f1fff 0x974f1fff 0x974f17ff
0x874717ff 0x6f3717ff 0x673717ff 0x773f17ff
0x773f17ff 0x673717ff 0x6f3717ff 0x874717ff
0x974f17ff 0x974f1fff 0x974f1fff 0x974f1fff
0x974f17ff 0x974f17ff 0x8f4f17ff 0x8f4717ff
0x7f3f17ff 0x6f3717ff 0x673717ff 0x67370fff
0x773717ff 0x873f17ff 0x8f4717ff 0x8f4717ff
0x874717ff 0x7f3f17ff 0x6f3f17ff 0x67370fff
0x673717ff 0x773f17ff 0x874717ff 0x8f4717ff
0x974f17ff 0x974f17ff 0x974f17ff 0x974f17ff
0x874717ff 0x874717ff 0x8f4f17ff 0x8f4f17ff
0x8f4f17ff 0x874717ff 0x7f3f17ff 0x7f3f17ff
0x773f17ff 0x6f3717ff 0x67370fff 0x6f3717ff
0x7f3f17ff 0x8f4717ff 0x9f571fff 0xa75f1fff
0xaf5f1fff 0xaf671fff 0xaf671fff 0xaf671fff
0xb7671fff 0xaf671fff 0x9f5f1fff 0x9f571fff
0xaf5f1fff 0xb76f1fff 0xb7671fff 0xaf671fff
0xaf5f1fff 0xaf5f1fff 0xa75f1fff 0x974f17ff
0x8f4717ff 0x873f17ff 0x7f3f17ff 0x873f17ff
0x8f4717ff 0x8f3f17ff 0x874717ff 0x8f4717ff
0x974f17ff 0x974f17ff 0x974f17ff 0x9f4f17ff
0x9f4f17ff 0x974f17ff 0x974f17ff 0x9f4f17ff
0x9f5717ff 0x9f5717ff 0x975717ff 0x974f17ff
0x974f17ff 0x9f5717ff 0x9f571fff 0x9f571fff
0x9f571fff 0x9f571fff 0x9f5717ff 0x9f5717ff
0x9f5717ff 0x9f5717ff 0x9f5717ff 0x974f17ff
0x8f4f17ff 0x8f4f1fff 0x97571fff 0xa75f1fff
0xa75f1fff 0x97571fff 0x8f4f1fff 0x8f4717ff
0x974f1fff 0x9f571fff 0x9f571fff 0x9f571fff
0x9f571fff 0x9f571fff 0x9f571fff 0x9f571fff
0x9f571fff 0x9f571fff 0x9f5717ff 0x974f17ff
0x974f17ff 0x975717ff 0x975717ff 0x9f5717ff
0x9f4f17ff 0x9f4f17ff 0x9f4f17ff 0x9f5717ff
0x975717ff 0x974f17ff 0x9f4f17ff 0x9f4f1fff
0x974f1fff 0x8f4717ff 0x8f4717ff 0x8f4717ff
0x873f17ff 0x7f3f17ff 0x7f3f17ff 0x8f4717ff
0x9f571fff 0xa75f1fff 0xa75f1fff 0xaf5f1fff
0xaf5f1fff 0xb7671fff 0xb7671fff 0xaf5f1fff
0x9f571fff 0x9f5f1fff 0xaf671fff 0xaf671fff
0xaf671fff 0xaf671fff 0xaf671fff 0xaf671fff
0xa75f1fff 0x9f571fff 0x8f4f1fff 0x7f4717ff
0x773f17ff 0x6f3717ff 0x6f3f17ff 0x773f17ff
0x7f3f17ff 0x874717ff 0x8f4717ff 0x974f17ff
0x974f17ff 0x8f4f17ff 0x874717ff 0x8f4717ff
0x974f17ff 0x974f17ff 0x974f17ff 0x974f17ff
0x8f4717ff 0x874717ff 0x7f3f17ff 0x773f17ff
0x773f17ff 0x773f17ff 0x7f4717ff 0x8f4717ff
0x8f4f17ff 0x8f4f17ff 0x874717ff 0x673717ff
0x5f3717ff 0x673717ff 0x6f3717ff 0x773f17ff
0x87471fff 0x8f4f1fff 0x975717ff 0x9f5717ff
0x9f571fff 0x97571fff 0x97571fff 0x97571fff
0x874f17ff 0x6f3717ff 0x5f2f17ff 0x673717ff
0x673717ff 0x5f2f17ff 0x6f3717ff 0x874f17ff
0x97571fff 0x97571fff 0x97571fff 0x9f571fff
0x9f5717ff 0x975717ff 0x8f4f1fff 0x87471fff
0x773f17ff 0x6f3717ff 0x673717ff 0x5f3717ff
0x673717ff 0x874717ff 0x8f4f17ff 0x8f4f17ff
0x8f4717ff 0x7f4717ff 0x773f17ff 0x773f17ff
0x773f17ff 0x7f3f17ff 0x874717ff 0x8f4717ff
0x974f17ff 0x974f17ff 0x974f17ff 0x974f17ff
0x8f4717ff 0x874717ff 0x8f4f17ff 0x974f17ff
0x974f17ff 0x8f4717ff 0x874717ff 0x7f3f17ff
0x773f17ff 0x6f3f17ff 0x6f3717ff 0x773f17ff
0x7f4717ff 0x8f4f1fff 0x9f571fff 0xa75f1fff
0xaf671fff 0xaf671fff 0xaf671fff 0xaf671fff
0xaf671fff 0xaf671fff 0x9f5f1fff 0x9f571fff
0xaf5f1fff 0xb7671fff 0xb7671fff 0xaf5f1fff
0xaf5f1fff 0xa75f1fff 0xa75f1fff 0x9f571fff
0x8f4717ff 0x7f3f17ff 0x7f3f17ff 0x873f17ff
0x8f4717ff 0x8f4717ff 0x8f4717ff 0x974f1fff
0x9f4f1fff 0x9f4f17ff 0x974f17ff 0x975717ff
0x9f5717ff 0x9f4f17ff 0x9f4f17ff 0x9f4f17ff
0x9f5717ff 0x975717ff 0x975717ff 0x974f17ff
0x974f17ff 0x9f5717ff 0x9f571fff 0x9f571fff
0x9f571fff 0x9f571fff 0x9f571fff 0x9f571fff
0x9f571fff 0x9f571fff 0x9f571fff 0x974f1fff
0x8f4717ff 0x8f4f1fff 0x97571fff 0xa75f1fff

}

textureTransform	TextureTransform {
translation	0 0
scale	2 2
}

}

geometry	DEF _2 IndexedFaceSet {
coord	Coordinate {
point	[ -1 -1 -1,
  -1 -1 -1,
  -1 -1 -1,
  -1 -1 1,
  -1 -1 1,
  -1 -1 1,
  1 -1 -1,
  1 -1 1,
  -1 1 -1,
  -1 1 -1,
  1 1 -1,
  1 1 1,
  -1 1 1,
  -1 1 1 ]
}

coordIndex	[ 6, 2, 5, 7, -1, 9, 1, 6,
  10, -1, 10, 6, 7, 11, -1, 11,
  7, 4, 13, -1, 8, 10, 11, 12,
  -1, 0, 8, 12, 3, -1 ]
colorPerVertex	FALSE
texCoord	TextureCoordinate {
point	[ 0.25 0.333,
  0 0.333,
  0 0.667,
  0.25 0.667,
  0.5 0,
  0.25 0,
  0.5 0.333,
  0.5 0.667,
  0.25 1,
  0.5 1,
  0.75 0.333,
  0.75 0.667,
  1 0.333,
  1 0.667 ]
}

ccw	FALSE
solid	TRUE
creaseAngle	0.698
normalIndex	[  ]
texCoordIndex	[ 0, 1, 2, 3, -1, 4, 5, 0,
  6, -1, 6, 0, 3, 7, -1, 7,
  3, 8, 9, -1, 10, 6, 7, 11,
  -1, 12, 10, 11, 13, -1 ]
}

}

translation	-5.43 10.9 -23.4
rotation	-0.774017 -0.447715 -0.447715  1.82
scale	6.06 0.525 10.2
}
DEF guitar Transform {
children	[
Shape {
appearance	Appearance {
material	DEF _3 Material {
ambientIntensity	0
diffuseColor	0 0 0
specularColor	0.29 0.3 0.29
emissiveColor	0 0 0
shininess	0.08
transparency	0
}

}

geometry	DEF _4 IndexedFaceSet {
coord	Coordinate {
point	[ 0.282 1.94 0,
  0.215 2.01 0,
  -0.255 2.08 0,
  -0.59 -2.95 0,
  0.349 -3.08 0,
  0.349 -3.08 0.0619,
  -0.59 -2.95 0.0619,
  -0.255 2.08 0.062,
  0.215 2.01 0.062,
  0.282 1.94 0.062,
  -1.01 -6.46 0.0422,
  -1.01 -6.11 0.0422,
  0.354 -6.46 0.0422,
  0.354 -6.11 0.0422,
  -1.01 -6.46 -0.323,
  0.354 -6.46 -0.323,
  0.354 -6.11 -0.323,
  -1.01 -6.11 -0.323,
  -0.411 3.83 0.0619,
  -0.97 3.94 0.0619,
  -0.299 2.26 0.0619,
  0.371 2.26 0.0619,
  0.818 2.71 0.0619,
  -0.299 3.83 0.0619,
  -0.411 3.83 0.525,
  -0.299 3.83 0.525,
  0.818 2.71 0.525,
  0.371 2.26 0.525,
  -0.299 2.26 0.525,
  -0.97 3.94 0.525,
  -0.842 -3.06 0.0619,
  0.479 -3.23 0.0619,
  0.479 -3.23 0.525,
  -0.842 -3.06 0.525,
  2.54 -1.79 0.0625,
  1.98 -1.79 0.0626,
  0.748 -3.27 0.0619,
  -0.928 -3.04 0.0619,
  -1.26 -2.04 0.0619,
  -1.93 -2.04 0.0619,
  -1.71 -4.72 0.0619,
  -2.27 -6.73 0.0619,
  -0.0338 -7.85 0.0619,
  1.31 -6.62 0.0619,
  1.08 -3.83 0.0619,
  2.54 -1.79 0.526,
  1.08 -3.83 0.525,
  1.31 -6.62 0.525,
  -0.0338 -7.85 0.525,
  -2.27 -6.73 0.525,
  -1.71 -4.72 0.525,
  -1.93 -2.04 0.525,
  -1.26 -2.04 0.525,
  -0.928 -3.04 0.525,
  0.748 -3.27 0.525,
  1.98 -1.79 0.526,
  0.349 -3.08 0.0619,
  -0.59 -2.95 0.0619,
  -0.255 2.08 0.062,
  0.215 2.01 0.062,
  0.282 1.94 0.062 ]
}

coordIndex	[ 11, 13, 12, 10, -1, 12, 15, 14,
  10, -1, 13, 16, 15, 12, -1, 11,
  17, 16, 13, -1, 16, 17, 14, 15,
  -1, 17, 11, 10, 14, -1 ]
colorPerVertex	FALSE
ccw	FALSE
convex	FALSE
solid	TRUE
creaseAngle	0.559
normalIndex	[  ]
texCoordIndex	[  ]
}

}
Shape {
appearance	Appearance {
material	USE _3

}

geometry	DEF _5 IndexedFaceSet {
coord	Coordinate {
point	[ 0.282 1.94 0,
  0.215 2.01 0,
  -0.255 2.08 0,
  -0.59 -2.95 0,
  0.349 -3.08 0,
  0.349 -3.08 0.0619,
  -0.59 -2.95 0.0619,
  -0.255 2.08 0.062,
  0.215 2.01 0.062,
  0.282 1.94 0.062,
  -1.01 -6.46 0.0422,
  -1.01 -6.11 0.0422,
  0.354 -6.46 0.0422,
  0.354 -6.11 0.0422,
  -1.01 -6.46 -0.323,
  0.354 -6.46 -0.323,
  0.354 -6.11 -0.323,
  -1.01 -6.11 -0.323,
  -0.411 3.83 0.0619,
  -0.97 3.94 0.0619,
  -0.299 2.26 0.0619,
  0.371 2.26 0.0619,
  0.818 2.71 0.0619,
  -0.299 3.83 0.0619,
  -0.411 3.83 0.525,
  -0.299 3.83 0.525,
  0.818 2.71 0.525,
  0.371 2.26 0.525,
  -0.299 2.26 0.525,
  -0.97 3.94 0.525,
  -0.842 -3.06 0.0619,
  0.479 -3.23 0.0619,
  0.479 -3.23 0.525,
  -0.842 -3.06 0.525,
  2.54 -1.79 0.0625,
  1.98 -1.79 0.0626,
  0.748 -3.27 0.0619,
  -0.928 -3.04 0.0619,
  -1.26 -2.04 0.0619,
  -1.93 -2.04 0.0619,
  -1.71 -4.72 0.0619,
  -2.27 -6.73 0.0619,
  -0.0338 -7.85 0.0619,
  1.31 -6.62 0.0619,
  1.08 -3.83 0.0619,
  2.54 -1.79 0.526,
  1.08 -3.83 0.525,
  1.31 -6.62 0.525,
  -0.0338 -7.85 0.525,
  -2.27 -6.73 0.525,
  -1.71 -4.72 0.525,
  -1.93 -2.04 0.525,
  -1.26 -2.04 0.525,
  -0.928 -3.04 0.525,
  0.748 -3.27 0.525,
  1.98 -1.79 0.526,
  0.349 -3.08 0.0619,
  -0.59 -2.95 0.0619,
  -0.255 2.08 0.062,
  0.215 2.01 0.062,
  0.282 1.94 0.062 ]
}

coordIndex	[ 23, 25, 24, 18, -1, 22, 26, 25,
  23, -1, 21, 27, 26, 22, -1, 27,
  21, 31, 32, -1, 19, 29, 28, 20,
  -1, 18, 24, 29, 19, -1, 20, 28,
  33, 30, -1, 36, 34, 35, -1, 44,
  34, 36, -1, 8, 21, 7, -1, 9,
  21, 8, -1, 5, 21, 9, -1, 31,
  21, 5, -1, 22, 23, 18, -1, 22,
  18, 19, -1, 21, 22, 19, -1, 20,
  21, 19, -1, 7, 21, 20, -1, 6,
  7, 20, -1, 30, 6, 20, -1, 5,
  6, 30, -1, 37, 38, 39, -1, 31,
  5, 30, -1, 31, 30, 37, -1, 36,
  31, 37, -1, 44, 36, 37, -1, 40,
  37, 39, -1, 40, 44, 37, -1, 43,
  44, 40, -1, 41, 43, 40, -1, 42,
  43, 41, -1, 44, 46, 45, 34, -1,
  43, 47, 46, 44, -1, 42, 48, 47,
  43, -1, 41, 49, 48, 42, -1, 40,
  50, 49, 41, -1, 39, 51, 50, 40,
  -1, 38, 52, 51, 39, -1, 37, 53,
  52, 38, -1, 53, 37, 30, 33, -1,
  35, 55, 54, 36, -1, 55, 35, 34,
  45, -1, 55, 45, 46, 47, 48, 49,
  50, 51, 52, 53, 33, 28, 29, 24,
  25, 26, 27, 32, 54, -1, 36, 54,
  32, 31, -1 ]
colorPerVertex	FALSE
ccw	FALSE
convex	FALSE
solid	TRUE
creaseAngle	0.559
normalIndex	[  ]
texCoordIndex	[  ]
}

}
Shape {
appearance	Appearance {
material	Material {
ambientIntensity	0.25
diffuseColor	1 0.85 0
specularColor	0.87 0.25 0.25
emissiveColor	0 0 0
shininess	1
transparency	0
}

}

geometry	DEF _6 IndexedFaceSet {
coord	Coordinate {
point	[ 0.282 1.94 0,
  0.215 2.01 0,
  -0.255 2.08 0,
  -0.59 -2.95 0,
  0.349 -3.08 0,
  0.349 -3.08 0.0619,
  -0.59 -2.95 0.0619,
  -0.255 2.08 0.062,
  0.215 2.01 0.062,
  0.282 1.94 0.062,
  -1.01 -6.46 0.0422,
  -1.01 -6.11 0.0422,
  0.354 -6.46 0.0422,
  0.354 -6.11 0.0422,
  -1.01 -6.46 -0.323,
  0.354 -6.46 -0.323,
  0.354 -6.11 -0.323,
  -1.01 -6.11 -0.323,
  -0.411 3.83 0.0619,
  -0.97 3.94 0.0619,
  -0.299 2.26 0.0619,
  0.371 2.26 0.0619,
  0.818 2.71 0.0619,
  -0.299 3.83 0.0619,
  -0.411 3.83 0.525,
  -0.299 3.83 0.525,
  0.818 2.71 0.525,
  0.371 2.26 0.525,
  -0.299 2.26 0.525,
  -0.97 3.94 0.525,
  -0.842 -3.06 0.0619,
  0.479 -3.23 0.0619,
  0.479 -3.23 0.525,
  -0.842 -3.06 0.525,
  2.54 -1.79 0.0625,
  1.98 -1.79 0.0626,
  0.748 -3.27 0.0619,
  -0.928 -3.04 0.0619,
  -1.26 -2.04 0.0619,
  -1.93 -2.04 0.0619,
  -1.71 -4.72 0.0619,
  -2.27 -6.73 0.0619,
  -0.0338 -7.85 0.0619,
  1.31 -6.62 0.0619,
  1.08 -3.83 0.0619,
  2.54 -1.79 0.526,
  1.08 -3.83 0.525,
  1.31 -6.62 0.525,
  -0.0338 -7.85 0.525,
  -2.27 -6.73 0.525,
  -1.71 -4.72 0.525,
  -1.93 -2.04 0.525,
  -1.26 -2.04 0.525,
  -0.928 -3.04 0.525,
  0.748 -3.27 0.525,
  1.98 -1.79 0.526,
  0.349 -3.08 0.0619,
  -0.59 -2.95 0.0619,
  -0.255 2.08 0.062,
  0.215 2.01 0.062,
  0.282 1.94 0.062 ]
}

coordIndex	[ 8, 1, 0, 9, -1, 7, 2, 1,
  8, -1, 6, 3, 2, 7, -1, 9,
  0, 4, 5, -1, 1, 2, 3, 4,
  0, -1, 5, 4, 3, 6, -1 ]
colorPerVertex	FALSE
ccw	FALSE
convex	FALSE
solid	TRUE
creaseAngle	0.559
normalIndex	[  ]
texCoordIndex	[  ]
}

}
]
translation	15 8.52 16.2
rotation	3.31274e-015 1 -2.42471e-015  0.524
}
DEF bed Transform {
children	[
Shape {
appearance	Appearance {
material	Material {
ambientIntensity	0.48
diffuseColor	0.941 0.573 0.71
specularColor	0 0 0
emissiveColor	0 0 0
shininess	0.45
transparency	0
}

}

geometry	DEF _7 IndexedFaceSet {
coord	Coordinate {
point	[ 1 -1 -1,
  1 -1 1,
  -1 1 -1,
  1 1 -1,
  1 1 1,
  -1 1 1,
  -0.854 -0.824 -1,
  -0.867 -0.873 -1,
  -0.886 -0.906 -1,
  -0.908 -0.917 -1,
  -0.93 -0.906 -1,
  -0.949 -0.873 -1,
  -0.961 -0.824 -1,
  -0.966 -0.767 -1,
  -0.961 -0.709 -1,
  -0.949 -0.66 -1,
  -0.93 -0.628 -1,
  -0.908 -0.616 -1,
  -0.886 -0.628 -1,
  -0.867 -0.66 -1,
  -0.854 -0.709 -1,
  -0.85 -0.767 -1,
  -0.85 -0.767 -1.45,
  -0.854 -0.709 -1.45,
  -0.867 -0.66 -1.45,
  -0.886 -0.628 -1.45,
  -0.908 -0.616 -1.45,
  -0.93 -0.628 -1.45,
  -0.949 -0.66 -1.45,
  -0.961 -0.709 -1.45,
  -0.966 -0.767 -1.45,
  -0.961 -0.824 -1.45,
  -0.949 -0.873 -1.45,
  -0.93 -0.906 -1.45,
  -0.908 -0.917 -1.45,
  -0.886 -0.906 -1.45,
  -0.867 -0.873 -1.45,
  -0.854 -0.824 -1.45,
  -0.851 0.638 -1,
  -0.863 0.589 -1,
  -0.882 0.557 -1,
  -0.904 0.545 -1,
  -0.926 0.557 -1,
  -0.945 0.589 -1,
  -0.958 0.638 -1,
  -0.962 0.696 -1,
  -0.958 0.753 -1,
  -0.945 0.802 -1,
  -0.926 0.835 -1,
  -0.904 0.846 -1,
  -0.882 0.835 -1,
  -0.863 0.802 -1,
  -0.851 0.753 -1,
  -0.846 0.696 -1,
  -0.846 0.696 -1.45,
  -0.851 0.753 -1.45,
  -0.863 0.802 -1.45,
  -0.882 0.835 -1.45,
  -0.904 0.846 -1.45,
  -0.926 0.835 -1.45,
  -0.945 0.802 -1.45,
  -0.958 0.753 -1.45,
  -0.962 0.696 -1.45,
  -0.958 0.638 -1.45,
  -0.945 0.589 -1.45,
  -0.926 0.557 -1.45,
  -0.904 0.545 -1.45,
  -0.882 0.557 -1.45,
  -0.863 0.589 -1.45,
  -0.851 0.638 -1.45,
  0.945 0.619 -1,
  0.932 0.57 -1,
  0.913 0.538 -1,
  0.891 0.526 -1,
  0.869 0.538 -1,
  0.85 0.57 -1,
  0.837 0.619 -1,
  0.833 0.677 -1,
  0.837 0.734 -1,
  0.85 0.783 -1,
  0.869 0.816 -1,
  0.891 0.827 -1,
  0.913 0.816 -1,
  0.932 0.783 -1,
  0.945 0.734 -1,
  0.949 0.677 -1,
  0.949 0.677 -1.45,
  0.945 0.734 -1.45,
  0.932 0.783 -1.45,
  0.913 0.816 -1.45,
  0.891 0.827 -1.45,
  0.869 0.816 -1.45,
  0.85 0.783 -1.45,
  0.837 0.734 -1.45,
  0.833 0.677 -1.45,
  0.837 0.619 -1.45,
  0.85 0.57 -1.45,
  0.869 0.538 -1.45,
  0.891 0.526 -1.45,
  0.913 0.538 -1.45,
  0.932 0.57 -1.45,
  0.945 0.619 -1.45,
  0.937 -0.777 -1,
  0.925 -0.826 -1,
  0.906 -0.858 -1,
  0.884 -0.87 -1,
  0.862 -0.858 -1,
  0.843 -0.826 -1,
  0.83 -0.777 -1,
  0.826 -0.719 -1,
  0.83 -0.662 -1,
  0.843 -0.613 -1,
  0.862 -0.58 -1,
  0.884 -0.569 -1,
  0.906 -0.58 -1,
  0.925 -0.613 -1,
  0.937 -0.662 -1,
  0.942 -0.719 -1,
  0.942 -0.719 -1.45,
  0.937 -0.662 -1.45,
  0.925 -0.613 -1.45,
  0.906 -0.58 -1.45,
  0.884 -0.569 -1.45,
  0.862 -0.58 -1.45,
  0.843 -0.613 -1.45,
  0.83 -0.662 -1.45,
  0.826 -0.719 -1.45,
  0.83 -0.777 -1.45,
  0.843 -0.826 -1.45,
  0.862 -0.858 -1.45,
  0.884 -0.87 -1.45,
  0.906 -0.858 -1.45,
  0.925 -0.826 -1.45,
  0.937 -0.777 -1.45,
  -1 0.988 1,
  -1 0.988 -1,
  -0.998 -1 -1,
  -0.998 -1 1,
  -0.998 0.988 -1,
  -0.998 0.988 1,
  -1.04 -1.01 -1.02,
  -1.04 -1.01 3.39,
  -0.998 -1.01 -1.02,
  -0.998 -1.01 3.39,
  -1.04 0.988 -1.02,
  -0.998 0.988 -1.02,
  -0.998 0.988 3.39,
  -1.04 0.988 3.39,
  -1.04 -0.178 3.39,
  -1.04 0.11 3.39,
  -0.998 -0.178 3.39,
  -0.998 0.11 3.39,
  -1.04 -0.185 3.3,
  -0.998 -0.185 3.3,
  -1.04 -0.173 3.13,
  -0.998 -0.173 3.13,
  -1.04 -0.141 2.99,
  -0.998 -0.141 2.99,
  -1.04 -0.0919 2.89,
  -0.998 -0.0919 2.89,
  -1.04 -0.0343 2.86,
  -0.998 -0.0343 2.86,
  -1.04 0.0233 2.89,
  -0.998 0.0233 2.89,
  -1.04 0.0721 2.99,
  -0.998 0.0721 2.99,
  -1.04 0.105 3.13,
  -0.998 0.105 3.13,
  -1.04 0.116 3.3,
  -0.998 0.116 3.3,
  -1 0.988 1,
  -1 0.988 -1,
  -0.998 -1 -1,
  -0.998 -1 1,
  -0.998 0.988 -1,
  -0.998 0.988 1 ]
}

coordIndex	[ 4, 5, 2, 3, -1, 134, 5, 4,
  1, 137, 139, -1 ]
colorPerVertex	FALSE
ccw	FALSE
convex	FALSE
solid	TRUE
creaseAngle	0.559
normalIndex	[  ]
texCoordIndex	[  ]
}

}
Shape {
appearance	Appearance {
material	Material {
ambientIntensity	0.1
diffuseColor	0.824 0.824 0.824
specularColor	0.1 0.1 0.1
emissiveColor	0 0 0
shininess	0
transparency	0
}

}

geometry	DEF _8 IndexedFaceSet {
coord	Coordinate {
point	[ 1 -1 -1,
  1 -1 1,
  -1 1 -1,
  1 1 -1,
  1 1 1,
  -1 1 1,
  -0.854 -0.824 -1,
  -0.867 -0.873 -1,
  -0.886 -0.906 -1,
  -0.908 -0.917 -1,
  -0.93 -0.906 -1,
  -0.949 -0.873 -1,
  -0.961 -0.824 -1,
  -0.966 -0.767 -1,
  -0.961 -0.709 -1,
  -0.949 -0.66 -1,
  -0.93 -0.628 -1,
  -0.908 -0.616 -1,
  -0.886 -0.628 -1,
  -0.867 -0.66 -1,
  -0.854 -0.709 -1,
  -0.85 -0.767 -1,
  -0.85 -0.767 -1.45,
  -0.854 -0.709 -1.45,
  -0.867 -0.66 -1.45,
  -0.886 -0.628 -1.45,
  -0.908 -0.616 -1.45,
  -0.93 -0.628 -1.45,
  -0.949 -0.66 -1.45,
  -0.961 -0.709 -1.45,
  -0.966 -0.767 -1.45,
  -0.961 -0.824 -1.45,
  -0.949 -0.873 -1.45,
  -0.93 -0.906 -1.45,
  -0.908 -0.917 -1.45,
  -0.886 -0.906 -1.45,
  -0.867 -0.873 -1.45,
  -0.854 -0.824 -1.45,
  -0.851 0.638 -1,
  -0.863 0.589 -1,
  -0.882 0.557 -1,
  -0.904 0.545 -1,
  -0.926 0.557 -1,
  -0.945 0.589 -1,
  -0.958 0.638 -1,
  -0.962 0.696 -1,
  -0.958 0.753 -1,
  -0.945 0.802 -1,
  -0.926 0.835 -1,
  -0.904 0.846 -1,
  -0.882 0.835 -1,
  -0.863 0.802 -1,
  -0.851 0.753 -1,
  -0.846 0.696 -1,
  -0.846 0.696 -1.45,
  -0.851 0.753 -1.45,
  -0.863 0.802 -1.45,
  -0.882 0.835 -1.45,
  -0.904 0.846 -1.45,
  -0.926 0.835 -1.45,
  -0.945 0.802 -1.45,
  -0.958 0.753 -1.45,
  -0.962 0.696 -1.45,
  -0.958 0.638 -1.45,
  -0.945 0.589 -1.45,
  -0.926 0.557 -1.45,
  -0.904 0.545 -1.45,
  -0.882 0.557 -1.45,
  -0.863 0.589 -1.45,
  -0.851 0.638 -1.45,
  0.945 0.619 -1,
  0.932 0.57 -1,
  0.913 0.538 -1,
  0.891 0.526 -1,
  0.869 0.538 -1,
  0.85 0.57 -1,
  0.837 0.619 -1,
  0.833 0.677 -1,
  0.837 0.734 -1,
  0.85 0.783 -1,
  0.869 0.816 -1,
  0.891 0.827 -1,
  0.913 0.816 -1,
  0.932 0.783 -1,
  0.945 0.734 -1,
  0.949 0.677 -1,
  0.949 0.677 -1.45,
  0.945 0.734 -1.45,
  0.932 0.783 -1.45,
  0.913 0.816 -1.45,
  0.891 0.827 -1.45,
  0.869 0.816 -1.45,
  0.85 0.783 -1.45,
  0.837 0.734 -1.45,
  0.833 0.677 -1.45,
  0.837 0.619 -1.45,
  0.85 0.57 -1.45,
  0.869 0.538 -1.45,
  0.891 0.526 -1.45,
  0.913 0.538 -1.45,
  0.932 0.57 -1.45,
  0.945 0.619 -1.45,
  0.937 -0.777 -1,
  0.925 -0.826 -1,
  0.906 -0.858 -1,
  0.884 -0.87 -1,
  0.862 -0.858 -1,
  0.843 -0.826 -1,
  0.83 -0.777 -1,
  0.826 -0.719 -1,
  0.83 -0.662 -1,
  0.843 -0.613 -1,
  0.862 -0.58 -1,
  0.884 -0.569 -1,
  0.906 -0.58 -1,
  0.925 -0.613 -1,
  0.937 -0.662 -1,
  0.942 -0.719 -1,
  0.942 -0.719 -1.45,
  0.937 -0.662 -1.45,
  0.925 -0.613 -1.45,
  0.906 -0.58 -1.45,
  0.884 -0.569 -1.45,
  0.862 -0.58 -1.45,
  0.843 -0.613 -1.45,
  0.83 -0.662 -1.45,
  0.826 -0.719 -1.45,
  0.83 -0.777 -1.45,
  0.843 -0.826 -1.45,
  0.862 -0.858 -1.45,
  0.884 -0.87 -1.45,
  0.906 -0.858 -1.45,
  0.925 -0.826 -1.45,
  0.937 -0.777 -1.45,
  -1 0.988 1,
  -1 0.988 -1,
  -0.998 -1 -1,
  -0.998 -1 1,
  -0.998 0.988 -1,
  -0.998 0.988 1,
  -1.04 -1.01 -1.02,
  -1.04 -1.01 3.39,
  -0.998 -1.01 -1.02,
  -0.998 -1.01 3.39,
  -1.04 0.988 -1.02,
  -0.998 0.988 -1.02,
  -0.998 0.988 3.39,
  -1.04 0.988 3.39,
  -1.04 -0.178 3.39,
  -1.04 0.11 3.39,
  -0.998 -0.178 3.39,
  -0.998 0.11 3.39,
  -1.04 -0.185 3.3,
  -0.998 -0.185 3.3,
  -1.04 -0.173 3.13,
  -0.998 -0.173 3.13,
  -1.04 -0.141 2.99,
  -0.998 -0.141 2.99,
  -1.04 -0.0919 2.89,
  -0.998 -0.0919 2.89,
  -1.04 -0.0343 2.86,
  -0.998 -0.0343 2.86,
  -1.04 0.0233 2.89,
  -0.998 0.0233 2.89,
  -1.04 0.0721 2.99,
  -0.998 0.0721 2.99,
  -1.04 0.105 3.13,
  -0.998 0.105 3.13,
  -1.04 0.116 3.3,
  -0.998 0.116 3.3,
  -1 0.988 1,
  -1 0.988 -1,
  -0.998 -1 -1,
  -0.998 -1 1,
  -0.998 0.988 -1,
  -0.998 0.988 1 ]
}

coordIndex	[ 1, 4, 3, 0, -1, 31, 30, 13,
  12, -1, 22, 37, 6, 21, -1, 37,
  36, 7, 6, -1, 36, 35, 8, 7,
  -1, 35, 34, 9, 8, -1, 34, 33,
  10, 9, -1, 33, 32, 11, 10, -1,
  32, 31, 12, 11, -1, 23, 22, 21,
  20, -1, 24, 23, 20, 19, -1, 25,
  24, 19, 18, -1, 26, 25, 18, 17,
  -1, 27, 26, 17, 16, -1, 28, 27,
  16, 15, -1, 29, 28, 15, 14, -1,
  30, 29, 14, 13, -1, 24, 25, 26,
  27, 28, 29, 30, 31, 32, 33, 34,
  35, 36, 37, 22, 23, -1, 54, 69,
  38, 53, -1, 69, 68, 39, 38, -1,
  68, 67, 40, 39, -1, 67, 66, 41,
  40, -1, 66, 65, 42, 41, -1, 65,
  64, 43, 42, -1, 64, 63, 44, 43,
  -1, 63, 62, 45, 44, -1, 55, 54,
  53, 52, -1, 56, 55, 52, 51, -1,
  57, 56, 51, 50, -1, 58, 57, 50,
  49, -1, 59, 58, 49, 48, -1, 60,
  59, 48, 47, -1, 61, 60, 47, 46,
  -1, 62, 61, 46, 45, -1, 56, 57,
  58, 59, 60, 61, 62, 63, 64, 65,
  66, 67, 68, 69, 54, 55, -1, 86,
  101, 70, 85, -1, 101, 100, 71, 70,
  -1, 100, 99, 72, 71, -1, 99, 98,
  73, 72, -1, 98, 97, 74, 73, -1,
  97, 96, 75, 74, -1, 96, 95, 76,
  75, -1, 95, 94, 77, 76, -1, 87,
  86, 85, 84, -1, 88, 87, 84, 83,
  -1, 89, 88, 83, 82, -1, 90, 89,
  82, 81, -1, 91, 90, 81, 80, -1,
  92, 91, 80, 79, -1, 93, 92, 79,
  78, -1, 94, 93, 78, 77, -1, 88,
  89, 90, 91, 92, 93, 94, 95, 96,
  97, 98, 99, 100, 101, 86, 87, -1,
  118, 133, 102, 117, -1, 133, 132, 103,
  102, -1, 132, 131, 104, 103, -1, 131,
  130, 105, 104, -1, 130, 129, 106, 105,
  -1, 129, 128, 107, 106, -1, 128, 127,
  108, 107, -1, 127, 126, 109, 108, -1,
  119, 118, 117, 116, -1, 120, 119, 116,
  115, -1, 121, 120, 115, 114, -1, 122,
  121, 114, 113, -1, 123, 122, 113, 112,
  -1, 124, 123, 112, 111, -1, 125, 124,
  111, 110, -1, 126, 125, 110, 109, -1,
  120, 121, 122, 123, 124, 125, 126, 127,
  128, 129, 130, 131, 132, 133, 118, 119,
  -1, 135, 3, 2, -1, 138, 3, 135,
  -1, 49, 3, 138, -1, 50, 3, 49,
  -1, 81, 3, 50, -1, 82, 3, 81,
  -1, 83, 3, 82, -1, 84, 3, 83,
  -1, 85, 3, 84, -1, 70, 3, 85,
  -1, 113, 72, 73, -1, 113, 71, 72,
  -1, 113, 70, 71, -1, 113, 3, 70,
  -1, 114, 3, 113, -1, 115, 3, 114,
  -1, 116, 3, 115, -1, 117, 3, 116,
  -1, 8, 105, 7, -1, 9, 105, 8,
  -1, 0, 3, 117, -1, 0, 117, 102,
  -1, 0, 102, 103, -1, 0, 103, 104,
  -1, 0, 104, 105, -1, 0, 105, 9,
  -1, 136, 0, 9, -1, 80, 81, 50,
  -1, 51, 80, 50, -1, 79, 80, 51,
  -1, 52, 79, 51, -1, 78, 79, 52,
  -1, 53, 78, 52, -1, 77, 78, 53,
  -1, 38, 77, 53, -1, 76, 77, 38,
  -1, 39, 76, 38, -1, 75, 76, 39,
  -1, 40, 75, 39, -1, 41, 75, 40,
  -1, 74, 75, 41, -1, 48, 49, 138,
  -1, 47, 48, 138, -1, 46, 47, 138,
  -1, 45, 46, 138, -1, 44, 45, 138,
  -1, 73, 74, 41, -1, 113, 73, 41,
  -1, 113, 41, 42, -1, 112, 113, 42,
  -1, 111, 112, 42, -1, 17, 111, 42,
  -1, 17, 42, 43, -1, 17, 43, 44,
  -1, 17, 44, 138, -1, 16, 17, 138,
  -1, 15, 16, 138, -1, 14, 15, 138,
  -1, 13, 14, 138, -1, 136, 13, 138,
  -1, 136, 12, 13, -1, 136, 11, 12,
  -1, 136, 10, 11, -1, 136, 9, 10,
  -1, 18, 111, 17, -1, 19, 111, 18,
  -1, 110, 111, 19, -1, 20, 110, 19,
  -1, 109, 110, 20, -1, 21, 109, 20,
  -1, 108, 109, 21, -1, 6, 108, 21,
  -1, 107, 108, 6, -1, 106, 107, 6,
  -1, 105, 106, 6, -1, 7, 105, 6,
  -1, 135, 2, 5, 134, -1, 137, 1,
  0, 136, -1, 141, 143, 142, 140, -1,
  142, 145, 144, 140, -1, 147, 146, 151,
  149, -1, 143, 141, 148, 150, -1, 166,
  164, 162, 160, 158, 156, 154, 152, 148,
  141, 140, 144, 147, 149, 168, -1, 137,
  136, 138, 145, 142, 143, 150, 153, 155,
  157, 159, 161, 163, 165, 167, 169, 151,
  146, 139, -1, 166, 167, 165, 164, -1,
  164, 165, 163, 162, -1, 162, 163, 161,
  160, -1, 160, 161, 159, 158, -1, 156,
  157, 155, 154, -1, 158, 159, 157, 156,
  -1, 154, 155, 153, 152, -1, 149, 151,
  169, 168, -1, 152, 153, 150, 148, -1,
  168, 169, 167, 166, -1, 139, 146, 147,
  144, 145, 138, 135, 134, -1 ]
colorPerVertex	FALSE
ccw	FALSE
convex	FALSE
solid	TRUE
creaseAngle	0.559
normalIndex	[  ]
texCoordIndex	[  ]
}

}
]
translation	-2.31 3.23 12.7
rotation	-1 0 0  1.57
scale	13.8 4.89 1.7
}
DEF Sphere Transform {
children	Shape {
appearance	Appearance {
material	Material {
ambientIntensity	0.454545
diffuseColor	0.44 0.33 0.33
specularColor	0.65 0.17 0.13
emissiveColor	0 0 0
shininess	0.04
transparency	0
}

}

geometry	DEF _9 IndexedFaceSet {
coord	Coordinate {
point	[ 0 0 1,
  0 0 -1,
  0.383 0 0.924,
  0.354 0.146 0.924,
  0.271 0.271 0.924,
  0.146 0.354 0.924,
  -3.96e-014 0.383 0.924,
  -0.146 0.354 0.924,
  -0.271 0.271 0.924,
  -0.354 0.146 0.924,
  -0.383 -7.91e-014 0.924,
  -0.354 -0.146 0.924,
  -0.271 -0.271 0.924,
  -0.146 -0.354 0.924,
  1.19e-013 -0.383 0.924,
  0.146 -0.354 0.924,
  0.271 -0.271 0.924,
  0.354 -0.146 0.924,
  0.707 0 0.707,
  0.653 0.271 0.707,
  0.5 0.5 0.707,
  0.271 0.653 0.707,
  -7.31e-014 0.707 0.707,
  -0.271 0.653 0.707,
  -0.5 0.5 0.707,
  -0.653 0.271 0.707,
  -0.707 -1.46e-013 0.707,
  -0.653 -0.271 0.707,
  -0.5 -0.5 0.707,
  -0.271 -0.653 0.707,
  2.2e-013 -0.707 0.707,
  0.271 -0.653 0.707,
  0.5 -0.5 0.707,
  0.653 -0.271 0.707,
  0.924 0 0.383,
  0.854 0.354 0.383,
  0.653 0.653 0.383,
  0.354 0.854 0.383,
  -9.55e-014 0.924 0.383,
  -0.354 0.854 0.383,
  -0.653 0.653 0.383,
  -0.854 0.354 0.383,
  -0.924 -1.91e-013 0.383,
  -0.854 -0.354 0.383,
  -0.653 -0.653 0.383,
  -0.354 -0.854 0.383,
  2.87e-013 -0.924 0.383,
  0.354 -0.854 0.383,
  0.653 -0.653 0.383,
  0.854 -0.354 0.383,
  1 0 -1.03e-013,
  0.924 0.383 -1.03e-013,
  0.707 0.707 -1.03e-013,
  0.383 0.924 -1.03e-013,
  -1.03e-013 1 -1.03e-013,
  -0.383 0.924 -1.03e-013,
  -0.707 0.707 -1.03e-013,
  -0.924 0.383 -1.03e-013,
  -1 -2.07e-013 -1.03e-013,
  -0.924 -0.383 -1.03e-013,
  -0.707 -0.707 -1.03e-013,
  -0.383 -0.924 -1.03e-013,
  3.11e-013 -1 -1.03e-013,
  0.383 -0.924 -1.03e-013,
  0.707 -0.707 -1.03e-013,
  0.924 -0.383 -1.03e-013,
  0.924 0 -0.383,
  0.854 0.354 -0.383,
  0.653 0.653 -0.383,
  0.354 0.854 -0.383,
  -9.55e-014 0.924 -0.383,
  -0.354 0.854 -0.383,
  -0.653 0.653 -0.383,
  -0.854 0.354 -0.383,
  -0.924 -1.91e-013 -0.383,
  -0.854 -0.354 -0.383,
  -0.653 -0.653 -0.383,
  -0.354 -0.854 -0.383,
  2.87e-013 -0.924 -0.383,
  0.354 -0.854 -0.383,
  0.653 -0.653 -0.383,
  0.854 -0.354 -0.383,
  0.707 0 -0.707,
  0.653 0.271 -0.707,
  0.5 0.5 -0.707,
  0.271 0.653 -0.707,
  -7.31e-014 0.707 -0.707,
  -0.271 0.653 -0.707,
  -0.5 0.5 -0.707,
  -0.653 0.271 -0.707,
  -0.707 -1.46e-013 -0.707,
  -0.653 -0.271 -0.707,
  -0.5 -0.5 -0.707,
  -0.271 -0.653 -0.707,
  2.2e-013 -0.707 -0.707,
  0.271 -0.653 -0.707,
  0.5 -0.5 -0.707,
  0.653 -0.271 -0.707,
  0.383 0 -0.924,
  0.354 0.146 -0.924,
  0.271 0.271 -0.924,
  0.146 0.354 -0.924,
  -3.96e-014 0.383 -0.924,
  -0.146 0.354 -0.924,
  -0.271 0.271 -0.924,
  -0.354 0.146 -0.924,
  -0.383 -7.91e-014 -0.924,
  -0.354 -0.146 -0.924,
  -0.271 -0.271 -0.924,
  -0.146 -0.354 -0.924,
  1.19e-013 -0.383 -0.924,
  0.146 -0.354 -0.924,
  0.271 -0.271 -0.924,
  0.354 -0.146 -0.924 ]
}

coordIndex	[ 0, 3, 2, -1, 0, 4, 3, -1,
  0, 5, 4, -1, 0, 6, 5, -1,
  0, 7, 6, -1, 0, 8, 7, -1,
  0, 9, 8, -1, 0, 10, 9, -1,
  0, 11, 10, -1, 0, 12, 11, -1,
  0, 13, 12, -1, 0, 14, 13, -1,
  0, 15, 14, -1, 0, 16, 15, -1,
  0, 17, 16, -1, 0, 2, 17, -1,
  2, 3, 19, 18, -1, 3, 4, 20,
  19, -1, 4, 5, 21, 20, -1, 5,
  6, 22, 21, -1, 6, 7, 23, 22,
  -1, 7, 8, 24, 23, -1, 8, 9,
  25, 24, -1, 9, 10, 26, 25, -1,
  10, 11, 27, 26, -1, 11, 12, 28,
  27, -1, 12, 13, 29, 28, -1, 13,
  14, 30, 29, -1, 14, 15, 31, 30,
  -1, 15, 16, 32, 31, -1, 16, 17,
  33, 32, -1, 17, 2, 18, 33, -1,
  18, 19, 35, 34, -1, 19, 20, 36,
  35, -1, 20, 21, 37, 36, -1, 21,
  22, 38, 37, -1, 22, 23, 39, 38,
  -1, 23, 24, 40, 39, -1, 24, 25,
  41, 40, -1, 25, 26, 42, 41, -1,
  26, 27, 43, 42, -1, 27, 28, 44,
  43, -1, 28, 29, 45, 44, -1, 29,
  30, 46, 45, -1, 30, 31, 47, 46,
  -1, 31, 32, 48, 47, -1, 32, 33,
  49, 48, -1, 33, 18, 34, 49, -1,
  34, 35, 51, 50, -1, 35, 36, 52,
  51, -1, 36, 37, 53, 52, -1, 37,
  38, 54, 53, -1, 38, 39, 55, 54,
  -1, 39, 40, 56, 55, -1, 40, 41,
  57, 56, -1, 41, 42, 58, 57, -1,
  42, 43, 59, 58, -1, 43, 44, 60,
  59, -1, 44, 45, 61, 60, -1, 45,
  46, 62, 61, -1, 46, 47, 63, 62,
  -1, 47, 48, 64, 63, -1, 48, 49,
  65, 64, -1, 49, 34, 50, 65, -1,
  50, 51, 67, 66, -1, 51, 52, 68,
  67, -1, 52, 53, 69, 68, -1, 53,
  54, 70, 69, -1, 54, 55, 71, 70,
  -1, 55, 56, 72, 71, -1, 56, 57,
  73, 72, -1, 57, 58, 74, 73, -1,
  58, 59, 75, 74, -1, 59, 60, 76,
  75, -1, 60, 61, 77, 76, -1, 61,
  62, 78, 77, -1, 62, 63, 79, 78,
  -1, 63, 64, 80, 79, -1, 64, 65,
  81, 80, -1, 65, 50, 66, 81, -1,
  66, 67, 83, 82, -1, 67, 68, 84,
  83, -1, 68, 69, 85, 84, -1, 69,
  70, 86, 85, -1, 70, 71, 87, 86,
  -1, 71, 72, 88, 87, -1, 72, 73,
  89, 88, -1, 73, 74, 90, 89, -1,
  74, 75, 91, 90, -1, 75, 76, 92,
  91, -1, 76, 77, 93, 92, -1, 77,
  78, 94, 93, -1, 78, 79, 95, 94,
  -1, 79, 80, 96, 95, -1, 80, 81,
  97, 96, -1, 81, 66, 82, 97, -1,
  82, 83, 99, 98, -1, 83, 84, 100,
  99, -1, 84, 85, 101, 100, -1, 85,
  86, 102, 101, -1, 86, 87, 103, 102,
  -1, 87, 88, 104, 103, -1, 88, 89,
  105, 104, -1, 89, 90, 106, 105, -1,
  90, 91, 107, 106, -1, 91, 92, 108,
  107, -1, 92, 93, 109, 108, -1, 93,
  94, 110, 109, -1, 94, 95, 111, 110,
  -1, 95, 96, 112, 111, -1, 96, 97,
  113, 112, -1, 97, 82, 98, 113, -1,
  98, 99, 1, -1, 99, 100, 1, -1,
  100, 101, 1, -1, 101, 102, 1, -1,
  102, 103, 1, -1, 103, 104, 1, -1,
  104, 105, 1, -1, 105, 106, 1, -1,
  106, 107, 1, -1, 107, 108, 1, -1,
  108, 109, 1, -1, 109, 110, 1, -1,
  110, 111, 1, -1, 111, 112, 1, -1,
  112, 113, 1, -1, 113, 98, 1, -1 ]
colorPerVertex	FALSE
ccw	FALSE
solid	TRUE
creaseAngle	0.559
normalIndex	[  ]
texCoordIndex	[  ]
}

}

translation	-14.4 5.38 12.6
rotation	-1 0 0  1.57
scale	1.98 3.71 0.619
}
DEF monitor Transform {
children	Shape {
appearance	Appearance {
material	Material {
ambientIntensity	0.13
diffuseColor	0.867 0.871 0.816
specularColor	0.13 0.13 0.13
emissiveColor	0 0 0
shininess	0
transparency	0
}

}

geometry	DEF _10 IndexedFaceSet {
coord	Coordinate {
point	[ 0.707 0 0.707,
  0.653 0.271 0.707,
  0.5 0.5 0.707,
  0.271 0.653 0.707,
  -7.31e-014 0.707 0.707,
  -0.271 0.653 0.707,
  -0.5 0.5 0.707,
  -0.653 0.271 0.707,
  -0.707 -1.46e-013 0.707,
  -0.653 -0.271 0.707,
  -0.5 -0.5 0.707,
  -0.271 -0.653 0.707,
  2.2e-013 -0.707 0.707,
  0.271 -0.653 0.707,
  0.5 -0.5 0.707,
  0.653 -0.271 0.707,
  0.802 -0.332 0.466,
  0.614 -0.614 0.466,
  0.332 -0.802 0.466,
  2.7e-013 -0.868 0.466,
  -0.332 -0.802 0.466,
  -0.614 -0.614 0.466,
  -0.802 -0.332 0.466,
  -0.868 -1.8e-013 0.466,
  -0.802 0.332 0.466,
  -0.614 0.614 0.466,
  -0.332 0.802 0.466,
  -8.98e-014 0.868 0.466,
  0.332 0.802 0.466,
  0.614 0.614 0.466,
  0.868 0 0.466,
  0.802 0.332 0.466,
  0.427 -0.177 0.871,
  0.327 -0.327 0.871,
  0.177 -0.427 0.871,
  1.44e-013 -0.462 0.871,
  -0.177 -0.427 0.871,
  -0.327 -0.327 0.871,
  -0.427 -0.177 0.871,
  -0.462 -9.56e-014 0.871,
  -0.427 0.177 0.871,
  -0.327 0.327 0.871,
  -0.177 0.427 0.871,
  -4.78e-014 0.462 0.871,
  0.177 0.427 0.871,
  0.327 0.327 0.871,
  0.462 0 0.871,
  0.427 0.177 0.871,
  -1.28 -1.52 0.871,
  -1.28 -1.52 6,
  1.29 -1.52 0.871,
  1.29 -1.52 5.05,
  -1.28 1.45 0.871,
  1.29 1.45 0.871,
  1.29 1.45 5.05,
  -1.28 1.45 6,
  -1.28 1.3 5.63,
  -1.28 1.3 1.89,
  -1.28 -1.33 5.63,
  -1.28 -1.33 1.89,
  -1.1 -1.33 1.89,
  -1.1 -1.33 5.63,
  -1.1 1.3 1.89,
  -1.1 1.3 5.63,
  -1.28 -1.33 1.89,
  -1.28 -1.33 5.63,
  -1.28 1.3 1.89,
  -1.28 1.3 5.63 ]
}

coordIndex	[ 47, 1, 0, 46, -1, 45, 2, 1,
  47, -1, 44, 3, 2, 45, -1, 43,
  4, 3, 44, -1, 42, 5, 4, 43,
  -1, 41, 6, 5, 42, -1, 40, 7,
  6, 41, -1, 39, 8, 7, 40, -1,
  8, 9, 22, 23, -1, 9, 10, 21,
  22, -1, 10, 11, 20, 21, -1, 11,
  12, 19, 20, -1, 12, 13, 18, 19,
  -1, 13, 14, 17, 18, -1, 14, 15,
  16, 17, -1, 15, 0, 30, 16, -1,
  7, 8, 23, 24, -1, 6, 7, 24,
  25, -1, 4, 5, 26, 27, -1, 5,
  6, 25, 26, -1, 3, 4, 27, 28,
  -1, 2, 3, 28, 29, -1, 0, 1,
  31, 30, -1, 1, 2, 29, 31, -1,
  29, 28, 27, 26, 25, 24, 23, 22,
  21, 20, 19, 18, 17, 16, 30, 31,
  -1, 38, 9, 8, 39, -1, 37, 10,
  9, 38, -1, 36, 11, 10, 37, -1,
  34, 13, 12, 35, -1, 35, 12, 11,
  36, -1, 33, 14, 13, 34, -1, 32,
  15, 14, 33, -1, 46, 0, 15, 32,
  -1, 48, 49, 51, 50, -1, 44, 53,
  43, -1, 45, 53, 44, -1, 47, 53,
  45, -1, 46, 53, 47, -1, 32, 53,
  46, -1, 50, 53, 32, -1, 50, 32,
  33, -1, 50, 33, 34, -1, 50, 34,
  35, -1, 48, 50, 35, -1, 43, 53,
  52, -1, 42, 43, 52, -1, 41, 42,
  52, -1, 40, 41, 52, -1, 39, 40,
  52, -1, 38, 39, 52, -1, 48, 38,
  52, -1, 48, 37, 38, -1, 48, 36,
  37, -1, 48, 35, 36, -1, 50, 51,
  54, 53, -1, 51, 49, 55, 54, -1,
  53, 54, 55, 52, -1, 57, 55, 56,
  -1, 52, 55, 57, -1, 52, 57, 59,
  -1, 48, 52, 59, -1, 56, 55, 49,
  -1, 58, 56, 49, -1, 59, 58, 49,
  -1, 48, 59, 49, -1, 62, 60, 59,
  57, -1, 63, 61, 60, 62, -1, 63,
  62, 57, 56, -1, 60, 61, 58, 59,
  -1, 61, 63, 56, 58, -1 ]
colorPerVertex	FALSE
ccw	FALSE
solid	TRUE
creaseAngle	0.559
normalIndex	[  ]
texCoordIndex	[  ]
}

}

translation	12.6 8.09 -6.9
rotation	-1 0 0  1.57
scale	1.55 1.65 0.768
}
DEF brownpipe Transform {
children	Shape {
appearance	Appearance {
material	Material {
ambientIntensity	0.06
diffuseColor	0.157 1 0.996
specularColor	0.33 0.33 0.33
emissiveColor	0 0 0
shininess	0
transparency	0.0706
}

}

geometry	DEF _11 IndexedFaceSet {
coord	Coordinate {
point	[ -1 -1 -1,
  -1 -1 1,
  1 -1 -1,
  1 -1 1,
  -1 1 -1,
  1 1 -1,
  1 1 1,
  -1 1 1 ]
}

coordIndex	[ 2, 0, 1, 3, -1, 4, 0, 2,
  5, -1, 5, 2, 3, 6, -1, 6,
  3, 1, 7, -1, 4, 5, 6, 7,
  -1, 0, 4, 7, 1, -1 ]
colorPerVertex	FALSE
ccw	FALSE
solid	TRUE
creaseAngle	0.559
normalIndex	[  ]
texCoordIndex	[  ]
}

}

translation	10.9 11 -6.85
rotation	-1 0 0  1.57
scale	0.05 2.14 1.43
}
DEF computer_desk Transform {
children	Shape {
appearance	Appearance {
material	Material {
ambientIntensity	0.09
diffuseColor	0.863 1 0.937
specularColor	0.23 0.23 0.23
emissiveColor	0 0 0
shininess	0.12
transparency	0
}

}

geometry	DEF _12 IndexedFaceSet {
coord	Coordinate {
point	[ -1 -1 -1,
  -1 -1 1,
  1 -1 -1,
  1 -1 1,
  -1 1 -1,
  1 1 -1,
  1 1 1,
  -1 1 1,
  0.68 -5.53 -46.1,
  0.68 -5.53 6.16,
  7.2 -5.53 -46.1,
  7.2 -5.53 6.16,
  0.68 1.2 -46.1,
  7.2 1.2 -46.1,
  7.2 1.2 6.16,
  0.68 1.2 6.16,
  0.68 1.09 -46.1,
  0.68 -2.11 -46.1,
  0.68 1.09 3.88,
  6.85 1.09 -46.1,
  6.85 -2.11 -46.1,
  0.68 -2.11 3.88,
  6.85 -2.11 3.88,
  6.85 1.09 3.88,
  0.68 -2.22 -46.1,
  0.68 -5.41 -46.1,
  0.68 -2.22 3.88,
  6.9 -2.22 -46.1,
  6.9 -5.41 -46.1,
  0.68 -5.41 3.88,
  6.9 -5.41 3.88,
  6.9 -2.22 3.88 ]
}

coordIndex	[ 0, 1, 3, 2, -1, 0, 2, 5,
  4, -1, 2, 3, 6, 5, -1, 3,
  1, 7, 6, -1, 5, 6, 7, 4,
  -1, 4, 7, 1, 0, -1, 9, 11,
  10, 8, -1, 11, 14, 13, 10, -1,
  9, 15, 14, 11, -1, 14, 15, 12,
  13, -1, 26, 24, 17, 21, 18, 16,
  12, 15, 9, 8, 25, 29, -1, 21,
  17, 20, 22, -1, 22, 20, 19, 23,
  -1, 23, 19, 16, 18, -1, 23, 18,
  21, 22, -1, 25, 8, 10, 13, 12,
  16, 19, 20, 17, 24, 27, 28, -1,
  29, 25, 28, 30, -1, 30, 28, 27,
  31, -1, 31, 27, 24, 26, -1, 31,
  26, 29, 30, -1 ]
colorPerVertex	FALSE
ccw	FALSE
convex	FALSE
solid	TRUE
creaseAngle	0.559
normalIndex	[  ]
texCoordIndex	[  ]
}

}

translation	7.61 7.55 -6.95
rotation	-1 0 0  1.57
scale	1.3 2.52 0.151
}
DEF keyboard Transform {
children	[
Shape {
appearance	Appearance {
material	Material {
ambientIntensity	0.13
diffuseColor	0.859 0.859 0.859
specularColor	0.13 0.13 0.13
emissiveColor	0 0 0
shininess	0
transparency	0
}

}

geometry	DEF _13 IndexedFaceSet {
coord	Coordinate {
point	[ -1 -1 1,
  1 -1 1,
  1 1 1,
  -1 1 1,
  -1 1 0.109,
  1 1 0.109,
  1 -1 0.109,
  -1 -1 0.109,
  -8.56 -60.8 -3.51,
  -8.56 -60.8 0.109,
  25.2 -60.8 -3.51,
  25.2 -60.8 0.109,
  -8.56 4.76 -3.51,
  25.2 4.76 -3.51,
  25.2 4.76 0.109,
  -8.56 4.76 0.109,
  -1 -2.83 0.109,
  1 -2.83 0.109,
  1 -4.83 0.109,
  -1 -4.83 0.109,
  -1 -4.83 1,
  1 -4.83 1,
  1 -2.83 1,
  -1 -2.83 1,
  -1 -6.47 0.109,
  1 -6.47 0.109,
  1 -8.47 0.109,
  -1 -8.47 0.109,
  -1 -8.47 1,
  1 -8.47 1,
  1 -6.47 1,
  -1 -6.47 1,
  -1 -9.49 0.109,
  1 -9.49 0.109,
  1 -11.5 0.109,
  -1 -11.5 0.109,
  -1 -11.5 1,
  1 -11.5 1,
  1 -9.49 1,
  -1 -9.49 1,
  -1.05 -13.9 0.109,
  0.946 -13.9 0.109,
  0.946 -15.9 0.109,
  -1.05 -15.9 0.109,
  -1.05 -15.9 0.933,
  0.946 -15.9 0.933,
  0.946 -13.9 0.933,
  -1.05 -13.9 0.933,
  -1.05 -17.8 0.109,
  0.946 -17.8 0.109,
  0.946 -19.8 0.109,
  -1.05 -19.8 0.109,
  -1.05 -19.8 0.933,
  0.946 -19.8 0.933,
  0.946 -17.8 0.933,
  -1.05 -17.8 0.933,
  -1.05 -21.4 0.109,
  0.946 -21.4 0.109,
  0.946 -23.4 0.109,
  -1.05 -23.4 0.109,
  -1.05 -23.4 0.933,
  0.946 -23.4 0.933,
  0.946 -21.4 0.933,
  -1.05 -21.4 0.933,
  -1.05 -24.4 0.109,
  0.946 -24.4 0.109,
  0.946 -26.4 0.109,
  -1.05 -26.4 0.109,
  -1.05 -26.4 0.933,
  0.946 -26.4 0.933,
  0.946 -24.4 0.933,
  -1.05 -24.4 0.933,
  -1.12 -29.1 0.109,
  0.875 -29.1 0.109,
  0.875 -31.1 0.109,
  -1.12 -31.1 0.109,
  -1.12 -31.1 0.939,
  0.875 -31.1 0.939,
  0.875 -29.1 0.939,
  -1.12 -29.1 0.939,
  -1.12 -32.9 0.109,
  0.875 -32.9 0.109,
  0.875 -34.9 0.109,
  -1.12 -34.9 0.109,
  -1.12 -34.9 0.939,
  0.875 -34.9 0.939,
  0.875 -32.9 0.939,
  -1.12 -32.9 0.939,
  -1.12 -36.5 0.109,
  0.875 -36.5 0.109,
  0.875 -38.5 0.109,
  -1.12 -38.5 0.109,
  -1.12 -38.5 0.939,
  0.875 -38.5 0.939,
  0.875 -36.5 0.939,
  -1.12 -36.5 0.939,
  -1.12 -39.6 0.109,
  0.875 -39.6 0.109,
  0.875 -41.6 0.109,
  -1.12 -41.6 0.109,
  -1.12 -41.6 0.939,
  0.875 -41.6 0.939,
  0.875 -39.6 0.939,
  -1.12 -39.6 0.939,
  3.65 1 0.109,
  5.65 1 0.109,
  5.65 -1 0.109,
  3.65 -1 0.109,
  3.65 -1 1.02,
  5.65 -1 1.02,
  5.65 1 1.02,
  3.65 1 1.02,
  3.65 -2.83 0.109,
  5.65 -2.83 0.109,
  5.65 -4.83 0.109,
  3.65 -4.83 0.109,
  3.65 -4.83 1.02,
  5.65 -4.83 1.02,
  5.65 -2.83 1.02,
  3.65 -2.83 1.02,
  3.65 -6.47 0.109,
  5.65 -6.47 0.109,
  5.65 -8.47 0.109,
  3.65 -8.47 0.109,
  3.65 -8.47 1.02,
  5.65 -8.47 1.02,
  5.65 -6.47 1.02,
  3.65 -6.47 1.02,
  3.65 -9.49 0.109,
  5.65 -9.49 0.109,
  5.65 -11.5 0.109,
  3.65 -11.5 0.109,
  3.65 -11.5 1.02,
  5.65 -11.5 1.02,
  5.65 -9.49 1.02,
  3.65 -9.49 1.02,
  3.79 -13.7 0.109,
  5.79 -13.7 0.109,
  5.79 -15.7 0.109,
  3.79 -15.7 0.109,
  3.79 -15.7 1.01,
  5.79 -15.7 1.01,
  5.79 -13.7 1.01,
  3.79 -13.7 1.01,
  3.79 -17.6 0.109,
  5.79 -17.6 0.109,
  5.79 -19.6 0.109,
  3.79 -19.6 0.109,
  3.79 -19.6 1.01,
  5.79 -19.6 1.01,
  5.79 -17.6 1.01,
  3.79 -17.6 1.01,
  3.79 -21.2 0.109,
  5.79 -21.2 0.109,
  5.79 -23.2 0.109,
  3.79 -23.2 0.109,
  3.79 -23.2 1.01,
  5.79 -23.2 1.01,
  5.79 -21.2 1.01,
  3.79 -21.2 1.01,
  3.79 -24.2 0.109,
  5.79 -24.2 0.109,
  5.79 -26.2 0.109,
  3.79 -26.2 0.109,
  3.79 -26.2 1.01,
  5.79 -26.2 1.01,
  5.79 -24.2 1.01,
  3.79 -24.2 1.01,
  3.87 -28.5 0.109,
  5.87 -28.5 0.109,
  5.87 -30.5 0.109,
  3.87 -30.5 0.109,
  3.87 -30.5 1,
  5.87 -30.5 1,
  5.87 -28.5 1,
  3.87 -28.5 1,
  3.87 -32.3 0.109,
  5.87 -32.3 0.109,
  5.87 -34.3 0.109,
  3.87 -34.3 0.109,
  3.87 -34.3 1,
  5.87 -34.3 1,
  5.87 -32.3 1,
  3.87 -32.3 1,
  3.87 -35.9 0.109,
  5.87 -35.9 0.109,
  5.87 -37.9 0.109,
  3.87 -37.9 0.109,
  3.87 -37.9 1,
  5.87 -37.9 1,
  5.87 -35.9 1,
  3.87 -35.9 1,
  3.87 -39 0.109,
  5.87 -39 0.109,
  5.87 -41 0.109,
  3.87 -41 0.109,
  3.87 -41 1,
  5.87 -41 1,
  5.87 -39 1,
  3.87 -39 1,
  8.39 -39.8 0.109,
  10.4 -39.8 0.109,
  10.4 -41.8 0.109,
  8.39 -41.8 0.109,
  8.39 -41.8 1.11,
  10.4 -41.8 1.11,
  10.4 -39.8 1.11,
  8.39 -39.8 1.11,
  8.39 -36.7 0.109,
  10.4 -36.7 0.109,
  10.4 -38.7 0.109,
  8.39 -38.7 0.109,
  8.39 -38.7 1.11,
  10.4 -38.7 1.11,
  10.4 -36.7 1.11,
  8.39 -36.7 1.11,
  8.39 -33.1 0.109,
  10.4 -33.1 0.109,
  10.4 -35.1 0.109,
  8.39 -35.1 0.109,
  8.39 -35.1 1.11,
  10.4 -35.1 1.11,
  10.4 -33.1 1.11,
  8.39 -33.1 1.11,
  8.39 -29.3 0.109,
  10.4 -29.3 0.109,
  10.4 -31.3 0.109,
  8.39 -31.3 0.109,
  8.39 -31.3 1.11,
  10.4 -31.3 1.11,
  10.4 -29.3 1.11,
  8.39 -29.3 1.11,
  8.25 -24.6 0.109,
  10.3 -24.6 0.109,
  10.3 -26.6 0.109,
  8.25 -26.6 0.109,
  8.25 -26.6 1.19,
  10.3 -26.6 1.19,
  10.3 -24.6 1.19,
  8.25 -24.6 1.19,
  8.25 -21.6 0.109,
  10.3 -21.6 0.109,
  10.3 -23.6 0.109,
  8.25 -23.6 0.109,
  8.25 -23.6 1.19,
  10.3 -23.6 1.19,
  10.3 -21.6 1.19,
  8.25 -21.6 1.19,
  8.25 -18 0.109,
  10.3 -18 0.109,
  10.3 -20 0.109,
  8.25 -20 0.109,
  8.25 -20 1.19,
  10.3 -20 1.19,
  10.3 -18 1.19,
  8.25 -18 1.19,
  8.25 -14.1 0.109,
  10.3 -14.1 0.109,
  10.3 -16.1 0.109,
  8.25 -16.1 0.109,
  8.25 -16.1 1.19,
  10.3 -16.1 1.19,
  10.3 -14.1 1.19,
  8.25 -14.1 1.19,
  8.32 -10.5 0.109,
  10.3 -10.5 0.109,
  10.3 -12.5 0.109,
  8.32 -12.5 0.109,
  8.32 -12.5 1.26,
  10.3 -12.5 1.26,
  10.3 -10.5 1.26,
  8.32 -10.5 1.26,
  8.32 -7.48 0.109,
  10.3 -7.48 0.109,
  10.3 -9.48 0.109,
  8.32 -9.48 0.109,
  8.32 -9.48 1.26,
  10.3 -9.48 1.26,
  10.3 -7.48 1.26,
  8.32 -7.48 1.26,
  8.32 -3.84 0.109,
  10.3 -3.84 0.109,
  10.3 -5.84 0.109,
  8.32 -5.84 0.109,
  8.32 -5.84 1.26,
  10.3 -5.84 1.26,
  10.3 -3.84 1.26,
  8.32 -3.84 1.26,
  8.32 -0.00889 0.109,
  10.3 -0.00889 0.109,
  10.3 -2.01 0.109,
  8.32 -2.01 0.109,
  8.32 -2.01 1.26,
  10.3 -2.01 1.26,
  10.3 -0.00889 1.26,
  8.32 -0.00889 1.26,
  12 2.01 0.109,
  14 2.01 0.109,
  14 0.00897 0.109,
  12 0.00897 0.109,
  12 0.00897 1.36,
  14 0.00897 1.36,
  14 2.01 1.36,
  12 2.01 1.36,
  12 -1.82 0.109,
  14 -1.82 0.109,
  14 -3.82 0.109,
  12 -3.82 0.109,
  12 -3.82 1.36,
  14 -3.82 1.36,
  14 -1.82 1.36,
  12 -1.82 1.36,
  12 -5.46 0.109,
  14 -5.46 0.109,
  14 -7.46 0.109,
  12 -7.46 0.109,
  12 -7.46 1.36,
  14 -7.46 1.36,
  14 -5.46 1.36,
  12 -5.46 1.36,
  12 -8.48 0.109,
  14 -8.48 0.109,
  14 -10.5 0.109,
  12 -10.5 0.109,
  12 -10.5 1.36,
  14 -10.5 1.36,
  14 -8.48 1.36,
  12 -8.48 1.36,
  12 -11.9 0.109,
  14 -11.9 0.109,
  14 -13.9 0.109,
  12 -13.9 0.109,
  12 -13.9 1.36,
  14 -13.9 1.36,
  14 -11.9 1.36,
  12 -11.9 1.36,
  12 -15.7 0.109,
  14 -15.7 0.109,
  14 -17.7 0.109,
  12 -17.7 0.109,
  12 -17.7 1.36,
  14 -17.7 1.36,
  14 -15.7 1.36,
  12 -15.7 1.36,
  12 -19.4 0.109,
  14 -19.4 0.109,
  14 -21.4 0.109,
  12 -21.4 0.109,
  12 -21.4 1.36,
  14 -21.4 1.36,
  14 -19.4 1.36,
  12 -19.4 1.36,
  12 -22.4 0.109,
  14 -22.4 0.109,
  14 -24.4 0.109,
  12 -24.4 0.109,
  12 -24.4 1.36,
  14 -24.4 1.36,
  14 -22.4 1.36,
  12 -22.4 1.36,
  12 -25.8 0.109,
  14 -25.8 0.109,
  14 -27.8 0.109,
  12 -27.8 0.109,
  12 -27.8 1.36,
  14 -27.8 1.36,
  14 -25.8 1.36,
  12 -25.8 1.36,
  12 -29.7 0.109,
  14 -29.7 0.109,
  14 -31.7 0.109,
  12 -31.7 0.109,
  12 -31.7 1.36,
  14 -31.7 1.36,
  14 -29.7 1.36,
  12 -29.7 1.36,
  12 -33.3 0.109,
  14 -33.3 0.109,
  14 -35.3 0.109,
  12 -35.3 0.109,
  12 -35.3 1.36,
  14 -35.3 1.36,
  14 -33.3 1.36,
  12 -33.3 1.36,
  12 -36.3 0.109,
  14 -36.3 0.109,
  14 -38.3 0.109,
  12 -38.3 0.109,
  12 -38.3 1.36,
  14 -38.3 1.36,
  14 -36.3 1.36,
  12 -36.3 1.36,
  18.8 1.81 0.109,
  20.8 1.81 0.109,
  20.8 -0.193 0.109,
  18.8 -0.193 0.109,
  18.8 -0.193 1.41,
  20.8 -0.193 1.41,
  20.8 1.81 1.41,
  18.8 1.81 1.41,
  18.8 -4.04 0.109,
  20.8 -4.04 0.109,
  20.8 -6.04 0.109,
  18.8 -6.04 0.109,
  18.8 -6.04 1.41,
  20.8 -6.04 1.41,
  20.8 -4.04 1.41,
  18.8 -4.04 1.41,
  18.6 -7.48 0.109,
  20.6 -7.48 0.109,
  20.6 -9.48 0.109,
  18.6 -9.48 0.109,
  18.6 -9.48 1.42,
  20.6 -9.48 1.42,
  20.6 -7.48 1.42,
  18.6 -7.48 1.42,
  18.6 -11.3 0.109,
  20.6 -11.3 0.109,
  20.6 -13.3 0.109,
  18.6 -13.3 0.109,
  18.6 -13.3 1.42,
  20.6 -13.3 1.42,
  20.6 -11.3 1.42,
  18.6 -11.3 1.42,
  18.4 -14.9 0.109,
  20.4 -14.9 0.109,
  20.4 -16.9 0.109,
  18.4 -16.9 0.109,
  18.4 -16.9 1.44,
  20.4 -16.9 1.44,
  20.4 -14.9 1.44,
  18.4 -14.9 1.44,
  18.4 -18.4 0.109,
  20.4 -18.4 0.109,
  20.4 -20.4 0.109,
  18.4 -20.4 0.109,
  18.4 -20.4 1.44,
  20.4 -20.4 1.44,
  20.4 -18.4 1.44,
  18.4 -18.4 1.44,
  18.4 -23.8 0.109,
  20.4 -23.8 0.109,
  20.4 -25.8 0.109,
  18.4 -25.8 0.109,
  18.4 -25.8 1.44,
  20.4 -25.8 1.44,
  20.4 -23.8 1.44,
  18.4 -23.8 1.44,
  18.4 -27.7 0.109,
  20.4 -27.7 0.109,
  20.4 -29.7 0.109,
  18.4 -29.7 0.109,
  18.4 -29.7 1.44,
  20.4 -29.7 1.44,
  20.4 -27.7 1.44,
  18.4 -27.7 1.44,
  18.4 -31.1 0.109,
  20.4 -31.1 0.109,
  20.4 -33.1 0.109,
  18.4 -33.1 0.109,
  18.4 -33.1 1.44,
  20.4 -33.1 1.44,
  20.4 -31.1 1.44,
  18.4 -31.1 1.44,
  18.4 -34.3 0.109,
  20.4 -34.3 0.109,
  20.4 -36.3 0.109,
  18.4 -36.3 0.109,
  18.4 -36.3 1.44,
  20.4 -36.3 1.44,
  20.4 -34.3 1.44,
  18.4 -34.3 1.44,
  18.4 -39.4 0.109,
  20.4 -39.4 0.109,
  20.4 -41.4 0.109,
  18.4 -41.4 0.109,
  18.4 -41.4 1.44,
  20.4 -41.4 1.44,
  20.4 -39.4 1.44,
  18.4 -39.4 1.44,
  18.4 -43.2 0.109,
  20.4 -43.2 0.109,
  20.4 -45.2 0.109,
  18.4 -45.2 0.109,
  18.4 -45.2 1.44,
  20.4 -45.2 1.44,
  20.4 -43.2 1.44,
  18.4 -43.2 1.44,
  18.4 -46.8 0.109,
  20.4 -46.8 0.109,
  20.4 -48.8 0.109,
  18.4 -48.8 0.109,
  18.4 -48.8 1.44,
  20.4 -48.8 1.44,
  20.4 -46.8 1.44,
  18.4 -46.8 1.44,
  18.4 -49.9 0.109,
  20.4 -49.9 0.109,
  20.4 -51.9 0.109,
  18.4 -51.9 0.109,
  18.4 -51.9 1.44,
  20.4 -51.9 1.44,
  20.4 -49.9 1.44,
  18.4 -49.9 1.44,
  -4.5 -45.8 0.109,
  -2.5 -45.8 0.109,
  -2.5 -47.8 0.109,
  -4.5 -47.8 0.109,
  -4.5 -47.8 0.878,
  -2.5 -47.8 0.878,
  -2.5 -45.8 0.878,
  -4.5 -45.8 0.878,
  -4.5 -49.6 0.109,
  -2.5 -49.6 0.109,
  -2.5 -51.6 0.109,
  -4.5 -51.6 0.109,
  -4.5 -51.6 0.878,
  -2.5 -51.6 0.878,
  -2.5 -49.6 0.878,
  -4.5 -49.6 0.878,
  -4.5 -53.3 0.109,
  -2.5 -53.3 0.109,
  -2.5 -55.3 0.109,
  -4.5 -55.3 0.109,
  -4.5 -55.3 0.878,
  -2.5 -55.3 0.878,
  -2.5 -53.3 0.878,
  -4.5 -53.3 0.878,
  -4.5 -56.3 0.109,
  -2.5 -56.3 0.109,
  -2.5 -58.3 0.109,
  -4.5 -58.3 0.109,
  -4.5 -58.3 0.878,
  -2.5 -58.3 0.878,
  -2.5 -56.3 0.878,
  -4.5 -56.3 0.878,
  -0.355 -45.8 0.109,
  1.65 -45.8 0.109,
  1.65 -47.8 0.109,
  -0.355 -47.8 0.109,
  -0.355 -47.8 1.01,
  1.65 -47.8 1.01,
  1.65 -45.8 1.01,
  -0.355 -45.8 1.01,
  -0.651 -49.6 0.109,
  1.35 -49.6 0.109,
  1.35 -51.6 0.109,
  -0.651 -51.6 0.109,
  -0.651 -51.6 0.898,
  1.35 -51.6 0.898,
  1.35 -49.6 0.898,
  -0.651 -49.6 0.898,
  -0.715 -53.3 0.109,
  1.28 -53.3 0.109,
  1.28 -55.3 0.109,
  -0.715 -55.3 0.109,
  -0.715 -55.3 0.975,
  1.28 -55.3 0.975,
  1.28 -53.3 0.975,
  -0.715 -53.3 0.975,
  -0.58 -56.3 0.109,
  1.42 -56.3 0.109,
  1.42 -58.3 0.109,
  -0.58 -58.3 0.109,
  -0.58 -58.3 0.892,
  1.42 -58.3 0.892,
  1.42 -56.3 0.892,
  -0.58 -56.3 0.892,
  3.67 -46 0.109,
  5.67 -46 0.109,
  5.67 -48 0.109,
  3.67 -48 0.109,
  3.67 -48 1.16,
  5.67 -48 1.16,
  5.67 -46 1.16,
  3.67 -46 1.16,
  3.66 -49.9 0.109,
  5.66 -49.9 0.109,
  5.66 -51.9 0.109,
  3.66 -51.9 0.109,
  3.66 -51.9 1.02,
  5.66 -51.9 1.02,
  5.66 -49.9 1.02,
  3.66 -49.9 1.02,
  3.66 -53.5 0.109,
  5.66 -53.5 0.109,
  5.66 -55.5 0.109,
  3.66 -55.5 0.109,
  3.66 -55.5 1.02,
  5.66 -55.5 1.02,
  5.66 -53.5 1.02,
  3.66 -53.5 1.02,
  3.74 -56.5 0.109,
  5.74 -56.5 0.109,
  5.74 -58.5 0.109,
  3.74 -58.5 0.109,
  3.74 -58.5 1.09,
  5.74 -58.5 1.09,
  5.74 -56.5 1.09,
  3.74 -56.5 1.09,
  8.49 -46 0.109,
  10.5 -46 0.109,
  10.5 -48 0.109,
  8.49 -48 0.109,
  8.49 -48 1.24,
  10.5 -48 1.24,
  10.5 -46 1.24,
  8.49 -46 1.24,
  8.49 -49.9 0.109,
  10.5 -49.9 0.109,
  10.5 -51.9 0.109,
  8.49 -51.9 0.109,
  8.49 -51.9 1.24,
  10.5 -51.9 1.24,
  10.5 -49.9 1.24,
  8.49 -49.9 1.24,
  8.35 -53.5 0.109,
  10.3 -53.5 0.109,
  10.3 -55.5 0.109,
  8.35 -55.5 0.109,
  8.35 -55.5 1.18,
  10.3 -55.5 1.18,
  10.3 -53.5 1.18,
  8.35 -53.5 1.18,
  8.35 -56.5 0.109,
  10.3 -56.5 0.109,
  10.3 -58.5 0.109,
  8.35 -58.5 0.109,
  8.35 -58.5 1.18,
  10.3 -58.5 1.18,
  10.3 -56.5 1.18,
  8.35 -56.5 1.18,
  8.35 -56.5 0.109,
  10.3 -56.5 0.109,
  10.3 -58.5 0.109,
  8.35 -58.5 0.109 ]
}

coordIndex	[ 8, 9, 11, 10, -1, 8, 10, 13,
  12, -1, 10, 11, 14, 13, -1, 25,
  24, 120, -1, 123, 25, 120, -1, 26,
  25, 123, -1, 26, 123, 122, -1, 593,
  592, 561, -1, 624, 593, 561, -1, 594,
  593, 624, -1, 627, 594, 624, -1, 9,
  594, 627, -1, 9, 627, 626, -1, 297,
  296, 14, -1, 392, 297, 14, -1, 393,
  392, 14, -1, 394, 393, 14, -1, 305,
  304, 394, -1, 306, 305, 394, -1, 281,
  280, 306, -1, 400, 281, 306, -1, 400,
  306, 394, -1, 400, 394, 14, -1, 401,
  400, 14, -1, 402, 401, 14, -1, 273,
  272, 314, -1, 408, 273, 314, -1, 408,
  314, 402, -1, 409, 408, 402, -1, 409,
  402, 14, -1, 410, 409, 14, -1, 265,
  264, 322, -1, 416, 265, 322, -1, 416,
  322, 410, -1, 417, 416, 410, -1, 417,
  410, 14, -1, 418, 417, 14, -1, 257,
  256, 330, -1, 424, 257, 330, -1, 424,
  330, 418, -1, 425, 424, 418, -1, 425,
  418, 14, -1, 426, 425, 14, -1, 249,
  248, 338, -1, 432, 249, 338, -1, 432,
  338, 426, -1, 433, 432, 426, -1, 433,
  426, 14, -1, 434, 433, 14, -1, 241,
  240, 346, -1, 352, 241, 346, -1, 352,
  346, 434, -1, 353, 352, 434, -1, 440,
  353, 434, -1, 441, 440, 434, -1, 441,
  434, 14, -1, 442, 441, 14, -1, 361,
  360, 442, -1, 448, 361, 442, -1, 449,
  448, 442, -1, 449, 442, 14, -1, 450,
  449, 14, -1, 369, 368, 450, -1, 456,
  369, 450, -1, 457, 456, 450, -1, 457,
  450, 14, -1, 458, 457, 14, -1, 217,
  216, 458, -1, 376, 217, 458, -1, 377,
  376, 458, -1, 464, 377, 458, -1, 465,
  464, 458, -1, 465, 458, 14, -1, 466,
  465, 14, -1, 385, 384, 466, -1, 386,
  385, 466, -1, 193, 192, 210, -1, 472,
  193, 210, -1, 472, 210, 386, -1, 472,
  386, 466, -1, 473, 472, 466, -1, 473,
  466, 14, -1, 474, 473, 14, -1, 480,
  202, 474, -1, 481, 480, 474, -1, 481,
  474, 14, -1, 482, 481, 14, -1, 537,
  536, 482, -1, 600, 537, 482, -1, 601,
  600, 482, -1, 488, 601, 482, -1, 489,
  488, 482, -1, 489, 482, 14, -1, 490,
  489, 14, -1, 545, 544, 490, -1, 496,
  545, 490, -1, 497, 496, 490, -1, 497,
  490, 14, -1, 498, 497, 14, -1, 552,
  610, 498, -1, 553, 552, 498, -1, 616,
  553, 498, -1, 617, 616, 498, -1, 618,
  617, 498, -1, 561, 560, 618, -1, 624,
  561, 618, -1, 624, 618, 498, -1, 625,
  624, 498, -1, 626, 625, 498, -1, 11,
  498, 14, -1, 11, 626, 498, -1, 11,
  9, 626, -1, 313, 312, 400, -1, 403,
  313, 400, -1, 314, 313, 403, -1, 314,
  403, 402, -1, 321, 320, 408, -1, 411,
  321, 408, -1, 322, 321, 411, -1, 322,
  411, 410, -1, 329, 328, 416, -1, 419,
  329, 416, -1, 330, 329, 419, -1, 330,
  419, 418, -1, 337, 336, 424, -1, 427,
  337, 424, -1, 338, 337, 427, -1, 338,
  427, 426, -1, 345, 344, 432, -1, 435,
  345, 432, -1, 346, 345, 435, -1, 346,
  435, 434, -1, 209, 208, 384, -1, 387,
  209, 384, -1, 210, 209, 387, -1, 210,
  387, 386, -1, 201, 200, 472, -1, 475,
  201, 472, -1, 202, 201, 475, -1, 202,
  475, 474, -1, 609, 608, 496, -1, 499,
  609, 496, -1, 610, 609, 499, -1, 610,
  499, 498, -1, 577, 576, 496, -1, 608,
  577, 496, -1, 578, 577, 608, -1, 611,
  578, 608, -1, 552, 578, 611, -1, 552,
  611, 610, -1, 585, 584, 553, -1, 616,
  585, 553, -1, 586, 585, 616, -1, 619,
  586, 616, -1, 560, 586, 619, -1, 560,
  619, 618, -1, 529, 528, 586, -1, 560,
  529, 586, -1, 530, 529, 560, -1, 563,
  530, 560, -1, 595, 530, 563, -1, 595,
  563, 562, -1, 562, 561, 592, -1, 595,
  562, 592, -1, 521, 520, 578, -1, 552,
  521, 578, -1, 522, 521, 552, -1, 555,
  522, 552, -1, 587, 522, 555, -1, 587,
  555, 554, -1, 554, 553, 584, -1, 587,
  554, 584, -1, 513, 512, 490, -1, 544,
  513, 490, -1, 514, 513, 544, -1, 547,
  514, 544, -1, 579, 514, 547, -1, 579,
  547, 546, -1, 576, 545, 496, -1, 546,
  545, 576, -1, 579, 546, 576, -1, 569,
  568, 537, -1, 600, 569, 537, -1, 570,
  569, 600, -1, 603, 570, 600, -1, 491,
  570, 603, -1, 491, 603, 602, -1, 602,
  601, 488, -1, 491, 602, 488, -1, 505,
  504, 482, -1, 536, 505, 482, -1, 506,
  505, 536, -1, 539, 506, 536, -1, 571,
  506, 539, -1, 571, 539, 538, -1, 538,
  537, 568, -1, 571, 538, 568, -1, 200,
  193, 472, -1, 194, 193, 200, -1, 203,
  194, 200, -1, 203, 98, 194, -1, 97,
  96, 192, -1, 195, 97, 192, -1, 98,
  97, 195, -1, 98, 195, 194, -1, 378,
  377, 464, -1, 185, 184, 378, -1, 467,
  378, 464, -1, 467, 185, 378, -1, 384,
  467, 466, -1, 384, 185, 467, -1, 208,
  185, 384, -1, 186, 185, 208, -1, 211,
  186, 208, -1, 211, 90, 186, -1, 89,
  88, 184, -1, 187, 89, 184, -1, 90,
  89, 187, -1, 90, 187, 186, -1, 218,
  217, 376, -1, 379, 218, 376, -1, 370,
  369, 456, -1, 177, 176, 370, -1, 459,
  370, 456, -1, 459, 177, 370, -1, 216,
  459, 458, -1, 216, 177, 459, -1, 178,
  177, 216, -1, 219, 178, 216, -1, 219,
  82, 178, -1, 81, 80, 176, -1, 179,
  81, 176, -1, 82, 81, 179, -1, 82,
  179, 178, -1, 362, 361, 448, -1, 168,
  362, 448, -1, 169, 168, 448, -1, 224,
  169, 448, -1, 225, 224, 448, -1, 451,
  225, 448, -1, 368, 451, 450, -1, 368,
  225, 451, -1, 226, 225, 368, -1, 371,
  226, 368, -1, 170, 169, 224, -1, 227,
  170, 224, -1, 227, 74, 170, -1, 73,
  72, 168, -1, 171, 73, 168, -1, 74,
  73, 171, -1, 74, 171, 170, -1, 354,
  353, 440, -1, 233, 232, 354, -1, 443,
  354, 440, -1, 443, 233, 354, -1, 360,
  443, 442, -1, 360, 233, 443, -1, 234,
  233, 360, -1, 363, 234, 360, -1, 242,
  241, 352, -1, 161, 160, 242, -1, 355,
  242, 352, -1, 355, 161, 242, -1, 232,
  355, 354, -1, 232, 161, 355, -1, 162,
  161, 232, -1, 235, 162, 232, -1, 235,
  66, 162, -1, 65, 64, 160, -1, 163,
  65, 160, -1, 66, 65, 163, -1, 66,
  163, 162, -1, 344, 249, 432, -1, 250,
  249, 344, -1, 153, 152, 250, -1, 347,
  250, 344, -1, 347, 153, 250, -1, 240,
  347, 346, -1, 240, 153, 347, -1, 154,
  153, 240, -1, 243, 154, 240, -1, 243,
  58, 154, -1, 57, 56, 152, -1, 155,
  57, 152, -1, 58, 57, 155, -1, 58,
  155, 154, -1, 336, 257, 424, -1, 258,
  257, 336, -1, 144, 258, 336, -1, 145,
  144, 336, -1, 339, 145, 336, -1, 248,
  339, 338, -1, 248, 145, 339, -1, 146,
  145, 248, -1, 251, 146, 248, -1, 251,
  50, 146, -1, 49, 48, 144, -1, 147,
  49, 144, -1, 50, 49, 147, -1, 50,
  147, 146, -1, 328, 265, 416, -1, 266,
  265, 328, -1, 137, 136, 266, -1, 331,
  266, 328, -1, 331, 137, 266, -1, 256,
  331, 330, -1, 256, 137, 331, -1, 138,
  137, 256, -1, 259, 138, 256, -1, 259,
  42, 138, -1, 41, 40, 136, -1, 139,
  41, 136, -1, 42, 41, 139, -1, 42,
  139, 138, -1, 320, 273, 408, -1, 274,
  273, 320, -1, 129, 128, 274, -1, 323,
  274, 320, -1, 323, 129, 274, -1, 264,
  323, 322, -1, 264, 129, 323, -1, 130,
  129, 264, -1, 267, 130, 264, -1, 267,
  34, 130, -1, 33, 32, 128, -1, 131,
  33, 128, -1, 34, 33, 131, -1, 34,
  131, 130, -1, 312, 281, 400, -1, 282,
  281, 312, -1, 121, 120, 282, -1, 315,
  282, 312, -1, 315, 121, 282, -1, 272,
  315, 314, -1, 272, 121, 315, -1, 122,
  121, 272, -1, 275, 122, 272, -1, 275,
  26, 122, -1, 5, 4, 104, -1, 107,
  5, 104, -1, 6, 5, 107, -1, 6,
  107, 106, -1, 296, 15, 14, -1, 104,
  15, 296, -1, 4, 15, 104, -1, 7,
  15, 4, -1, 291, 7, 6, -1, 112,
  291, 290, -1, 112, 7, 291, -1, 16,
  7, 112, -1, 16, 15, 7, -1, 19,
  15, 16, -1, 283, 19, 18, -1, 120,
  283, 282, -1, 120, 19, 283, -1, 24,
  19, 120, -1, 24, 15, 19, -1, 27,
  15, 24, -1, 275, 27, 26, -1, 128,
  275, 274, -1, 128, 27, 275, -1, 32,
  27, 128, -1, 32, 15, 27, -1, 35,
  15, 32, -1, 267, 35, 34, -1, 136,
  267, 266, -1, 136, 35, 267, -1, 40,
  35, 136, -1, 40, 15, 35, -1, 43,
  15, 40, -1, 259, 43, 42, -1, 144,
  259, 258, -1, 144, 43, 259, -1, 48,
  43, 144, -1, 48, 15, 43, -1, 51,
  15, 48, -1, 251, 51, 50, -1, 152,
  251, 250, -1, 152, 51, 251, -1, 56,
  51, 152, -1, 56, 15, 51, -1, 59,
  15, 56, -1, 243, 59, 58, -1, 160,
  243, 242, -1, 160, 59, 243, -1, 64,
  59, 160, -1, 64, 15, 59, -1, 67,
  15, 64, -1, 235, 67, 66, -1, 363,
  235, 234, -1, 363, 67, 235, -1, 168,
  363, 362, -1, 168, 67, 363, -1, 72,
  67, 168, -1, 72, 15, 67, -1, 75,
  15, 72, -1, 227, 75, 74, -1, 371,
  227, 226, -1, 371, 75, 227, -1, 176,
  371, 370, -1, 176, 75, 371, -1, 80,
  75, 176, -1, 80, 15, 75, -1, 83,
  15, 80, -1, 219, 83, 82, -1, 379,
  219, 218, -1, 379, 83, 219, -1, 184,
  379, 378, -1, 184, 83, 379, -1, 88,
  83, 184, -1, 88, 15, 83, -1, 91,
  15, 88, -1, 211, 91, 90, -1, 192,
  211, 210, -1, 192, 91, 211, -1, 96,
  91, 192, -1, 96, 15, 91, -1, 99,
  15, 96, -1, 203, 99, 98, -1, 480,
  203, 202, -1, 480, 99, 203, -1, 483,
  99, 480, -1, 504, 483, 482, -1, 504,
  99, 483, -1, 504, 15, 99, -1, 507,
  15, 504, -1, 571, 507, 506, -1, 491,
  571, 570, -1, 491, 507, 571, -1, 512,
  491, 490, -1, 512, 507, 491, -1, 512,
  15, 507, -1, 515, 15, 512, -1, 579,
  515, 514, -1, 520, 579, 578, -1, 520,
  515, 579, -1, 520, 15, 515, -1, 523,
  15, 520, -1, 587, 523, 522, -1, 528,
  587, 586, -1, 528, 523, 587, -1, 528,
  15, 523, -1, 531, 15, 528, -1, 595,
  531, 530, -1, 9, 15, 531, -1, 9,
  531, 595, -1, 9, 595, 594, -1, 298,
  297, 392, -1, 289, 288, 298, -1, 395,
  298, 392, -1, 395, 289, 298, -1, 304,
  395, 394, -1, 304, 289, 395, -1, 290,
  289, 304, -1, 112, 290, 304, -1, 113,
  112, 304, -1, 307, 113, 304, -1, 280,
  307, 306, -1, 280, 113, 307, -1, 114,
  113, 280, -1, 283, 114, 280, -1, 283,
  18, 114, -1, 17, 16, 112, -1, 115,
  17, 112, -1, 18, 17, 115, -1, 18,
  115, 114, -1, 105, 104, 296, -1, 299,
  105, 296, -1, 288, 299, 298, -1, 288,
  105, 299, -1, 106, 105, 288, -1, 291,
  106, 288, -1, 291, 6, 106, -1, 13,
  14, 15, 12, -1, 12, 15, 9, 8,
  -1 ]
colorPerVertex	FALSE
ccw	FALSE
solid	TRUE
creaseAngle	0.559
normalIndex	[  ]
texCoordIndex	[  ]
}

}
Shape {
appearance	Appearance {
material	Material {
ambientIntensity	0.1
diffuseColor	1 0.745 0.773
specularColor	0.1 0.1 0.1
emissiveColor	0 0 0
shininess	0
transparency	0
}

}

geometry	DEF _14 IndexedFaceSet {
coord	Coordinate {
point	[ -1 -1 1,
  1 -1 1,
  1 1 1,
  -1 1 1,
  -1 1 0.109,
  1 1 0.109,
  1 -1 0.109,
  -1 -1 0.109,
  -8.56 -60.8 -3.51,
  -8.56 -60.8 0.109,
  25.2 -60.8 -3.51,
  25.2 -60.8 0.109,
  -8.56 4.76 -3.51,
  25.2 4.76 -3.51,
  25.2 4.76 0.109,
  -8.56 4.76 0.109,
  -1 -2.83 0.109,
  1 -2.83 0.109,
  1 -4.83 0.109,
  -1 -4.83 0.109,
  -1 -4.83 1,
  1 -4.83 1,
  1 -2.83 1,
  -1 -2.83 1,
  -1 -6.47 0.109,
  1 -6.47 0.109,
  1 -8.47 0.109,
  -1 -8.47 0.109,
  -1 -8.47 1,
  1 -8.47 1,
  1 -6.47 1,
  -1 -6.47 1,
  -1 -9.49 0.109,
  1 -9.49 0.109,
  1 -11.5 0.109,
  -1 -11.5 0.109,
  -1 -11.5 1,
  1 -11.5 1,
  1 -9.49 1,
  -1 -9.49 1,
  -1.05 -13.9 0.109,
  0.946 -13.9 0.109,
  0.946 -15.9 0.109,
  -1.05 -15.9 0.109,
  -1.05 -15.9 0.933,
  0.946 -15.9 0.933,
  0.946 -13.9 0.933,
  -1.05 -13.9 0.933,
  -1.05 -17.8 0.109,
  0.946 -17.8 0.109,
  0.946 -19.8 0.109,
  -1.05 -19.8 0.109,
  -1.05 -19.8 0.933,
  0.946 -19.8 0.933,
  0.946 -17.8 0.933,
  -1.05 -17.8 0.933,
  -1.05 -21.4 0.109,
  0.946 -21.4 0.109,
  0.946 -23.4 0.109,
  -1.05 -23.4 0.109,
  -1.05 -23.4 0.933,
  0.946 -23.4 0.933,
  0.946 -21.4 0.933,
  -1.05 -21.4 0.933,
  -1.05 -24.4 0.109,
  0.946 -24.4 0.109,
  0.946 -26.4 0.109,
  -1.05 -26.4 0.109,
  -1.05 -26.4 0.933,
  0.946 -26.4 0.933,
  0.946 -24.4 0.933,
  -1.05 -24.4 0.933,
  -1.12 -29.1 0.109,
  0.875 -29.1 0.109,
  0.875 -31.1 0.109,
  -1.12 -31.1 0.109,
  -1.12 -31.1 0.939,
  0.875 -31.1 0.939,
  0.875 -29.1 0.939,
  -1.12 -29.1 0.939,
  -1.12 -32.9 0.109,
  0.875 -32.9 0.109,
  0.875 -34.9 0.109,
  -1.12 -34.9 0.109,
  -1.12 -34.9 0.939,
  0.875 -34.9 0.939,
  0.875 -32.9 0.939,
  -1.12 -32.9 0.939,
  -1.12 -36.5 0.109,
  0.875 -36.5 0.109,
  0.875 -38.5 0.109,
  -1.12 -38.5 0.109,
  -1.12 -38.5 0.939,
  0.875 -38.5 0.939,
  0.875 -36.5 0.939,
  -1.12 -36.5 0.939,
  -1.12 -39.6 0.109,
  0.875 -39.6 0.109,
  0.875 -41.6 0.109,
  -1.12 -41.6 0.109,
  -1.12 -41.6 0.939,
  0.875 -41.6 0.939,
  0.875 -39.6 0.939,
  -1.12 -39.6 0.939,
  3.65 1 0.109,
  5.65 1 0.109,
  5.65 -1 0.109,
  3.65 -1 0.109,
  3.65 -1 1.02,
  5.65 -1 1.02,
  5.65 1 1.02,
  3.65 1 1.02,
  3.65 -2.83 0.109,
  5.65 -2.83 0.109,
  5.65 -4.83 0.109,
  3.65 -4.83 0.109,
  3.65 -4.83 1.02,
  5.65 -4.83 1.02,
  5.65 -2.83 1.02,
  3.65 -2.83 1.02,
  3.65 -6.47 0.109,
  5.65 -6.47 0.109,
  5.65 -8.47 0.109,
  3.65 -8.47 0.109,
  3.65 -8.47 1.02,
  5.65 -8.47 1.02,
  5.65 -6.47 1.02,
  3.65 -6.47 1.02,
  3.65 -9.49 0.109,
  5.65 -9.49 0.109,
  5.65 -11.5 0.109,
  3.65 -11.5 0.109,
  3.65 -11.5 1.02,
  5.65 -11.5 1.02,
  5.65 -9.49 1.02,
  3.65 -9.49 1.02,
  3.79 -13.7 0.109,
  5.79 -13.7 0.109,
  5.79 -15.7 0.109,
  3.79 -15.7 0.109,
  3.79 -15.7 1.01,
  5.79 -15.7 1.01,
  5.79 -13.7 1.01,
  3.79 -13.7 1.01,
  3.79 -17.6 0.109,
  5.79 -17.6 0.109,
  5.79 -19.6 0.109,
  3.79 -19.6 0.109,
  3.79 -19.6 1.01,
  5.79 -19.6 1.01,
  5.79 -17.6 1.01,
  3.79 -17.6 1.01,
  3.79 -21.2 0.109,
  5.79 -21.2 0.109,
  5.79 -23.2 0.109,
  3.79 -23.2 0.109,
  3.79 -23.2 1.01,
  5.79 -23.2 1.01,
  5.79 -21.2 1.01,
  3.79 -21.2 1.01,
  3.79 -24.2 0.109,
  5.79 -24.2 0.109,
  5.79 -26.2 0.109,
  3.79 -26.2 0.109,
  3.79 -26.2 1.01,
  5.79 -26.2 1.01,
  5.79 -24.2 1.01,
  3.79 -24.2 1.01,
  3.87 -28.5 0.109,
  5.87 -28.5 0.109,
  5.87 -30.5 0.109,
  3.87 -30.5 0.109,
  3.87 -30.5 1,
  5.87 -30.5 1,
  5.87 -28.5 1,
  3.87 -28.5 1,
  3.87 -32.3 0.109,
  5.87 -32.3 0.109,
  5.87 -34.3 0.109,
  3.87 -34.3 0.109,
  3.87 -34.3 1,
  5.87 -34.3 1,
  5.87 -32.3 1,
  3.87 -32.3 1,
  3.87 -35.9 0.109,
  5.87 -35.9 0.109,
  5.87 -37.9 0.109,
  3.87 -37.9 0.109,
  3.87 -37.9 1,
  5.87 -37.9 1,
  5.87 -35.9 1,
  3.87 -35.9 1,
  3.87 -39 0.109,
  5.87 -39 0.109,
  5.87 -41 0.109,
  3.87 -41 0.109,
  3.87 -41 1,
  5.87 -41 1,
  5.87 -39 1,
  3.87 -39 1,
  8.39 -39.8 0.109,
  10.4 -39.8 0.109,
  10.4 -41.8 0.109,
  8.39 -41.8 0.109,
  8.39 -41.8 1.11,
  10.4 -41.8 1.11,
  10.4 -39.8 1.11,
  8.39 -39.8 1.11,
  8.39 -36.7 0.109,
  10.4 -36.7 0.109,
  10.4 -38.7 0.109,
  8.39 -38.7 0.109,
  8.39 -38.7 1.11,
  10.4 -38.7 1.11,
  10.4 -36.7 1.11,
  8.39 -36.7 1.11,
  8.39 -33.1 0.109,
  10.4 -33.1 0.109,
  10.4 -35.1 0.109,
  8.39 -35.1 0.109,
  8.39 -35.1 1.11,
  10.4 -35.1 1.11,
  10.4 -33.1 1.11,
  8.39 -33.1 1.11,
  8.39 -29.3 0.109,
  10.4 -29.3 0.109,
  10.4 -31.3 0.109,
  8.39 -31.3 0.109,
  8.39 -31.3 1.11,
  10.4 -31.3 1.11,
  10.4 -29.3 1.11,
  8.39 -29.3 1.11,
  8.25 -24.6 0.109,
  10.3 -24.6 0.109,
  10.3 -26.6 0.109,
  8.25 -26.6 0.109,
  8.25 -26.6 1.19,
  10.3 -26.6 1.19,
  10.3 -24.6 1.19,
  8.25 -24.6 1.19,
  8.25 -21.6 0.109,
  10.3 -21.6 0.109,
  10.3 -23.6 0.109,
  8.25 -23.6 0.109,
  8.25 -23.6 1.19,
  10.3 -23.6 1.19,
  10.3 -21.6 1.19,
  8.25 -21.6 1.19,
  8.25 -18 0.109,
  10.3 -18 0.109,
  10.3 -20 0.109,
  8.25 -20 0.109,
  8.25 -20 1.19,
  10.3 -20 1.19,
  10.3 -18 1.19,
  8.25 -18 1.19,
  8.25 -14.1 0.109,
  10.3 -14.1 0.109,
  10.3 -16.1 0.109,
  8.25 -16.1 0.109,
  8.25 -16.1 1.19,
  10.3 -16.1 1.19,
  10.3 -14.1 1.19,
  8.25 -14.1 1.19,
  8.32 -10.5 0.109,
  10.3 -10.5 0.109,
  10.3 -12.5 0.109,
  8.32 -12.5 0.109,
  8.32 -12.5 1.26,
  10.3 -12.5 1.26,
  10.3 -10.5 1.26,
  8.32 -10.5 1.26,
  8.32 -7.48 0.109,
  10.3 -7.48 0.109,
  10.3 -9.48 0.109,
  8.32 -9.48 0.109,
  8.32 -9.48 1.26,
  10.3 -9.48 1.26,
  10.3 -7.48 1.26,
  8.32 -7.48 1.26,
  8.32 -3.84 0.109,
  10.3 -3.84 0.109,
  10.3 -5.84 0.109,
  8.32 -5.84 0.109,
  8.32 -5.84 1.26,
  10.3 -5.84 1.26,
  10.3 -3.84 1.26,
  8.32 -3.84 1.26,
  8.32 -0.00889 0.109,
  10.3 -0.00889 0.109,
  10.3 -2.01 0.109,
  8.32 -2.01 0.109,
  8.32 -2.01 1.26,
  10.3 -2.01 1.26,
  10.3 -0.00889 1.26,
  8.32 -0.00889 1.26,
  12 2.01 0.109,
  14 2.01 0.109,
  14 0.00897 0.109,
  12 0.00897 0.109,
  12 0.00897 1.36,
  14 0.00897 1.36,
  14 2.01 1.36,
  12 2.01 1.36,
  12 -1.82 0.109,
  14 -1.82 0.109,
  14 -3.82 0.109,
  12 -3.82 0.109,
  12 -3.82 1.36,
  14 -3.82 1.36,
  14 -1.82 1.36,
  12 -1.82 1.36,
  12 -5.46 0.109,
  14 -5.46 0.109,
  14 -7.46 0.109,
  12 -7.46 0.109,
  12 -7.46 1.36,
  14 -7.46 1.36,
  14 -5.46 1.36,
  12 -5.46 1.36,
  12 -8.48 0.109,
  14 -8.48 0.109,
  14 -10.5 0.109,
  12 -10.5 0.109,
  12 -10.5 1.36,
  14 -10.5 1.36,
  14 -8.48 1.36,
  12 -8.48 1.36,
  12 -11.9 0.109,
  14 -11.9 0.109,
  14 -13.9 0.109,
  12 -13.9 0.109,
  12 -13.9 1.36,
  14 -13.9 1.36,
  14 -11.9 1.36,
  12 -11.9 1.36,
  12 -15.7 0.109,
  14 -15.7 0.109,
  14 -17.7 0.109,
  12 -17.7 0.109,
  12 -17.7 1.36,
  14 -17.7 1.36,
  14 -15.7 1.36,
  12 -15.7 1.36,
  12 -19.4 0.109,
  14 -19.4 0.109,
  14 -21.4 0.109,
  12 -21.4 0.109,
  12 -21.4 1.36,
  14 -21.4 1.36,
  14 -19.4 1.36,
  12 -19.4 1.36,
  12 -22.4 0.109,
  14 -22.4 0.109,
  14 -24.4 0.109,
  12 -24.4 0.109,
  12 -24.4 1.36,
  14 -24.4 1.36,
  14 -22.4 1.36,
  12 -22.4 1.36,
  12 -25.8 0.109,
  14 -25.8 0.109,
  14 -27.8 0.109,
  12 -27.8 0.109,
  12 -27.8 1.36,
  14 -27.8 1.36,
  14 -25.8 1.36,
  12 -25.8 1.36,
  12 -29.7 0.109,
  14 -29.7 0.109,
  14 -31.7 0.109,
  12 -31.7 0.109,
  12 -31.7 1.36,
  14 -31.7 1.36,
  14 -29.7 1.36,
  12 -29.7 1.36,
  12 -33.3 0.109,
  14 -33.3 0.109,
  14 -35.3 0.109,
  12 -35.3 0.109,
  12 -35.3 1.36,
  14 -35.3 1.36,
  14 -33.3 1.36,
  12 -33.3 1.36,
  12 -36.3 0.109,
  14 -36.3 0.109,
  14 -38.3 0.109,
  12 -38.3 0.109,
  12 -38.3 1.36,
  14 -38.3 1.36,
  14 -36.3 1.36,
  12 -36.3 1.36,
  18.8 1.81 0.109,
  20.8 1.81 0.109,
  20.8 -0.193 0.109,
  18.8 -0.193 0.109,
  18.8 -0.193 1.41,
  20.8 -0.193 1.41,
  20.8 1.81 1.41,
  18.8 1.81 1.41,
  18.8 -4.04 0.109,
  20.8 -4.04 0.109,
  20.8 -6.04 0.109,
  18.8 -6.04 0.109,
  18.8 -6.04 1.41,
  20.8 -6.04 1.41,
  20.8 -4.04 1.41,
  18.8 -4.04 1.41,
  18.6 -7.48 0.109,
  20.6 -7.48 0.109,
  20.6 -9.48 0.109,
  18.6 -9.48 0.109,
  18.6 -9.48 1.42,
  20.6 -9.48 1.42,
  20.6 -7.48 1.42,
  18.6 -7.48 1.42,
  18.6 -11.3 0.109,
  20.6 -11.3 0.109,
  20.6 -13.3 0.109,
  18.6 -13.3 0.109,
  18.6 -13.3 1.42,
  20.6 -13.3 1.42,
  20.6 -11.3 1.42,
  18.6 -11.3 1.42,
  18.4 -14.9 0.109,
  20.4 -14.9 0.109,
  20.4 -16.9 0.109,
  18.4 -16.9 0.109,
  18.4 -16.9 1.44,
  20.4 -16.9 1.44,
  20.4 -14.9 1.44,
  18.4 -14.9 1.44,
  18.4 -18.4 0.109,
  20.4 -18.4 0.109,
  20.4 -20.4 0.109,
  18.4 -20.4 0.109,
  18.4 -20.4 1.44,
  20.4 -20.4 1.44,
  20.4 -18.4 1.44,
  18.4 -18.4 1.44,
  18.4 -23.8 0.109,
  20.4 -23.8 0.109,
  20.4 -25.8 0.109,
  18.4 -25.8 0.109,
  18.4 -25.8 1.44,
  20.4 -25.8 1.44,
  20.4 -23.8 1.44,
  18.4 -23.8 1.44,
  18.4 -27.7 0.109,
  20.4 -27.7 0.109,
  20.4 -29.7 0.109,
  18.4 -29.7 0.109,
  18.4 -29.7 1.44,
  20.4 -29.7 1.44,
  20.4 -27.7 1.44,
  18.4 -27.7 1.44,
  18.4 -31.1 0.109,
  20.4 -31.1 0.109,
  20.4 -33.1 0.109,
  18.4 -33.1 0.109,
  18.4 -33.1 1.44,
  20.4 -33.1 1.44,
  20.4 -31.1 1.44,
  18.4 -31.1 1.44,
  18.4 -34.3 0.109,
  20.4 -34.3 0.109,
  20.4 -36.3 0.109,
  18.4 -36.3 0.109,
  18.4 -36.3 1.44,
  20.4 -36.3 1.44,
  20.4 -34.3 1.44,
  18.4 -34.3 1.44,
  18.4 -39.4 0.109,
  20.4 -39.4 0.109,
  20.4 -41.4 0.109,
  18.4 -41.4 0.109,
  18.4 -41.4 1.44,
  20.4 -41.4 1.44,
  20.4 -39.4 1.44,
  18.4 -39.4 1.44,
  18.4 -43.2 0.109,
  20.4 -43.2 0.109,
  20.4 -45.2 0.109,
  18.4 -45.2 0.109,
  18.4 -45.2 1.44,
  20.4 -45.2 1.44,
  20.4 -43.2 1.44,
  18.4 -43.2 1.44,
  18.4 -46.8 0.109,
  20.4 -46.8 0.109,
  20.4 -48.8 0.109,
  18.4 -48.8 0.109,
  18.4 -48.8 1.44,
  20.4 -48.8 1.44,
  20.4 -46.8 1.44,
  18.4 -46.8 1.44,
  18.4 -49.9 0.109,
  20.4 -49.9 0.109,
  20.4 -51.9 0.109,
  18.4 -51.9 0.109,
  18.4 -51.9 1.44,
  20.4 -51.9 1.44,
  20.4 -49.9 1.44,
  18.4 -49.9 1.44,
  -4.5 -45.8 0.109,
  -2.5 -45.8 0.109,
  -2.5 -47.8 0.109,
  -4.5 -47.8 0.109,
  -4.5 -47.8 0.878,
  -2.5 -47.8 0.878,
  -2.5 -45.8 0.878,
  -4.5 -45.8 0.878,
  -4.5 -49.6 0.109,
  -2.5 -49.6 0.109,
  -2.5 -51.6 0.109,
  -4.5 -51.6 0.109,
  -4.5 -51.6 0.878,
  -2.5 -51.6 0.878,
  -2.5 -49.6 0.878,
  -4.5 -49.6 0.878,
  -4.5 -53.3 0.109,
  -2.5 -53.3 0.109,
  -2.5 -55.3 0.109,
  -4.5 -55.3 0.109,
  -4.5 -55.3 0.878,
  -2.5 -55.3 0.878,
  -2.5 -53.3 0.878,
  -4.5 -53.3 0.878,
  -4.5 -56.3 0.109,
  -2.5 -56.3 0.109,
  -2.5 -58.3 0.109,
  -4.5 -58.3 0.109,
  -4.5 -58.3 0.878,
  -2.5 -58.3 0.878,
  -2.5 -56.3 0.878,
  -4.5 -56.3 0.878,
  -0.355 -45.8 0.109,
  1.65 -45.8 0.109,
  1.65 -47.8 0.109,
  -0.355 -47.8 0.109,
  -0.355 -47.8 1.01,
  1.65 -47.8 1.01,
  1.65 -45.8 1.01,
  -0.355 -45.8 1.01,
  -0.651 -49.6 0.109,
  1.35 -49.6 0.109,
  1.35 -51.6 0.109,
  -0.651 -51.6 0.109,
  -0.651 -51.6 0.898,
  1.35 -51.6 0.898,
  1.35 -49.6 0.898,
  -0.651 -49.6 0.898,
  -0.715 -53.3 0.109,
  1.28 -53.3 0.109,
  1.28 -55.3 0.109,
  -0.715 -55.3 0.109,
  -0.715 -55.3 0.975,
  1.28 -55.3 0.975,
  1.28 -53.3 0.975,
  -0.715 -53.3 0.975,
  -0.58 -56.3 0.109,
  1.42 -56.3 0.109,
  1.42 -58.3 0.109,
  -0.58 -58.3 0.109,
  -0.58 -58.3 0.892,
  1.42 -58.3 0.892,
  1.42 -56.3 0.892,
  -0.58 -56.3 0.892,
  3.67 -46 0.109,
  5.67 -46 0.109,
  5.67 -48 0.109,
  3.67 -48 0.109,
  3.67 -48 1.16,
  5.67 -48 1.16,
  5.67 -46 1.16,
  3.67 -46 1.16,
  3.66 -49.9 0.109,
  5.66 -49.9 0.109,
  5.66 -51.9 0.109,
  3.66 -51.9 0.109,
  3.66 -51.9 1.02,
  5.66 -51.9 1.02,
  5.66 -49.9 1.02,
  3.66 -49.9 1.02,
  3.66 -53.5 0.109,
  5.66 -53.5 0.109,
  5.66 -55.5 0.109,
  3.66 -55.5 0.109,
  3.66 -55.5 1.02,
  5.66 -55.5 1.02,
  5.66 -53.5 1.02,
  3.66 -53.5 1.02,
  3.74 -56.5 0.109,
  5.74 -56.5 0.109,
  5.74 -58.5 0.109,
  3.74 -58.5 0.109,
  3.74 -58.5 1.09,
  5.74 -58.5 1.09,
  5.74 -56.5 1.09,
  3.74 -56.5 1.09,
  8.49 -46 0.109,
  10.5 -46 0.109,
  10.5 -48 0.109,
  8.49 -48 0.109,
  8.49 -48 1.24,
  10.5 -48 1.24,
  10.5 -46 1.24,
  8.49 -46 1.24,
  8.49 -49.9 0.109,
  10.5 -49.9 0.109,
  10.5 -51.9 0.109,
  8.49 -51.9 0.109,
  8.49 -51.9 1.24,
  10.5 -51.9 1.24,
  10.5 -49.9 1.24,
  8.49 -49.9 1.24,
  8.35 -53.5 0.109,
  10.3 -53.5 0.109,
  10.3 -55.5 0.109,
  8.35 -55.5 0.109,
  8.35 -55.5 1.18,
  10.3 -55.5 1.18,
  10.3 -53.5 1.18,
  8.35 -53.5 1.18,
  8.35 -56.5 0.109,
  10.3 -56.5 0.109,
  10.3 -58.5 0.109,
  8.35 -58.5 0.109,
  8.35 -58.5 1.18,
  10.3 -58.5 1.18,
  10.3 -56.5 1.18,
  8.35 -56.5 1.18,
  8.35 -56.5 0.109,
  10.3 -56.5 0.109,
  10.3 -58.5 0.109,
  8.35 -58.5 0.109 ]
}

coordIndex	[ 7, 0, 1, 6, -1, 6, 1, 2,
  5, -1, 1, 0, 3, 2, -1, 4,
  3, 0, 7, -1, 5, 2, 3, 4,
  -1, 19, 20, 21, 18, -1, 18, 21,
  22, 17, -1, 21, 20, 23, 22, -1,
  16, 23, 20, 19, -1, 17, 22, 23,
  16, -1, 27, 28, 29, 26, -1, 26,
  29, 30, 25, -1, 29, 28, 31, 30,
  -1, 24, 31, 28, 27, -1, 25, 30,
  31, 24, -1, 35, 36, 37, 34, -1,
  34, 37, 38, 33, -1, 37, 36, 39,
  38, -1, 32, 39, 36, 35, -1, 33,
  38, 39, 32, -1, 43, 44, 45, 42,
  -1, 42, 45, 46, 41, -1, 45, 44,
  47, 46, -1, 40, 47, 44, 43, -1,
  41, 46, 47, 40, -1, 51, 52, 53,
  50, -1, 50, 53, 54, 49, -1, 53,
  52, 55, 54, -1, 48, 55, 52, 51,
  -1, 49, 54, 55, 48, -1, 59, 60,
  61, 58, -1, 58, 61, 62, 57, -1,
  61, 60, 63, 62, -1, 56, 63, 60,
  59, -1, 57, 62, 63, 56, -1, 67,
  68, 69, 66, -1, 66, 69, 70, 65,
  -1, 69, 68, 71, 70, -1, 64, 71,
  68, 67, -1, 65, 70, 71, 64, -1,
  75, 76, 77, 74, -1, 74, 77, 78,
  73, -1, 77, 76, 79, 78, -1, 72,
  79, 76, 75, -1, 73, 78, 79, 72,
  -1, 83, 84, 85, 82, -1, 82, 85,
  86, 81, -1, 85, 84, 87, 86, -1,
  80, 87, 84, 83, -1, 81, 86, 87,
  80, -1, 91, 92, 93, 90, -1, 90,
  93, 94, 89, -1, 93, 92, 95, 94,
  -1, 88, 95, 92, 91, -1, 89, 94,
  95, 88, -1, 99, 100, 101, 98, -1,
  98, 101, 102, 97, -1, 101, 100, 103,
  102, -1, 96, 103, 100, 99, -1, 97,
  102, 103, 96, -1, 107, 108, 109, 106,
  -1, 106, 109, 110, 105, -1, 109, 108,
  111, 110, -1, 104, 111, 108, 107, -1,
  105, 110, 111, 104, -1, 115, 116, 117,
  114, -1, 114, 117, 118, 113, -1, 117,
  116, 119, 118, -1, 112, 119, 116, 115,
  -1, 113, 118, 119, 112, -1, 123, 124,
  125, 122, -1, 122, 125, 126, 121, -1,
  125, 124, 127, 126, -1, 120, 127, 124,
  123, -1, 121, 126, 127, 120, -1, 131,
  132, 133, 130, -1, 130, 133, 134, 129,
  -1, 133, 132, 135, 134, -1, 128, 135,
  132, 131, -1, 129, 134, 135, 128, -1,
  139, 140, 141, 138, -1, 138, 141, 142,
  137, -1, 141, 140, 143, 142, -1, 136,
  143, 140, 139, -1, 137, 142, 143, 136,
  -1, 147, 148, 149, 146, -1, 146, 149,
  150, 145, -1, 149, 148, 151, 150, -1,
  144, 151, 148, 147, -1, 145, 150, 151,
  144, -1, 155, 156, 157, 154, -1, 154,
  157, 158, 153, -1, 157, 156, 159, 158,
  -1, 152, 159, 156, 155, -1, 153, 158,
  159, 152, -1, 163, 164, 165, 162, -1,
  162, 165, 166, 161, -1, 165, 164, 167,
  166, -1, 160, 167, 164, 163, -1, 161,
  166, 167, 160, -1, 171, 172, 173, 170,
  -1, 170, 173, 174, 169, -1, 173, 172,
  175, 174, -1, 168, 175, 172, 171, -1,
  169, 174, 175, 168, -1, 179, 180, 181,
  178, -1, 178, 181, 182, 177, -1, 181,
  180, 183, 182, -1, 176, 183, 180, 179,
  -1, 177, 182, 183, 176, -1, 187, 188,
  189, 186, -1, 186, 189, 190, 185, -1,
  189, 188, 191, 190, -1, 184, 191, 188,
  187, -1, 185, 190, 191, 184, -1, 195,
  196, 197, 194, -1, 194, 197, 198, 193,
  -1, 197, 196, 199, 198, -1, 192, 199,
  196, 195, -1, 193, 198, 199, 192, -1,
  203, 204, 205, 202, -1, 202, 205, 206,
  201, -1, 205, 204, 207, 206, -1, 200,
  207, 204, 203, -1, 201, 206, 207, 200,
  -1, 211, 212, 213, 210, -1, 210, 213,
  214, 209, -1, 213, 212, 215, 214, -1,
  208, 215, 212, 211, -1, 209, 214, 215,
  208, -1, 219, 220, 221, 218, -1, 218,
  221, 222, 217, -1, 221, 220, 223, 222,
  -1, 216, 223, 220, 219, -1, 217, 222,
  223, 216, -1, 227, 228, 229, 226, -1,
  226, 229, 230, 225, -1, 229, 228, 231,
  230, -1, 224, 231, 228, 227, -1, 225,
  230, 231, 224, -1, 235, 236, 237, 234,
  -1, 234, 237, 238, 233, -1, 237, 236,
  239, 238, -1, 232, 239, 236, 235, -1,
  233, 238, 239, 232, -1, 243, 244, 245,
  242, -1, 242, 245, 246, 241, -1, 245,
  244, 247, 246, -1, 240, 247, 244, 243,
  -1, 241, 246, 247, 240, -1, 251, 252,
  253, 250, -1, 250, 253, 254, 249, -1,
  253, 252, 255, 254, -1, 248, 255, 252,
  251, -1, 249, 254, 255, 248, -1, 259,
  260, 261, 258, -1, 258, 261, 262, 257,
  -1, 261, 260, 263, 262, -1, 256, 263,
  260, 259, -1, 257, 262, 263, 256, -1,
  267, 268, 269, 266, -1, 266, 269, 270,
  265, -1, 269, 268, 271, 270, -1, 264,
  271, 268, 267, -1, 265, 270, 271, 264,
  -1, 275, 276, 277, 274, -1, 274, 277,
  278, 273, -1, 277, 276, 279, 278, -1,
  272, 279, 276, 275, -1, 273, 278, 279,
  272, -1, 283, 284, 285, 282, -1, 282,
  285, 286, 281, -1, 285, 284, 287, 286,
  -1, 280, 287, 284, 283, -1, 281, 286,
  287, 280, -1, 291, 292, 293, 290, -1,
  290, 293, 294, 289, -1, 293, 292, 295,
  294, -1, 288, 295, 292, 291, -1, 289,
  294, 295, 288, -1, 299, 300, 301, 298,
  -1, 298, 301, 302, 297, -1, 301, 300,
  303, 302, -1, 296, 303, 300, 299, -1,
  297, 302, 303, 296, -1, 307, 308, 309,
  306, -1, 306, 309, 310, 305, -1, 309,
  308, 311, 310, -1, 304, 311, 308, 307,
  -1, 305, 310, 311, 304, -1, 315, 316,
  317, 314, -1, 314, 317, 318, 313, -1,
  317, 316, 319, 318, -1, 312, 319, 316,
  315, -1, 313, 318, 319, 312, -1, 323,
  324, 325, 322, -1, 322, 325, 326, 321,
  -1, 325, 324, 327, 326, -1, 320, 327,
  324, 323, -1, 321, 326, 327, 320, -1,
  331, 332, 333, 330, -1, 330, 333, 334,
  329, -1, 333, 332, 335, 334, -1, 328,
  335, 332, 331, -1, 329, 334, 335, 328,
  -1, 339, 340, 341, 338, -1, 338, 341,
  342, 337, -1, 341, 340, 343, 342, -1,
  336, 343, 340, 339, -1, 337, 342, 343,
  336, -1, 347, 348, 349, 346, -1, 346,
  349, 350, 345, -1, 349, 348, 351, 350,
  -1, 344, 351, 348, 347, -1, 345, 350,
  351, 344, -1, 355, 356, 357, 354, -1,
  354, 357, 358, 353, -1, 357, 356, 359,
  358, -1, 352, 359, 356, 355, -1, 353,
  358, 359, 352, -1, 363, 364, 365, 362,
  -1, 362, 365, 366, 361, -1, 365, 364,
  367, 366, -1, 360, 367, 364, 363, -1,
  361, 366, 367, 360, -1, 371, 372, 373,
  370, -1, 370, 373, 374, 369, -1, 373,
  372, 375, 374, -1, 368, 375, 372, 371,
  -1, 369, 374, 375, 368, -1, 379, 380,
  381, 378, -1, 378, 381, 382, 377, -1,
  381, 380, 383, 382, -1, 376, 383, 380,
  379, -1, 377, 382, 383, 376, -1, 387,
  388, 389, 386, -1, 386, 389, 390, 385,
  -1, 389, 388, 391, 390, -1, 384, 391,
  388, 387, -1, 385, 390, 391, 384, -1,
  395, 396, 397, 394, -1, 394, 397, 398,
  393, -1, 397, 396, 399, 398, -1, 392,
  399, 396, 395, -1, 393, 398, 399, 392,
  -1, 403, 404, 405, 402, -1, 402, 405,
  406, 401, -1, 405, 404, 407, 406, -1,
  400, 407, 404, 403, -1, 401, 406, 407,
  400, -1, 411, 412, 413, 410, -1, 410,
  413, 414, 409, -1, 413, 412, 415, 414,
  -1, 408, 415, 412, 411, -1, 409, 414,
  415, 408, -1, 419, 420, 421, 418, -1,
  418, 421, 422, 417, -1, 421, 420, 423,
  422, -1, 416, 423, 420, 419, -1, 417,
  422, 423, 416, -1, 427, 428, 429, 426,
  -1, 426, 429, 430, 425, -1, 429, 428,
  431, 430, -1, 424, 431, 428, 427, -1,
  425, 430, 431, 424, -1, 435, 436, 437,
  434, -1, 434, 437, 438, 433, -1, 437,
  436, 439, 438, -1, 432, 439, 436, 435,
  -1, 433, 438, 439, 432, -1, 443, 444,
  445, 442, -1, 442, 445, 446, 441, -1,
  445, 444, 447, 446, -1, 440, 447, 444,
  443, -1, 441, 446, 447, 440, -1, 451,
  452, 453, 450, -1, 450, 453, 454, 449,
  -1, 453, 452, 455, 454, -1, 448, 455,
  452, 451, -1, 449, 454, 455, 448, -1,
  459, 460, 461, 458, -1, 458, 461, 462,
  457, -1, 461, 460, 463, 462, -1, 456,
  463, 460, 459, -1, 457, 462, 463, 456,
  -1, 467, 468, 469, 466, -1, 466, 469,
  470, 465, -1, 469, 468, 471, 470, -1,
  464, 471, 468, 467, -1, 465, 470, 471,
  464, -1, 475, 476, 477, 474, -1, 474,
  477, 478, 473, -1, 477, 476, 479, 478,
  -1, 472, 479, 476, 475, -1, 473, 478,
  479, 472, -1, 483, 484, 485, 482, -1,
  482, 485, 486, 481, -1, 485, 484, 487,
  486, -1, 480, 487, 484, 483, -1, 481,
  486, 487, 480, -1, 491, 492, 493, 490,
  -1, 490, 493, 494, 489, -1, 493, 492,
  495, 494, -1, 488, 495, 492, 491, -1,
  489, 494, 495, 488, -1, 499, 500, 501,
  498, -1, 498, 501, 502, 497, -1, 501,
  500, 503, 502, -1, 496, 503, 500, 499,
  -1, 497, 502, 503, 496, -1, 507, 508,
  509, 506, -1, 506, 509, 510, 505, -1,
  509, 508, 511, 510, -1, 504, 511, 508,
  507, -1, 505, 510, 511, 504, -1, 515,
  516, 517, 514, -1, 514, 517, 518, 513,
  -1, 517, 516, 519, 518, -1, 512, 519,
  516, 515, -1, 513, 518, 519, 512, -1,
  523, 524, 525, 522, -1, 522, 525, 526,
  521, -1, 525, 524, 527, 526, -1, 520,
  527, 524, 523, -1, 521, 526, 527, 520,
  -1, 531, 532, 533, 530, -1, 530, 533,
  534, 529, -1, 533, 532, 535, 534, -1,
  528, 535, 532, 531, -1, 529, 534, 535,
  528, -1, 539, 540, 541, 538, -1, 538,
  541, 542, 537, -1, 541, 540, 543, 542,
  -1, 536, 543, 540, 539, -1, 537, 542,
  543, 536, -1, 547, 548, 549, 546, -1,
  546, 549, 550, 545, -1, 549, 548, 551,
  550, -1, 544, 551, 548, 547, -1, 545,
  550, 551, 544, -1, 555, 556, 557, 554,
  -1, 554, 557, 558, 553, -1, 557, 556,
  559, 558, -1, 552, 559, 556, 555, -1,
  553, 558, 559, 552, -1, 563, 564, 565,
  562, -1, 562, 565, 566, 561, -1, 565,
  564, 567, 566, -1, 560, 567, 564, 563,
  -1, 561, 566, 567, 560, -1, 571, 572,
  573, 570, -1, 570, 573, 574, 569, -1,
  573, 572, 575, 574, -1, 568, 575, 572,
  571, -1, 569, 574, 575, 568, -1, 579,
  580, 581, 578, -1, 578, 581, 582, 577,
  -1, 581, 580, 583, 582, -1, 576, 583,
  580, 579, -1, 577, 582, 583, 576, -1,
  587, 588, 589, 586, -1, 586, 589, 590,
  585, -1, 589, 588, 591, 590, -1, 584,
  591, 588, 587, -1, 585, 590, 591, 584,
  -1, 595, 596, 597, 594, -1, 594, 597,
  598, 593, -1, 597, 596, 599, 598, -1,
  592, 599, 596, 595, -1, 593, 598, 599,
  592, -1, 603, 604, 605, 602, -1, 602,
  605, 606, 601, -1, 605, 604, 607, 606,
  -1, 600, 607, 604, 603, -1, 601, 606,
  607, 600, -1, 611, 612, 613, 610, -1,
  610, 613, 614, 609, -1, 613, 612, 615,
  614, -1, 608, 615, 612, 611, -1, 609,
  614, 615, 608, -1, 619, 620, 621, 618,
  -1, 618, 621, 622, 617, -1, 621, 620,
  623, 622, -1, 616, 623, 620, 619, -1,
  617, 622, 623, 616, -1, 627, 628, 629,
  626, -1, 626, 629, 630, 625, -1, 629,
  628, 631, 630, -1, 624, 631, 628, 627,
  -1, 625, 630, 631, 624, -1 ]
colorPerVertex	FALSE
ccw	FALSE
solid	TRUE
creaseAngle	0.559
normalIndex	[  ]
texCoordIndex	[  ]
}

}
]
translation	6.99 7.97 -8.86
rotation	-0.998102 -0.0435433 0.0435433  1.57
scale	0.069 0.069 0.069
scaleOrientation	-8.91026e-007 -1 9.9359e-010  0.00308816
}
DEF bookshelf1 Transform {
children	[
Shape {
appearance	Appearance {
material	Material {
ambientIntensity	0.1
diffuseColor	0.192 0.824 0.286
specularColor	0.1 0.1 0.1
emissiveColor	0 0 0
shininess	0
transparency	0
}

}

geometry	DEF _15 IndexedFaceSet {
coord	Coordinate {
point	[ -1 -1 -1,
  -1 -1 1,
  1 -1 -1,
  1 -1 1,
  -1 1 -1,
  1 1 -1,
  1 1 1,
  -1 1 1,
  -1 0.923 -0.411,
  -1 0.923 -0.828,
  -1 -0.898 -0.411,
  -1 -0.898 -0.828,
  0.807 -0.898 -0.828,
  0.807 -0.898 -0.411,
  0.807 0.923 -0.828,
  0.807 0.923 -0.411,
  -1 0.934 0.0542,
  -1 0.934 -0.363,
  -1 -0.888 0.0542,
  -1 -0.888 -0.363,
  0.807 -0.888 -0.363,
  0.807 -0.888 0.0542,
  0.807 0.934 -0.363,
  0.807 0.934 0.0542,
  -1 0.923 0.508,
  -1 0.923 0.0908,
  -1 -0.898 0.508,
  -1 -0.898 0.0908,
  0.807 -0.898 0.0908,
  0.807 -0.898 0.508,
  0.807 0.923 0.0908,
  0.807 0.923 0.508,
  -1 0.913 0.969,
  -1 0.913 0.552,
  -1 -0.909 0.969,
  -1 -0.909 0.552,
  0.807 -0.909 0.552,
  0.807 -0.909 0.969,
  0.807 0.913 0.552,
  0.807 0.913 0.969,
  -0.594 0.72 -0.823,
  -0.594 0.72 -0.454,
  0.457 0.72 -0.823,
  0.457 0.72 -0.454,
  -0.594 0.893 -0.823,
  0.457 0.893 -0.823,
  0.457 0.893 -0.454,
  -0.594 0.893 -0.454,
  0.457 0.701 -0.829,
  -0.594 0.701 -0.829,
  -0.594 0.528 -0.829,
  0.457 0.528 -0.829,
  -0.594 0.528 -0.459,
  0.457 0.528 -0.459,
  0.457 0.701 -0.459,
  -0.594 0.701 -0.459,
  -0.594 0.476 -0.828,
  0.457 0.476 -0.828,
  0.457 0.305 -0.828,
  -0.594 0.305 -0.828,
  -0.594 0.305 -0.527,
  0.457 0.305 -0.527,
  0.457 0.476 -0.527,
  -0.594 0.476 -0.527,
  -0.594 0.117 -0.825,
  -0.594 0.117 -0.524,
  0.457 0.117 -0.825,
  0.457 0.117 -0.524,
  -0.594 0.289 -0.825,
  0.457 0.289 -0.825,
  0.457 0.289 -0.524,
  -0.594 0.289 -0.524,
  -0.594 -0.0838 -0.823,
  -0.594 -0.0838 -0.522,
  0.457 -0.0838 -0.823,
  0.457 -0.0838 -0.522,
  -0.594 0.088 -0.823,
  0.457 0.088 -0.823,
  0.457 0.088 -0.522,
  -0.594 0.088 -0.522,
  -0.594 -0.285 -0.827,
  -0.594 -0.285 -0.526,
  0.457 -0.285 -0.827,
  0.457 -0.285 -0.526,
  -0.594 -0.113 -0.827,
  0.457 -0.113 -0.827,
  0.457 -0.113 -0.526,
  -0.594 -0.113 -0.526,
  -0.594 -0.486 -0.822,
  -0.594 -0.486 -0.52,
  0.457 -0.486 -0.822,
  0.457 -0.486 -0.52,
  -0.594 -0.314 -0.822,
  0.457 -0.314 -0.822,
  0.457 -0.314 -0.52,
  -0.594 -0.314 -0.52,
  -0.594 -0.692 -0.827,
  -0.594 -0.692 -0.458,
  0.457 -0.692 -0.827,
  0.457 -0.692 -0.458,
  -0.594 -0.519 -0.827,
  0.457 -0.519 -0.827,
  0.457 -0.519 -0.458,
  -0.594 -0.519 -0.458,
  -0.594 -0.898 -0.825,
  -0.594 -0.898 -0.456,
  0.457 -0.898 -0.825,
  0.457 -0.898 -0.456,
  -0.594 -0.725 -0.825,
  0.457 -0.725 -0.825,
  0.457 -0.725 -0.456,
  -0.594 -0.725 -0.456,
  -0.594 0.711 -0.357,
  -0.594 0.711 0.0127,
  0.457 0.711 -0.357,
  0.457 0.711 0.0127,
  -0.594 0.884 -0.357,
  0.457 0.884 -0.357,
  0.457 0.884 0.0127,
  -0.594 0.884 0.0127,
  -0.594 0.514 -0.355,
  -0.594 0.514 0.0145,
  0.457 0.514 -0.355,
  0.457 0.514 0.0145,
  -0.594 0.687 -0.355,
  0.457 0.687 -0.355,
  0.457 0.687 0.0145,
  -0.594 0.687 0.0145,
  -0.594 0.318 -0.355,
  -0.594 0.318 0.0145,
  0.457 0.318 -0.355,
  0.457 0.318 0.0145,
  -0.594 0.491 -0.355,
  0.457 0.491 -0.355,
  0.457 0.491 0.0145,
  -0.594 0.491 0.0145,
  -0.594 0.126 -0.355,
  -0.594 0.126 -0.0535,
  0.457 0.126 -0.355,
  0.457 0.126 -0.0535,
  -0.594 0.298 -0.355,
  0.457 0.298 -0.355,
  0.457 0.298 -0.0535,
  -0.594 0.298 -0.0535,
  -0.594 -0.0838 -0.359,
  -0.594 -0.0838 -0.0571,
  0.457 -0.0838 -0.359,
  0.457 -0.0838 -0.0571,
  -0.594 0.088 -0.359,
  0.457 0.088 -0.359,
  0.457 0.088 -0.0571,
  -0.594 0.088 -0.0571,
  -0.594 -0.303 -0.359,
  -0.594 -0.303 -0.0571,
  0.457 -0.303 -0.359,
  0.457 -0.303 -0.0571,
  -0.594 -0.131 -0.359,
  0.457 -0.131 -0.359,
  0.457 -0.131 -0.0571,
  -0.594 -0.131 -0.0571,
  -0.594 -0.513 -0.357,
  -0.594 -0.513 -0.0553,
  0.457 -0.513 -0.357,
  0.457 -0.513 -0.0553,
  -0.594 -0.342 -0.357,
  0.457 -0.342 -0.357,
  0.457 -0.342 -0.0553,
  -0.594 -0.342 -0.0553,
  -0.594 -0.728 -0.355,
  -0.594 -0.728 -0.0535,
  0.457 -0.728 -0.355,
  0.457 -0.728 -0.0535,
  -0.594 -0.556 -0.355,
  0.457 -0.556 -0.355,
  0.457 -0.556 -0.0535,
  -0.594 -0.556 -0.0535,
  -0.594 -0.888 -0.0589,
  0.457 -0.888 -0.0589,
  0.457 -0.888 -0.36,
  -0.594 -0.888 -0.36,
  -0.594 -0.73 -0.36,
  0.457 -0.73 -0.36,
  0.457 -0.73 -0.0589,
  -0.594 -0.73 -0.0589,
  -0.637 0.717 0.0934,
  -0.637 0.717 0.433,
  0.464 0.717 0.0934,
  0.464 0.717 0.433,
  -0.637 0.894 0.0934,
  0.464 0.894 0.0934,
  0.464 0.894 0.433,
  -0.637 0.894 0.433,
  -0.637 0.525 0.0934,
  -0.637 0.525 0.433,
  0.464 0.525 0.0934,
  0.464 0.525 0.433,
  -0.637 0.702 0.0934,
  0.464 0.702 0.0934,
  0.464 0.702 0.433,
  -0.637 0.702 0.433,
  -0.637 0.319 0.0952,
  -0.637 0.319 0.434,
  0.464 0.319 0.0952,
  0.464 0.319 0.434,
  -0.637 0.496 0.0952,
  0.464 0.496 0.0952,
  0.464 0.496 0.434,
  -0.637 0.496 0.434,
  -0.637 0.109 0.0934,
  -0.637 0.109 0.433,
  0.464 0.109 0.0934,
  0.464 0.109 0.433,
  -0.637 0.286 0.0934,
  0.464 0.286 0.0934,
  0.464 0.286 0.433,
  -0.637 0.286 0.433,
  -0.637 -0.0965 0.0916,
  -0.637 -0.0965 0.431,
  0.464 -0.0965 0.0916,
  0.464 -0.0965 0.431,
  -0.637 0.0801 0.0916,
  0.464 0.0801 0.0916,
  0.464 0.0801 0.431,
  -0.637 0.0801 0.431,
  -0.637 -0.311 0.0916,
  -0.637 -0.311 0.431,
  0.464 -0.311 0.0916,
  0.464 -0.311 0.431,
  -0.637 -0.135 0.0916,
  0.464 -0.135 0.0916,
  0.464 -0.135 0.431,
  -0.637 -0.135 0.431,
  -0.637 -0.508 0.0916,
  -0.637 -0.508 0.431,
  0.464 -0.508 0.0916,
  0.464 -0.508 0.431,
  -0.637 -0.331 0.0916,
  0.464 -0.331 0.0916,
  0.464 -0.331 0.431,
  -0.637 -0.331 0.431,
  -0.637 -0.541 0.0908,
  0.464 -0.541 0.0908,
  0.464 -0.718 0.0908,
  -0.637 -0.718 0.0908,
  -0.637 -0.718 0.429,
  0.464 -0.718 0.429,
  0.464 -0.541 0.429,
  -0.637 -0.541 0.429,
  0.464 -0.898 0.0908,
  -0.637 -0.898 0.0908,
  -0.637 -0.729 0.0908,
  -0.637 -0.898 0.429,
  0.464 -0.729 0.0908,
  0.464 -0.898 0.429,
  0.464 -0.729 0.429,
  -0.637 -0.729 0.429,
  -0.637 0.903 0.552,
  0.464 0.903 0.552,
  0.464 0.726 0.552,
  -0.637 0.726 0.552,
  -0.637 0.726 0.881,
  0.464 0.726 0.881,
  0.464 0.903 0.881,
  -0.637 0.903 0.881,
  -0.637 0.702 0.552,
  0.464 0.702 0.552,
  0.464 0.525 0.552,
  -0.637 0.525 0.552,
  -0.637 0.525 0.881,
  0.464 0.525 0.881,
  0.464 0.702 0.881,
  -0.637 0.702 0.881,
  -0.637 0.505 0.552,
  0.464 0.505 0.552,
  0.464 0.329 0.552,
  -0.637 0.329 0.552,
  -0.637 0.329 0.885,
  0.464 0.329 0.885,
  0.464 0.505 0.885,
  -0.637 0.505 0.885,
  -0.637 0.309 0.552,
  0.464 0.309 0.552,
  0.464 0.132 0.552,
  -0.637 0.132 0.552,
  -0.637 0.132 0.888,
  0.464 0.132 0.888,
  0.464 0.309 0.888,
  -0.637 0.309 0.888,
  -0.637 0.103 0.552,
  0.464 0.103 0.552,
  0.464 -0.0736 0.552,
  -0.637 -0.0736 0.552,
  -0.637 -0.0736 0.89,
  0.464 -0.0736 0.89,
  0.464 0.103 0.89,
  -0.637 0.103 0.89,
  -0.637 -0.103 0.552,
  0.464 -0.103 0.552,
  0.464 -0.279 0.552,
  -0.637 -0.279 0.552,
  -0.637 -0.279 0.887,
  0.464 -0.279 0.887,
  0.464 -0.103 0.887,
  -0.637 -0.103 0.887,
  -0.637 -0.322 0.552,
  0.464 -0.322 0.552,
  0.464 -0.499 0.552,
  -0.637 -0.499 0.552,
  -0.637 -0.499 0.888,
  0.464 -0.499 0.888,
  0.464 -0.322 0.888,
  -0.637 -0.322 0.888,
  -0.637 -0.514 0.552,
  0.464 -0.514 0.552,
  0.464 -0.691 0.552,
  -0.637 -0.691 0.552,
  -0.637 -0.691 0.887,
  0.464 -0.691 0.887,
  0.464 -0.514 0.887,
  -0.637 -0.514 0.887,
  -0.637 -0.71 0.552,
  0.464 -0.71 0.552,
  0.464 -0.887 0.552,
  -0.637 -0.887 0.552,
  -0.637 -0.887 0.888,
  0.464 -0.887 0.888,
  0.464 -0.71 0.888,
  -0.637 -0.71 0.888,
  -0.637 -0.71 0.552,
  0.464 -0.71 0.552,
  0.464 -0.887 0.552,
  -0.637 -0.887 0.552 ]
}

coordIndex	[ 40, 41, 43, 42, -1, 40, 42, 45,
  44, -1, 42, 43, 46, 45, -1, 43,
  41, 47, 46, -1, 45, 46, 47, 44,
  -1, 44, 47, 41, 40, -1, 50, 52,
  53, 51, -1, 51, 53, 54, 48, -1,
  53, 52, 55, 54, -1, 48, 54, 55,
  49, -1, 49, 55, 52, 50, -1, 96,
  97, 99, 98, -1, 96, 98, 101, 100,
  -1, 98, 99, 102, 101, -1, 99, 97,
  103, 102, -1, 101, 102, 103, 100, -1,
  100, 103, 97, 96, -1, 104, 105, 107,
  106, -1, 104, 106, 109, 108, -1, 106,
  107, 110, 109, -1, 107, 105, 111, 110,
  -1, 109, 110, 111, 108, -1, 108, 111,
  105, 104, -1, 120, 121, 123, 122, -1,
  120, 122, 125, 124, -1, 122, 123, 126,
  125, -1, 123, 121, 127, 126, -1, 125,
  126, 127, 124, -1, 124, 127, 121, 120,
  -1, 128, 129, 131, 130, -1, 128, 130,
  133, 132, -1, 130, 131, 134, 133, -1,
  131, 129, 135, 134, -1, 133, 134, 135,
  132, -1, 132, 135, 129, 128, -1 ]
colorPerVertex	FALSE
ccw	FALSE
solid	TRUE
creaseAngle	0.559
normalIndex	[  ]
texCoordIndex	[  ]
}

}
Shape {
appearance	Appearance {
material	Material {
ambientIntensity	0.1
diffuseColor	0.824 0.251 0.525
specularColor	0.1 0.1 0.1
emissiveColor	0 0 0
shininess	0
transparency	0
}

}

geometry	DEF _16 IndexedFaceSet {
coord	Coordinate {
point	[ -1 -1 -1,
  -1 -1 1,
  1 -1 -1,
  1 -1 1,
  -1 1 -1,
  1 1 -1,
  1 1 1,
  -1 1 1,
  -1 0.923 -0.411,
  -1 0.923 -0.828,
  -1 -0.898 -0.411,
  -1 -0.898 -0.828,
  0.807 -0.898 -0.828,
  0.807 -0.898 -0.411,
  0.807 0.923 -0.828,
  0.807 0.923 -0.411,
  -1 0.934 0.0542,
  -1 0.934 -0.363,
  -1 -0.888 0.0542,
  -1 -0.888 -0.363,
  0.807 -0.888 -0.363,
  0.807 -0.888 0.0542,
  0.807 0.934 -0.363,
  0.807 0.934 0.0542,
  -1 0.923 0.508,
  -1 0.923 0.0908,
  -1 -0.898 0.508,
  -1 -0.898 0.0908,
  0.807 -0.898 0.0908,
  0.807 -0.898 0.508,
  0.807 0.923 0.0908,
  0.807 0.923 0.508,
  -1 0.913 0.969,
  -1 0.913 0.552,
  -1 -0.909 0.969,
  -1 -0.909 0.552,
  0.807 -0.909 0.552,
  0.807 -0.909 0.969,
  0.807 0.913 0.552,
  0.807 0.913 0.969,
  -0.594 0.72 -0.823,
  -0.594 0.72 -0.454,
  0.457 0.72 -0.823,
  0.457 0.72 -0.454,
  -0.594 0.893 -0.823,
  0.457 0.893 -0.823,
  0.457 0.893 -0.454,
  -0.594 0.893 -0.454,
  0.457 0.701 -0.829,
  -0.594 0.701 -0.829,
  -0.594 0.528 -0.829,
  0.457 0.528 -0.829,
  -0.594 0.528 -0.459,
  0.457 0.528 -0.459,
  0.457 0.701 -0.459,
  -0.594 0.701 -0.459,
  -0.594 0.476 -0.828,
  0.457 0.476 -0.828,
  0.457 0.305 -0.828,
  -0.594 0.305 -0.828,
  -0.594 0.305 -0.527,
  0.457 0.305 -0.527,
  0.457 0.476 -0.527,
  -0.594 0.476 -0.527,
  -0.594 0.117 -0.825,
  -0.594 0.117 -0.524,
  0.457 0.117 -0.825,
  0.457 0.117 -0.524,
  -0.594 0.289 -0.825,
  0.457 0.289 -0.825,
  0.457 0.289 -0.524,
  -0.594 0.289 -0.524,
  -0.594 -0.0838 -0.823,
  -0.594 -0.0838 -0.522,
  0.457 -0.0838 -0.823,
  0.457 -0.0838 -0.522,
  -0.594 0.088 -0.823,
  0.457 0.088 -0.823,
  0.457 0.088 -0.522,
  -0.594 0.088 -0.522,
  -0.594 -0.285 -0.827,
  -0.594 -0.285 -0.526,
  0.457 -0.285 -0.827,
  0.457 -0.285 -0.526,
  -0.594 -0.113 -0.827,
  0.457 -0.113 -0.827,
  0.457 -0.113 -0.526,
  -0.594 -0.113 -0.526,
  -0.594 -0.486 -0.822,
  -0.594 -0.486 -0.52,
  0.457 -0.486 -0.822,
  0.457 -0.486 -0.52,
  -0.594 -0.314 -0.822,
  0.457 -0.314 -0.822,
  0.457 -0.314 -0.52,
  -0.594 -0.314 -0.52,
  -0.594 -0.692 -0.827,
  -0.594 -0.692 -0.458,
  0.457 -0.692 -0.827,
  0.457 -0.692 -0.458,
  -0.594 -0.519 -0.827,
  0.457 -0.519 -0.827,
  0.457 -0.519 -0.458,
  -0.594 -0.519 -0.458,
  -0.594 -0.898 -0.825,
  -0.594 -0.898 -0.456,
  0.457 -0.898 -0.825,
  0.457 -0.898 -0.456,
  -0.594 -0.725 -0.825,
  0.457 -0.725 -0.825,
  0.457 -0.725 -0.456,
  -0.594 -0.725 -0.456,
  -0.594 0.711 -0.357,
  -0.594 0.711 0.0127,
  0.457 0.711 -0.357,
  0.457 0.711 0.0127,
  -0.594 0.884 -0.357,
  0.457 0.884 -0.357,
  0.457 0.884 0.0127,
  -0.594 0.884 0.0127,
  -0.594 0.514 -0.355,
  -0.594 0.514 0.0145,
  0.457 0.514 -0.355,
  0.457 0.514 0.0145,
  -0.594 0.687 -0.355,
  0.457 0.687 -0.355,
  0.457 0.687 0.0145,
  -0.594 0.687 0.0145,
  -0.594 0.318 -0.355,
  -0.594 0.318 0.0145,
  0.457 0.318 -0.355,
  0.457 0.318 0.0145,
  -0.594 0.491 -0.355,
  0.457 0.491 -0.355,
  0.457 0.491 0.0145,
  -0.594 0.491 0.0145,
  -0.594 0.126 -0.355,
  -0.594 0.126 -0.0535,
  0.457 0.126 -0.355,
  0.457 0.126 -0.0535,
  -0.594 0.298 -0.355,
  0.457 0.298 -0.355,
  0.457 0.298 -0.0535,
  -0.594 0.298 -0.0535,
  -0.594 -0.0838 -0.359,
  -0.594 -0.0838 -0.0571,
  0.457 -0.0838 -0.359,
  0.457 -0.0838 -0.0571,
  -0.594 0.088 -0.359,
  0.457 0.088 -0.359,
  0.457 0.088 -0.0571,
  -0.594 0.088 -0.0571,
  -0.594 -0.303 -0.359,
  -0.594 -0.303 -0.0571,
  0.457 -0.303 -0.359,
  0.457 -0.303 -0.0571,
  -0.594 -0.131 -0.359,
  0.457 -0.131 -0.359,
  0.457 -0.131 -0.0571,
  -0.594 -0.131 -0.0571,
  -0.594 -0.513 -0.357,
  -0.594 -0.513 -0.0553,
  0.457 -0.513 -0.357,
  0.457 -0.513 -0.0553,
  -0.594 -0.342 -0.357,
  0.457 -0.342 -0.357,
  0.457 -0.342 -0.0553,
  -0.594 -0.342 -0.0553,
  -0.594 -0.728 -0.355,
  -0.594 -0.728 -0.0535,
  0.457 -0.728 -0.355,
  0.457 -0.728 -0.0535,
  -0.594 -0.556 -0.355,
  0.457 -0.556 -0.355,
  0.457 -0.556 -0.0535,
  -0.594 -0.556 -0.0535,
  -0.594 -0.888 -0.0589,
  0.457 -0.888 -0.0589,
  0.457 -0.888 -0.36,
  -0.594 -0.888 -0.36,
  -0.594 -0.73 -0.36,
  0.457 -0.73 -0.36,
  0.457 -0.73 -0.0589,
  -0.594 -0.73 -0.0589,
  -0.637 0.717 0.0934,
  -0.637 0.717 0.433,
  0.464 0.717 0.0934,
  0.464 0.717 0.433,
  -0.637 0.894 0.0934,
  0.464 0.894 0.0934,
  0.464 0.894 0.433,
  -0.637 0.894 0.433,
  -0.637 0.525 0.0934,
  -0.637 0.525 0.433,
  0.464 0.525 0.0934,
  0.464 0.525 0.433,
  -0.637 0.702 0.0934,
  0.464 0.702 0.0934,
  0.464 0.702 0.433,
  -0.637 0.702 0.433,
  -0.637 0.319 0.0952,
  -0.637 0.319 0.434,
  0.464 0.319 0.0952,
  0.464 0.319 0.434,
  -0.637 0.496 0.0952,
  0.464 0.496 0.0952,
  0.464 0.496 0.434,
  -0.637 0.496 0.434,
  -0.637 0.109 0.0934,
  -0.637 0.109 0.433,
  0.464 0.109 0.0934,
  0.464 0.109 0.433,
  -0.637 0.286 0.0934,
  0.464 0.286 0.0934,
  0.464 0.286 0.433,
  -0.637 0.286 0.433,
  -0.637 -0.0965 0.0916,
  -0.637 -0.0965 0.431,
  0.464 -0.0965 0.0916,
  0.464 -0.0965 0.431,
  -0.637 0.0801 0.0916,
  0.464 0.0801 0.0916,
  0.464 0.0801 0.431,
  -0.637 0.0801 0.431,
  -0.637 -0.311 0.0916,
  -0.637 -0.311 0.431,
  0.464 -0.311 0.0916,
  0.464 -0.311 0.431,
  -0.637 -0.135 0.0916,
  0.464 -0.135 0.0916,
  0.464 -0.135 0.431,
  -0.637 -0.135 0.431,
  -0.637 -0.508 0.0916,
  -0.637 -0.508 0.431,
  0.464 -0.508 0.0916,
  0.464 -0.508 0.431,
  -0.637 -0.331 0.0916,
  0.464 -0.331 0.0916,
  0.464 -0.331 0.431,
  -0.637 -0.331 0.431,
  -0.637 -0.541 0.0908,
  0.464 -0.541 0.0908,
  0.464 -0.718 0.0908,
  -0.637 -0.718 0.0908,
  -0.637 -0.718 0.429,
  0.464 -0.718 0.429,
  0.464 -0.541 0.429,
  -0.637 -0.541 0.429,
  0.464 -0.898 0.0908,
  -0.637 -0.898 0.0908,
  -0.637 -0.729 0.0908,
  -0.637 -0.898 0.429,
  0.464 -0.729 0.0908,
  0.464 -0.898 0.429,
  0.464 -0.729 0.429,
  -0.637 -0.729 0.429,
  -0.637 0.903 0.552,
  0.464 0.903 0.552,
  0.464 0.726 0.552,
  -0.637 0.726 0.552,
  -0.637 0.726 0.881,
  0.464 0.726 0.881,
  0.464 0.903 0.881,
  -0.637 0.903 0.881,
  -0.637 0.702 0.552,
  0.464 0.702 0.552,
  0.464 0.525 0.552,
  -0.637 0.525 0.552,
  -0.637 0.525 0.881,
  0.464 0.525 0.881,
  0.464 0.702 0.881,
  -0.637 0.702 0.881,
  -0.637 0.505 0.552,
  0.464 0.505 0.552,
  0.464 0.329 0.552,
  -0.637 0.329 0.552,
  -0.637 0.329 0.885,
  0.464 0.329 0.885,
  0.464 0.505 0.885,
  -0.637 0.505 0.885,
  -0.637 0.309 0.552,
  0.464 0.309 0.552,
  0.464 0.132 0.552,
  -0.637 0.132 0.552,
  -0.637 0.132 0.888,
  0.464 0.132 0.888,
  0.464 0.309 0.888,
  -0.637 0.309 0.888,
  -0.637 0.103 0.552,
  0.464 0.103 0.552,
  0.464 -0.0736 0.552,
  -0.637 -0.0736 0.552,
  -0.637 -0.0736 0.89,
  0.464 -0.0736 0.89,
  0.464 0.103 0.89,
  -0.637 0.103 0.89,
  -0.637 -0.103 0.552,
  0.464 -0.103 0.552,
  0.464 -0.279 0.552,
  -0.637 -0.279 0.552,
  -0.637 -0.279 0.887,
  0.464 -0.279 0.887,
  0.464 -0.103 0.887,
  -0.637 -0.103 0.887,
  -0.637 -0.322 0.552,
  0.464 -0.322 0.552,
  0.464 -0.499 0.552,
  -0.637 -0.499 0.552,
  -0.637 -0.499 0.888,
  0.464 -0.499 0.888,
  0.464 -0.322 0.888,
  -0.637 -0.322 0.888,
  -0.637 -0.514 0.552,
  0.464 -0.514 0.552,
  0.464 -0.691 0.552,
  -0.637 -0.691 0.552,
  -0.637 -0.691 0.887,
  0.464 -0.691 0.887,
  0.464 -0.514 0.887,
  -0.637 -0.514 0.887,
  -0.637 -0.71 0.552,
  0.464 -0.71 0.552,
  0.464 -0.887 0.552,
  -0.637 -0.887 0.552,
  -0.637 -0.887 0.888,
  0.464 -0.887 0.888,
  0.464 -0.71 0.888,
  -0.637 -0.71 0.888,
  -0.637 -0.71 0.552,
  0.464 -0.71 0.552,
  0.464 -0.887 0.552,
  -0.637 -0.887 0.552 ]
}

coordIndex	[ 59, 60, 61, 58, -1, 58, 61, 62,
  57, -1, 61, 60, 63, 62, -1, 56,
  63, 60, 59, -1, 57, 62, 63, 56,
  -1, 64, 65, 67, 66, -1, 64, 66,
  69, 68, -1, 66, 67, 70, 69, -1,
  67, 65, 71, 70, -1, 69, 70, 71,
  68, -1, 68, 71, 65, 64, -1, 72,
  73, 75, 74, -1, 72, 74, 77, 76,
  -1, 74, 75, 78, 77, -1, 75, 73,
  79, 78, -1, 77, 78, 79, 76, -1,
  76, 79, 73, 72, -1, 80, 81, 83,
  82, -1, 80, 82, 85, 84, -1, 82,
  83, 86, 85, -1, 83, 81, 87, 86,
  -1, 85, 86, 87, 84, -1, 84, 87,
  81, 80, -1, 88, 89, 91, 90, -1,
  88, 90, 93, 92, -1, 90, 91, 94,
  93, -1, 91, 89, 95, 94, -1, 93,
  94, 95, 92, -1, 92, 95, 89, 88,
  -1, 144, 145, 147, 146, -1, 144, 146,
  149, 148, -1, 146, 147, 150, 149, -1,
  147, 145, 151, 150, -1, 149, 150, 151,
  148, -1, 148, 151, 145, 144, -1, 168,
  169, 171, 170, -1, 168, 170, 173, 172,
  -1, 170, 171, 174, 173, -1, 171, 169,
  175, 174, -1, 173, 174, 175, 172, -1,
  172, 175, 169, 168, -1, 176, 183, 182,
  177, -1, 181, 182, 183, 180, -1, 179,
  180, 183, 176, -1, 178, 181, 180, 179,
  -1, 177, 182, 181, 178, -1 ]
colorPerVertex	FALSE
ccw	FALSE
solid	TRUE
creaseAngle	0.559
normalIndex	[  ]
texCoordIndex	[  ]
}

}
Shape {
appearance	Appearance {
material	Material {
ambientIntensity	0.1
diffuseColor	0.824 0.431 0.431
specularColor	0.1 0.1 0.1
emissiveColor	0 0 0
shininess	0
transparency	0
}

}

geometry	DEF _17 IndexedFaceSet {
coord	Coordinate {
point	[ -1 -1 -1,
  -1 -1 1,
  1 -1 -1,
  1 -1 1,
  -1 1 -1,
  1 1 -1,
  1 1 1,
  -1 1 1,
  -1 0.923 -0.411,
  -1 0.923 -0.828,
  -1 -0.898 -0.411,
  -1 -0.898 -0.828,
  0.807 -0.898 -0.828,
  0.807 -0.898 -0.411,
  0.807 0.923 -0.828,
  0.807 0.923 -0.411,
  -1 0.934 0.0542,
  -1 0.934 -0.363,
  -1 -0.888 0.0542,
  -1 -0.888 -0.363,
  0.807 -0.888 -0.363,
  0.807 -0.888 0.0542,
  0.807 0.934 -0.363,
  0.807 0.934 0.0542,
  -1 0.923 0.508,
  -1 0.923 0.0908,
  -1 -0.898 0.508,
  -1 -0.898 0.0908,
  0.807 -0.898 0.0908,
  0.807 -0.898 0.508,
  0.807 0.923 0.0908,
  0.807 0.923 0.508,
  -1 0.913 0.969,
  -1 0.913 0.552,
  -1 -0.909 0.969,
  -1 -0.909 0.552,
  0.807 -0.909 0.552,
  0.807 -0.909 0.969,
  0.807 0.913 0.552,
  0.807 0.913 0.969,
  -0.594 0.72 -0.823,
  -0.594 0.72 -0.454,
  0.457 0.72 -0.823,
  0.457 0.72 -0.454,
  -0.594 0.893 -0.823,
  0.457 0.893 -0.823,
  0.457 0.893 -0.454,
  -0.594 0.893 -0.454,
  0.457 0.701 -0.829,
  -0.594 0.701 -0.829,
  -0.594 0.528 -0.829,
  0.457 0.528 -0.829,
  -0.594 0.528 -0.459,
  0.457 0.528 -0.459,
  0.457 0.701 -0.459,
  -0.594 0.701 -0.459,
  -0.594 0.476 -0.828,
  0.457 0.476 -0.828,
  0.457 0.305 -0.828,
  -0.594 0.305 -0.828,
  -0.594 0.305 -0.527,
  0.457 0.305 -0.527,
  0.457 0.476 -0.527,
  -0.594 0.476 -0.527,
  -0.594 0.117 -0.825,
  -0.594 0.117 -0.524,
  0.457 0.117 -0.825,
  0.457 0.117 -0.524,
  -0.594 0.289 -0.825,
  0.457 0.289 -0.825,
  0.457 0.289 -0.524,
  -0.594 0.289 -0.524,
  -0.594 -0.0838 -0.823,
  -0.594 -0.0838 -0.522,
  0.457 -0.0838 -0.823,
  0.457 -0.0838 -0.522,
  -0.594 0.088 -0.823,
  0.457 0.088 -0.823,
  0.457 0.088 -0.522,
  -0.594 0.088 -0.522,
  -0.594 -0.285 -0.827,
  -0.594 -0.285 -0.526,
  0.457 -0.285 -0.827,
  0.457 -0.285 -0.526,
  -0.594 -0.113 -0.827,
  0.457 -0.113 -0.827,
  0.457 -0.113 -0.526,
  -0.594 -0.113 -0.526,
  -0.594 -0.486 -0.822,
  -0.594 -0.486 -0.52,
  0.457 -0.486 -0.822,
  0.457 -0.486 -0.52,
  -0.594 -0.314 -0.822,
  0.457 -0.314 -0.822,
  0.457 -0.314 -0.52,
  -0.594 -0.314 -0.52,
  -0.594 -0.692 -0.827,
  -0.594 -0.692 -0.458,
  0.457 -0.692 -0.827,
  0.457 -0.692 -0.458,
  -0.594 -0.519 -0.827,
  0.457 -0.519 -0.827,
  0.457 -0.519 -0.458,
  -0.594 -0.519 -0.458,
  -0.594 -0.898 -0.825,
  -0.594 -0.898 -0.456,
  0.457 -0.898 -0.825,
  0.457 -0.898 -0.456,
  -0.594 -0.725 -0.825,
  0.457 -0.725 -0.825,
  0.457 -0.725 -0.456,
  -0.594 -0.725 -0.456,
  -0.594 0.711 -0.357,
  -0.594 0.711 0.0127,
  0.457 0.711 -0.357,
  0.457 0.711 0.0127,
  -0.594 0.884 -0.357,
  0.457 0.884 -0.357,
  0.457 0.884 0.0127,
  -0.594 0.884 0.0127,
  -0.594 0.514 -0.355,
  -0.594 0.514 0.0145,
  0.457 0.514 -0.355,
  0.457 0.514 0.0145,
  -0.594 0.687 -0.355,
  0.457 0.687 -0.355,
  0.457 0.687 0.0145,
  -0.594 0.687 0.0145,
  -0.594 0.318 -0.355,
  -0.594 0.318 0.0145,
  0.457 0.318 -0.355,
  0.457 0.318 0.0145,
  -0.594 0.491 -0.355,
  0.457 0.491 -0.355,
  0.457 0.491 0.0145,
  -0.594 0.491 0.0145,
  -0.594 0.126 -0.355,
  -0.594 0.126 -0.0535,
  0.457 0.126 -0.355,
  0.457 0.126 -0.0535,
  -0.594 0.298 -0.355,
  0.457 0.298 -0.355,
  0.457 0.298 -0.0535,
  -0.594 0.298 -0.0535,
  -0.594 -0.0838 -0.359,
  -0.594 -0.0838 -0.0571,
  0.457 -0.0838 -0.359,
  0.457 -0.0838 -0.0571,
  -0.594 0.088 -0.359,
  0.457 0.088 -0.359,
  0.457 0.088 -0.0571,
  -0.594 0.088 -0.0571,
  -0.594 -0.303 -0.359,
  -0.594 -0.303 -0.0571,
  0.457 -0.303 -0.359,
  0.457 -0.303 -0.0571,
  -0.594 -0.131 -0.359,
  0.457 -0.131 -0.359,
  0.457 -0.131 -0.0571,
  -0.594 -0.131 -0.0571,
  -0.594 -0.513 -0.357,
  -0.594 -0.513 -0.0553,
  0.457 -0.513 -0.357,
  0.457 -0.513 -0.0553,
  -0.594 -0.342 -0.357,
  0.457 -0.342 -0.357,
  0.457 -0.342 -0.0553,
  -0.594 -0.342 -0.0553,
  -0.594 -0.728 -0.355,
  -0.594 -0.728 -0.0535,
  0.457 -0.728 -0.355,
  0.457 -0.728 -0.0535,
  -0.594 -0.556 -0.355,
  0.457 -0.556 -0.355,
  0.457 -0.556 -0.0535,
  -0.594 -0.556 -0.0535,
  -0.594 -0.888 -0.0589,
  0.457 -0.888 -0.0589,
  0.457 -0.888 -0.36,
  -0.594 -0.888 -0.36,
  -0.594 -0.73 -0.36,
  0.457 -0.73 -0.36,
  0.457 -0.73 -0.0589,
  -0.594 -0.73 -0.0589,
  -0.637 0.717 0.0934,
  -0.637 0.717 0.433,
  0.464 0.717 0.0934,
  0.464 0.717 0.433,
  -0.637 0.894 0.0934,
  0.464 0.894 0.0934,
  0.464 0.894 0.433,
  -0.637 0.894 0.433,
  -0.637 0.525 0.0934,
  -0.637 0.525 0.433,
  0.464 0.525 0.0934,
  0.464 0.525 0.433,
  -0.637 0.702 0.0934,
  0.464 0.702 0.0934,
  0.464 0.702 0.433,
  -0.637 0.702 0.433,
  -0.637 0.319 0.0952,
  -0.637 0.319 0.434,
  0.464 0.319 0.0952,
  0.464 0.319 0.434,
  -0.637 0.496 0.0952,
  0.464 0.496 0.0952,
  0.464 0.496 0.434,
  -0.637 0.496 0.434,
  -0.637 0.109 0.0934,
  -0.637 0.109 0.433,
  0.464 0.109 0.0934,
  0.464 0.109 0.433,
  -0.637 0.286 0.0934,
  0.464 0.286 0.0934,
  0.464 0.286 0.433,
  -0.637 0.286 0.433,
  -0.637 -0.0965 0.0916,
  -0.637 -0.0965 0.431,
  0.464 -0.0965 0.0916,
  0.464 -0.0965 0.431,
  -0.637 0.0801 0.0916,
  0.464 0.0801 0.0916,
  0.464 0.0801 0.431,
  -0.637 0.0801 0.431,
  -0.637 -0.311 0.0916,
  -0.637 -0.311 0.431,
  0.464 -0.311 0.0916,
  0.464 -0.311 0.431,
  -0.637 -0.135 0.0916,
  0.464 -0.135 0.0916,
  0.464 -0.135 0.431,
  -0.637 -0.135 0.431,
  -0.637 -0.508 0.0916,
  -0.637 -0.508 0.431,
  0.464 -0.508 0.0916,
  0.464 -0.508 0.431,
  -0.637 -0.331 0.0916,
  0.464 -0.331 0.0916,
  0.464 -0.331 0.431,
  -0.637 -0.331 0.431,
  -0.637 -0.541 0.0908,
  0.464 -0.541 0.0908,
  0.464 -0.718 0.0908,
  -0.637 -0.718 0.0908,
  -0.637 -0.718 0.429,
  0.464 -0.718 0.429,
  0.464 -0.541 0.429,
  -0.637 -0.541 0.429,
  0.464 -0.898 0.0908,
  -0.637 -0.898 0.0908,
  -0.637 -0.729 0.0908,
  -0.637 -0.898 0.429,
  0.464 -0.729 0.0908,
  0.464 -0.898 0.429,
  0.464 -0.729 0.429,
  -0.637 -0.729 0.429,
  -0.637 0.903 0.552,
  0.464 0.903 0.552,
  0.464 0.726 0.552,
  -0.637 0.726 0.552,
  -0.637 0.726 0.881,
  0.464 0.726 0.881,
  0.464 0.903 0.881,
  -0.637 0.903 0.881,
  -0.637 0.702 0.552,
  0.464 0.702 0.552,
  0.464 0.525 0.552,
  -0.637 0.525 0.552,
  -0.637 0.525 0.881,
  0.464 0.525 0.881,
  0.464 0.702 0.881,
  -0.637 0.702 0.881,
  -0.637 0.505 0.552,
  0.464 0.505 0.552,
  0.464 0.329 0.552,
  -0.637 0.329 0.552,
  -0.637 0.329 0.885,
  0.464 0.329 0.885,
  0.464 0.505 0.885,
  -0.637 0.505 0.885,
  -0.637 0.309 0.552,
  0.464 0.309 0.552,
  0.464 0.132 0.552,
  -0.637 0.132 0.552,
  -0.637 0.132 0.888,
  0.464 0.132 0.888,
  0.464 0.309 0.888,
  -0.637 0.309 0.888,
  -0.637 0.103 0.552,
  0.464 0.103 0.552,
  0.464 -0.0736 0.552,
  -0.637 -0.0736 0.552,
  -0.637 -0.0736 0.89,
  0.464 -0.0736 0.89,
  0.464 0.103 0.89,
  -0.637 0.103 0.89,
  -0.637 -0.103 0.552,
  0.464 -0.103 0.552,
  0.464 -0.279 0.552,
  -0.637 -0.279 0.552,
  -0.637 -0.279 0.887,
  0.464 -0.279 0.887,
  0.464 -0.103 0.887,
  -0.637 -0.103 0.887,
  -0.637 -0.322 0.552,
  0.464 -0.322 0.552,
  0.464 -0.499 0.552,
  -0.637 -0.499 0.552,
  -0.637 -0.499 0.888,
  0.464 -0.499 0.888,
  0.464 -0.322 0.888,
  -0.637 -0.322 0.888,
  -0.637 -0.514 0.552,
  0.464 -0.514 0.552,
  0.464 -0.691 0.552,
  -0.637 -0.691 0.552,
  -0.637 -0.691 0.887,
  0.464 -0.691 0.887,
  0.464 -0.514 0.887,
  -0.637 -0.514 0.887,
  -0.637 -0.71 0.552,
  0.464 -0.71 0.552,
  0.464 -0.887 0.552,
  -0.637 -0.887 0.552,
  -0.637 -0.887 0.888,
  0.464 -0.887 0.888,
  0.464 -0.71 0.888,
  -0.637 -0.71 0.888,
  -0.637 -0.71 0.552,
  0.464 -0.71 0.552,
  0.464 -0.887 0.552,
  -0.637 -0.887 0.552 ]
}

coordIndex	[ 112, 113, 115, 114, -1, 112, 114, 117,
  116, -1, 114, 115, 118, 117, -1, 115,
  113, 119, 118, -1, 117, 118, 119, 116,
  -1, 116, 119, 113, 112, -1 ]
colorPerVertex	FALSE
ccw	FALSE
solid	TRUE
creaseAngle	0.559
normalIndex	[  ]
texCoordIndex	[  ]
}

}
Shape {
appearance	Appearance {
material	Material {
ambientIntensity	0.1
diffuseColor	0.302 0.824 0.341
specularColor	0.1 0.1 0.1
emissiveColor	0 0 0
shininess	0
transparency	0
}

}

geometry	DEF _18 IndexedFaceSet {
coord	Coordinate {
point	[ -1 -1 -1,
  -1 -1 1,
  1 -1 -1,
  1 -1 1,
  -1 1 -1,
  1 1 -1,
  1 1 1,
  -1 1 1,
  -1 0.923 -0.411,
  -1 0.923 -0.828,
  -1 -0.898 -0.411,
  -1 -0.898 -0.828,
  0.807 -0.898 -0.828,
  0.807 -0.898 -0.411,
  0.807 0.923 -0.828,
  0.807 0.923 -0.411,
  -1 0.934 0.0542,
  -1 0.934 -0.363,
  -1 -0.888 0.0542,
  -1 -0.888 -0.363,
  0.807 -0.888 -0.363,
  0.807 -0.888 0.0542,
  0.807 0.934 -0.363,
  0.807 0.934 0.0542,
  -1 0.923 0.508,
  -1 0.923 0.0908,
  -1 -0.898 0.508,
  -1 -0.898 0.0908,
  0.807 -0.898 0.0908,
  0.807 -0.898 0.508,
  0.807 0.923 0.0908,
  0.807 0.923 0.508,
  -1 0.913 0.969,
  -1 0.913 0.552,
  -1 -0.909 0.969,
  -1 -0.909 0.552,
  0.807 -0.909 0.552,
  0.807 -0.909 0.969,
  0.807 0.913 0.552,
  0.807 0.913 0.969,
  -0.594 0.72 -0.823,
  -0.594 0.72 -0.454,
  0.457 0.72 -0.823,
  0.457 0.72 -0.454,
  -0.594 0.893 -0.823,
  0.457 0.893 -0.823,
  0.457 0.893 -0.454,
  -0.594 0.893 -0.454,
  0.457 0.701 -0.829,
  -0.594 0.701 -0.829,
  -0.594 0.528 -0.829,
  0.457 0.528 -0.829,
  -0.594 0.528 -0.459,
  0.457 0.528 -0.459,
  0.457 0.701 -0.459,
  -0.594 0.701 -0.459,
  -0.594 0.476 -0.828,
  0.457 0.476 -0.828,
  0.457 0.305 -0.828,
  -0.594 0.305 -0.828,
  -0.594 0.305 -0.527,
  0.457 0.305 -0.527,
  0.457 0.476 -0.527,
  -0.594 0.476 -0.527,
  -0.594 0.117 -0.825,
  -0.594 0.117 -0.524,
  0.457 0.117 -0.825,
  0.457 0.117 -0.524,
  -0.594 0.289 -0.825,
  0.457 0.289 -0.825,
  0.457 0.289 -0.524,
  -0.594 0.289 -0.524,
  -0.594 -0.0838 -0.823,
  -0.594 -0.0838 -0.522,
  0.457 -0.0838 -0.823,
  0.457 -0.0838 -0.522,
  -0.594 0.088 -0.823,
  0.457 0.088 -0.823,
  0.457 0.088 -0.522,
  -0.594 0.088 -0.522,
  -0.594 -0.285 -0.827,
  -0.594 -0.285 -0.526,
  0.457 -0.285 -0.827,
  0.457 -0.285 -0.526,
  -0.594 -0.113 -0.827,
  0.457 -0.113 -0.827,
  0.457 -0.113 -0.526,
  -0.594 -0.113 -0.526,
  -0.594 -0.486 -0.822,
  -0.594 -0.486 -0.52,
  0.457 -0.486 -0.822,
  0.457 -0.486 -0.52,
  -0.594 -0.314 -0.822,
  0.457 -0.314 -0.822,
  0.457 -0.314 -0.52,
  -0.594 -0.314 -0.52,
  -0.594 -0.692 -0.827,
  -0.594 -0.692 -0.458,
  0.457 -0.692 -0.827,
  0.457 -0.692 -0.458,
  -0.594 -0.519 -0.827,
  0.457 -0.519 -0.827,
  0.457 -0.519 -0.458,
  -0.594 -0.519 -0.458,
  -0.594 -0.898 -0.825,
  -0.594 -0.898 -0.456,
  0.457 -0.898 -0.825,
  0.457 -0.898 -0.456,
  -0.594 -0.725 -0.825,
  0.457 -0.725 -0.825,
  0.457 -0.725 -0.456,
  -0.594 -0.725 -0.456,
  -0.594 0.711 -0.357,
  -0.594 0.711 0.0127,
  0.457 0.711 -0.357,
  0.457 0.711 0.0127,
  -0.594 0.884 -0.357,
  0.457 0.884 -0.357,
  0.457 0.884 0.0127,
  -0.594 0.884 0.0127,
  -0.594 0.514 -0.355,
  -0.594 0.514 0.0145,
  0.457 0.514 -0.355,
  0.457 0.514 0.0145,
  -0.594 0.687 -0.355,
  0.457 0.687 -0.355,
  0.457 0.687 0.0145,
  -0.594 0.687 0.0145,
  -0.594 0.318 -0.355,
  -0.594 0.318 0.0145,
  0.457 0.318 -0.355,
  0.457 0.318 0.0145,
  -0.594 0.491 -0.355,
  0.457 0.491 -0.355,
  0.457 0.491 0.0145,
  -0.594 0.491 0.0145,
  -0.594 0.126 -0.355,
  -0.594 0.126 -0.0535,
  0.457 0.126 -0.355,
  0.457 0.126 -0.0535,
  -0.594 0.298 -0.355,
  0.457 0.298 -0.355,
  0.457 0.298 -0.0535,
  -0.594 0.298 -0.0535,
  -0.594 -0.0838 -0.359,
  -0.594 -0.0838 -0.0571,
  0.457 -0.0838 -0.359,
  0.457 -0.0838 -0.0571,
  -0.594 0.088 -0.359,
  0.457 0.088 -0.359,
  0.457 0.088 -0.0571,
  -0.594 0.088 -0.0571,
  -0.594 -0.303 -0.359,
  -0.594 -0.303 -0.0571,
  0.457 -0.303 -0.359,
  0.457 -0.303 -0.0571,
  -0.594 -0.131 -0.359,
  0.457 -0.131 -0.359,
  0.457 -0.131 -0.0571,
  -0.594 -0.131 -0.0571,
  -0.594 -0.513 -0.357,
  -0.594 -0.513 -0.0553,
  0.457 -0.513 -0.357,
  0.457 -0.513 -0.0553,
  -0.594 -0.342 -0.357,
  0.457 -0.342 -0.357,
  0.457 -0.342 -0.0553,
  -0.594 -0.342 -0.0553,
  -0.594 -0.728 -0.355,
  -0.594 -0.728 -0.0535,
  0.457 -0.728 -0.355,
  0.457 -0.728 -0.0535,
  -0.594 -0.556 -0.355,
  0.457 -0.556 -0.355,
  0.457 -0.556 -0.0535,
  -0.594 -0.556 -0.0535,
  -0.594 -0.888 -0.0589,
  0.457 -0.888 -0.0589,
  0.457 -0.888 -0.36,
  -0.594 -0.888 -0.36,
  -0.594 -0.73 -0.36,
  0.457 -0.73 -0.36,
  0.457 -0.73 -0.0589,
  -0.594 -0.73 -0.0589,
  -0.637 0.717 0.0934,
  -0.637 0.717 0.433,
  0.464 0.717 0.0934,
  0.464 0.717 0.433,
  -0.637 0.894 0.0934,
  0.464 0.894 0.0934,
  0.464 0.894 0.433,
  -0.637 0.894 0.433,
  -0.637 0.525 0.0934,
  -0.637 0.525 0.433,
  0.464 0.525 0.0934,
  0.464 0.525 0.433,
  -0.637 0.702 0.0934,
  0.464 0.702 0.0934,
  0.464 0.702 0.433,
  -0.637 0.702 0.433,
  -0.637 0.319 0.0952,
  -0.637 0.319 0.434,
  0.464 0.319 0.0952,
  0.464 0.319 0.434,
  -0.637 0.496 0.0952,
  0.464 0.496 0.0952,
  0.464 0.496 0.434,
  -0.637 0.496 0.434,
  -0.637 0.109 0.0934,
  -0.637 0.109 0.433,
  0.464 0.109 0.0934,
  0.464 0.109 0.433,
  -0.637 0.286 0.0934,
  0.464 0.286 0.0934,
  0.464 0.286 0.433,
  -0.637 0.286 0.433,
  -0.637 -0.0965 0.0916,
  -0.637 -0.0965 0.431,
  0.464 -0.0965 0.0916,
  0.464 -0.0965 0.431,
  -0.637 0.0801 0.0916,
  0.464 0.0801 0.0916,
  0.464 0.0801 0.431,
  -0.637 0.0801 0.431,
  -0.637 -0.311 0.0916,
  -0.637 -0.311 0.431,
  0.464 -0.311 0.0916,
  0.464 -0.311 0.431,
  -0.637 -0.135 0.0916,
  0.464 -0.135 0.0916,
  0.464 -0.135 0.431,
  -0.637 -0.135 0.431,
  -0.637 -0.508 0.0916,
  -0.637 -0.508 0.431,
  0.464 -0.508 0.0916,
  0.464 -0.508 0.431,
  -0.637 -0.331 0.0916,
  0.464 -0.331 0.0916,
  0.464 -0.331 0.431,
  -0.637 -0.331 0.431,
  -0.637 -0.541 0.0908,
  0.464 -0.541 0.0908,
  0.464 -0.718 0.0908,
  -0.637 -0.718 0.0908,
  -0.637 -0.718 0.429,
  0.464 -0.718 0.429,
  0.464 -0.541 0.429,
  -0.637 -0.541 0.429,
  0.464 -0.898 0.0908,
  -0.637 -0.898 0.0908,
  -0.637 -0.729 0.0908,
  -0.637 -0.898 0.429,
  0.464 -0.729 0.0908,
  0.464 -0.898 0.429,
  0.464 -0.729 0.429,
  -0.637 -0.729 0.429,
  -0.637 0.903 0.552,
  0.464 0.903 0.552,
  0.464 0.726 0.552,
  -0.637 0.726 0.552,
  -0.637 0.726 0.881,
  0.464 0.726 0.881,
  0.464 0.903 0.881,
  -0.637 0.903 0.881,
  -0.637 0.702 0.552,
  0.464 0.702 0.552,
  0.464 0.525 0.552,
  -0.637 0.525 0.552,
  -0.637 0.525 0.881,
  0.464 0.525 0.881,
  0.464 0.702 0.881,
  -0.637 0.702 0.881,
  -0.637 0.505 0.552,
  0.464 0.505 0.552,
  0.464 0.329 0.552,
  -0.637 0.329 0.552,
  -0.637 0.329 0.885,
  0.464 0.329 0.885,
  0.464 0.505 0.885,
  -0.637 0.505 0.885,
  -0.637 0.309 0.552,
  0.464 0.309 0.552,
  0.464 0.132 0.552,
  -0.637 0.132 0.552,
  -0.637 0.132 0.888,
  0.464 0.132 0.888,
  0.464 0.309 0.888,
  -0.637 0.309 0.888,
  -0.637 0.103 0.552,
  0.464 0.103 0.552,
  0.464 -0.0736 0.552,
  -0.637 -0.0736 0.552,
  -0.637 -0.0736 0.89,
  0.464 -0.0736 0.89,
  0.464 0.103 0.89,
  -0.637 0.103 0.89,
  -0.637 -0.103 0.552,
  0.464 -0.103 0.552,
  0.464 -0.279 0.552,
  -0.637 -0.279 0.552,
  -0.637 -0.279 0.887,
  0.464 -0.279 0.887,
  0.464 -0.103 0.887,
  -0.637 -0.103 0.887,
  -0.637 -0.322 0.552,
  0.464 -0.322 0.552,
  0.464 -0.499 0.552,
  -0.637 -0.499 0.552,
  -0.637 -0.499 0.888,
  0.464 -0.499 0.888,
  0.464 -0.322 0.888,
  -0.637 -0.322 0.888,
  -0.637 -0.514 0.552,
  0.464 -0.514 0.552,
  0.464 -0.691 0.552,
  -0.637 -0.691 0.552,
  -0.637 -0.691 0.887,
  0.464 -0.691 0.887,
  0.464 -0.514 0.887,
  -0.637 -0.514 0.887,
  -0.637 -0.71 0.552,
  0.464 -0.71 0.552,
  0.464 -0.887 0.552,
  -0.637 -0.887 0.552,
  -0.637 -0.887 0.888,
  0.464 -0.887 0.888,
  0.464 -0.71 0.888,
  -0.637 -0.71 0.888,
  -0.637 -0.71 0.552,
  0.464 -0.71 0.552,
  0.464 -0.887 0.552,
  -0.637 -0.887 0.552 ]
}

coordIndex	[ 136, 137, 139, 138, -1, 136, 138, 141,
  140, -1, 138, 139, 142, 141, -1, 139,
  137, 143, 142, -1, 141, 142, 143, 140,
  -1, 140, 143, 137, 136, -1, 152, 153,
  155, 154, -1, 152, 154, 157, 156, -1,
  154, 155, 158, 157, -1, 155, 153, 159,
  158, -1, 157, 158, 159, 156, -1, 156,
  159, 153, 152, -1, 160, 161, 163, 162,
  -1, 160, 162, 165, 164, -1, 162, 163,
  166, 165, -1, 163, 161, 167, 166, -1,
  165, 166, 167, 164, -1, 164, 167, 161,
  160, -1 ]
colorPerVertex	FALSE
ccw	FALSE
solid	TRUE
creaseAngle	0.559
normalIndex	[  ]
texCoordIndex	[  ]
}

}
Shape {
appearance	Appearance {
material	Material {
ambientIntensity	0.1
diffuseColor	0.706 0.498 0.824
specularColor	0.1 0.1 0.1
emissiveColor	0 0 0
shininess	0
transparency	0
}

}

geometry	DEF _19 IndexedFaceSet {
coord	Coordinate {
point	[ -1 -1 -1,
  -1 -1 1,
  1 -1 -1,
  1 -1 1,
  -1 1 -1,
  1 1 -1,
  1 1 1,
  -1 1 1,
  -1 0.923 -0.411,
  -1 0.923 -0.828,
  -1 -0.898 -0.411,
  -1 -0.898 -0.828,
  0.807 -0.898 -0.828,
  0.807 -0.898 -0.411,
  0.807 0.923 -0.828,
  0.807 0.923 -0.411,
  -1 0.934 0.0542,
  -1 0.934 -0.363,
  -1 -0.888 0.0542,
  -1 -0.888 -0.363,
  0.807 -0.888 -0.363,
  0.807 -0.888 0.0542,
  0.807 0.934 -0.363,
  0.807 0.934 0.0542,
  -1 0.923 0.508,
  -1 0.923 0.0908,
  -1 -0.898 0.508,
  -1 -0.898 0.0908,
  0.807 -0.898 0.0908,
  0.807 -0.898 0.508,
  0.807 0.923 0.0908,
  0.807 0.923 0.508,
  -1 0.913 0.969,
  -1 0.913 0.552,
  -1 -0.909 0.969,
  -1 -0.909 0.552,
  0.807 -0.909 0.552,
  0.807 -0.909 0.969,
  0.807 0.913 0.552,
  0.807 0.913 0.969,
  -0.594 0.72 -0.823,
  -0.594 0.72 -0.454,
  0.457 0.72 -0.823,
  0.457 0.72 -0.454,
  -0.594 0.893 -0.823,
  0.457 0.893 -0.823,
  0.457 0.893 -0.454,
  -0.594 0.893 -0.454,
  0.457 0.701 -0.829,
  -0.594 0.701 -0.829,
  -0.594 0.528 -0.829,
  0.457 0.528 -0.829,
  -0.594 0.528 -0.459,
  0.457 0.528 -0.459,
  0.457 0.701 -0.459,
  -0.594 0.701 -0.459,
  -0.594 0.476 -0.828,
  0.457 0.476 -0.828,
  0.457 0.305 -0.828,
  -0.594 0.305 -0.828,
  -0.594 0.305 -0.527,
  0.457 0.305 -0.527,
  0.457 0.476 -0.527,
  -0.594 0.476 -0.527,
  -0.594 0.117 -0.825,
  -0.594 0.117 -0.524,
  0.457 0.117 -0.825,
  0.457 0.117 -0.524,
  -0.594 0.289 -0.825,
  0.457 0.289 -0.825,
  0.457 0.289 -0.524,
  -0.594 0.289 -0.524,
  -0.594 -0.0838 -0.823,
  -0.594 -0.0838 -0.522,
  0.457 -0.0838 -0.823,
  0.457 -0.0838 -0.522,
  -0.594 0.088 -0.823,
  0.457 0.088 -0.823,
  0.457 0.088 -0.522,
  -0.594 0.088 -0.522,
  -0.594 -0.285 -0.827,
  -0.594 -0.285 -0.526,
  0.457 -0.285 -0.827,
  0.457 -0.285 -0.526,
  -0.594 -0.113 -0.827,
  0.457 -0.113 -0.827,
  0.457 -0.113 -0.526,
  -0.594 -0.113 -0.526,
  -0.594 -0.486 -0.822,
  -0.594 -0.486 -0.52,
  0.457 -0.486 -0.822,
  0.457 -0.486 -0.52,
  -0.594 -0.314 -0.822,
  0.457 -0.314 -0.822,
  0.457 -0.314 -0.52,
  -0.594 -0.314 -0.52,
  -0.594 -0.692 -0.827,
  -0.594 -0.692 -0.458,
  0.457 -0.692 -0.827,
  0.457 -0.692 -0.458,
  -0.594 -0.519 -0.827,
  0.457 -0.519 -0.827,
  0.457 -0.519 -0.458,
  -0.594 -0.519 -0.458,
  -0.594 -0.898 -0.825,
  -0.594 -0.898 -0.456,
  0.457 -0.898 -0.825,
  0.457 -0.898 -0.456,
  -0.594 -0.725 -0.825,
  0.457 -0.725 -0.825,
  0.457 -0.725 -0.456,
  -0.594 -0.725 -0.456,
  -0.594 0.711 -0.357,
  -0.594 0.711 0.0127,
  0.457 0.711 -0.357,
  0.457 0.711 0.0127,
  -0.594 0.884 -0.357,
  0.457 0.884 -0.357,
  0.457 0.884 0.0127,
  -0.594 0.884 0.0127,
  -0.594 0.514 -0.355,
  -0.594 0.514 0.0145,
  0.457 0.514 -0.355,
  0.457 0.514 0.0145,
  -0.594 0.687 -0.355,
  0.457 0.687 -0.355,
  0.457 0.687 0.0145,
  -0.594 0.687 0.0145,
  -0.594 0.318 -0.355,
  -0.594 0.318 0.0145,
  0.457 0.318 -0.355,
  0.457 0.318 0.0145,
  -0.594 0.491 -0.355,
  0.457 0.491 -0.355,
  0.457 0.491 0.0145,
  -0.594 0.491 0.0145,
  -0.594 0.126 -0.355,
  -0.594 0.126 -0.0535,
  0.457 0.126 -0.355,
  0.457 0.126 -0.0535,
  -0.594 0.298 -0.355,
  0.457 0.298 -0.355,
  0.457 0.298 -0.0535,
  -0.594 0.298 -0.0535,
  -0.594 -0.0838 -0.359,
  -0.594 -0.0838 -0.0571,
  0.457 -0.0838 -0.359,
  0.457 -0.0838 -0.0571,
  -0.594 0.088 -0.359,
  0.457 0.088 -0.359,
  0.457 0.088 -0.0571,
  -0.594 0.088 -0.0571,
  -0.594 -0.303 -0.359,
  -0.594 -0.303 -0.0571,
  0.457 -0.303 -0.359,
  0.457 -0.303 -0.0571,
  -0.594 -0.131 -0.359,
  0.457 -0.131 -0.359,
  0.457 -0.131 -0.0571,
  -0.594 -0.131 -0.0571,
  -0.594 -0.513 -0.357,
  -0.594 -0.513 -0.0553,
  0.457 -0.513 -0.357,
  0.457 -0.513 -0.0553,
  -0.594 -0.342 -0.357,
  0.457 -0.342 -0.357,
  0.457 -0.342 -0.0553,
  -0.594 -0.342 -0.0553,
  -0.594 -0.728 -0.355,
  -0.594 -0.728 -0.0535,
  0.457 -0.728 -0.355,
  0.457 -0.728 -0.0535,
  -0.594 -0.556 -0.355,
  0.457 -0.556 -0.355,
  0.457 -0.556 -0.0535,
  -0.594 -0.556 -0.0535,
  -0.594 -0.888 -0.0589,
  0.457 -0.888 -0.0589,
  0.457 -0.888 -0.36,
  -0.594 -0.888 -0.36,
  -0.594 -0.73 -0.36,
  0.457 -0.73 -0.36,
  0.457 -0.73 -0.0589,
  -0.594 -0.73 -0.0589,
  -0.637 0.717 0.0934,
  -0.637 0.717 0.433,
  0.464 0.717 0.0934,
  0.464 0.717 0.433,
  -0.637 0.894 0.0934,
  0.464 0.894 0.0934,
  0.464 0.894 0.433,
  -0.637 0.894 0.433,
  -0.637 0.525 0.0934,
  -0.637 0.525 0.433,
  0.464 0.525 0.0934,
  0.464 0.525 0.433,
  -0.637 0.702 0.0934,
  0.464 0.702 0.0934,
  0.464 0.702 0.433,
  -0.637 0.702 0.433,
  -0.637 0.319 0.0952,
  -0.637 0.319 0.434,
  0.464 0.319 0.0952,
  0.464 0.319 0.434,
  -0.637 0.496 0.0952,
  0.464 0.496 0.0952,
  0.464 0.496 0.434,
  -0.637 0.496 0.434,
  -0.637 0.109 0.0934,
  -0.637 0.109 0.433,
  0.464 0.109 0.0934,
  0.464 0.109 0.433,
  -0.637 0.286 0.0934,
  0.464 0.286 0.0934,
  0.464 0.286 0.433,
  -0.637 0.286 0.433,
  -0.637 -0.0965 0.0916,
  -0.637 -0.0965 0.431,
  0.464 -0.0965 0.0916,
  0.464 -0.0965 0.431,
  -0.637 0.0801 0.0916,
  0.464 0.0801 0.0916,
  0.464 0.0801 0.431,
  -0.637 0.0801 0.431,
  -0.637 -0.311 0.0916,
  -0.637 -0.311 0.431,
  0.464 -0.311 0.0916,
  0.464 -0.311 0.431,
  -0.637 -0.135 0.0916,
  0.464 -0.135 0.0916,
  0.464 -0.135 0.431,
  -0.637 -0.135 0.431,
  -0.637 -0.508 0.0916,
  -0.637 -0.508 0.431,
  0.464 -0.508 0.0916,
  0.464 -0.508 0.431,
  -0.637 -0.331 0.0916,
  0.464 -0.331 0.0916,
  0.464 -0.331 0.431,
  -0.637 -0.331 0.431,
  -0.637 -0.541 0.0908,
  0.464 -0.541 0.0908,
  0.464 -0.718 0.0908,
  -0.637 -0.718 0.0908,
  -0.637 -0.718 0.429,
  0.464 -0.718 0.429,
  0.464 -0.541 0.429,
  -0.637 -0.541 0.429,
  0.464 -0.898 0.0908,
  -0.637 -0.898 0.0908,
  -0.637 -0.729 0.0908,
  -0.637 -0.898 0.429,
  0.464 -0.729 0.0908,
  0.464 -0.898 0.429,
  0.464 -0.729 0.429,
  -0.637 -0.729 0.429,
  -0.637 0.903 0.552,
  0.464 0.903 0.552,
  0.464 0.726 0.552,
  -0.637 0.726 0.552,
  -0.637 0.726 0.881,
  0.464 0.726 0.881,
  0.464 0.903 0.881,
  -0.637 0.903 0.881,
  -0.637 0.702 0.552,
  0.464 0.702 0.552,
  0.464 0.525 0.552,
  -0.637 0.525 0.552,
  -0.637 0.525 0.881,
  0.464 0.525 0.881,
  0.464 0.702 0.881,
  -0.637 0.702 0.881,
  -0.637 0.505 0.552,
  0.464 0.505 0.552,
  0.464 0.329 0.552,
  -0.637 0.329 0.552,
  -0.637 0.329 0.885,
  0.464 0.329 0.885,
  0.464 0.505 0.885,
  -0.637 0.505 0.885,
  -0.637 0.309 0.552,
  0.464 0.309 0.552,
  0.464 0.132 0.552,
  -0.637 0.132 0.552,
  -0.637 0.132 0.888,
  0.464 0.132 0.888,
  0.464 0.309 0.888,
  -0.637 0.309 0.888,
  -0.637 0.103 0.552,
  0.464 0.103 0.552,
  0.464 -0.0736 0.552,
  -0.637 -0.0736 0.552,
  -0.637 -0.0736 0.89,
  0.464 -0.0736 0.89,
  0.464 0.103 0.89,
  -0.637 0.103 0.89,
  -0.637 -0.103 0.552,
  0.464 -0.103 0.552,
  0.464 -0.279 0.552,
  -0.637 -0.279 0.552,
  -0.637 -0.279 0.887,
  0.464 -0.279 0.887,
  0.464 -0.103 0.887,
  -0.637 -0.103 0.887,
  -0.637 -0.322 0.552,
  0.464 -0.322 0.552,
  0.464 -0.499 0.552,
  -0.637 -0.499 0.552,
  -0.637 -0.499 0.888,
  0.464 -0.499 0.888,
  0.464 -0.322 0.888,
  -0.637 -0.322 0.888,
  -0.637 -0.514 0.552,
  0.464 -0.514 0.552,
  0.464 -0.691 0.552,
  -0.637 -0.691 0.552,
  -0.637 -0.691 0.887,
  0.464 -0.691 0.887,
  0.464 -0.514 0.887,
  -0.637 -0.514 0.887,
  -0.637 -0.71 0.552,
  0.464 -0.71 0.552,
  0.464 -0.887 0.552,
  -0.637 -0.887 0.552,
  -0.637 -0.887 0.888,
  0.464 -0.887 0.888,
  0.464 -0.71 0.888,
  -0.637 -0.71 0.888,
  -0.637 -0.71 0.552,
  0.464 -0.71 0.552,
  0.464 -0.887 0.552,
  -0.637 -0.887 0.552 ]
}

coordIndex	[ 184, 185, 187, 186, -1, 184, 186, 189,
  188, -1, 186, 187, 190, 189, -1, 187,
  185, 191, 190, -1, 189, 190, 191, 188,
  -1, 188, 191, 185, 184, -1, 192, 193,
  195, 194, -1, 192, 194, 197, 196, -1,
  194, 195, 198, 197, -1, 195, 193, 199,
  198, -1, 197, 198, 199, 196, -1, 196,
  199, 193, 192, -1, 200, 201, 203, 202,
  -1, 200, 202, 205, 204, -1, 202, 203,
  206, 205, -1, 203, 201, 207, 206, -1,
  205, 206, 207, 204, -1, 204, 207, 201,
  200, -1, 208, 209, 211, 210, -1, 208,
  210, 213, 212, -1, 210, 211, 214, 213,
  -1, 211, 209, 215, 214, -1, 213, 214,
  215, 212, -1, 212, 215, 209, 208, -1,
  216, 217, 219, 218, -1, 216, 218, 221,
  220, -1, 218, 219, 222, 221, -1, 219,
  217, 223, 222, -1, 221, 222, 223, 220,
  -1, 220, 223, 217, 216, -1 ]
colorPerVertex	FALSE
ccw	FALSE
solid	TRUE
creaseAngle	0.559
normalIndex	[  ]
texCoordIndex	[  ]
}

}
Shape {
appearance	Appearance {
material	Material {
ambientIntensity	0.1
diffuseColor	0.824 0.718 0.282
specularColor	0.1 0.1 0.1
emissiveColor	0 0 0
shininess	0
transparency	0
}

}

geometry	DEF _20 IndexedFaceSet {
coord	Coordinate {
point	[ -1 -1 -1,
  -1 -1 1,
  1 -1 -1,
  1 -1 1,
  -1 1 -1,
  1 1 -1,
  1 1 1,
  -1 1 1,
  -1 0.923 -0.411,
  -1 0.923 -0.828,
  -1 -0.898 -0.411,
  -1 -0.898 -0.828,
  0.807 -0.898 -0.828,
  0.807 -0.898 -0.411,
  0.807 0.923 -0.828,
  0.807 0.923 -0.411,
  -1 0.934 0.0542,
  -1 0.934 -0.363,
  -1 -0.888 0.0542,
  -1 -0.888 -0.363,
  0.807 -0.888 -0.363,
  0.807 -0.888 0.0542,
  0.807 0.934 -0.363,
  0.807 0.934 0.0542,
  -1 0.923 0.508,
  -1 0.923 0.0908,
  -1 -0.898 0.508,
  -1 -0.898 0.0908,
  0.807 -0.898 0.0908,
  0.807 -0.898 0.508,
  0.807 0.923 0.0908,
  0.807 0.923 0.508,
  -1 0.913 0.969,
  -1 0.913 0.552,
  -1 -0.909 0.969,
  -1 -0.909 0.552,
  0.807 -0.909 0.552,
  0.807 -0.909 0.969,
  0.807 0.913 0.552,
  0.807 0.913 0.969,
  -0.594 0.72 -0.823,
  -0.594 0.72 -0.454,
  0.457 0.72 -0.823,
  0.457 0.72 -0.454,
  -0.594 0.893 -0.823,
  0.457 0.893 -0.823,
  0.457 0.893 -0.454,
  -0.594 0.893 -0.454,
  0.457 0.701 -0.829,
  -0.594 0.701 -0.829,
  -0.594 0.528 -0.829,
  0.457 0.528 -0.829,
  -0.594 0.528 -0.459,
  0.457 0.528 -0.459,
  0.457 0.701 -0.459,
  -0.594 0.701 -0.459,
  -0.594 0.476 -0.828,
  0.457 0.476 -0.828,
  0.457 0.305 -0.828,
  -0.594 0.305 -0.828,
  -0.594 0.305 -0.527,
  0.457 0.305 -0.527,
  0.457 0.476 -0.527,
  -0.594 0.476 -0.527,
  -0.594 0.117 -0.825,
  -0.594 0.117 -0.524,
  0.457 0.117 -0.825,
  0.457 0.117 -0.524,
  -0.594 0.289 -0.825,
  0.457 0.289 -0.825,
  0.457 0.289 -0.524,
  -0.594 0.289 -0.524,
  -0.594 -0.0838 -0.823,
  -0.594 -0.0838 -0.522,
  0.457 -0.0838 -0.823,
  0.457 -0.0838 -0.522,
  -0.594 0.088 -0.823,
  0.457 0.088 -0.823,
  0.457 0.088 -0.522,
  -0.594 0.088 -0.522,
  -0.594 -0.285 -0.827,
  -0.594 -0.285 -0.526,
  0.457 -0.285 -0.827,
  0.457 -0.285 -0.526,
  -0.594 -0.113 -0.827,
  0.457 -0.113 -0.827,
  0.457 -0.113 -0.526,
  -0.594 -0.113 -0.526,
  -0.594 -0.486 -0.822,
  -0.594 -0.486 -0.52,
  0.457 -0.486 -0.822,
  0.457 -0.486 -0.52,
  -0.594 -0.314 -0.822,
  0.457 -0.314 -0.822,
  0.457 -0.314 -0.52,
  -0.594 -0.314 -0.52,
  -0.594 -0.692 -0.827,
  -0.594 -0.692 -0.458,
  0.457 -0.692 -0.827,
  0.457 -0.692 -0.458,
  -0.594 -0.519 -0.827,
  0.457 -0.519 -0.827,
  0.457 -0.519 -0.458,
  -0.594 -0.519 -0.458,
  -0.594 -0.898 -0.825,
  -0.594 -0.898 -0.456,
  0.457 -0.898 -0.825,
  0.457 -0.898 -0.456,
  -0.594 -0.725 -0.825,
  0.457 -0.725 -0.825,
  0.457 -0.725 -0.456,
  -0.594 -0.725 -0.456,
  -0.594 0.711 -0.357,
  -0.594 0.711 0.0127,
  0.457 0.711 -0.357,
  0.457 0.711 0.0127,
  -0.594 0.884 -0.357,
  0.457 0.884 -0.357,
  0.457 0.884 0.0127,
  -0.594 0.884 0.0127,
  -0.594 0.514 -0.355,
  -0.594 0.514 0.0145,
  0.457 0.514 -0.355,
  0.457 0.514 0.0145,
  -0.594 0.687 -0.355,
  0.457 0.687 -0.355,
  0.457 0.687 0.0145,
  -0.594 0.687 0.0145,
  -0.594 0.318 -0.355,
  -0.594 0.318 0.0145,
  0.457 0.318 -0.355,
  0.457 0.318 0.0145,
  -0.594 0.491 -0.355,
  0.457 0.491 -0.355,
  0.457 0.491 0.0145,
  -0.594 0.491 0.0145,
  -0.594 0.126 -0.355,
  -0.594 0.126 -0.0535,
  0.457 0.126 -0.355,
  0.457 0.126 -0.0535,
  -0.594 0.298 -0.355,
  0.457 0.298 -0.355,
  0.457 0.298 -0.0535,
  -0.594 0.298 -0.0535,
  -0.594 -0.0838 -0.359,
  -0.594 -0.0838 -0.0571,
  0.457 -0.0838 -0.359,
  0.457 -0.0838 -0.0571,
  -0.594 0.088 -0.359,
  0.457 0.088 -0.359,
  0.457 0.088 -0.0571,
  -0.594 0.088 -0.0571,
  -0.594 -0.303 -0.359,
  -0.594 -0.303 -0.0571,
  0.457 -0.303 -0.359,
  0.457 -0.303 -0.0571,
  -0.594 -0.131 -0.359,
  0.457 -0.131 -0.359,
  0.457 -0.131 -0.0571,
  -0.594 -0.131 -0.0571,
  -0.594 -0.513 -0.357,
  -0.594 -0.513 -0.0553,
  0.457 -0.513 -0.357,
  0.457 -0.513 -0.0553,
  -0.594 -0.342 -0.357,
  0.457 -0.342 -0.357,
  0.457 -0.342 -0.0553,
  -0.594 -0.342 -0.0553,
  -0.594 -0.728 -0.355,
  -0.594 -0.728 -0.0535,
  0.457 -0.728 -0.355,
  0.457 -0.728 -0.0535,
  -0.594 -0.556 -0.355,
  0.457 -0.556 -0.355,
  0.457 -0.556 -0.0535,
  -0.594 -0.556 -0.0535,
  -0.594 -0.888 -0.0589,
  0.457 -0.888 -0.0589,
  0.457 -0.888 -0.36,
  -0.594 -0.888 -0.36,
  -0.594 -0.73 -0.36,
  0.457 -0.73 -0.36,
  0.457 -0.73 -0.0589,
  -0.594 -0.73 -0.0589,
  -0.637 0.717 0.0934,
  -0.637 0.717 0.433,
  0.464 0.717 0.0934,
  0.464 0.717 0.433,
  -0.637 0.894 0.0934,
  0.464 0.894 0.0934,
  0.464 0.894 0.433,
  -0.637 0.894 0.433,
  -0.637 0.525 0.0934,
  -0.637 0.525 0.433,
  0.464 0.525 0.0934,
  0.464 0.525 0.433,
  -0.637 0.702 0.0934,
  0.464 0.702 0.0934,
  0.464 0.702 0.433,
  -0.637 0.702 0.433,
  -0.637 0.319 0.0952,
  -0.637 0.319 0.434,
  0.464 0.319 0.0952,
  0.464 0.319 0.434,
  -0.637 0.496 0.0952,
  0.464 0.496 0.0952,
  0.464 0.496 0.434,
  -0.637 0.496 0.434,
  -0.637 0.109 0.0934,
  -0.637 0.109 0.433,
  0.464 0.109 0.0934,
  0.464 0.109 0.433,
  -0.637 0.286 0.0934,
  0.464 0.286 0.0934,
  0.464 0.286 0.433,
  -0.637 0.286 0.433,
  -0.637 -0.0965 0.0916,
  -0.637 -0.0965 0.431,
  0.464 -0.0965 0.0916,
  0.464 -0.0965 0.431,
  -0.637 0.0801 0.0916,
  0.464 0.0801 0.0916,
  0.464 0.0801 0.431,
  -0.637 0.0801 0.431,
  -0.637 -0.311 0.0916,
  -0.637 -0.311 0.431,
  0.464 -0.311 0.0916,
  0.464 -0.311 0.431,
  -0.637 -0.135 0.0916,
  0.464 -0.135 0.0916,
  0.464 -0.135 0.431,
  -0.637 -0.135 0.431,
  -0.637 -0.508 0.0916,
  -0.637 -0.508 0.431,
  0.464 -0.508 0.0916,
  0.464 -0.508 0.431,
  -0.637 -0.331 0.0916,
  0.464 -0.331 0.0916,
  0.464 -0.331 0.431,
  -0.637 -0.331 0.431,
  -0.637 -0.541 0.0908,
  0.464 -0.541 0.0908,
  0.464 -0.718 0.0908,
  -0.637 -0.718 0.0908,
  -0.637 -0.718 0.429,
  0.464 -0.718 0.429,
  0.464 -0.541 0.429,
  -0.637 -0.541 0.429,
  0.464 -0.898 0.0908,
  -0.637 -0.898 0.0908,
  -0.637 -0.729 0.0908,
  -0.637 -0.898 0.429,
  0.464 -0.729 0.0908,
  0.464 -0.898 0.429,
  0.464 -0.729 0.429,
  -0.637 -0.729 0.429,
  -0.637 0.903 0.552,
  0.464 0.903 0.552,
  0.464 0.726 0.552,
  -0.637 0.726 0.552,
  -0.637 0.726 0.881,
  0.464 0.726 0.881,
  0.464 0.903 0.881,
  -0.637 0.903 0.881,
  -0.637 0.702 0.552,
  0.464 0.702 0.552,
  0.464 0.525 0.552,
  -0.637 0.525 0.552,
  -0.637 0.525 0.881,
  0.464 0.525 0.881,
  0.464 0.702 0.881,
  -0.637 0.702 0.881,
  -0.637 0.505 0.552,
  0.464 0.505 0.552,
  0.464 0.329 0.552,
  -0.637 0.329 0.552,
  -0.637 0.329 0.885,
  0.464 0.329 0.885,
  0.464 0.505 0.885,
  -0.637 0.505 0.885,
  -0.637 0.309 0.552,
  0.464 0.309 0.552,
  0.464 0.132 0.552,
  -0.637 0.132 0.552,
  -0.637 0.132 0.888,
  0.464 0.132 0.888,
  0.464 0.309 0.888,
  -0.637 0.309 0.888,
  -0.637 0.103 0.552,
  0.464 0.103 0.552,
  0.464 -0.0736 0.552,
  -0.637 -0.0736 0.552,
  -0.637 -0.0736 0.89,
  0.464 -0.0736 0.89,
  0.464 0.103 0.89,
  -0.637 0.103 0.89,
  -0.637 -0.103 0.552,
  0.464 -0.103 0.552,
  0.464 -0.279 0.552,
  -0.637 -0.279 0.552,
  -0.637 -0.279 0.887,
  0.464 -0.279 0.887,
  0.464 -0.103 0.887,
  -0.637 -0.103 0.887,
  -0.637 -0.322 0.552,
  0.464 -0.322 0.552,
  0.464 -0.499 0.552,
  -0.637 -0.499 0.552,
  -0.637 -0.499 0.888,
  0.464 -0.499 0.888,
  0.464 -0.322 0.888,
  -0.637 -0.322 0.888,
  -0.637 -0.514 0.552,
  0.464 -0.514 0.552,
  0.464 -0.691 0.552,
  -0.637 -0.691 0.552,
  -0.637 -0.691 0.887,
  0.464 -0.691 0.887,
  0.464 -0.514 0.887,
  -0.637 -0.514 0.887,
  -0.637 -0.71 0.552,
  0.464 -0.71 0.552,
  0.464 -0.887 0.552,
  -0.637 -0.887 0.552,
  -0.637 -0.887 0.888,
  0.464 -0.887 0.888,
  0.464 -0.71 0.888,
  -0.637 -0.71 0.888,
  -0.637 -0.71 0.552,
  0.464 -0.71 0.552,
  0.464 -0.887 0.552,
  -0.637 -0.887 0.552 ]
}

coordIndex	[ 224, 225, 227, 226, -1, 224, 226, 229,
  228, -1, 226, 227, 230, 229, -1, 227,
  225, 231, 230, -1, 229, 230, 231, 228,
  -1, 228, 231, 225, 224, -1, 232, 233,
  235, 234, -1, 232, 234, 237, 236, -1,
  234, 235, 238, 237, -1, 235, 233, 239,
  238, -1, 237, 238, 239, 236, -1, 236,
  239, 233, 232, -1, 243, 244, 245, 242,
  -1, 242, 245, 246, 241, -1, 245, 244,
  247, 246, -1, 240, 247, 244, 243, -1,
  241, 246, 247, 240, -1, 248, 253, 254,
  252, -1, 251, 255, 254, 253, -1, 250,
  255, 251, 249, -1, 252, 254, 255, 250,
  -1, 291, 292, 293, 290, -1, 290, 293,
  294, 289, -1, 293, 292, 295, 294, -1,
  288, 295, 292, 291, -1, 289, 294, 295,
  288, -1, 299, 300, 301, 298, -1, 298,
  301, 302, 297, -1, 301, 300, 303, 302,
  -1, 296, 303, 300, 299, -1, 297, 302,
  303, 296, -1, 307, 308, 309, 306, -1,
  306, 309, 310, 305, -1, 309, 308, 311,
  310, -1, 304, 311, 308, 307, -1, 305,
  310, 311, 304, -1, 315, 316, 317, 314,
  -1, 314, 317, 318, 313, -1, 317, 316,
  319, 318, -1, 312, 319, 316, 315, -1,
  313, 318, 319, 312, -1, 323, 324, 325,
  322, -1, 322, 325, 326, 321, -1, 325,
  324, 327, 326, -1, 320, 327, 324, 323,
  -1, 321, 326, 327, 320, -1 ]
colorPerVertex	FALSE
ccw	FALSE
solid	TRUE
creaseAngle	0.559
normalIndex	[  ]
texCoordIndex	[  ]
}

}
Shape {
appearance	Appearance {
material	Material {
ambientIntensity	0.1
diffuseColor	0.796 0.824 0.773
specularColor	0.1 0.1 0.1
emissiveColor	0 0 0
shininess	0
transparency	0
}

}

geometry	DEF _21 IndexedFaceSet {
coord	Coordinate {
point	[ -1 -1 -1,
  -1 -1 1,
  1 -1 -1,
  1 -1 1,
  -1 1 -1,
  1 1 -1,
  1 1 1,
  -1 1 1,
  -1 0.923 -0.411,
  -1 0.923 -0.828,
  -1 -0.898 -0.411,
  -1 -0.898 -0.828,
  0.807 -0.898 -0.828,
  0.807 -0.898 -0.411,
  0.807 0.923 -0.828,
  0.807 0.923 -0.411,
  -1 0.934 0.0542,
  -1 0.934 -0.363,
  -1 -0.888 0.0542,
  -1 -0.888 -0.363,
  0.807 -0.888 -0.363,
  0.807 -0.888 0.0542,
  0.807 0.934 -0.363,
  0.807 0.934 0.0542,
  -1 0.923 0.508,
  -1 0.923 0.0908,
  -1 -0.898 0.508,
  -1 -0.898 0.0908,
  0.807 -0.898 0.0908,
  0.807 -0.898 0.508,
  0.807 0.923 0.0908,
  0.807 0.923 0.508,
  -1 0.913 0.969,
  -1 0.913 0.552,
  -1 -0.909 0.969,
  -1 -0.909 0.552,
  0.807 -0.909 0.552,
  0.807 -0.909 0.969,
  0.807 0.913 0.552,
  0.807 0.913 0.969,
  -0.594 0.72 -0.823,
  -0.594 0.72 -0.454,
  0.457 0.72 -0.823,
  0.457 0.72 -0.454,
  -0.594 0.893 -0.823,
  0.457 0.893 -0.823,
  0.457 0.893 -0.454,
  -0.594 0.893 -0.454,
  0.457 0.701 -0.829,
  -0.594 0.701 -0.829,
  -0.594 0.528 -0.829,
  0.457 0.528 -0.829,
  -0.594 0.528 -0.459,
  0.457 0.528 -0.459,
  0.457 0.701 -0.459,
  -0.594 0.701 -0.459,
  -0.594 0.476 -0.828,
  0.457 0.476 -0.828,
  0.457 0.305 -0.828,
  -0.594 0.305 -0.828,
  -0.594 0.305 -0.527,
  0.457 0.305 -0.527,
  0.457 0.476 -0.527,
  -0.594 0.476 -0.527,
  -0.594 0.117 -0.825,
  -0.594 0.117 -0.524,
  0.457 0.117 -0.825,
  0.457 0.117 -0.524,
  -0.594 0.289 -0.825,
  0.457 0.289 -0.825,
  0.457 0.289 -0.524,
  -0.594 0.289 -0.524,
  -0.594 -0.0838 -0.823,
  -0.594 -0.0838 -0.522,
  0.457 -0.0838 -0.823,
  0.457 -0.0838 -0.522,
  -0.594 0.088 -0.823,
  0.457 0.088 -0.823,
  0.457 0.088 -0.522,
  -0.594 0.088 -0.522,
  -0.594 -0.285 -0.827,
  -0.594 -0.285 -0.526,
  0.457 -0.285 -0.827,
  0.457 -0.285 -0.526,
  -0.594 -0.113 -0.827,
  0.457 -0.113 -0.827,
  0.457 -0.113 -0.526,
  -0.594 -0.113 -0.526,
  -0.594 -0.486 -0.822,
  -0.594 -0.486 -0.52,
  0.457 -0.486 -0.822,
  0.457 -0.486 -0.52,
  -0.594 -0.314 -0.822,
  0.457 -0.314 -0.822,
  0.457 -0.314 -0.52,
  -0.594 -0.314 -0.52,
  -0.594 -0.692 -0.827,
  -0.594 -0.692 -0.458,
  0.457 -0.692 -0.827,
  0.457 -0.692 -0.458,
  -0.594 -0.519 -0.827,
  0.457 -0.519 -0.827,
  0.457 -0.519 -0.458,
  -0.594 -0.519 -0.458,
  -0.594 -0.898 -0.825,
  -0.594 -0.898 -0.456,
  0.457 -0.898 -0.825,
  0.457 -0.898 -0.456,
  -0.594 -0.725 -0.825,
  0.457 -0.725 -0.825,
  0.457 -0.725 -0.456,
  -0.594 -0.725 -0.456,
  -0.594 0.711 -0.357,
  -0.594 0.711 0.0127,
  0.457 0.711 -0.357,
  0.457 0.711 0.0127,
  -0.594 0.884 -0.357,
  0.457 0.884 -0.357,
  0.457 0.884 0.0127,
  -0.594 0.884 0.0127,
  -0.594 0.514 -0.355,
  -0.594 0.514 0.0145,
  0.457 0.514 -0.355,
  0.457 0.514 0.0145,
  -0.594 0.687 -0.355,
  0.457 0.687 -0.355,
  0.457 0.687 0.0145,
  -0.594 0.687 0.0145,
  -0.594 0.318 -0.355,
  -0.594 0.318 0.0145,
  0.457 0.318 -0.355,
  0.457 0.318 0.0145,
  -0.594 0.491 -0.355,
  0.457 0.491 -0.355,
  0.457 0.491 0.0145,
  -0.594 0.491 0.0145,
  -0.594 0.126 -0.355,
  -0.594 0.126 -0.0535,
  0.457 0.126 -0.355,
  0.457 0.126 -0.0535,
  -0.594 0.298 -0.355,
  0.457 0.298 -0.355,
  0.457 0.298 -0.0535,
  -0.594 0.298 -0.0535,
  -0.594 -0.0838 -0.359,
  -0.594 -0.0838 -0.0571,
  0.457 -0.0838 -0.359,
  0.457 -0.0838 -0.0571,
  -0.594 0.088 -0.359,
  0.457 0.088 -0.359,
  0.457 0.088 -0.0571,
  -0.594 0.088 -0.0571,
  -0.594 -0.303 -0.359,
  -0.594 -0.303 -0.0571,
  0.457 -0.303 -0.359,
  0.457 -0.303 -0.0571,
  -0.594 -0.131 -0.359,
  0.457 -0.131 -0.359,
  0.457 -0.131 -0.0571,
  -0.594 -0.131 -0.0571,
  -0.594 -0.513 -0.357,
  -0.594 -0.513 -0.0553,
  0.457 -0.513 -0.357,
  0.457 -0.513 -0.0553,
  -0.594 -0.342 -0.357,
  0.457 -0.342 -0.357,
  0.457 -0.342 -0.0553,
  -0.594 -0.342 -0.0553,
  -0.594 -0.728 -0.355,
  -0.594 -0.728 -0.0535,
  0.457 -0.728 -0.355,
  0.457 -0.728 -0.0535,
  -0.594 -0.556 -0.355,
  0.457 -0.556 -0.355,
  0.457 -0.556 -0.0535,
  -0.594 -0.556 -0.0535,
  -0.594 -0.888 -0.0589,
  0.457 -0.888 -0.0589,
  0.457 -0.888 -0.36,
  -0.594 -0.888 -0.36,
  -0.594 -0.73 -0.36,
  0.457 -0.73 -0.36,
  0.457 -0.73 -0.0589,
  -0.594 -0.73 -0.0589,
  -0.637 0.717 0.0934,
  -0.637 0.717 0.433,
  0.464 0.717 0.0934,
  0.464 0.717 0.433,
  -0.637 0.894 0.0934,
  0.464 0.894 0.0934,
  0.464 0.894 0.433,
  -0.637 0.894 0.433,
  -0.637 0.525 0.0934,
  -0.637 0.525 0.433,
  0.464 0.525 0.0934,
  0.464 0.525 0.433,
  -0.637 0.702 0.0934,
  0.464 0.702 0.0934,
  0.464 0.702 0.433,
  -0.637 0.702 0.433,
  -0.637 0.319 0.0952,
  -0.637 0.319 0.434,
  0.464 0.319 0.0952,
  0.464 0.319 0.434,
  -0.637 0.496 0.0952,
  0.464 0.496 0.0952,
  0.464 0.496 0.434,
  -0.637 0.496 0.434,
  -0.637 0.109 0.0934,
  -0.637 0.109 0.433,
  0.464 0.109 0.0934,
  0.464 0.109 0.433,
  -0.637 0.286 0.0934,
  0.464 0.286 0.0934,
  0.464 0.286 0.433,
  -0.637 0.286 0.433,
  -0.637 -0.0965 0.0916,
  -0.637 -0.0965 0.431,
  0.464 -0.0965 0.0916,
  0.464 -0.0965 0.431,
  -0.637 0.0801 0.0916,
  0.464 0.0801 0.0916,
  0.464 0.0801 0.431,
  -0.637 0.0801 0.431,
  -0.637 -0.311 0.0916,
  -0.637 -0.311 0.431,
  0.464 -0.311 0.0916,
  0.464 -0.311 0.431,
  -0.637 -0.135 0.0916,
  0.464 -0.135 0.0916,
  0.464 -0.135 0.431,
  -0.637 -0.135 0.431,
  -0.637 -0.508 0.0916,
  -0.637 -0.508 0.431,
  0.464 -0.508 0.0916,
  0.464 -0.508 0.431,
  -0.637 -0.331 0.0916,
  0.464 -0.331 0.0916,
  0.464 -0.331 0.431,
  -0.637 -0.331 0.431,
  -0.637 -0.541 0.0908,
  0.464 -0.541 0.0908,
  0.464 -0.718 0.0908,
  -0.637 -0.718 0.0908,
  -0.637 -0.718 0.429,
  0.464 -0.718 0.429,
  0.464 -0.541 0.429,
  -0.637 -0.541 0.429,
  0.464 -0.898 0.0908,
  -0.637 -0.898 0.0908,
  -0.637 -0.729 0.0908,
  -0.637 -0.898 0.429,
  0.464 -0.729 0.0908,
  0.464 -0.898 0.429,
  0.464 -0.729 0.429,
  -0.637 -0.729 0.429,
  -0.637 0.903 0.552,
  0.464 0.903 0.552,
  0.464 0.726 0.552,
  -0.637 0.726 0.552,
  -0.637 0.726 0.881,
  0.464 0.726 0.881,
  0.464 0.903 0.881,
  -0.637 0.903 0.881,
  -0.637 0.702 0.552,
  0.464 0.702 0.552,
  0.464 0.525 0.552,
  -0.637 0.525 0.552,
  -0.637 0.525 0.881,
  0.464 0.525 0.881,
  0.464 0.702 0.881,
  -0.637 0.702 0.881,
  -0.637 0.505 0.552,
  0.464 0.505 0.552,
  0.464 0.329 0.552,
  -0.637 0.329 0.552,
  -0.637 0.329 0.885,
  0.464 0.329 0.885,
  0.464 0.505 0.885,
  -0.637 0.505 0.885,
  -0.637 0.309 0.552,
  0.464 0.309 0.552,
  0.464 0.132 0.552,
  -0.637 0.132 0.552,
  -0.637 0.132 0.888,
  0.464 0.132 0.888,
  0.464 0.309 0.888,
  -0.637 0.309 0.888,
  -0.637 0.103 0.552,
  0.464 0.103 0.552,
  0.464 -0.0736 0.552,
  -0.637 -0.0736 0.552,
  -0.637 -0.0736 0.89,
  0.464 -0.0736 0.89,
  0.464 0.103 0.89,
  -0.637 0.103 0.89,
  -0.637 -0.103 0.552,
  0.464 -0.103 0.552,
  0.464 -0.279 0.552,
  -0.637 -0.279 0.552,
  -0.637 -0.279 0.887,
  0.464 -0.279 0.887,
  0.464 -0.103 0.887,
  -0.637 -0.103 0.887,
  -0.637 -0.322 0.552,
  0.464 -0.322 0.552,
  0.464 -0.499 0.552,
  -0.637 -0.499 0.552,
  -0.637 -0.499 0.888,
  0.464 -0.499 0.888,
  0.464 -0.322 0.888,
  -0.637 -0.322 0.888,
  -0.637 -0.514 0.552,
  0.464 -0.514 0.552,
  0.464 -0.691 0.552,
  -0.637 -0.691 0.552,
  -0.637 -0.691 0.887,
  0.464 -0.691 0.887,
  0.464 -0.514 0.887,
  -0.637 -0.514 0.887,
  -0.637 -0.71 0.552,
  0.464 -0.71 0.552,
  0.464 -0.887 0.552,
  -0.637 -0.887 0.552,
  -0.637 -0.887 0.888,
  0.464 -0.887 0.888,
  0.464 -0.71 0.888,
  -0.637 -0.71 0.888,
  -0.637 -0.71 0.552,
  0.464 -0.71 0.552,
  0.464 -0.887 0.552,
  -0.637 -0.887 0.552 ]
}

coordIndex	[ 259, 260, 261, 258, -1, 258, 261, 262,
  257, -1, 261, 260, 263, 262, -1, 256,
  263, 260, 259, -1, 257, 262, 263, 256,
  -1, 267, 268, 269, 266, -1, 266, 269,
  270, 265, -1, 269, 268, 271, 270, -1,
  264, 271, 268, 267, -1, 265, 270, 271,
  264, -1, 275, 276, 277, 274, -1, 274,
  277, 278, 273, -1, 277, 276, 279, 278,
  -1, 272, 279, 276, 275, -1, 273, 278,
  279, 272, -1, 283, 284, 285, 282, -1,
  282, 285, 286, 281, -1, 285, 284, 287,
  286, -1, 280, 287, 284, 283, -1, 281,
  286, 287, 280, -1 ]
colorPerVertex	FALSE
ccw	FALSE
solid	TRUE
creaseAngle	0.559
normalIndex	[  ]
texCoordIndex	[  ]
}

}
Shape {
appearance	Appearance {
material	Material {
ambientIntensity	0.43
diffuseColor	0.686 0.604 0.373
specularColor	0.12 0.12 0.12
emissiveColor	0 0 0
shininess	0.39
transparency	0
}

}

geometry	DEF _22 IndexedFaceSet {
coord	Coordinate {
point	[ -1 -1 -1,
  -1 -1 1,
  1 -1 -1,
  1 -1 1,
  -1 1 -1,
  1 1 -1,
  1 1 1,
  -1 1 1,
  -1 0.923 -0.411,
  -1 0.923 -0.828,
  -1 -0.898 -0.411,
  -1 -0.898 -0.828,
  0.807 -0.898 -0.828,
  0.807 -0.898 -0.411,
  0.807 0.923 -0.828,
  0.807 0.923 -0.411,
  -1 0.934 0.0542,
  -1 0.934 -0.363,
  -1 -0.888 0.0542,
  -1 -0.888 -0.363,
  0.807 -0.888 -0.363,
  0.807 -0.888 0.0542,
  0.807 0.934 -0.363,
  0.807 0.934 0.0542,
  -1 0.923 0.508,
  -1 0.923 0.0908,
  -1 -0.898 0.508,
  -1 -0.898 0.0908,
  0.807 -0.898 0.0908,
  0.807 -0.898 0.508,
  0.807 0.923 0.0908,
  0.807 0.923 0.508,
  -1 0.913 0.969,
  -1 0.913 0.552,
  -1 -0.909 0.969,
  -1 -0.909 0.552,
  0.807 -0.909 0.552,
  0.807 -0.909 0.969,
  0.807 0.913 0.552,
  0.807 0.913 0.969,
  -0.594 0.72 -0.823,
  -0.594 0.72 -0.454,
  0.457 0.72 -0.823,
  0.457 0.72 -0.454,
  -0.594 0.893 -0.823,
  0.457 0.893 -0.823,
  0.457 0.893 -0.454,
  -0.594 0.893 -0.454,
  0.457 0.701 -0.829,
  -0.594 0.701 -0.829,
  -0.594 0.528 -0.829,
  0.457 0.528 -0.829,
  -0.594 0.528 -0.459,
  0.457 0.528 -0.459,
  0.457 0.701 -0.459,
  -0.594 0.701 -0.459,
  -0.594 0.476 -0.828,
  0.457 0.476 -0.828,
  0.457 0.305 -0.828,
  -0.594 0.305 -0.828,
  -0.594 0.305 -0.527,
  0.457 0.305 -0.527,
  0.457 0.476 -0.527,
  -0.594 0.476 -0.527,
  -0.594 0.117 -0.825,
  -0.594 0.117 -0.524,
  0.457 0.117 -0.825,
  0.457 0.117 -0.524,
  -0.594 0.289 -0.825,
  0.457 0.289 -0.825,
  0.457 0.289 -0.524,
  -0.594 0.289 -0.524,
  -0.594 -0.0838 -0.823,
  -0.594 -0.0838 -0.522,
  0.457 -0.0838 -0.823,
  0.457 -0.0838 -0.522,
  -0.594 0.088 -0.823,
  0.457 0.088 -0.823,
  0.457 0.088 -0.522,
  -0.594 0.088 -0.522,
  -0.594 -0.285 -0.827,
  -0.594 -0.285 -0.526,
  0.457 -0.285 -0.827,
  0.457 -0.285 -0.526,
  -0.594 -0.113 -0.827,
  0.457 -0.113 -0.827,
  0.457 -0.113 -0.526,
  -0.594 -0.113 -0.526,
  -0.594 -0.486 -0.822,
  -0.594 -0.486 -0.52,
  0.457 -0.486 -0.822,
  0.457 -0.486 -0.52,
  -0.594 -0.314 -0.822,
  0.457 -0.314 -0.822,
  0.457 -0.314 -0.52,
  -0.594 -0.314 -0.52,
  -0.594 -0.692 -0.827,
  -0.594 -0.692 -0.458,
  0.457 -0.692 -0.827,
  0.457 -0.692 -0.458,
  -0.594 -0.519 -0.827,
  0.457 -0.519 -0.827,
  0.457 -0.519 -0.458,
  -0.594 -0.519 -0.458,
  -0.594 -0.898 -0.825,
  -0.594 -0.898 -0.456,
  0.457 -0.898 -0.825,
  0.457 -0.898 -0.456,
  -0.594 -0.725 -0.825,
  0.457 -0.725 -0.825,
  0.457 -0.725 -0.456,
  -0.594 -0.725 -0.456,
  -0.594 0.711 -0.357,
  -0.594 0.711 0.0127,
  0.457 0.711 -0.357,
  0.457 0.711 0.0127,
  -0.594 0.884 -0.357,
  0.457 0.884 -0.357,
  0.457 0.884 0.0127,
  -0.594 0.884 0.0127,
  -0.594 0.514 -0.355,
  -0.594 0.514 0.0145,
  0.457 0.514 -0.355,
  0.457 0.514 0.0145,
  -0.594 0.687 -0.355,
  0.457 0.687 -0.355,
  0.457 0.687 0.0145,
  -0.594 0.687 0.0145,
  -0.594 0.318 -0.355,
  -0.594 0.318 0.0145,
  0.457 0.318 -0.355,
  0.457 0.318 0.0145,
  -0.594 0.491 -0.355,
  0.457 0.491 -0.355,
  0.457 0.491 0.0145,
  -0.594 0.491 0.0145,
  -0.594 0.126 -0.355,
  -0.594 0.126 -0.0535,
  0.457 0.126 -0.355,
  0.457 0.126 -0.0535,
  -0.594 0.298 -0.355,
  0.457 0.298 -0.355,
  0.457 0.298 -0.0535,
  -0.594 0.298 -0.0535,
  -0.594 -0.0838 -0.359,
  -0.594 -0.0838 -0.0571,
  0.457 -0.0838 -0.359,
  0.457 -0.0838 -0.0571,
  -0.594 0.088 -0.359,
  0.457 0.088 -0.359,
  0.457 0.088 -0.0571,
  -0.594 0.088 -0.0571,
  -0.594 -0.303 -0.359,
  -0.594 -0.303 -0.0571,
  0.457 -0.303 -0.359,
  0.457 -0.303 -0.0571,
  -0.594 -0.131 -0.359,
  0.457 -0.131 -0.359,
  0.457 -0.131 -0.0571,
  -0.594 -0.131 -0.0571,
  -0.594 -0.513 -0.357,
  -0.594 -0.513 -0.0553,
  0.457 -0.513 -0.357,
  0.457 -0.513 -0.0553,
  -0.594 -0.342 -0.357,
  0.457 -0.342 -0.357,
  0.457 -0.342 -0.0553,
  -0.594 -0.342 -0.0553,
  -0.594 -0.728 -0.355,
  -0.594 -0.728 -0.0535,
  0.457 -0.728 -0.355,
  0.457 -0.728 -0.0535,
  -0.594 -0.556 -0.355,
  0.457 -0.556 -0.355,
  0.457 -0.556 -0.0535,
  -0.594 -0.556 -0.0535,
  -0.594 -0.888 -0.0589,
  0.457 -0.888 -0.0589,
  0.457 -0.888 -0.36,
  -0.594 -0.888 -0.36,
  -0.594 -0.73 -0.36,
  0.457 -0.73 -0.36,
  0.457 -0.73 -0.0589,
  -0.594 -0.73 -0.0589,
  -0.637 0.717 0.0934,
  -0.637 0.717 0.433,
  0.464 0.717 0.0934,
  0.464 0.717 0.433,
  -0.637 0.894 0.0934,
  0.464 0.894 0.0934,
  0.464 0.894 0.433,
  -0.637 0.894 0.433,
  -0.637 0.525 0.0934,
  -0.637 0.525 0.433,
  0.464 0.525 0.0934,
  0.464 0.525 0.433,
  -0.637 0.702 0.0934,
  0.464 0.702 0.0934,
  0.464 0.702 0.433,
  -0.637 0.702 0.433,
  -0.637 0.319 0.0952,
  -0.637 0.319 0.434,
  0.464 0.319 0.0952,
  0.464 0.319 0.434,
  -0.637 0.496 0.0952,
  0.464 0.496 0.0952,
  0.464 0.496 0.434,
  -0.637 0.496 0.434,
  -0.637 0.109 0.0934,
  -0.637 0.109 0.433,
  0.464 0.109 0.0934,
  0.464 0.109 0.433,
  -0.637 0.286 0.0934,
  0.464 0.286 0.0934,
  0.464 0.286 0.433,
  -0.637 0.286 0.433,
  -0.637 -0.0965 0.0916,
  -0.637 -0.0965 0.431,
  0.464 -0.0965 0.0916,
  0.464 -0.0965 0.431,
  -0.637 0.0801 0.0916,
  0.464 0.0801 0.0916,
  0.464 0.0801 0.431,
  -0.637 0.0801 0.431,
  -0.637 -0.311 0.0916,
  -0.637 -0.311 0.431,
  0.464 -0.311 0.0916,
  0.464 -0.311 0.431,
  -0.637 -0.135 0.0916,
  0.464 -0.135 0.0916,
  0.464 -0.135 0.431,
  -0.637 -0.135 0.431,
  -0.637 -0.508 0.0916,
  -0.637 -0.508 0.431,
  0.464 -0.508 0.0916,
  0.464 -0.508 0.431,
  -0.637 -0.331 0.0916,
  0.464 -0.331 0.0916,
  0.464 -0.331 0.431,
  -0.637 -0.331 0.431,
  -0.637 -0.541 0.0908,
  0.464 -0.541 0.0908,
  0.464 -0.718 0.0908,
  -0.637 -0.718 0.0908,
  -0.637 -0.718 0.429,
  0.464 -0.718 0.429,
  0.464 -0.541 0.429,
  -0.637 -0.541 0.429,
  0.464 -0.898 0.0908,
  -0.637 -0.898 0.0908,
  -0.637 -0.729 0.0908,
  -0.637 -0.898 0.429,
  0.464 -0.729 0.0908,
  0.464 -0.898 0.429,
  0.464 -0.729 0.429,
  -0.637 -0.729 0.429,
  -0.637 0.903 0.552,
  0.464 0.903 0.552,
  0.464 0.726 0.552,
  -0.637 0.726 0.552,
  -0.637 0.726 0.881,
  0.464 0.726 0.881,
  0.464 0.903 0.881,
  -0.637 0.903 0.881,
  -0.637 0.702 0.552,
  0.464 0.702 0.552,
  0.464 0.525 0.552,
  -0.637 0.525 0.552,
  -0.637 0.525 0.881,
  0.464 0.525 0.881,
  0.464 0.702 0.881,
  -0.637 0.702 0.881,
  -0.637 0.505 0.552,
  0.464 0.505 0.552,
  0.464 0.329 0.552,
  -0.637 0.329 0.552,
  -0.637 0.329 0.885,
  0.464 0.329 0.885,
  0.464 0.505 0.885,
  -0.637 0.505 0.885,
  -0.637 0.309 0.552,
  0.464 0.309 0.552,
  0.464 0.132 0.552,
  -0.637 0.132 0.552,
  -0.637 0.132 0.888,
  0.464 0.132 0.888,
  0.464 0.309 0.888,
  -0.637 0.309 0.888,
  -0.637 0.103 0.552,
  0.464 0.103 0.552,
  0.464 -0.0736 0.552,
  -0.637 -0.0736 0.552,
  -0.637 -0.0736 0.89,
  0.464 -0.0736 0.89,
  0.464 0.103 0.89,
  -0.637 0.103 0.89,
  -0.637 -0.103 0.552,
  0.464 -0.103 0.552,
  0.464 -0.279 0.552,
  -0.637 -0.279 0.552,
  -0.637 -0.279 0.887,
  0.464 -0.279 0.887,
  0.464 -0.103 0.887,
  -0.637 -0.103 0.887,
  -0.637 -0.322 0.552,
  0.464 -0.322 0.552,
  0.464 -0.499 0.552,
  -0.637 -0.499 0.552,
  -0.637 -0.499 0.888,
  0.464 -0.499 0.888,
  0.464 -0.322 0.888,
  -0.637 -0.322 0.888,
  -0.637 -0.514 0.552,
  0.464 -0.514 0.552,
  0.464 -0.691 0.552,
  -0.637 -0.691 0.552,
  -0.637 -0.691 0.887,
  0.464 -0.691 0.887,
  0.464 -0.514 0.887,
  -0.637 -0.514 0.887,
  -0.637 -0.71 0.552,
  0.464 -0.71 0.552,
  0.464 -0.887 0.552,
  -0.637 -0.887 0.552,
  -0.637 -0.887 0.888,
  0.464 -0.887 0.888,
  0.464 -0.71 0.888,
  -0.637 -0.71 0.888,
  -0.637 -0.71 0.552,
  0.464 -0.71 0.552,
  0.464 -0.887 0.552,
  -0.637 -0.887 0.552 ]
}

coordIndex	[ 1, 3, 2, 0, -1, 2, 5, 4,
  0, -1, 3, 6, 5, 2, -1, 1,
  7, 6, 3, -1, 6, 7, 4, 5,
  -1, 33, 7, 32, -1, 24, 33, 35,
  -1, 24, 7, 33, -1, 25, 7, 24,
  -1, 16, 25, 27, -1, 16, 7, 25,
  -1, 17, 7, 16, -1, 8, 17, 19,
  -1, 9, 17, 8, -1, 9, 7, 17,
  -1, 4, 7, 9, -1, 4, 9, 11,
  -1, 0, 4, 11, -1, 32, 7, 1,
  -1, 34, 32, 1, -1, 35, 34, 1,
  -1, 26, 24, 35, -1, 27, 26, 35,
  -1, 27, 35, 1, -1, 18, 16, 27,
  -1, 19, 18, 27, -1, 19, 27, 1,
  -1, 10, 8, 19, -1, 10, 19, 1,
  -1, 11, 10, 1, -1, 0, 11, 1,
  -1, 48, 49, 14, -1, 51, 48, 14,
  -1, 57, 56, 51, -1, 57, 51, 14,
  -1, 58, 57, 14, -1, 12, 58, 14,
  -1, 12, 11, 58, -1, 49, 9, 14,
  -1, 50, 9, 49, -1, 56, 50, 51,
  -1, 56, 9, 50, -1, 59, 9, 56,
  -1, 11, 9, 59, -1, 11, 59, 58,
  -1, 13, 12, 14, 15, -1, 14, 9,
  8, 15, -1, 13, 10, 11, 12, -1,
  15, 8, 10, 13, -1, 20, 19, 17,
  22, -1, 21, 20, 22, 23, -1, 22,
  17, 16, 23, -1, 177, 178, 21, -1,
  176, 177, 21, -1, 18, 176, 21, -1,
  18, 19, 176, -1, 178, 20, 21, -1,
  179, 20, 178, -1, 19, 20, 179, -1,
  19, 179, 176, -1, 23, 16, 18, 21,
  -1, 29, 28, 30, 31, -1, 30, 25,
  24, 31, -1, 31, 24, 26, 29, -1,
  257, 256, 38, -1, 258, 257, 38, -1,
  265, 264, 258, -1, 265, 258, 38, -1,
  266, 265, 38, -1, 273, 272, 266, -1,
  273, 266, 38, -1, 274, 273, 38, -1,
  281, 280, 274, -1, 281, 274, 38, -1,
  282, 281, 38, -1, 289, 288, 282, -1,
  289, 282, 38, -1, 290, 289, 38, -1,
  297, 296, 290, -1, 297, 290, 38, -1,
  298, 297, 38, -1, 305, 304, 298, -1,
  305, 298, 38, -1, 306, 305, 38, -1,
  313, 312, 306, -1, 313, 306, 38, -1,
  314, 313, 38, -1, 321, 320, 314, -1,
  321, 314, 38, -1, 322, 321, 38, -1,
  36, 322, 38, -1, 36, 35, 322, -1,
  256, 33, 38, -1, 259, 33, 256, -1,
  264, 259, 258, -1, 264, 33, 259, -1,
  267, 33, 264, -1, 272, 267, 266, -1,
  272, 33, 267, -1, 275, 33, 272, -1,
  280, 275, 274, -1, 280, 33, 275, -1,
  283, 33, 280, -1, 288, 283, 282, -1,
  288, 33, 283, -1, 291, 33, 288, -1,
  296, 291, 290, -1, 296, 33, 291, -1,
  299, 33, 296, -1, 304, 299, 298, -1,
  304, 33, 299, -1, 307, 33, 304, -1,
  312, 307, 306, -1, 312, 33, 307, -1,
  315, 33, 312, -1, 320, 315, 314, -1,
  320, 33, 315, -1, 323, 33, 320, -1,
  35, 33, 323, -1, 35, 323, 322, -1,
  37, 36, 38, 39, -1, 38, 33, 32,
  39, -1, 37, 34, 35, 36, -1, 39,
  32, 34, 37, -1, 241, 240, 30, -1,
  242, 241, 30, -1, 252, 250, 242, -1,
  252, 242, 30, -1, 248, 252, 30, -1,
  28, 248, 30, -1, 240, 25, 30, -1,
  243, 25, 240, -1, 250, 243, 242, -1,
  250, 25, 243, -1, 27, 25, 250, -1,
  249, 27, 250, -1, 251, 253, 248, 28,
  29, 26, 27, 249, -1 ]
colorPerVertex	FALSE
ccw	FALSE
solid	TRUE
creaseAngle	0.559
normalIndex	[  ]
texCoordIndex	[  ]
}

}
]
translation	-15.3 9.91 -14.2
rotation	-3.09047e-008 0.707107 0.707107  3.14
scale	1.82 3.63 9.25
}
DEF desk Transform {
children	[
Shape {
appearance	Appearance {
material	Material {
ambientIntensity	0.1
diffuseColor	0.635 0.824 0.498
specularColor	0.1 0.1 0.1
emissiveColor	0 0 0
shininess	0
transparency	0
}

}

geometry	DEF _23 IndexedFaceSet {
coord	Coordinate {
point	[ -1 -1 -1,
  -1 -1 1,
  1 -1 -1,
  1 -1 1,
  -1 1 -1,
  1 1 -1,
  1 1 1,
  -1 1 1,
  1 -0.938 1,
  1 0.938 1,
  -0.771 0.938 1,
  1 0.938 0.295,
  -0.771 -0.938 1,
  1 -0.938 0.295,
  -0.771 -0.938 0.295,
  -0.771 0.938 0.295,
  1 0.938 0.21,
  1 0.938 -0.901,
  1 -0.938 0.21,
  1 -0.938 -0.901,
  -0.719 -0.938 -0.901,
  -0.719 -0.938 0.21,
  -0.719 0.938 -0.901,
  -0.719 0.938 0.21,
  4.04 0.217 -3.9,
  4.04 0.217 -3.2,
  4.04 0.951 -3.9,
  4.04 0.951 -3.2,
  4.04 0.585 -3.65,
  4.04 0.584 -3.65,
  4.04 0.58 -3.65,
  4.04 0.593 -3.65,
  4.04 0.589 -3.65,
  4.04 0.586 -3.65,
  4.04 0.587 -3.65,
  4.04 0.572 -3.64,
  4.04 0.6 -3.64,
  4.04 0.56 -3.61,
  4.04 0.612 -3.61,
  4.04 0.552 -3.57,
  4.04 0.62 -3.57,
  4.04 0.549 -3.52,
  4.04 0.623 -3.52,
  4.04 0.552 -3.47,
  4.04 0.62 -3.47,
  4.04 0.56 -3.43,
  4.04 0.612 -3.43,
  4.04 0.585 -3.39,
  4.04 0.584 -3.39,
  4.04 0.572 -3.4,
  4.04 0.58 -3.39,
  4.04 0.6 -3.4,
  4.04 0.593 -3.39,
  4.04 0.589 -3.39,
  4.04 0.586 -3.39,
  4.04 0.587 -3.39,
  4.1 0.586 -3.4,
  4.09 0.592 -3.4,
  4.08 0.596 -3.4,
  4.06 0.599 -3.4,
  4.06 0.573 -3.4,
  4.08 0.576 -3.4,
  4.09 0.581 -3.4,
  4.16 0.586 -3.43,
  4.15 0.596 -3.43,
  4.12 0.605 -3.43,
  4.08 0.611 -3.43,
  4.08 0.562 -3.43,
  4.12 0.567 -3.43,
  4.15 0.576 -3.43,
  4.2 0.586 -3.47,
  4.18 0.599 -3.47,
  4.15 0.611 -3.47,
  4.09 0.618 -3.47,
  4.09 0.554 -3.47,
  4.15 0.562 -3.47,
  4.18 0.573 -3.47,
  4.21 0.586 -3.52,
  4.2 0.601 -3.52,
  4.16 0.613 -3.52,
  4.1 0.621 -3.52,
  4.1 0.552 -3.52,
  4.16 0.56 -3.52,
  4.2 0.572 -3.52,
  4.2 0.586 -3.57,
  4.18 0.599 -3.57,
  4.15 0.611 -3.57,
  4.09 0.618 -3.57,
  4.09 0.554 -3.57,
  4.15 0.562 -3.57,
  4.18 0.573 -3.57,
  4.16 0.586 -3.61,
  4.15 0.596 -3.61,
  4.12 0.605 -3.61,
  4.08 0.611 -3.61,
  4.08 0.562 -3.61,
  4.12 0.567 -3.61,
  4.15 0.576 -3.61,
  4.1 0.586 -3.64,
  4.09 0.592 -3.64,
  4.08 0.596 -3.64,
  4.06 0.599 -3.64,
  4.06 0.573 -3.64,
  4.08 0.576 -3.64,
  4.09 0.581 -3.64,
  3.95 0.951 -3.2,
  3.95 0.951 -3.9,
  3.95 0.217 -3.2,
  3.95 0.217 -3.9,
  -1 -1 -4.09,
  -1 -1 -1.01,
  3.95 -1 -4.09,
  3.95 -1 -1.01,
  -1 1.04 -4.09,
  3.95 1.04 -4.09,
  3.95 1.04 -1.01,
  -1 1.04 -1.01,
  3.95 -0.91 -4.09,
  3.95 0.153 -4.09,
  -0.761 0.153 -4.09,
  3.95 -0.91 -1.73,
  -0.761 -0.91 -4.09,
  -0.761 -0.91 -1.73,
  -0.761 0.153 -1.73,
  3.95 0.0198 -1.73,
  3.95 -0.879 -1.73,
  0.794 0.0198 -1.73,
  3.95 0.0198 -1.19,
  3.95 -0.879 -1.19,
  0.794 -0.879 -1.73,
  4.07 -0.427 -1.39,
  4.07 -0.42 -1.39,
  4.05 -0.415 -1.39,
  4.03 -0.411 -1.39,
  4.03 -0.443 -1.39,
  4.05 -0.439 -1.39,
  4.07 -0.434 -1.39,
  4.13 -0.427 -1.42,
  4.12 -0.415 -1.42,
  4.09 -0.404 -1.42,
  4.05 -0.397 -1.42,
  4.05 -0.457 -1.42,
  4.09 -0.45 -1.42,
  4.12 -0.439 -1.42,
  4.17 -0.427 -1.46,
  4.16 -0.411 -1.46,
  4.12 -0.397 -1.46,
  4.07 -0.388 -1.46,
  4.07 -0.466 -1.46,
  4.12 -0.457 -1.46,
  4.16 -0.443 -1.46,
  4.18 -0.427 -1.51,
  4.17 -0.409 -1.51,
  4.13 -0.395 -1.51,
  4.07 -0.385 -1.51,
  4.07 -0.469 -1.51,
  4.13 -0.459 -1.51,
  4.17 -0.445 -1.51,
  4.17 -0.427 -1.56,
  4.16 -0.411 -1.56,
  4.12 -0.397 -1.56,
  4.07 -0.388 -1.56,
  4.07 -0.466 -1.56,
  4.12 -0.457 -1.56,
  4.16 -0.443 -1.56,
  4.13 -0.427 -1.6,
  4.12 -0.415 -1.6,
  4.09 -0.404 -1.6,
  4.05 -0.397 -1.6,
  4.05 -0.457 -1.6,
  4.09 -0.45 -1.6,
  4.12 -0.439 -1.6,
  4.07 -0.427 -1.63,
  4.07 -0.42 -1.63,
  4.05 -0.415 -1.63,
  4.03 -0.411 -1.63,
  4.03 -0.443 -1.63,
  4.05 -0.439 -1.63,
  4.07 -0.434 -1.63,
  4.02 -0.428 -1.64,
  4.02 -0.43 -1.64,
  4.02 -0.435 -1.64,
  4.02 -0.419 -1.64,
  4.02 -0.424 -1.64,
  4.02 -0.427 -1.64,
  4.02 -0.426 -1.64,
  4.02 -0.444 -1.63,
  4.02 -0.41 -1.63,
  4.02 -0.459 -1.6,
  4.02 -0.395 -1.6,
  4.02 -0.469 -1.56,
  4.02 -0.385 -1.56,
  4.02 -0.472 -1.51,
  4.02 -0.382 -1.51,
  4.02 -0.469 -1.46,
  4.02 -0.385 -1.46,
  4.02 -0.459 -1.42,
  4.02 -0.395 -1.42,
  4.02 -0.428 -1.38,
  4.02 -0.43 -1.38,
  4.02 -0.444 -1.39,
  4.02 -0.435 -1.39,
  4.02 -0.41 -1.39,
  4.02 -0.419 -1.39,
  4.02 -0.424 -1.38,
  4.02 -0.427 -1.38,
  4.02 -0.426 -1.38,
  0.794 -0.879 -1.89,
  4.02 -0.879 -1.89,
  4.02 -0.879 -1.19,
  0.794 0.0198 -1.89,
  4.02 0.0198 -1.89,
  4.02 0.0198 -1.19,
  0.788 0.153 -1.73,
  3.95 0.0654 -1.73,
  3.95 0.153 -1.88,
  3.95 0.964 -1.18,
  3.95 0.964 -1.88,
  0.788 0.153 -1.88,
  3.95 0.0654 -1.18,
  0.788 0.0654 -1.73,
  0.788 0.0654 -1.88,
  4.01 0.0654 -1.88,
  4.01 0.0654 -1.18,
  4.01 0.964 -1.88,
  4.01 0.964 -1.18,
  4.01 0.516 -1.63,
  4.01 0.514 -1.62,
  4.01 0.51 -1.62,
  4.01 0.525 -1.62,
  4.01 0.521 -1.62,
  4.01 0.517 -1.63,
  4.01 0.519 -1.63,
  4.01 0.5 -1.62,
  4.01 0.534 -1.62,
  4.01 0.485 -1.59,
  4.01 0.549 -1.59,
  4.01 0.476 -1.55,
  4.01 0.559 -1.55,
  4.01 0.472 -1.5,
  4.01 0.563 -1.5,
  4.01 0.476 -1.45,
  4.01 0.559 -1.45,
  4.01 0.485 -1.4,
  4.01 0.549 -1.4,
  4.01 0.516 -1.37,
  4.01 0.514 -1.37,
  4.01 0.5 -1.37,
  4.01 0.51 -1.37,
  4.01 0.534 -1.37,
  4.01 0.525 -1.37,
  4.01 0.521 -1.37,
  4.01 0.517 -1.37,
  4.01 0.519 -1.37,
  4.07 0.517 -1.37,
  4.06 0.524 -1.37,
  4.05 0.53 -1.37,
  4.03 0.534 -1.37,
  4.03 0.501 -1.37,
  4.05 0.505 -1.37,
  4.06 0.511 -1.37,
  4.13 0.517 -1.4,
  4.12 0.53 -1.4,
  4.09 0.54 -1.4,
  4.05 0.547 -1.4,
  4.05 0.487 -1.4,
  4.09 0.494 -1.4,
  4.12 0.505 -1.4,
  4.16 0.517 -1.45,
  4.15 0.534 -1.45,
  4.12 0.547 -1.45,
  4.06 0.556 -1.45,
  4.06 0.478 -1.45,
  4.12 0.487 -1.45,
  4.15 0.501 -1.45,
  4.18 0.517 -1.5,
  4.16 0.535 -1.5,
  4.13 0.55 -1.5,
  4.07 0.56 -1.5,
  4.07 0.475 -1.5,
  4.13 0.485 -1.5,
  4.16 0.5 -1.5,
  4.16 0.517 -1.55,
  4.15 0.534 -1.55,
  4.12 0.547 -1.55,
  4.06 0.556 -1.55,
  4.06 0.478 -1.55,
  4.12 0.487 -1.55,
  4.15 0.501 -1.55,
  4.13 0.517 -1.59,
  4.12 0.53 -1.59,
  4.09 0.54 -1.59,
  4.05 0.547 -1.59,
  4.05 0.487 -1.59,
  4.09 0.494 -1.59,
  4.12 0.505 -1.59,
  4.07 0.517 -1.62,
  4.06 0.524 -1.62,
  4.05 0.53 -1.62,
  4.03 0.534 -1.62,
  4.03 0.501 -1.62,
  4.05 0.505 -1.62,
  4.06 0.511 -1.62,
  3.95 0.955 -2.36,
  3.95 0.955 -3.06,
  3.95 0.221 -2.36,
  3.95 0.221 -3.06,
  4.03 0.221 -3.06,
  4.03 0.221 -2.36,
  4.03 0.955 -3.06,
  4.03 0.955 -2.36,
  4.03 0.589 -2.81,
  4.03 0.587 -2.81,
  4.03 0.583 -2.81,
  4.03 0.596 -2.81,
  4.03 0.592 -2.81,
  4.03 0.59 -2.81,
  4.03 0.591 -2.81,
  4.03 0.576 -2.8,
  4.03 0.604 -2.8,
  4.03 0.564 -2.77,
  4.03 0.616 -2.77,
  4.03 0.556 -2.73,
  4.03 0.624 -2.73,
  4.03 0.553 -2.68,
  4.03 0.627 -2.68,
  4.03 0.556 -2.63,
  4.03 0.624 -2.63,
  4.03 0.564 -2.59,
  4.03 0.616 -2.59,
  4.03 0.589 -2.55,
  4.03 0.587 -2.55,
  4.03 0.576 -2.56,
  4.03 0.583 -2.55,
  4.03 0.604 -2.56,
  4.03 0.596 -2.55,
  4.03 0.592 -2.55,
  4.03 0.59 -2.55,
  4.03 0.591 -2.55,
  4.09 0.59 -2.56,
  4.08 0.595 -2.56,
  4.07 0.6 -2.56,
  4.05 0.603 -2.56,
  4.05 0.576 -2.56,
  4.07 0.58 -2.56,
  4.08 0.584 -2.56,
  4.15 0.59 -2.59,
  4.14 0.6 -2.59,
  4.11 0.608 -2.59,
  4.07 0.614 -2.59,
  4.07 0.565 -2.59,
  4.11 0.571 -2.59,
  4.14 0.58 -2.59,
  4.19 0.59 -2.63,
  4.17 0.603 -2.63,
  4.14 0.614 -2.63,
  4.08 0.622 -2.63,
  4.08 0.558 -2.63,
  4.14 0.565 -2.63,
  4.17 0.576 -2.63,
  4.2 0.59 -2.68,
  4.19 0.604 -2.68,
  4.15 0.616 -2.68,
  4.09 0.624 -2.68,
  4.09 0.555 -2.68,
  4.15 0.563 -2.68,
  4.19 0.575 -2.68,
  4.19 0.59 -2.73,
  4.17 0.603 -2.73,
  4.14 0.614 -2.73,
  4.08 0.622 -2.73,
  4.08 0.558 -2.73,
  4.14 0.565 -2.73,
  4.17 0.576 -2.73,
  4.15 0.59 -2.77,
  4.14 0.6 -2.77,
  4.11 0.608 -2.77,
  4.07 0.614 -2.77,
  4.07 0.565 -2.77,
  4.11 0.571 -2.77,
  4.14 0.58 -2.77,
  4.09 0.59 -2.8,
  4.08 0.595 -2.8,
  4.07 0.6 -2.8,
  4.05 0.603 -2.8,
  4.05 0.576 -2.8,
  4.07 0.58 -2.8,
  4.08 0.584 -2.8,
  -0.761 0.153 -2.22,
  -0.761 0.153 -1.95,
  3.95 0.153 -2.22,
  3.95 0.153 -1.95,
  3.95 0.971 -1.95,
  3.95 0.971 -2.22,
  -0.761 -0.435 -1.95,
  -0.761 -0.435 -2.22,
  -0.783 -0.435 -2.22,
  -0.783 -0.435 -1.95,
  -0.783 0.971 -2.22,
  -0.783 0.971 -1.95,
  -0.23 0.598 -0.894,
  -0.23 0.598 0.00129,
  1.1 0.598 -0.894,
  1.1 0.598 0.00129,
  -0.23 0.75 -0.894,
  1.1 0.75 -0.894,
  1.1 0.75 0.00129,
  -0.23 0.75 0.00129,
  -0.23 0.769 -0.894,
  -0.23 0.769 0.00129,
  1.1 0.769 -0.894,
  1.1 0.769 0.00129,
  -0.23 0.921 -0.894,
  1.1 0.921 -0.894,
  1.1 0.921 0.00129,
  -0.23 0.921 0.00129,
  -0.23 0.422 -0.894,
  -0.23 0.422 0.00129,
  1.1 0.422 -0.894,
  1.1 0.422 0.00129,
  -0.23 0.573 -0.894,
  1.1 0.573 -0.894,
  1.1 0.573 0.00129,
  -0.23 0.573 0.00129,
  -0.23 0.245 -0.894,
  -0.23 0.245 0.00129,
  1.1 0.245 -0.894,
  1.1 0.245 0.00129,
  -0.23 0.397 -0.894,
  1.1 0.397 -0.894,
  1.1 0.397 0.00129,
  -0.23 0.397 0.00129,
  -0.23 0.0844 -0.894,
  -0.23 0.0844 0.00129,
  1.1 0.0844 -0.894,
  1.1 0.0844 0.00129,
  -0.23 0.236 -0.894,
  1.1 0.236 -0.894,
  1.1 0.236 0.00129,
  -0.23 0.236 0.00129,
  -0.23 -0.0816 -0.894,
  -0.23 -0.0816 0.00129,
  1.1 -0.0816 -0.894,
  1.1 -0.0816 0.00129,
  -0.23 0.07 -0.894,
  1.1 0.07 -0.894,
  1.1 0.07 0.00129,
  -0.23 0.07 0.00129,
  -0.23 -0.274 -0.894,
  -0.23 -0.274 0.00129,
  1.1 -0.274 -0.894,
  1.1 -0.274 0.00129,
  -0.23 -0.122 -0.894,
  1.1 -0.122 -0.894,
  1.1 -0.122 0.00129,
  -0.23 -0.122 0.00129,
  -0.23 -0.434 -0.894,
  -0.23 -0.434 0.00129,
  1.1 -0.434 -0.894,
  1.1 -0.434 0.00129,
  -0.23 -0.283 -0.894,
  1.1 -0.283 -0.894,
  1.1 -0.283 0.00129,
  -0.23 -0.283 0.00129,
  -0.23 -0.595 -0.894,
  -0.23 -0.595 0.00129,
  1.1 -0.595 -0.894,
  1.1 -0.595 0.00129,
  -0.23 -0.444 -0.894,
  1.1 -0.444 -0.894,
  1.1 -0.444 0.00129,
  -0.23 -0.444 0.00129,
  -0.23 -0.756 -0.894,
  -0.23 -0.756 0.00129,
  1.1 -0.756 -0.894,
  1.1 -0.756 0.00129,
  -0.23 -0.605 -0.894,
  1.1 -0.605 -0.894,
  1.1 -0.605 0.00129,
  -0.23 -0.605 0.00129,
  -0.248 -0.927 -0.894,
  -0.248 -0.927 0.00129,
  1.08 -0.927 -0.894,
  1.08 -0.927 0.00129,
  -0.248 -0.776 -0.894,
  1.08 -0.776 -0.894,
  1.08 -0.776 0.00129,
  -0.248 -0.776 0.00129,
  0.113 0.665 0.298,
  0.113 0.665 1.5,
  1.2 0.665 0.298,
  1.2 0.665 1.5,
  0.113 0.793 0.298,
  1.2 0.793 0.298,
  1.2 0.793 1.5,
  0.113 0.793 1.5,
  0.113 0.798 0.305,
  0.113 0.798 1.51,
  1.2 0.798 0.305,
  1.2 0.798 1.51,
  0.113 0.926 0.305,
  1.2 0.926 0.305,
  1.2 0.926 1.51,
  0.113 0.926 1.51,
  1 0.519 0.295,
  1 0.646 0.295,
  0.113 0.646 0.295,
  1 0.646 0.292,
  0.113 0.519 0.295,
  1 0.519 0.292,
  0.113 0.519 1.5,
  1.2 0.519 0.292,
  1.2 0.519 1.5,
  1.2 0.646 0.292,
  1.2 0.646 1.5,
  0.113 0.646 1.5,
  1 0.368 0.295,
  1 0.495 0.295,
  0.113 0.495 0.295,
  1 0.495 0.292,
  0.113 0.368 0.295,
  1 0.368 0.292,
  0.113 0.368 1.5,
  1.2 0.368 0.292,
  1.2 0.368 1.5,
  1.2 0.495 0.292,
  1.2 0.495 1.5,
  0.113 0.495 1.5,
  1 0.224 0.295,
  1 0.351 0.295,
  0.113 0.351 0.295,
  1 0.351 0.285,
  0.113 0.224 0.295,
  1 0.224 0.285,
  0.113 0.224 1.49,
  1.2 0.224 0.285,
  1.2 0.224 1.49,
  1.2 0.351 0.285,
  1.2 0.351 1.49,
  0.113 0.351 1.49,
  1 0.083 0.295,
  1 0.21 0.295,
  0.113 0.21 0.295,
  1 0.21 0.278,
  0.113 0.083 0.295,
  1 0.083 0.278,
  0.113 0.083 1.48,
  1.2 0.083 0.278,
  1.2 0.083 1.48,
  1.2 0.21 0.278,
  1.2 0.21 1.48,
  0.113 0.21 1.48,
  1 -0.0632 0.295,
  1 0.0641 0.295,
  0.113 0.0641 0.295,
  1 0.0641 0.265,
  0.113 -0.0632 0.295,
  1 -0.0632 0.265,
  0.113 -0.0632 1.47,
  1.2 -0.0632 0.265,
  1.2 -0.0632 1.47,
  1.2 0.0641 0.265,
  1.2 0.0641 1.47,
  0.113 0.0641 1.47,
  1 -0.22 0.295,
  1 -0.0928 0.295,
  0.113 -0.0928 0.295,
  1 -0.0928 0.265,
  0.113 -0.22 0.295,
  1 -0.22 0.265,
  0.113 -0.22 1.47,
  1.2 -0.22 0.265,
  1.2 -0.22 1.47,
  1.2 -0.0928 0.265,
  1.2 -0.0928 1.47,
  0.113 -0.0928 1.47,
  1 -0.372 0.295,
  1 -0.244 0.295,
  0.113 -0.244 0.295,
  1 -0.244 0.265,
  0.113 -0.372 0.295,
  1 -0.372 0.265,
  0.113 -0.372 1.47,
  1.2 -0.372 0.265,
  1.2 -0.372 1.47,
  1.2 -0.244 0.265,
  1.2 -0.244 1.47,
  0.113 -0.244 1.47,
  1 -0.526 0.295,
  1 -0.399 0.295,
  0.113 -0.399 0.295,
  1 -0.399 0.265,
  0.113 -0.526 0.295,
  1 -0.526 0.265,
  0.113 -0.526 1.47,
  1.2 -0.526 0.265,
  1.2 -0.526 1.47,
  1.2 -0.399 0.265,
  1.2 -0.399 1.47,
  0.113 -0.399 1.47,
  1 -0.661 0.295,
  1 -0.534 0.295,
  0.113 -0.534 0.295,
  1 -0.534 0.265,
  0.113 -0.661 0.295,
  1 -0.661 0.265,
  0.113 -0.661 1.47,
  1.2 -0.661 0.265,
  1.2 -0.661 1.47,
  1.2 -0.534 0.265,
  1.2 -0.534 1.47,
  0.113 -0.534 1.47,
  1 -0.8 0.295,
  1 -0.672 0.295,
  0.113 -0.672 0.295,
  1 -0.672 0.265,
  0.113 -0.8 0.295,
  1 -0.8 0.265,
  0.113 -0.8 1.47,
  1.2 -0.8 0.265,
  1.2 -0.8 1.47,
  1.2 -0.672 0.265,
  1.2 -0.672 1.47,
  0.113 -0.672 1.47,
  1 -0.93 0.295,
  1 -0.803 0.295,
  0.113 -0.803 0.295,
  1 -0.803 0.278,
  0.113 -0.93 0.295,
  1 -0.93 0.278,
  0.113 -0.93 1.48,
  1.2 -0.93 0.278,
  1.2 -0.93 1.48,
  1.2 -0.803 0.278,
  1.2 -0.803 1.48,
  0.113 -0.803 1.48,
  1 -0.93 0.295,
  1 -0.803 0.295,
  0.113 -0.803 0.295,
  1 -0.803 0.278,
  0.113 -0.93 0.295,
  1 -0.93 0.278 ]
}

coordIndex	[ 400, 401, 403, 402, -1, 400, 402, 405,
  404, -1, 402, 403, 406, 405, -1, 403,
  401, 407, 406, -1, 405, 406, 407, 404,
  -1, 404, 407, 401, 400, -1, 408, 409,
  411, 410, -1, 408, 410, 413, 412, -1,
  410, 411, 414, 413, -1, 411, 409, 415,
  414, -1, 413, 414, 415, 412, -1, 412,
  415, 409, 408, -1, 416, 417, 419, 418,
  -1, 416, 418, 421, 420, -1, 418, 419,
  422, 421, -1, 419, 417, 423, 422, -1,
  421, 422, 423, 420, -1, 420, 423, 417,
  416, -1, 424, 425, 427, 426, -1, 424,
  426, 429, 428, -1, 426, 427, 430, 429,
  -1, 427, 425, 431, 430, -1, 429, 430,
  431, 428, -1, 428, 431, 425, 424, -1,
  432, 433, 435, 434, -1, 432, 434, 437,
  436, -1, 434, 435, 438, 437, -1, 435,
  433, 439, 438, -1, 437, 438, 439, 436,
  -1, 436, 439, 433, 432, -1, 440, 441,
  443, 442, -1, 440, 442, 445, 444, -1,
  442, 443, 446, 445, -1, 443, 441, 447,
  446, -1, 445, 446, 447, 444, -1, 444,
  447, 441, 440, -1, 448, 449, 451, 450,
  -1, 448, 450, 453, 452, -1, 450, 451,
  454, 453, -1, 451, 449, 455, 454, -1,
  453, 454, 455, 452, -1, 452, 455, 449,
  448, -1 ]
colorPerVertex	FALSE
ccw	FALSE
convex	FALSE
solid	TRUE
creaseAngle	0.559
normalIndex	[  ]
texCoordIndex	[  ]
}

}
Shape {
appearance	Appearance {
material	Material {
ambientIntensity	0.1
diffuseColor	0.796 0.824 0.773
specularColor	0.1 0.1 0.1
emissiveColor	0 0 0
shininess	0
transparency	0
}

}

geometry	DEF _24 IndexedFaceSet {
coord	Coordinate {
point	[ -1 -1 -1,
  -1 -1 1,
  1 -1 -1,
  1 -1 1,
  -1 1 -1,
  1 1 -1,
  1 1 1,
  -1 1 1,
  1 -0.938 1,
  1 0.938 1,
  -0.771 0.938 1,
  1 0.938 0.295,
  -0.771 -0.938 1,
  1 -0.938 0.295,
  -0.771 -0.938 0.295,
  -0.771 0.938 0.295,
  1 0.938 0.21,
  1 0.938 -0.901,
  1 -0.938 0.21,
  1 -0.938 -0.901,
  -0.719 -0.938 -0.901,
  -0.719 -0.938 0.21,
  -0.719 0.938 -0.901,
  -0.719 0.938 0.21,
  4.04 0.217 -3.9,
  4.04 0.217 -3.2,
  4.04 0.951 -3.9,
  4.04 0.951 -3.2,
  4.04 0.585 -3.65,
  4.04 0.584 -3.65,
  4.04 0.58 -3.65,
  4.04 0.593 -3.65,
  4.04 0.589 -3.65,
  4.04 0.586 -3.65,
  4.04 0.587 -3.65,
  4.04 0.572 -3.64,
  4.04 0.6 -3.64,
  4.04 0.56 -3.61,
  4.04 0.612 -3.61,
  4.04 0.552 -3.57,
  4.04 0.62 -3.57,
  4.04 0.549 -3.52,
  4.04 0.623 -3.52,
  4.04 0.552 -3.47,
  4.04 0.62 -3.47,
  4.04 0.56 -3.43,
  4.04 0.612 -3.43,
  4.04 0.585 -3.39,
  4.04 0.584 -3.39,
  4.04 0.572 -3.4,
  4.04 0.58 -3.39,
  4.04 0.6 -3.4,
  4.04 0.593 -3.39,
  4.04 0.589 -3.39,
  4.04 0.586 -3.39,
  4.04 0.587 -3.39,
  4.1 0.586 -3.4,
  4.09 0.592 -3.4,
  4.08 0.596 -3.4,
  4.06 0.599 -3.4,
  4.06 0.573 -3.4,
  4.08 0.576 -3.4,
  4.09 0.581 -3.4,
  4.16 0.586 -3.43,
  4.15 0.596 -3.43,
  4.12 0.605 -3.43,
  4.08 0.611 -3.43,
  4.08 0.562 -3.43,
  4.12 0.567 -3.43,
  4.15 0.576 -3.43,
  4.2 0.586 -3.47,
  4.18 0.599 -3.47,
  4.15 0.611 -3.47,
  4.09 0.618 -3.47,
  4.09 0.554 -3.47,
  4.15 0.562 -3.47,
  4.18 0.573 -3.47,
  4.21 0.586 -3.52,
  4.2 0.601 -3.52,
  4.16 0.613 -3.52,
  4.1 0.621 -3.52,
  4.1 0.552 -3.52,
  4.16 0.56 -3.52,
  4.2 0.572 -3.52,
  4.2 0.586 -3.57,
  4.18 0.599 -3.57,
  4.15 0.611 -3.57,
  4.09 0.618 -3.57,
  4.09 0.554 -3.57,
  4.15 0.562 -3.57,
  4.18 0.573 -3.57,
  4.16 0.586 -3.61,
  4.15 0.596 -3.61,
  4.12 0.605 -3.61,
  4.08 0.611 -3.61,
  4.08 0.562 -3.61,
  4.12 0.567 -3.61,
  4.15 0.576 -3.61,
  4.1 0.586 -3.64,
  4.09 0.592 -3.64,
  4.08 0.596 -3.64,
  4.06 0.599 -3.64,
  4.06 0.573 -3.64,
  4.08 0.576 -3.64,
  4.09 0.581 -3.64,
  3.95 0.951 -3.2,
  3.95 0.951 -3.9,
  3.95 0.217 -3.2,
  3.95 0.217 -3.9,
  -1 -1 -4.09,
  -1 -1 -1.01,
  3.95 -1 -4.09,
  3.95 -1 -1.01,
  -1 1.04 -4.09,
  3.95 1.04 -4.09,
  3.95 1.04 -1.01,
  -1 1.04 -1.01,
  3.95 -0.91 -4.09,
  3.95 0.153 -4.09,
  -0.761 0.153 -4.09,
  3.95 -0.91 -1.73,
  -0.761 -0.91 -4.09,
  -0.761 -0.91 -1.73,
  -0.761 0.153 -1.73,
  3.95 0.0198 -1.73,
  3.95 -0.879 -1.73,
  0.794 0.0198 -1.73,
  3.95 0.0198 -1.19,
  3.95 -0.879 -1.19,
  0.794 -0.879 -1.73,
  4.07 -0.427 -1.39,
  4.07 -0.42 -1.39,
  4.05 -0.415 -1.39,
  4.03 -0.411 -1.39,
  4.03 -0.443 -1.39,
  4.05 -0.439 -1.39,
  4.07 -0.434 -1.39,
  4.13 -0.427 -1.42,
  4.12 -0.415 -1.42,
  4.09 -0.404 -1.42,
  4.05 -0.397 -1.42,
  4.05 -0.457 -1.42,
  4.09 -0.45 -1.42,
  4.12 -0.439 -1.42,
  4.17 -0.427 -1.46,
  4.16 -0.411 -1.46,
  4.12 -0.397 -1.46,
  4.07 -0.388 -1.46,
  4.07 -0.466 -1.46,
  4.12 -0.457 -1.46,
  4.16 -0.443 -1.46,
  4.18 -0.427 -1.51,
  4.17 -0.409 -1.51,
  4.13 -0.395 -1.51,
  4.07 -0.385 -1.51,
  4.07 -0.469 -1.51,
  4.13 -0.459 -1.51,
  4.17 -0.445 -1.51,
  4.17 -0.427 -1.56,
  4.16 -0.411 -1.56,
  4.12 -0.397 -1.56,
  4.07 -0.388 -1.56,
  4.07 -0.466 -1.56,
  4.12 -0.457 -1.56,
  4.16 -0.443 -1.56,
  4.13 -0.427 -1.6,
  4.12 -0.415 -1.6,
  4.09 -0.404 -1.6,
  4.05 -0.397 -1.6,
  4.05 -0.457 -1.6,
  4.09 -0.45 -1.6,
  4.12 -0.439 -1.6,
  4.07 -0.427 -1.63,
  4.07 -0.42 -1.63,
  4.05 -0.415 -1.63,
  4.03 -0.411 -1.63,
  4.03 -0.443 -1.63,
  4.05 -0.439 -1.63,
  4.07 -0.434 -1.63,
  4.02 -0.428 -1.64,
  4.02 -0.43 -1.64,
  4.02 -0.435 -1.64,
  4.02 -0.419 -1.64,
  4.02 -0.424 -1.64,
  4.02 -0.427 -1.64,
  4.02 -0.426 -1.64,
  4.02 -0.444 -1.63,
  4.02 -0.41 -1.63,
  4.02 -0.459 -1.6,
  4.02 -0.395 -1.6,
  4.02 -0.469 -1.56,
  4.02 -0.385 -1.56,
  4.02 -0.472 -1.51,
  4.02 -0.382 -1.51,
  4.02 -0.469 -1.46,
  4.02 -0.385 -1.46,
  4.02 -0.459 -1.42,
  4.02 -0.395 -1.42,
  4.02 -0.428 -1.38,
  4.02 -0.43 -1.38,
  4.02 -0.444 -1.39,
  4.02 -0.435 -1.39,
  4.02 -0.41 -1.39,
  4.02 -0.419 -1.39,
  4.02 -0.424 -1.38,
  4.02 -0.427 -1.38,
  4.02 -0.426 -1.38,
  0.794 -0.879 -1.89,
  4.02 -0.879 -1.89,
  4.02 -0.879 -1.19,
  0.794 0.0198 -1.89,
  4.02 0.0198 -1.89,
  4.02 0.0198 -1.19,
  0.788 0.153 -1.73,
  3.95 0.0654 -1.73,
  3.95 0.153 -1.88,
  3.95 0.964 -1.18,
  3.95 0.964 -1.88,
  0.788 0.153 -1.88,
  3.95 0.0654 -1.18,
  0.788 0.0654 -1.73,
  0.788 0.0654 -1.88,
  4.01 0.0654 -1.88,
  4.01 0.0654 -1.18,
  4.01 0.964 -1.88,
  4.01 0.964 -1.18,
  4.01 0.516 -1.63,
  4.01 0.514 -1.62,
  4.01 0.51 -1.62,
  4.01 0.525 -1.62,
  4.01 0.521 -1.62,
  4.01 0.517 -1.63,
  4.01 0.519 -1.63,
  4.01 0.5 -1.62,
  4.01 0.534 -1.62,
  4.01 0.485 -1.59,
  4.01 0.549 -1.59,
  4.01 0.476 -1.55,
  4.01 0.559 -1.55,
  4.01 0.472 -1.5,
  4.01 0.563 -1.5,
  4.01 0.476 -1.45,
  4.01 0.559 -1.45,
  4.01 0.485 -1.4,
  4.01 0.549 -1.4,
  4.01 0.516 -1.37,
  4.01 0.514 -1.37,
  4.01 0.5 -1.37,
  4.01 0.51 -1.37,
  4.01 0.534 -1.37,
  4.01 0.525 -1.37,
  4.01 0.521 -1.37,
  4.01 0.517 -1.37,
  4.01 0.519 -1.37,
  4.07 0.517 -1.37,
  4.06 0.524 -1.37,
  4.05 0.53 -1.37,
  4.03 0.534 -1.37,
  4.03 0.501 -1.37,
  4.05 0.505 -1.37,
  4.06 0.511 -1.37,
  4.13 0.517 -1.4,
  4.12 0.53 -1.4,
  4.09 0.54 -1.4,
  4.05 0.547 -1.4,
  4.05 0.487 -1.4,
  4.09 0.494 -1.4,
  4.12 0.505 -1.4,
  4.16 0.517 -1.45,
  4.15 0.534 -1.45,
  4.12 0.547 -1.45,
  4.06 0.556 -1.45,
  4.06 0.478 -1.45,
  4.12 0.487 -1.45,
  4.15 0.501 -1.45,
  4.18 0.517 -1.5,
  4.16 0.535 -1.5,
  4.13 0.55 -1.5,
  4.07 0.56 -1.5,
  4.07 0.475 -1.5,
  4.13 0.485 -1.5,
  4.16 0.5 -1.5,
  4.16 0.517 -1.55,
  4.15 0.534 -1.55,
  4.12 0.547 -1.55,
  4.06 0.556 -1.55,
  4.06 0.478 -1.55,
  4.12 0.487 -1.55,
  4.15 0.501 -1.55,
  4.13 0.517 -1.59,
  4.12 0.53 -1.59,
  4.09 0.54 -1.59,
  4.05 0.547 -1.59,
  4.05 0.487 -1.59,
  4.09 0.494 -1.59,
  4.12 0.505 -1.59,
  4.07 0.517 -1.62,
  4.06 0.524 -1.62,
  4.05 0.53 -1.62,
  4.03 0.534 -1.62,
  4.03 0.501 -1.62,
  4.05 0.505 -1.62,
  4.06 0.511 -1.62,
  3.95 0.955 -2.36,
  3.95 0.955 -3.06,
  3.95 0.221 -2.36,
  3.95 0.221 -3.06,
  4.03 0.221 -3.06,
  4.03 0.221 -2.36,
  4.03 0.955 -3.06,
  4.03 0.955 -2.36,
  4.03 0.589 -2.81,
  4.03 0.587 -2.81,
  4.03 0.583 -2.81,
  4.03 0.596 -2.81,
  4.03 0.592 -2.81,
  4.03 0.59 -2.81,
  4.03 0.591 -2.81,
  4.03 0.576 -2.8,
  4.03 0.604 -2.8,
  4.03 0.564 -2.77,
  4.03 0.616 -2.77,
  4.03 0.556 -2.73,
  4.03 0.624 -2.73,
  4.03 0.553 -2.68,
  4.03 0.627 -2.68,
  4.03 0.556 -2.63,
  4.03 0.624 -2.63,
  4.03 0.564 -2.59,
  4.03 0.616 -2.59,
  4.03 0.589 -2.55,
  4.03 0.587 -2.55,
  4.03 0.576 -2.56,
  4.03 0.583 -2.55,
  4.03 0.604 -2.56,
  4.03 0.596 -2.55,
  4.03 0.592 -2.55,
  4.03 0.59 -2.55,
  4.03 0.591 -2.55,
  4.09 0.59 -2.56,
  4.08 0.595 -2.56,
  4.07 0.6 -2.56,
  4.05 0.603 -2.56,
  4.05 0.576 -2.56,
  4.07 0.58 -2.56,
  4.08 0.584 -2.56,
  4.15 0.59 -2.59,
  4.14 0.6 -2.59,
  4.11 0.608 -2.59,
  4.07 0.614 -2.59,
  4.07 0.565 -2.59,
  4.11 0.571 -2.59,
  4.14 0.58 -2.59,
  4.19 0.59 -2.63,
  4.17 0.603 -2.63,
  4.14 0.614 -2.63,
  4.08 0.622 -2.63,
  4.08 0.558 -2.63,
  4.14 0.565 -2.63,
  4.17 0.576 -2.63,
  4.2 0.59 -2.68,
  4.19 0.604 -2.68,
  4.15 0.616 -2.68,
  4.09 0.624 -2.68,
  4.09 0.555 -2.68,
  4.15 0.563 -2.68,
  4.19 0.575 -2.68,
  4.19 0.59 -2.73,
  4.17 0.603 -2.73,
  4.14 0.614 -2.73,
  4.08 0.622 -2.73,
  4.08 0.558 -2.73,
  4.14 0.565 -2.73,
  4.17 0.576 -2.73,
  4.15 0.59 -2.77,
  4.14 0.6 -2.77,
  4.11 0.608 -2.77,
  4.07 0.614 -2.77,
  4.07 0.565 -2.77,
  4.11 0.571 -2.77,
  4.14 0.58 -2.77,
  4.09 0.59 -2.8,
  4.08 0.595 -2.8,
  4.07 0.6 -2.8,
  4.05 0.603 -2.8,
  4.05 0.576 -2.8,
  4.07 0.58 -2.8,
  4.08 0.584 -2.8,
  -0.761 0.153 -2.22,
  -0.761 0.153 -1.95,
  3.95 0.153 -2.22,
  3.95 0.153 -1.95,
  3.95 0.971 -1.95,
  3.95 0.971 -2.22,
  -0.761 -0.435 -1.95,
  -0.761 -0.435 -2.22,
  -0.783 -0.435 -2.22,
  -0.783 -0.435 -1.95,
  -0.783 0.971 -2.22,
  -0.783 0.971 -1.95,
  -0.23 0.598 -0.894,
  -0.23 0.598 0.00129,
  1.1 0.598 -0.894,
  1.1 0.598 0.00129,
  -0.23 0.75 -0.894,
  1.1 0.75 -0.894,
  1.1 0.75 0.00129,
  -0.23 0.75 0.00129,
  -0.23 0.769 -0.894,
  -0.23 0.769 0.00129,
  1.1 0.769 -0.894,
  1.1 0.769 0.00129,
  -0.23 0.921 -0.894,
  1.1 0.921 -0.894,
  1.1 0.921 0.00129,
  -0.23 0.921 0.00129,
  -0.23 0.422 -0.894,
  -0.23 0.422 0.00129,
  1.1 0.422 -0.894,
  1.1 0.422 0.00129,
  -0.23 0.573 -0.894,
  1.1 0.573 -0.894,
  1.1 0.573 0.00129,
  -0.23 0.573 0.00129,
  -0.23 0.245 -0.894,
  -0.23 0.245 0.00129,
  1.1 0.245 -0.894,
  1.1 0.245 0.00129,
  -0.23 0.397 -0.894,
  1.1 0.397 -0.894,
  1.1 0.397 0.00129,
  -0.23 0.397 0.00129,
  -0.23 0.0844 -0.894,
  -0.23 0.0844 0.00129,
  1.1 0.0844 -0.894,
  1.1 0.0844 0.00129,
  -0.23 0.236 -0.894,
  1.1 0.236 -0.894,
  1.1 0.236 0.00129,
  -0.23 0.236 0.00129,
  -0.23 -0.0816 -0.894,
  -0.23 -0.0816 0.00129,
  1.1 -0.0816 -0.894,
  1.1 -0.0816 0.00129,
  -0.23 0.07 -0.894,
  1.1 0.07 -0.894,
  1.1 0.07 0.00129,
  -0.23 0.07 0.00129,
  -0.23 -0.274 -0.894,
  -0.23 -0.274 0.00129,
  1.1 -0.274 -0.894,
  1.1 -0.274 0.00129,
  -0.23 -0.122 -0.894,
  1.1 -0.122 -0.894,
  1.1 -0.122 0.00129,
  -0.23 -0.122 0.00129,
  -0.23 -0.434 -0.894,
  -0.23 -0.434 0.00129,
  1.1 -0.434 -0.894,
  1.1 -0.434 0.00129,
  -0.23 -0.283 -0.894,
  1.1 -0.283 -0.894,
  1.1 -0.283 0.00129,
  -0.23 -0.283 0.00129,
  -0.23 -0.595 -0.894,
  -0.23 -0.595 0.00129,
  1.1 -0.595 -0.894,
  1.1 -0.595 0.00129,
  -0.23 -0.444 -0.894,
  1.1 -0.444 -0.894,
  1.1 -0.444 0.00129,
  -0.23 -0.444 0.00129,
  -0.23 -0.756 -0.894,
  -0.23 -0.756 0.00129,
  1.1 -0.756 -0.894,
  1.1 -0.756 0.00129,
  -0.23 -0.605 -0.894,
  1.1 -0.605 -0.894,
  1.1 -0.605 0.00129,
  -0.23 -0.605 0.00129,
  -0.248 -0.927 -0.894,
  -0.248 -0.927 0.00129,
  1.08 -0.927 -0.894,
  1.08 -0.927 0.00129,
  -0.248 -0.776 -0.894,
  1.08 -0.776 -0.894,
  1.08 -0.776 0.00129,
  -0.248 -0.776 0.00129,
  0.113 0.665 0.298,
  0.113 0.665 1.5,
  1.2 0.665 0.298,
  1.2 0.665 1.5,
  0.113 0.793 0.298,
  1.2 0.793 0.298,
  1.2 0.793 1.5,
  0.113 0.793 1.5,
  0.113 0.798 0.305,
  0.113 0.798 1.51,
  1.2 0.798 0.305,
  1.2 0.798 1.51,
  0.113 0.926 0.305,
  1.2 0.926 0.305,
  1.2 0.926 1.51,
  0.113 0.926 1.51,
  1 0.519 0.295,
  1 0.646 0.295,
  0.113 0.646 0.295,
  1 0.646 0.292,
  0.113 0.519 0.295,
  1 0.519 0.292,
  0.113 0.519 1.5,
  1.2 0.519 0.292,
  1.2 0.519 1.5,
  1.2 0.646 0.292,
  1.2 0.646 1.5,
  0.113 0.646 1.5,
  1 0.368 0.295,
  1 0.495 0.295,
  0.113 0.495 0.295,
  1 0.495 0.292,
  0.113 0.368 0.295,
  1 0.368 0.292,
  0.113 0.368 1.5,
  1.2 0.368 0.292,
  1.2 0.368 1.5,
  1.2 0.495 0.292,
  1.2 0.495 1.5,
  0.113 0.495 1.5,
  1 0.224 0.295,
  1 0.351 0.295,
  0.113 0.351 0.295,
  1 0.351 0.285,
  0.113 0.224 0.295,
  1 0.224 0.285,
  0.113 0.224 1.49,
  1.2 0.224 0.285,
  1.2 0.224 1.49,
  1.2 0.351 0.285,
  1.2 0.351 1.49,
  0.113 0.351 1.49,
  1 0.083 0.295,
  1 0.21 0.295,
  0.113 0.21 0.295,
  1 0.21 0.278,
  0.113 0.083 0.295,
  1 0.083 0.278,
  0.113 0.083 1.48,
  1.2 0.083 0.278,
  1.2 0.083 1.48,
  1.2 0.21 0.278,
  1.2 0.21 1.48,
  0.113 0.21 1.48,
  1 -0.0632 0.295,
  1 0.0641 0.295,
  0.113 0.0641 0.295,
  1 0.0641 0.265,
  0.113 -0.0632 0.295,
  1 -0.0632 0.265,
  0.113 -0.0632 1.47,
  1.2 -0.0632 0.265,
  1.2 -0.0632 1.47,
  1.2 0.0641 0.265,
  1.2 0.0641 1.47,
  0.113 0.0641 1.47,
  1 -0.22 0.295,
  1 -0.0928 0.295,
  0.113 -0.0928 0.295,
  1 -0.0928 0.265,
  0.113 -0.22 0.295,
  1 -0.22 0.265,
  0.113 -0.22 1.47,
  1.2 -0.22 0.265,
  1.2 -0.22 1.47,
  1.2 -0.0928 0.265,
  1.2 -0.0928 1.47,
  0.113 -0.0928 1.47,
  1 -0.372 0.295,
  1 -0.244 0.295,
  0.113 -0.244 0.295,
  1 -0.244 0.265,
  0.113 -0.372 0.295,
  1 -0.372 0.265,
  0.113 -0.372 1.47,
  1.2 -0.372 0.265,
  1.2 -0.372 1.47,
  1.2 -0.244 0.265,
  1.2 -0.244 1.47,
  0.113 -0.244 1.47,
  1 -0.526 0.295,
  1 -0.399 0.295,
  0.113 -0.399 0.295,
  1 -0.399 0.265,
  0.113 -0.526 0.295,
  1 -0.526 0.265,
  0.113 -0.526 1.47,
  1.2 -0.526 0.265,
  1.2 -0.526 1.47,
  1.2 -0.399 0.265,
  1.2 -0.399 1.47,
  0.113 -0.399 1.47,
  1 -0.661 0.295,
  1 -0.534 0.295,
  0.113 -0.534 0.295,
  1 -0.534 0.265,
  0.113 -0.661 0.295,
  1 -0.661 0.265,
  0.113 -0.661 1.47,
  1.2 -0.661 0.265,
  1.2 -0.661 1.47,
  1.2 -0.534 0.265,
  1.2 -0.534 1.47,
  0.113 -0.534 1.47,
  1 -0.8 0.295,
  1 -0.672 0.295,
  0.113 -0.672 0.295,
  1 -0.672 0.265,
  0.113 -0.8 0.295,
  1 -0.8 0.265,
  0.113 -0.8 1.47,
  1.2 -0.8 0.265,
  1.2 -0.8 1.47,
  1.2 -0.672 0.265,
  1.2 -0.672 1.47,
  0.113 -0.672 1.47,
  1 -0.93 0.295,
  1 -0.803 0.295,
  0.113 -0.803 0.295,
  1 -0.803 0.278,
  0.113 -0.93 0.295,
  1 -0.93 0.278,
  0.113 -0.93 1.48,
  1.2 -0.93 0.278,
  1.2 -0.93 1.48,
  1.2 -0.803 0.278,
  1.2 -0.803 1.48,
  0.113 -0.803 1.48,
  1 -0.93 0.295,
  1 -0.803 0.295,
  0.113 -0.803 0.295,
  1 -0.803 0.278,
  0.113 -0.93 0.295,
  1 -0.93 0.278 ]
}

coordIndex	[ 456, 457, 459, 458, -1, 456, 458, 461,
  460, -1, 458, 459, 462, 461, -1, 459,
  457, 463, 462, -1, 461, 462, 463, 460,
  -1, 460, 463, 457, 456, -1, 464, 465,
  467, 466, -1, 464, 466, 469, 468, -1,
  466, 467, 470, 469, -1, 467, 465, 471,
  470, -1, 469, 470, 471, 468, -1, 468,
  471, 465, 464, -1, 472, 473, 475, 474,
  -1, 472, 474, 477, 476, -1, 474, 475,
  478, 477, -1, 475, 473, 479, 478, -1,
  477, 478, 479, 476, -1, 476, 479, 473,
  472, -1, 480, 481, 483, 482, -1, 480,
  482, 485, 484, -1, 482, 483, 486, 485,
  -1, 483, 481, 487, 486, -1, 485, 486,
  487, 484, -1, 484, 487, 481, 480, -1 ]
colorPerVertex	FALSE
ccw	FALSE
convex	FALSE
solid	TRUE
creaseAngle	0.559
normalIndex	[  ]
texCoordIndex	[  ]
}

}
Shape {
appearance	Appearance {
material	Material {
ambientIntensity	0.1
diffuseColor	0.573 0.8 0.824
specularColor	0.1 0.1 0.1
emissiveColor	0 0 0
shininess	0
transparency	0
}

}

geometry	DEF _25 IndexedFaceSet {
coord	Coordinate {
point	[ -1 -1 -1,
  -1 -1 1,
  1 -1 -1,
  1 -1 1,
  -1 1 -1,
  1 1 -1,
  1 1 1,
  -1 1 1,
  1 -0.938 1,
  1 0.938 1,
  -0.771 0.938 1,
  1 0.938 0.295,
  -0.771 -0.938 1,
  1 -0.938 0.295,
  -0.771 -0.938 0.295,
  -0.771 0.938 0.295,
  1 0.938 0.21,
  1 0.938 -0.901,
  1 -0.938 0.21,
  1 -0.938 -0.901,
  -0.719 -0.938 -0.901,
  -0.719 -0.938 0.21,
  -0.719 0.938 -0.901,
  -0.719 0.938 0.21,
  4.04 0.217 -3.9,
  4.04 0.217 -3.2,
  4.04 0.951 -3.9,
  4.04 0.951 -3.2,
  4.04 0.585 -3.65,
  4.04 0.584 -3.65,
  4.04 0.58 -3.65,
  4.04 0.593 -3.65,
  4.04 0.589 -3.65,
  4.04 0.586 -3.65,
  4.04 0.587 -3.65,
  4.04 0.572 -3.64,
  4.04 0.6 -3.64,
  4.04 0.56 -3.61,
  4.04 0.612 -3.61,
  4.04 0.552 -3.57,
  4.04 0.62 -3.57,
  4.04 0.549 -3.52,
  4.04 0.623 -3.52,
  4.04 0.552 -3.47,
  4.04 0.62 -3.47,
  4.04 0.56 -3.43,
  4.04 0.612 -3.43,
  4.04 0.585 -3.39,
  4.04 0.584 -3.39,
  4.04 0.572 -3.4,
  4.04 0.58 -3.39,
  4.04 0.6 -3.4,
  4.04 0.593 -3.39,
  4.04 0.589 -3.39,
  4.04 0.586 -3.39,
  4.04 0.587 -3.39,
  4.1 0.586 -3.4,
  4.09 0.592 -3.4,
  4.08 0.596 -3.4,
  4.06 0.599 -3.4,
  4.06 0.573 -3.4,
  4.08 0.576 -3.4,
  4.09 0.581 -3.4,
  4.16 0.586 -3.43,
  4.15 0.596 -3.43,
  4.12 0.605 -3.43,
  4.08 0.611 -3.43,
  4.08 0.562 -3.43,
  4.12 0.567 -3.43,
  4.15 0.576 -3.43,
  4.2 0.586 -3.47,
  4.18 0.599 -3.47,
  4.15 0.611 -3.47,
  4.09 0.618 -3.47,
  4.09 0.554 -3.47,
  4.15 0.562 -3.47,
  4.18 0.573 -3.47,
  4.21 0.586 -3.52,
  4.2 0.601 -3.52,
  4.16 0.613 -3.52,
  4.1 0.621 -3.52,
  4.1 0.552 -3.52,
  4.16 0.56 -3.52,
  4.2 0.572 -3.52,
  4.2 0.586 -3.57,
  4.18 0.599 -3.57,
  4.15 0.611 -3.57,
  4.09 0.618 -3.57,
  4.09 0.554 -3.57,
  4.15 0.562 -3.57,
  4.18 0.573 -3.57,
  4.16 0.586 -3.61,
  4.15 0.596 -3.61,
  4.12 0.605 -3.61,
  4.08 0.611 -3.61,
  4.08 0.562 -3.61,
  4.12 0.567 -3.61,
  4.15 0.576 -3.61,
  4.1 0.586 -3.64,
  4.09 0.592 -3.64,
  4.08 0.596 -3.64,
  4.06 0.599 -3.64,
  4.06 0.573 -3.64,
  4.08 0.576 -3.64,
  4.09 0.581 -3.64,
  3.95 0.951 -3.2,
  3.95 0.951 -3.9,
  3.95 0.217 -3.2,
  3.95 0.217 -3.9,
  -1 -1 -4.09,
  -1 -1 -1.01,
  3.95 -1 -4.09,
  3.95 -1 -1.01,
  -1 1.04 -4.09,
  3.95 1.04 -4.09,
  3.95 1.04 -1.01,
  -1 1.04 -1.01,
  3.95 -0.91 -4.09,
  3.95 0.153 -4.09,
  -0.761 0.153 -4.09,
  3.95 -0.91 -1.73,
  -0.761 -0.91 -4.09,
  -0.761 -0.91 -1.73,
  -0.761 0.153 -1.73,
  3.95 0.0198 -1.73,
  3.95 -0.879 -1.73,
  0.794 0.0198 -1.73,
  3.95 0.0198 -1.19,
  3.95 -0.879 -1.19,
  0.794 -0.879 -1.73,
  4.07 -0.427 -1.39,
  4.07 -0.42 -1.39,
  4.05 -0.415 -1.39,
  4.03 -0.411 -1.39,
  4.03 -0.443 -1.39,
  4.05 -0.439 -1.39,
  4.07 -0.434 -1.39,
  4.13 -0.427 -1.42,
  4.12 -0.415 -1.42,
  4.09 -0.404 -1.42,
  4.05 -0.397 -1.42,
  4.05 -0.457 -1.42,
  4.09 -0.45 -1.42,
  4.12 -0.439 -1.42,
  4.17 -0.427 -1.46,
  4.16 -0.411 -1.46,
  4.12 -0.397 -1.46,
  4.07 -0.388 -1.46,
  4.07 -0.466 -1.46,
  4.12 -0.457 -1.46,
  4.16 -0.443 -1.46,
  4.18 -0.427 -1.51,
  4.17 -0.409 -1.51,
  4.13 -0.395 -1.51,
  4.07 -0.385 -1.51,
  4.07 -0.469 -1.51,
  4.13 -0.459 -1.51,
  4.17 -0.445 -1.51,
  4.17 -0.427 -1.56,
  4.16 -0.411 -1.56,
  4.12 -0.397 -1.56,
  4.07 -0.388 -1.56,
  4.07 -0.466 -1.56,
  4.12 -0.457 -1.56,
  4.16 -0.443 -1.56,
  4.13 -0.427 -1.6,
  4.12 -0.415 -1.6,
  4.09 -0.404 -1.6,
  4.05 -0.397 -1.6,
  4.05 -0.457 -1.6,
  4.09 -0.45 -1.6,
  4.12 -0.439 -1.6,
  4.07 -0.427 -1.63,
  4.07 -0.42 -1.63,
  4.05 -0.415 -1.63,
  4.03 -0.411 -1.63,
  4.03 -0.443 -1.63,
  4.05 -0.439 -1.63,
  4.07 -0.434 -1.63,
  4.02 -0.428 -1.64,
  4.02 -0.43 -1.64,
  4.02 -0.435 -1.64,
  4.02 -0.419 -1.64,
  4.02 -0.424 -1.64,
  4.02 -0.427 -1.64,
  4.02 -0.426 -1.64,
  4.02 -0.444 -1.63,
  4.02 -0.41 -1.63,
  4.02 -0.459 -1.6,
  4.02 -0.395 -1.6,
  4.02 -0.469 -1.56,
  4.02 -0.385 -1.56,
  4.02 -0.472 -1.51,
  4.02 -0.382 -1.51,
  4.02 -0.469 -1.46,
  4.02 -0.385 -1.46,
  4.02 -0.459 -1.42,
  4.02 -0.395 -1.42,
  4.02 -0.428 -1.38,
  4.02 -0.43 -1.38,
  4.02 -0.444 -1.39,
  4.02 -0.435 -1.39,
  4.02 -0.41 -1.39,
  4.02 -0.419 -1.39,
  4.02 -0.424 -1.38,
  4.02 -0.427 -1.38,
  4.02 -0.426 -1.38,
  0.794 -0.879 -1.89,
  4.02 -0.879 -1.89,
  4.02 -0.879 -1.19,
  0.794 0.0198 -1.89,
  4.02 0.0198 -1.89,
  4.02 0.0198 -1.19,
  0.788 0.153 -1.73,
  3.95 0.0654 -1.73,
  3.95 0.153 -1.88,
  3.95 0.964 -1.18,
  3.95 0.964 -1.88,
  0.788 0.153 -1.88,
  3.95 0.0654 -1.18,
  0.788 0.0654 -1.73,
  0.788 0.0654 -1.88,
  4.01 0.0654 -1.88,
  4.01 0.0654 -1.18,
  4.01 0.964 -1.88,
  4.01 0.964 -1.18,
  4.01 0.516 -1.63,
  4.01 0.514 -1.62,
  4.01 0.51 -1.62,
  4.01 0.525 -1.62,
  4.01 0.521 -1.62,
  4.01 0.517 -1.63,
  4.01 0.519 -1.63,
  4.01 0.5 -1.62,
  4.01 0.534 -1.62,
  4.01 0.485 -1.59,
  4.01 0.549 -1.59,
  4.01 0.476 -1.55,
  4.01 0.559 -1.55,
  4.01 0.472 -1.5,
  4.01 0.563 -1.5,
  4.01 0.476 -1.45,
  4.01 0.559 -1.45,
  4.01 0.485 -1.4,
  4.01 0.549 -1.4,
  4.01 0.516 -1.37,
  4.01 0.514 -1.37,
  4.01 0.5 -1.37,
  4.01 0.51 -1.37,
  4.01 0.534 -1.37,
  4.01 0.525 -1.37,
  4.01 0.521 -1.37,
  4.01 0.517 -1.37,
  4.01 0.519 -1.37,
  4.07 0.517 -1.37,
  4.06 0.524 -1.37,
  4.05 0.53 -1.37,
  4.03 0.534 -1.37,
  4.03 0.501 -1.37,
  4.05 0.505 -1.37,
  4.06 0.511 -1.37,
  4.13 0.517 -1.4,
  4.12 0.53 -1.4,
  4.09 0.54 -1.4,
  4.05 0.547 -1.4,
  4.05 0.487 -1.4,
  4.09 0.494 -1.4,
  4.12 0.505 -1.4,
  4.16 0.517 -1.45,
  4.15 0.534 -1.45,
  4.12 0.547 -1.45,
  4.06 0.556 -1.45,
  4.06 0.478 -1.45,
  4.12 0.487 -1.45,
  4.15 0.501 -1.45,
  4.18 0.517 -1.5,
  4.16 0.535 -1.5,
  4.13 0.55 -1.5,
  4.07 0.56 -1.5,
  4.07 0.475 -1.5,
  4.13 0.485 -1.5,
  4.16 0.5 -1.5,
  4.16 0.517 -1.55,
  4.15 0.534 -1.55,
  4.12 0.547 -1.55,
  4.06 0.556 -1.55,
  4.06 0.478 -1.55,
  4.12 0.487 -1.55,
  4.15 0.501 -1.55,
  4.13 0.517 -1.59,
  4.12 0.53 -1.59,
  4.09 0.54 -1.59,
  4.05 0.547 -1.59,
  4.05 0.487 -1.59,
  4.09 0.494 -1.59,
  4.12 0.505 -1.59,
  4.07 0.517 -1.62,
  4.06 0.524 -1.62,
  4.05 0.53 -1.62,
  4.03 0.534 -1.62,
  4.03 0.501 -1.62,
  4.05 0.505 -1.62,
  4.06 0.511 -1.62,
  3.95 0.955 -2.36,
  3.95 0.955 -3.06,
  3.95 0.221 -2.36,
  3.95 0.221 -3.06,
  4.03 0.221 -3.06,
  4.03 0.221 -2.36,
  4.03 0.955 -3.06,
  4.03 0.955 -2.36,
  4.03 0.589 -2.81,
  4.03 0.587 -2.81,
  4.03 0.583 -2.81,
  4.03 0.596 -2.81,
  4.03 0.592 -2.81,
  4.03 0.59 -2.81,
  4.03 0.591 -2.81,
  4.03 0.576 -2.8,
  4.03 0.604 -2.8,
  4.03 0.564 -2.77,
  4.03 0.616 -2.77,
  4.03 0.556 -2.73,
  4.03 0.624 -2.73,
  4.03 0.553 -2.68,
  4.03 0.627 -2.68,
  4.03 0.556 -2.63,
  4.03 0.624 -2.63,
  4.03 0.564 -2.59,
  4.03 0.616 -2.59,
  4.03 0.589 -2.55,
  4.03 0.587 -2.55,
  4.03 0.576 -2.56,
  4.03 0.583 -2.55,
  4.03 0.604 -2.56,
  4.03 0.596 -2.55,
  4.03 0.592 -2.55,
  4.03 0.59 -2.55,
  4.03 0.591 -2.55,
  4.09 0.59 -2.56,
  4.08 0.595 -2.56,
  4.07 0.6 -2.56,
  4.05 0.603 -2.56,
  4.05 0.576 -2.56,
  4.07 0.58 -2.56,
  4.08 0.584 -2.56,
  4.15 0.59 -2.59,
  4.14 0.6 -2.59,
  4.11 0.608 -2.59,
  4.07 0.614 -2.59,
  4.07 0.565 -2.59,
  4.11 0.571 -2.59,
  4.14 0.58 -2.59,
  4.19 0.59 -2.63,
  4.17 0.603 -2.63,
  4.14 0.614 -2.63,
  4.08 0.622 -2.63,
  4.08 0.558 -2.63,
  4.14 0.565 -2.63,
  4.17 0.576 -2.63,
  4.2 0.59 -2.68,
  4.19 0.604 -2.68,
  4.15 0.616 -2.68,
  4.09 0.624 -2.68,
  4.09 0.555 -2.68,
  4.15 0.563 -2.68,
  4.19 0.575 -2.68,
  4.19 0.59 -2.73,
  4.17 0.603 -2.73,
  4.14 0.614 -2.73,
  4.08 0.622 -2.73,
  4.08 0.558 -2.73,
  4.14 0.565 -2.73,
  4.17 0.576 -2.73,
  4.15 0.59 -2.77,
  4.14 0.6 -2.77,
  4.11 0.608 -2.77,
  4.07 0.614 -2.77,
  4.07 0.565 -2.77,
  4.11 0.571 -2.77,
  4.14 0.58 -2.77,
  4.09 0.59 -2.8,
  4.08 0.595 -2.8,
  4.07 0.6 -2.8,
  4.05 0.603 -2.8,
  4.05 0.576 -2.8,
  4.07 0.58 -2.8,
  4.08 0.584 -2.8,
  -0.761 0.153 -2.22,
  -0.761 0.153 -1.95,
  3.95 0.153 -2.22,
  3.95 0.153 -1.95,
  3.95 0.971 -1.95,
  3.95 0.971 -2.22,
  -0.761 -0.435 -1.95,
  -0.761 -0.435 -2.22,
  -0.783 -0.435 -2.22,
  -0.783 -0.435 -1.95,
  -0.783 0.971 -2.22,
  -0.783 0.971 -1.95,
  -0.23 0.598 -0.894,
  -0.23 0.598 0.00129,
  1.1 0.598 -0.894,
  1.1 0.598 0.00129,
  -0.23 0.75 -0.894,
  1.1 0.75 -0.894,
  1.1 0.75 0.00129,
  -0.23 0.75 0.00129,
  -0.23 0.769 -0.894,
  -0.23 0.769 0.00129,
  1.1 0.769 -0.894,
  1.1 0.769 0.00129,
  -0.23 0.921 -0.894,
  1.1 0.921 -0.894,
  1.1 0.921 0.00129,
  -0.23 0.921 0.00129,
  -0.23 0.422 -0.894,
  -0.23 0.422 0.00129,
  1.1 0.422 -0.894,
  1.1 0.422 0.00129,
  -0.23 0.573 -0.894,
  1.1 0.573 -0.894,
  1.1 0.573 0.00129,
  -0.23 0.573 0.00129,
  -0.23 0.245 -0.894,
  -0.23 0.245 0.00129,
  1.1 0.245 -0.894,
  1.1 0.245 0.00129,
  -0.23 0.397 -0.894,
  1.1 0.397 -0.894,
  1.1 0.397 0.00129,
  -0.23 0.397 0.00129,
  -0.23 0.0844 -0.894,
  -0.23 0.0844 0.00129,
  1.1 0.0844 -0.894,
  1.1 0.0844 0.00129,
  -0.23 0.236 -0.894,
  1.1 0.236 -0.894,
  1.1 0.236 0.00129,
  -0.23 0.236 0.00129,
  -0.23 -0.0816 -0.894,
  -0.23 -0.0816 0.00129,
  1.1 -0.0816 -0.894,
  1.1 -0.0816 0.00129,
  -0.23 0.07 -0.894,
  1.1 0.07 -0.894,
  1.1 0.07 0.00129,
  -0.23 0.07 0.00129,
  -0.23 -0.274 -0.894,
  -0.23 -0.274 0.00129,
  1.1 -0.274 -0.894,
  1.1 -0.274 0.00129,
  -0.23 -0.122 -0.894,
  1.1 -0.122 -0.894,
  1.1 -0.122 0.00129,
  -0.23 -0.122 0.00129,
  -0.23 -0.434 -0.894,
  -0.23 -0.434 0.00129,
  1.1 -0.434 -0.894,
  1.1 -0.434 0.00129,
  -0.23 -0.283 -0.894,
  1.1 -0.283 -0.894,
  1.1 -0.283 0.00129,
  -0.23 -0.283 0.00129,
  -0.23 -0.595 -0.894,
  -0.23 -0.595 0.00129,
  1.1 -0.595 -0.894,
  1.1 -0.595 0.00129,
  -0.23 -0.444 -0.894,
  1.1 -0.444 -0.894,
  1.1 -0.444 0.00129,
  -0.23 -0.444 0.00129,
  -0.23 -0.756 -0.894,
  -0.23 -0.756 0.00129,
  1.1 -0.756 -0.894,
  1.1 -0.756 0.00129,
  -0.23 -0.605 -0.894,
  1.1 -0.605 -0.894,
  1.1 -0.605 0.00129,
  -0.23 -0.605 0.00129,
  -0.248 -0.927 -0.894,
  -0.248 -0.927 0.00129,
  1.08 -0.927 -0.894,
  1.08 -0.927 0.00129,
  -0.248 -0.776 -0.894,
  1.08 -0.776 -0.894,
  1.08 -0.776 0.00129,
  -0.248 -0.776 0.00129,
  0.113 0.665 0.298,
  0.113 0.665 1.5,
  1.2 0.665 0.298,
  1.2 0.665 1.5,
  0.113 0.793 0.298,
  1.2 0.793 0.298,
  1.2 0.793 1.5,
  0.113 0.793 1.5,
  0.113 0.798 0.305,
  0.113 0.798 1.51,
  1.2 0.798 0.305,
  1.2 0.798 1.51,
  0.113 0.926 0.305,
  1.2 0.926 0.305,
  1.2 0.926 1.51,
  0.113 0.926 1.51,
  1 0.519 0.295,
  1 0.646 0.295,
  0.113 0.646 0.295,
  1 0.646 0.292,
  0.113 0.519 0.295,
  1 0.519 0.292,
  0.113 0.519 1.5,
  1.2 0.519 0.292,
  1.2 0.519 1.5,
  1.2 0.646 0.292,
  1.2 0.646 1.5,
  0.113 0.646 1.5,
  1 0.368 0.295,
  1 0.495 0.295,
  0.113 0.495 0.295,
  1 0.495 0.292,
  0.113 0.368 0.295,
  1 0.368 0.292,
  0.113 0.368 1.5,
  1.2 0.368 0.292,
  1.2 0.368 1.5,
  1.2 0.495 0.292,
  1.2 0.495 1.5,
  0.113 0.495 1.5,
  1 0.224 0.295,
  1 0.351 0.295,
  0.113 0.351 0.295,
  1 0.351 0.285,
  0.113 0.224 0.295,
  1 0.224 0.285,
  0.113 0.224 1.49,
  1.2 0.224 0.285,
  1.2 0.224 1.49,
  1.2 0.351 0.285,
  1.2 0.351 1.49,
  0.113 0.351 1.49,
  1 0.083 0.295,
  1 0.21 0.295,
  0.113 0.21 0.295,
  1 0.21 0.278,
  0.113 0.083 0.295,
  1 0.083 0.278,
  0.113 0.083 1.48,
  1.2 0.083 0.278,
  1.2 0.083 1.48,
  1.2 0.21 0.278,
  1.2 0.21 1.48,
  0.113 0.21 1.48,
  1 -0.0632 0.295,
  1 0.0641 0.295,
  0.113 0.0641 0.295,
  1 0.0641 0.265,
  0.113 -0.0632 0.295,
  1 -0.0632 0.265,
  0.113 -0.0632 1.47,
  1.2 -0.0632 0.265,
  1.2 -0.0632 1.47,
  1.2 0.0641 0.265,
  1.2 0.0641 1.47,
  0.113 0.0641 1.47,
  1 -0.22 0.295,
  1 -0.0928 0.295,
  0.113 -0.0928 0.295,
  1 -0.0928 0.265,
  0.113 -0.22 0.295,
  1 -0.22 0.265,
  0.113 -0.22 1.47,
  1.2 -0.22 0.265,
  1.2 -0.22 1.47,
  1.2 -0.0928 0.265,
  1.2 -0.0928 1.47,
  0.113 -0.0928 1.47,
  1 -0.372 0.295,
  1 -0.244 0.295,
  0.113 -0.244 0.295,
  1 -0.244 0.265,
  0.113 -0.372 0.295,
  1 -0.372 0.265,
  0.113 -0.372 1.47,
  1.2 -0.372 0.265,
  1.2 -0.372 1.47,
  1.2 -0.244 0.265,
  1.2 -0.244 1.47,
  0.113 -0.244 1.47,
  1 -0.526 0.295,
  1 -0.399 0.295,
  0.113 -0.399 0.295,
  1 -0.399 0.265,
  0.113 -0.526 0.295,
  1 -0.526 0.265,
  0.113 -0.526 1.47,
  1.2 -0.526 0.265,
  1.2 -0.526 1.47,
  1.2 -0.399 0.265,
  1.2 -0.399 1.47,
  0.113 -0.399 1.47,
  1 -0.661 0.295,
  1 -0.534 0.295,
  0.113 -0.534 0.295,
  1 -0.534 0.265,
  0.113 -0.661 0.295,
  1 -0.661 0.265,
  0.113 -0.661 1.47,
  1.2 -0.661 0.265,
  1.2 -0.661 1.47,
  1.2 -0.534 0.265,
  1.2 -0.534 1.47,
  0.113 -0.534 1.47,
  1 -0.8 0.295,
  1 -0.672 0.295,
  0.113 -0.672 0.295,
  1 -0.672 0.265,
  0.113 -0.8 0.295,
  1 -0.8 0.265,
  0.113 -0.8 1.47,
  1.2 -0.8 0.265,
  1.2 -0.8 1.47,
  1.2 -0.672 0.265,
  1.2 -0.672 1.47,
  0.113 -0.672 1.47,
  1 -0.93 0.295,
  1 -0.803 0.295,
  0.113 -0.803 0.295,
  1 -0.803 0.278,
  0.113 -0.93 0.295,
  1 -0.93 0.278,
  0.113 -0.93 1.48,
  1.2 -0.93 0.278,
  1.2 -0.93 1.48,
  1.2 -0.803 0.278,
  1.2 -0.803 1.48,
  0.113 -0.803 1.48,
  1 -0.93 0.295,
  1 -0.803 0.295,
  0.113 -0.803 0.295,
  1 -0.803 0.278,
  0.113 -0.93 0.295,
  1 -0.93 0.278 ]
}

coordIndex	[ 488, 489, 491, 490, -1, 488, 490, 493,
  492, -1, 490, 491, 494, 493, -1, 491,
  489, 495, 494, -1, 493, 494, 495, 492,
  -1, 492, 495, 489, 488, -1, 496, 497,
  499, 498, -1, 496, 498, 501, 500, -1,
  498, 499, 502, 501, -1, 499, 497, 503,
  502, -1, 501, 502, 503, 500, -1, 500,
  503, 497, 496, -1, 504, 508, 510, 512,
  511, 509, -1, 509, 511, 513, 507, -1,
  511, 512, 514, 513, -1, 512, 510, 515,
  514, -1, 506, 515, 510, 508, -1, 507,
  513, 514, 515, 506, 505, -1, 521, 523,
  525, 519, -1, 523, 524, 526, 525, -1,
  524, 522, 527, 526, -1, 517, 519, 525,
  526, 527, 518, -1, 516, 520, 522, 524,
  523, 521, -1, 518, 527, 522, 520, -1,
  533, 535, 537, 531, -1, 535, 536, 538,
  537, -1, 536, 534, 539, 538, -1, 529,
  531, 537, 538, 539, 530, -1, 528, 532,
  534, 536, 535, 533, -1, 530, 539, 534,
  532, -1 ]
colorPerVertex	FALSE
ccw	FALSE
convex	FALSE
solid	TRUE
creaseAngle	0.559
normalIndex	[  ]
texCoordIndex	[  ]
}

}
Shape {
appearance	Appearance {
material	Material {
ambientIntensity	0.1
diffuseColor	0.824 0.188 0.404
specularColor	0.1 0.1 0.1
emissiveColor	0 0 0
shininess	0
transparency	0
}

}

geometry	DEF _26 IndexedFaceSet {
coord	Coordinate {
point	[ -1 -1 -1,
  -1 -1 1,
  1 -1 -1,
  1 -1 1,
  -1 1 -1,
  1 1 -1,
  1 1 1,
  -1 1 1,
  1 -0.938 1,
  1 0.938 1,
  -0.771 0.938 1,
  1 0.938 0.295,
  -0.771 -0.938 1,
  1 -0.938 0.295,
  -0.771 -0.938 0.295,
  -0.771 0.938 0.295,
  1 0.938 0.21,
  1 0.938 -0.901,
  1 -0.938 0.21,
  1 -0.938 -0.901,
  -0.719 -0.938 -0.901,
  -0.719 -0.938 0.21,
  -0.719 0.938 -0.901,
  -0.719 0.938 0.21,
  4.04 0.217 -3.9,
  4.04 0.217 -3.2,
  4.04 0.951 -3.9,
  4.04 0.951 -3.2,
  4.04 0.585 -3.65,
  4.04 0.584 -3.65,
  4.04 0.58 -3.65,
  4.04 0.593 -3.65,
  4.04 0.589 -3.65,
  4.04 0.586 -3.65,
  4.04 0.587 -3.65,
  4.04 0.572 -3.64,
  4.04 0.6 -3.64,
  4.04 0.56 -3.61,
  4.04 0.612 -3.61,
  4.04 0.552 -3.57,
  4.04 0.62 -3.57,
  4.04 0.549 -3.52,
  4.04 0.623 -3.52,
  4.04 0.552 -3.47,
  4.04 0.62 -3.47,
  4.04 0.56 -3.43,
  4.04 0.612 -3.43,
  4.04 0.585 -3.39,
  4.04 0.584 -3.39,
  4.04 0.572 -3.4,
  4.04 0.58 -3.39,
  4.04 0.6 -3.4,
  4.04 0.593 -3.39,
  4.04 0.589 -3.39,
  4.04 0.586 -3.39,
  4.04 0.587 -3.39,
  4.1 0.586 -3.4,
  4.09 0.592 -3.4,
  4.08 0.596 -3.4,
  4.06 0.599 -3.4,
  4.06 0.573 -3.4,
  4.08 0.576 -3.4,
  4.09 0.581 -3.4,
  4.16 0.586 -3.43,
  4.15 0.596 -3.43,
  4.12 0.605 -3.43,
  4.08 0.611 -3.43,
  4.08 0.562 -3.43,
  4.12 0.567 -3.43,
  4.15 0.576 -3.43,
  4.2 0.586 -3.47,
  4.18 0.599 -3.47,
  4.15 0.611 -3.47,
  4.09 0.618 -3.47,
  4.09 0.554 -3.47,
  4.15 0.562 -3.47,
  4.18 0.573 -3.47,
  4.21 0.586 -3.52,
  4.2 0.601 -3.52,
  4.16 0.613 -3.52,
  4.1 0.621 -3.52,
  4.1 0.552 -3.52,
  4.16 0.56 -3.52,
  4.2 0.572 -3.52,
  4.2 0.586 -3.57,
  4.18 0.599 -3.57,
  4.15 0.611 -3.57,
  4.09 0.618 -3.57,
  4.09 0.554 -3.57,
  4.15 0.562 -3.57,
  4.18 0.573 -3.57,
  4.16 0.586 -3.61,
  4.15 0.596 -3.61,
  4.12 0.605 -3.61,
  4.08 0.611 -3.61,
  4.08 0.562 -3.61,
  4.12 0.567 -3.61,
  4.15 0.576 -3.61,
  4.1 0.586 -3.64,
  4.09 0.592 -3.64,
  4.08 0.596 -3.64,
  4.06 0.599 -3.64,
  4.06 0.573 -3.64,
  4.08 0.576 -3.64,
  4.09 0.581 -3.64,
  3.95 0.951 -3.2,
  3.95 0.951 -3.9,
  3.95 0.217 -3.2,
  3.95 0.217 -3.9,
  -1 -1 -4.09,
  -1 -1 -1.01,
  3.95 -1 -4.09,
  3.95 -1 -1.01,
  -1 1.04 -4.09,
  3.95 1.04 -4.09,
  3.95 1.04 -1.01,
  -1 1.04 -1.01,
  3.95 -0.91 -4.09,
  3.95 0.153 -4.09,
  -0.761 0.153 -4.09,
  3.95 -0.91 -1.73,
  -0.761 -0.91 -4.09,
  -0.761 -0.91 -1.73,
  -0.761 0.153 -1.73,
  3.95 0.0198 -1.73,
  3.95 -0.879 -1.73,
  0.794 0.0198 -1.73,
  3.95 0.0198 -1.19,
  3.95 -0.879 -1.19,
  0.794 -0.879 -1.73,
  4.07 -0.427 -1.39,
  4.07 -0.42 -1.39,
  4.05 -0.415 -1.39,
  4.03 -0.411 -1.39,
  4.03 -0.443 -1.39,
  4.05 -0.439 -1.39,
  4.07 -0.434 -1.39,
  4.13 -0.427 -1.42,
  4.12 -0.415 -1.42,
  4.09 -0.404 -1.42,
  4.05 -0.397 -1.42,
  4.05 -0.457 -1.42,
  4.09 -0.45 -1.42,
  4.12 -0.439 -1.42,
  4.17 -0.427 -1.46,
  4.16 -0.411 -1.46,
  4.12 -0.397 -1.46,
  4.07 -0.388 -1.46,
  4.07 -0.466 -1.46,
  4.12 -0.457 -1.46,
  4.16 -0.443 -1.46,
  4.18 -0.427 -1.51,
  4.17 -0.409 -1.51,
  4.13 -0.395 -1.51,
  4.07 -0.385 -1.51,
  4.07 -0.469 -1.51,
  4.13 -0.459 -1.51,
  4.17 -0.445 -1.51,
  4.17 -0.427 -1.56,
  4.16 -0.411 -1.56,
  4.12 -0.397 -1.56,
  4.07 -0.388 -1.56,
  4.07 -0.466 -1.56,
  4.12 -0.457 -1.56,
  4.16 -0.443 -1.56,
  4.13 -0.427 -1.6,
  4.12 -0.415 -1.6,
  4.09 -0.404 -1.6,
  4.05 -0.397 -1.6,
  4.05 -0.457 -1.6,
  4.09 -0.45 -1.6,
  4.12 -0.439 -1.6,
  4.07 -0.427 -1.63,
  4.07 -0.42 -1.63,
  4.05 -0.415 -1.63,
  4.03 -0.411 -1.63,
  4.03 -0.443 -1.63,
  4.05 -0.439 -1.63,
  4.07 -0.434 -1.63,
  4.02 -0.428 -1.64,
  4.02 -0.43 -1.64,
  4.02 -0.435 -1.64,
  4.02 -0.419 -1.64,
  4.02 -0.424 -1.64,
  4.02 -0.427 -1.64,
  4.02 -0.426 -1.64,
  4.02 -0.444 -1.63,
  4.02 -0.41 -1.63,
  4.02 -0.459 -1.6,
  4.02 -0.395 -1.6,
  4.02 -0.469 -1.56,
  4.02 -0.385 -1.56,
  4.02 -0.472 -1.51,
  4.02 -0.382 -1.51,
  4.02 -0.469 -1.46,
  4.02 -0.385 -1.46,
  4.02 -0.459 -1.42,
  4.02 -0.395 -1.42,
  4.02 -0.428 -1.38,
  4.02 -0.43 -1.38,
  4.02 -0.444 -1.39,
  4.02 -0.435 -1.39,
  4.02 -0.41 -1.39,
  4.02 -0.419 -1.39,
  4.02 -0.424 -1.38,
  4.02 -0.427 -1.38,
  4.02 -0.426 -1.38,
  0.794 -0.879 -1.89,
  4.02 -0.879 -1.89,
  4.02 -0.879 -1.19,
  0.794 0.0198 -1.89,
  4.02 0.0198 -1.89,
  4.02 0.0198 -1.19,
  0.788 0.153 -1.73,
  3.95 0.0654 -1.73,
  3.95 0.153 -1.88,
  3.95 0.964 -1.18,
  3.95 0.964 -1.88,
  0.788 0.153 -1.88,
  3.95 0.0654 -1.18,
  0.788 0.0654 -1.73,
  0.788 0.0654 -1.88,
  4.01 0.0654 -1.88,
  4.01 0.0654 -1.18,
  4.01 0.964 -1.88,
  4.01 0.964 -1.18,
  4.01 0.516 -1.63,
  4.01 0.514 -1.62,
  4.01 0.51 -1.62,
  4.01 0.525 -1.62,
  4.01 0.521 -1.62,
  4.01 0.517 -1.63,
  4.01 0.519 -1.63,
  4.01 0.5 -1.62,
  4.01 0.534 -1.62,
  4.01 0.485 -1.59,
  4.01 0.549 -1.59,
  4.01 0.476 -1.55,
  4.01 0.559 -1.55,
  4.01 0.472 -1.5,
  4.01 0.563 -1.5,
  4.01 0.476 -1.45,
  4.01 0.559 -1.45,
  4.01 0.485 -1.4,
  4.01 0.549 -1.4,
  4.01 0.516 -1.37,
  4.01 0.514 -1.37,
  4.01 0.5 -1.37,
  4.01 0.51 -1.37,
  4.01 0.534 -1.37,
  4.01 0.525 -1.37,
  4.01 0.521 -1.37,
  4.01 0.517 -1.37,
  4.01 0.519 -1.37,
  4.07 0.517 -1.37,
  4.06 0.524 -1.37,
  4.05 0.53 -1.37,
  4.03 0.534 -1.37,
  4.03 0.501 -1.37,
  4.05 0.505 -1.37,
  4.06 0.511 -1.37,
  4.13 0.517 -1.4,
  4.12 0.53 -1.4,
  4.09 0.54 -1.4,
  4.05 0.547 -1.4,
  4.05 0.487 -1.4,
  4.09 0.494 -1.4,
  4.12 0.505 -1.4,
  4.16 0.517 -1.45,
  4.15 0.534 -1.45,
  4.12 0.547 -1.45,
  4.06 0.556 -1.45,
  4.06 0.478 -1.45,
  4.12 0.487 -1.45,
  4.15 0.501 -1.45,
  4.18 0.517 -1.5,
  4.16 0.535 -1.5,
  4.13 0.55 -1.5,
  4.07 0.56 -1.5,
  4.07 0.475 -1.5,
  4.13 0.485 -1.5,
  4.16 0.5 -1.5,
  4.16 0.517 -1.55,
  4.15 0.534 -1.55,
  4.12 0.547 -1.55,
  4.06 0.556 -1.55,
  4.06 0.478 -1.55,
  4.12 0.487 -1.55,
  4.15 0.501 -1.55,
  4.13 0.517 -1.59,
  4.12 0.53 -1.59,
  4.09 0.54 -1.59,
  4.05 0.547 -1.59,
  4.05 0.487 -1.59,
  4.09 0.494 -1.59,
  4.12 0.505 -1.59,
  4.07 0.517 -1.62,
  4.06 0.524 -1.62,
  4.05 0.53 -1.62,
  4.03 0.534 -1.62,
  4.03 0.501 -1.62,
  4.05 0.505 -1.62,
  4.06 0.511 -1.62,
  3.95 0.955 -2.36,
  3.95 0.955 -3.06,
  3.95 0.221 -2.36,
  3.95 0.221 -3.06,
  4.03 0.221 -3.06,
  4.03 0.221 -2.36,
  4.03 0.955 -3.06,
  4.03 0.955 -2.36,
  4.03 0.589 -2.81,
  4.03 0.587 -2.81,
  4.03 0.583 -2.81,
  4.03 0.596 -2.81,
  4.03 0.592 -2.81,
  4.03 0.59 -2.81,
  4.03 0.591 -2.81,
  4.03 0.576 -2.8,
  4.03 0.604 -2.8,
  4.03 0.564 -2.77,
  4.03 0.616 -2.77,
  4.03 0.556 -2.73,
  4.03 0.624 -2.73,
  4.03 0.553 -2.68,
  4.03 0.627 -2.68,
  4.03 0.556 -2.63,
  4.03 0.624 -2.63,
  4.03 0.564 -2.59,
  4.03 0.616 -2.59,
  4.03 0.589 -2.55,
  4.03 0.587 -2.55,
  4.03 0.576 -2.56,
  4.03 0.583 -2.55,
  4.03 0.604 -2.56,
  4.03 0.596 -2.55,
  4.03 0.592 -2.55,
  4.03 0.59 -2.55,
  4.03 0.591 -2.55,
  4.09 0.59 -2.56,
  4.08 0.595 -2.56,
  4.07 0.6 -2.56,
  4.05 0.603 -2.56,
  4.05 0.576 -2.56,
  4.07 0.58 -2.56,
  4.08 0.584 -2.56,
  4.15 0.59 -2.59,
  4.14 0.6 -2.59,
  4.11 0.608 -2.59,
  4.07 0.614 -2.59,
  4.07 0.565 -2.59,
  4.11 0.571 -2.59,
  4.14 0.58 -2.59,
  4.19 0.59 -2.63,
  4.17 0.603 -2.63,
  4.14 0.614 -2.63,
  4.08 0.622 -2.63,
  4.08 0.558 -2.63,
  4.14 0.565 -2.63,
  4.17 0.576 -2.63,
  4.2 0.59 -2.68,
  4.19 0.604 -2.68,
  4.15 0.616 -2.68,
  4.09 0.624 -2.68,
  4.09 0.555 -2.68,
  4.15 0.563 -2.68,
  4.19 0.575 -2.68,
  4.19 0.59 -2.73,
  4.17 0.603 -2.73,
  4.14 0.614 -2.73,
  4.08 0.622 -2.73,
  4.08 0.558 -2.73,
  4.14 0.565 -2.73,
  4.17 0.576 -2.73,
  4.15 0.59 -2.77,
  4.14 0.6 -2.77,
  4.11 0.608 -2.77,
  4.07 0.614 -2.77,
  4.07 0.565 -2.77,
  4.11 0.571 -2.77,
  4.14 0.58 -2.77,
  4.09 0.59 -2.8,
  4.08 0.595 -2.8,
  4.07 0.6 -2.8,
  4.05 0.603 -2.8,
  4.05 0.576 -2.8,
  4.07 0.58 -2.8,
  4.08 0.584 -2.8,
  -0.761 0.153 -2.22,
  -0.761 0.153 -1.95,
  3.95 0.153 -2.22,
  3.95 0.153 -1.95,
  3.95 0.971 -1.95,
  3.95 0.971 -2.22,
  -0.761 -0.435 -1.95,
  -0.761 -0.435 -2.22,
  -0.783 -0.435 -2.22,
  -0.783 -0.435 -1.95,
  -0.783 0.971 -2.22,
  -0.783 0.971 -1.95,
  -0.23 0.598 -0.894,
  -0.23 0.598 0.00129,
  1.1 0.598 -0.894,
  1.1 0.598 0.00129,
  -0.23 0.75 -0.894,
  1.1 0.75 -0.894,
  1.1 0.75 0.00129,
  -0.23 0.75 0.00129,
  -0.23 0.769 -0.894,
  -0.23 0.769 0.00129,
  1.1 0.769 -0.894,
  1.1 0.769 0.00129,
  -0.23 0.921 -0.894,
  1.1 0.921 -0.894,
  1.1 0.921 0.00129,
  -0.23 0.921 0.00129,
  -0.23 0.422 -0.894,
  -0.23 0.422 0.00129,
  1.1 0.422 -0.894,
  1.1 0.422 0.00129,
  -0.23 0.573 -0.894,
  1.1 0.573 -0.894,
  1.1 0.573 0.00129,
  -0.23 0.573 0.00129,
  -0.23 0.245 -0.894,
  -0.23 0.245 0.00129,
  1.1 0.245 -0.894,
  1.1 0.245 0.00129,
  -0.23 0.397 -0.894,
  1.1 0.397 -0.894,
  1.1 0.397 0.00129,
  -0.23 0.397 0.00129,
  -0.23 0.0844 -0.894,
  -0.23 0.0844 0.00129,
  1.1 0.0844 -0.894,
  1.1 0.0844 0.00129,
  -0.23 0.236 -0.894,
  1.1 0.236 -0.894,
  1.1 0.236 0.00129,
  -0.23 0.236 0.00129,
  -0.23 -0.0816 -0.894,
  -0.23 -0.0816 0.00129,
  1.1 -0.0816 -0.894,
  1.1 -0.0816 0.00129,
  -0.23 0.07 -0.894,
  1.1 0.07 -0.894,
  1.1 0.07 0.00129,
  -0.23 0.07 0.00129,
  -0.23 -0.274 -0.894,
  -0.23 -0.274 0.00129,
  1.1 -0.274 -0.894,
  1.1 -0.274 0.00129,
  -0.23 -0.122 -0.894,
  1.1 -0.122 -0.894,
  1.1 -0.122 0.00129,
  -0.23 -0.122 0.00129,
  -0.23 -0.434 -0.894,
  -0.23 -0.434 0.00129,
  1.1 -0.434 -0.894,
  1.1 -0.434 0.00129,
  -0.23 -0.283 -0.894,
  1.1 -0.283 -0.894,
  1.1 -0.283 0.00129,
  -0.23 -0.283 0.00129,
  -0.23 -0.595 -0.894,
  -0.23 -0.595 0.00129,
  1.1 -0.595 -0.894,
  1.1 -0.595 0.00129,
  -0.23 -0.444 -0.894,
  1.1 -0.444 -0.894,
  1.1 -0.444 0.00129,
  -0.23 -0.444 0.00129,
  -0.23 -0.756 -0.894,
  -0.23 -0.756 0.00129,
  1.1 -0.756 -0.894,
  1.1 -0.756 0.00129,
  -0.23 -0.605 -0.894,
  1.1 -0.605 -0.894,
  1.1 -0.605 0.00129,
  -0.23 -0.605 0.00129,
  -0.248 -0.927 -0.894,
  -0.248 -0.927 0.00129,
  1.08 -0.927 -0.894,
  1.08 -0.927 0.00129,
  -0.248 -0.776 -0.894,
  1.08 -0.776 -0.894,
  1.08 -0.776 0.00129,
  -0.248 -0.776 0.00129,
  0.113 0.665 0.298,
  0.113 0.665 1.5,
  1.2 0.665 0.298,
  1.2 0.665 1.5,
  0.113 0.793 0.298,
  1.2 0.793 0.298,
  1.2 0.793 1.5,
  0.113 0.793 1.5,
  0.113 0.798 0.305,
  0.113 0.798 1.51,
  1.2 0.798 0.305,
  1.2 0.798 1.51,
  0.113 0.926 0.305,
  1.2 0.926 0.305,
  1.2 0.926 1.51,
  0.113 0.926 1.51,
  1 0.519 0.295,
  1 0.646 0.295,
  0.113 0.646 0.295,
  1 0.646 0.292,
  0.113 0.519 0.295,
  1 0.519 0.292,
  0.113 0.519 1.5,
  1.2 0.519 0.292,
  1.2 0.519 1.5,
  1.2 0.646 0.292,
  1.2 0.646 1.5,
  0.113 0.646 1.5,
  1 0.368 0.295,
  1 0.495 0.295,
  0.113 0.495 0.295,
  1 0.495 0.292,
  0.113 0.368 0.295,
  1 0.368 0.292,
  0.113 0.368 1.5,
  1.2 0.368 0.292,
  1.2 0.368 1.5,
  1.2 0.495 0.292,
  1.2 0.495 1.5,
  0.113 0.495 1.5,
  1 0.224 0.295,
  1 0.351 0.295,
  0.113 0.351 0.295,
  1 0.351 0.285,
  0.113 0.224 0.295,
  1 0.224 0.285,
  0.113 0.224 1.49,
  1.2 0.224 0.285,
  1.2 0.224 1.49,
  1.2 0.351 0.285,
  1.2 0.351 1.49,
  0.113 0.351 1.49,
  1 0.083 0.295,
  1 0.21 0.295,
  0.113 0.21 0.295,
  1 0.21 0.278,
  0.113 0.083 0.295,
  1 0.083 0.278,
  0.113 0.083 1.48,
  1.2 0.083 0.278,
  1.2 0.083 1.48,
  1.2 0.21 0.278,
  1.2 0.21 1.48,
  0.113 0.21 1.48,
  1 -0.0632 0.295,
  1 0.0641 0.295,
  0.113 0.0641 0.295,
  1 0.0641 0.265,
  0.113 -0.0632 0.295,
  1 -0.0632 0.265,
  0.113 -0.0632 1.47,
  1.2 -0.0632 0.265,
  1.2 -0.0632 1.47,
  1.2 0.0641 0.265,
  1.2 0.0641 1.47,
  0.113 0.0641 1.47,
  1 -0.22 0.295,
  1 -0.0928 0.295,
  0.113 -0.0928 0.295,
  1 -0.0928 0.265,
  0.113 -0.22 0.295,
  1 -0.22 0.265,
  0.113 -0.22 1.47,
  1.2 -0.22 0.265,
  1.2 -0.22 1.47,
  1.2 -0.0928 0.265,
  1.2 -0.0928 1.47,
  0.113 -0.0928 1.47,
  1 -0.372 0.295,
  1 -0.244 0.295,
  0.113 -0.244 0.295,
  1 -0.244 0.265,
  0.113 -0.372 0.295,
  1 -0.372 0.265,
  0.113 -0.372 1.47,
  1.2 -0.372 0.265,
  1.2 -0.372 1.47,
  1.2 -0.244 0.265,
  1.2 -0.244 1.47,
  0.113 -0.244 1.47,
  1 -0.526 0.295,
  1 -0.399 0.295,
  0.113 -0.399 0.295,
  1 -0.399 0.265,
  0.113 -0.526 0.295,
  1 -0.526 0.265,
  0.113 -0.526 1.47,
  1.2 -0.526 0.265,
  1.2 -0.526 1.47,
  1.2 -0.399 0.265,
  1.2 -0.399 1.47,
  0.113 -0.399 1.47,
  1 -0.661 0.295,
  1 -0.534 0.295,
  0.113 -0.534 0.295,
  1 -0.534 0.265,
  0.113 -0.661 0.295,
  1 -0.661 0.265,
  0.113 -0.661 1.47,
  1.2 -0.661 0.265,
  1.2 -0.661 1.47,
  1.2 -0.534 0.265,
  1.2 -0.534 1.47,
  0.113 -0.534 1.47,
  1 -0.8 0.295,
  1 -0.672 0.295,
  0.113 -0.672 0.295,
  1 -0.672 0.265,
  0.113 -0.8 0.295,
  1 -0.8 0.265,
  0.113 -0.8 1.47,
  1.2 -0.8 0.265,
  1.2 -0.8 1.47,
  1.2 -0.672 0.265,
  1.2 -0.672 1.47,
  0.113 -0.672 1.47,
  1 -0.93 0.295,
  1 -0.803 0.295,
  0.113 -0.803 0.295,
  1 -0.803 0.278,
  0.113 -0.93 0.295,
  1 -0.93 0.278,
  0.113 -0.93 1.48,
  1.2 -0.93 0.278,
  1.2 -0.93 1.48,
  1.2 -0.803 0.278,
  1.2 -0.803 1.48,
  0.113 -0.803 1.48,
  1 -0.93 0.295,
  1 -0.803 0.295,
  0.113 -0.803 0.295,
  1 -0.803 0.278,
  0.113 -0.93 0.295,
  1 -0.93 0.278 ]
}

coordIndex	[ 540, 544, 546, 548, 547, 545, -1, 545,
  547, 549, 543, -1, 547, 548, 550, 549,
  -1, 548, 546, 551, 550, -1, 542, 551,
  546, 544, -1, 543, 549, 550, 551, 542,
  541, -1, 552, 556, 558, 560, 559, 557,
  -1, 557, 559, 561, 555, -1, 559, 560,
  562, 561, -1, 560, 558, 563, 562, -1,
  554, 563, 558, 556, -1, 555, 561, 562,
  563, 554, 553, -1, 564, 568, 570, 572,
  571, 569, -1, 569, 571, 573, 567, -1,
  571, 572, 574, 573, -1, 572, 570, 575,
  574, -1, 566, 575, 570, 568, -1, 567,
  573, 574, 575, 566, 565, -1 ]
colorPerVertex	FALSE
ccw	FALSE
convex	FALSE
solid	TRUE
creaseAngle	0.559
normalIndex	[  ]
texCoordIndex	[  ]
}

}
Shape {
appearance	Appearance {
material	Material {
ambientIntensity	0.1
diffuseColor	0.776 0.773 0.824
specularColor	0.1 0.1 0.1
emissiveColor	0 0 0
shininess	0
transparency	0
}

}

geometry	DEF _27 IndexedFaceSet {
coord	Coordinate {
point	[ -1 -1 -1,
  -1 -1 1,
  1 -1 -1,
  1 -1 1,
  -1 1 -1,
  1 1 -1,
  1 1 1,
  -1 1 1,
  1 -0.938 1,
  1 0.938 1,
  -0.771 0.938 1,
  1 0.938 0.295,
  -0.771 -0.938 1,
  1 -0.938 0.295,
  -0.771 -0.938 0.295,
  -0.771 0.938 0.295,
  1 0.938 0.21,
  1 0.938 -0.901,
  1 -0.938 0.21,
  1 -0.938 -0.901,
  -0.719 -0.938 -0.901,
  -0.719 -0.938 0.21,
  -0.719 0.938 -0.901,
  -0.719 0.938 0.21,
  4.04 0.217 -3.9,
  4.04 0.217 -3.2,
  4.04 0.951 -3.9,
  4.04 0.951 -3.2,
  4.04 0.585 -3.65,
  4.04 0.584 -3.65,
  4.04 0.58 -3.65,
  4.04 0.593 -3.65,
  4.04 0.589 -3.65,
  4.04 0.586 -3.65,
  4.04 0.587 -3.65,
  4.04 0.572 -3.64,
  4.04 0.6 -3.64,
  4.04 0.56 -3.61,
  4.04 0.612 -3.61,
  4.04 0.552 -3.57,
  4.04 0.62 -3.57,
  4.04 0.549 -3.52,
  4.04 0.623 -3.52,
  4.04 0.552 -3.47,
  4.04 0.62 -3.47,
  4.04 0.56 -3.43,
  4.04 0.612 -3.43,
  4.04 0.585 -3.39,
  4.04 0.584 -3.39,
  4.04 0.572 -3.4,
  4.04 0.58 -3.39,
  4.04 0.6 -3.4,
  4.04 0.593 -3.39,
  4.04 0.589 -3.39,
  4.04 0.586 -3.39,
  4.04 0.587 -3.39,
  4.1 0.586 -3.4,
  4.09 0.592 -3.4,
  4.08 0.596 -3.4,
  4.06 0.599 -3.4,
  4.06 0.573 -3.4,
  4.08 0.576 -3.4,
  4.09 0.581 -3.4,
  4.16 0.586 -3.43,
  4.15 0.596 -3.43,
  4.12 0.605 -3.43,
  4.08 0.611 -3.43,
  4.08 0.562 -3.43,
  4.12 0.567 -3.43,
  4.15 0.576 -3.43,
  4.2 0.586 -3.47,
  4.18 0.599 -3.47,
  4.15 0.611 -3.47,
  4.09 0.618 -3.47,
  4.09 0.554 -3.47,
  4.15 0.562 -3.47,
  4.18 0.573 -3.47,
  4.21 0.586 -3.52,
  4.2 0.601 -3.52,
  4.16 0.613 -3.52,
  4.1 0.621 -3.52,
  4.1 0.552 -3.52,
  4.16 0.56 -3.52,
  4.2 0.572 -3.52,
  4.2 0.586 -3.57,
  4.18 0.599 -3.57,
  4.15 0.611 -3.57,
  4.09 0.618 -3.57,
  4.09 0.554 -3.57,
  4.15 0.562 -3.57,
  4.18 0.573 -3.57,
  4.16 0.586 -3.61,
  4.15 0.596 -3.61,
  4.12 0.605 -3.61,
  4.08 0.611 -3.61,
  4.08 0.562 -3.61,
  4.12 0.567 -3.61,
  4.15 0.576 -3.61,
  4.1 0.586 -3.64,
  4.09 0.592 -3.64,
  4.08 0.596 -3.64,
  4.06 0.599 -3.64,
  4.06 0.573 -3.64,
  4.08 0.576 -3.64,
  4.09 0.581 -3.64,
  3.95 0.951 -3.2,
  3.95 0.951 -3.9,
  3.95 0.217 -3.2,
  3.95 0.217 -3.9,
  -1 -1 -4.09,
  -1 -1 -1.01,
  3.95 -1 -4.09,
  3.95 -1 -1.01,
  -1 1.04 -4.09,
  3.95 1.04 -4.09,
  3.95 1.04 -1.01,
  -1 1.04 -1.01,
  3.95 -0.91 -4.09,
  3.95 0.153 -4.09,
  -0.761 0.153 -4.09,
  3.95 -0.91 -1.73,
  -0.761 -0.91 -4.09,
  -0.761 -0.91 -1.73,
  -0.761 0.153 -1.73,
  3.95 0.0198 -1.73,
  3.95 -0.879 -1.73,
  0.794 0.0198 -1.73,
  3.95 0.0198 -1.19,
  3.95 -0.879 -1.19,
  0.794 -0.879 -1.73,
  4.07 -0.427 -1.39,
  4.07 -0.42 -1.39,
  4.05 -0.415 -1.39,
  4.03 -0.411 -1.39,
  4.03 -0.443 -1.39,
  4.05 -0.439 -1.39,
  4.07 -0.434 -1.39,
  4.13 -0.427 -1.42,
  4.12 -0.415 -1.42,
  4.09 -0.404 -1.42,
  4.05 -0.397 -1.42,
  4.05 -0.457 -1.42,
  4.09 -0.45 -1.42,
  4.12 -0.439 -1.42,
  4.17 -0.427 -1.46,
  4.16 -0.411 -1.46,
  4.12 -0.397 -1.46,
  4.07 -0.388 -1.46,
  4.07 -0.466 -1.46,
  4.12 -0.457 -1.46,
  4.16 -0.443 -1.46,
  4.18 -0.427 -1.51,
  4.17 -0.409 -1.51,
  4.13 -0.395 -1.51,
  4.07 -0.385 -1.51,
  4.07 -0.469 -1.51,
  4.13 -0.459 -1.51,
  4.17 -0.445 -1.51,
  4.17 -0.427 -1.56,
  4.16 -0.411 -1.56,
  4.12 -0.397 -1.56,
  4.07 -0.388 -1.56,
  4.07 -0.466 -1.56,
  4.12 -0.457 -1.56,
  4.16 -0.443 -1.56,
  4.13 -0.427 -1.6,
  4.12 -0.415 -1.6,
  4.09 -0.404 -1.6,
  4.05 -0.397 -1.6,
  4.05 -0.457 -1.6,
  4.09 -0.45 -1.6,
  4.12 -0.439 -1.6,
  4.07 -0.427 -1.63,
  4.07 -0.42 -1.63,
  4.05 -0.415 -1.63,
  4.03 -0.411 -1.63,
  4.03 -0.443 -1.63,
  4.05 -0.439 -1.63,
  4.07 -0.434 -1.63,
  4.02 -0.428 -1.64,
  4.02 -0.43 -1.64,
  4.02 -0.435 -1.64,
  4.02 -0.419 -1.64,
  4.02 -0.424 -1.64,
  4.02 -0.427 -1.64,
  4.02 -0.426 -1.64,
  4.02 -0.444 -1.63,
  4.02 -0.41 -1.63,
  4.02 -0.459 -1.6,
  4.02 -0.395 -1.6,
  4.02 -0.469 -1.56,
  4.02 -0.385 -1.56,
  4.02 -0.472 -1.51,
  4.02 -0.382 -1.51,
  4.02 -0.469 -1.46,
  4.02 -0.385 -1.46,
  4.02 -0.459 -1.42,
  4.02 -0.395 -1.42,
  4.02 -0.428 -1.38,
  4.02 -0.43 -1.38,
  4.02 -0.444 -1.39,
  4.02 -0.435 -1.39,
  4.02 -0.41 -1.39,
  4.02 -0.419 -1.39,
  4.02 -0.424 -1.38,
  4.02 -0.427 -1.38,
  4.02 -0.426 -1.38,
  0.794 -0.879 -1.89,
  4.02 -0.879 -1.89,
  4.02 -0.879 -1.19,
  0.794 0.0198 -1.89,
  4.02 0.0198 -1.89,
  4.02 0.0198 -1.19,
  0.788 0.153 -1.73,
  3.95 0.0654 -1.73,
  3.95 0.153 -1.88,
  3.95 0.964 -1.18,
  3.95 0.964 -1.88,
  0.788 0.153 -1.88,
  3.95 0.0654 -1.18,
  0.788 0.0654 -1.73,
  0.788 0.0654 -1.88,
  4.01 0.0654 -1.88,
  4.01 0.0654 -1.18,
  4.01 0.964 -1.88,
  4.01 0.964 -1.18,
  4.01 0.516 -1.63,
  4.01 0.514 -1.62,
  4.01 0.51 -1.62,
  4.01 0.525 -1.62,
  4.01 0.521 -1.62,
  4.01 0.517 -1.63,
  4.01 0.519 -1.63,
  4.01 0.5 -1.62,
  4.01 0.534 -1.62,
  4.01 0.485 -1.59,
  4.01 0.549 -1.59,
  4.01 0.476 -1.55,
  4.01 0.559 -1.55,
  4.01 0.472 -1.5,
  4.01 0.563 -1.5,
  4.01 0.476 -1.45,
  4.01 0.559 -1.45,
  4.01 0.485 -1.4,
  4.01 0.549 -1.4,
  4.01 0.516 -1.37,
  4.01 0.514 -1.37,
  4.01 0.5 -1.37,
  4.01 0.51 -1.37,
  4.01 0.534 -1.37,
  4.01 0.525 -1.37,
  4.01 0.521 -1.37,
  4.01 0.517 -1.37,
  4.01 0.519 -1.37,
  4.07 0.517 -1.37,
  4.06 0.524 -1.37,
  4.05 0.53 -1.37,
  4.03 0.534 -1.37,
  4.03 0.501 -1.37,
  4.05 0.505 -1.37,
  4.06 0.511 -1.37,
  4.13 0.517 -1.4,
  4.12 0.53 -1.4,
  4.09 0.54 -1.4,
  4.05 0.547 -1.4,
  4.05 0.487 -1.4,
  4.09 0.494 -1.4,
  4.12 0.505 -1.4,
  4.16 0.517 -1.45,
  4.15 0.534 -1.45,
  4.12 0.547 -1.45,
  4.06 0.556 -1.45,
  4.06 0.478 -1.45,
  4.12 0.487 -1.45,
  4.15 0.501 -1.45,
  4.18 0.517 -1.5,
  4.16 0.535 -1.5,
  4.13 0.55 -1.5,
  4.07 0.56 -1.5,
  4.07 0.475 -1.5,
  4.13 0.485 -1.5,
  4.16 0.5 -1.5,
  4.16 0.517 -1.55,
  4.15 0.534 -1.55,
  4.12 0.547 -1.55,
  4.06 0.556 -1.55,
  4.06 0.478 -1.55,
  4.12 0.487 -1.55,
  4.15 0.501 -1.55,
  4.13 0.517 -1.59,
  4.12 0.53 -1.59,
  4.09 0.54 -1.59,
  4.05 0.547 -1.59,
  4.05 0.487 -1.59,
  4.09 0.494 -1.59,
  4.12 0.505 -1.59,
  4.07 0.517 -1.62,
  4.06 0.524 -1.62,
  4.05 0.53 -1.62,
  4.03 0.534 -1.62,
  4.03 0.501 -1.62,
  4.05 0.505 -1.62,
  4.06 0.511 -1.62,
  3.95 0.955 -2.36,
  3.95 0.955 -3.06,
  3.95 0.221 -2.36,
  3.95 0.221 -3.06,
  4.03 0.221 -3.06,
  4.03 0.221 -2.36,
  4.03 0.955 -3.06,
  4.03 0.955 -2.36,
  4.03 0.589 -2.81,
  4.03 0.587 -2.81,
  4.03 0.583 -2.81,
  4.03 0.596 -2.81,
  4.03 0.592 -2.81,
  4.03 0.59 -2.81,
  4.03 0.591 -2.81,
  4.03 0.576 -2.8,
  4.03 0.604 -2.8,
  4.03 0.564 -2.77,
  4.03 0.616 -2.77,
  4.03 0.556 -2.73,
  4.03 0.624 -2.73,
  4.03 0.553 -2.68,
  4.03 0.627 -2.68,
  4.03 0.556 -2.63,
  4.03 0.624 -2.63,
  4.03 0.564 -2.59,
  4.03 0.616 -2.59,
  4.03 0.589 -2.55,
  4.03 0.587 -2.55,
  4.03 0.576 -2.56,
  4.03 0.583 -2.55,
  4.03 0.604 -2.56,
  4.03 0.596 -2.55,
  4.03 0.592 -2.55,
  4.03 0.59 -2.55,
  4.03 0.591 -2.55,
  4.09 0.59 -2.56,
  4.08 0.595 -2.56,
  4.07 0.6 -2.56,
  4.05 0.603 -2.56,
  4.05 0.576 -2.56,
  4.07 0.58 -2.56,
  4.08 0.584 -2.56,
  4.15 0.59 -2.59,
  4.14 0.6 -2.59,
  4.11 0.608 -2.59,
  4.07 0.614 -2.59,
  4.07 0.565 -2.59,
  4.11 0.571 -2.59,
  4.14 0.58 -2.59,
  4.19 0.59 -2.63,
  4.17 0.603 -2.63,
  4.14 0.614 -2.63,
  4.08 0.622 -2.63,
  4.08 0.558 -2.63,
  4.14 0.565 -2.63,
  4.17 0.576 -2.63,
  4.2 0.59 -2.68,
  4.19 0.604 -2.68,
  4.15 0.616 -2.68,
  4.09 0.624 -2.68,
  4.09 0.555 -2.68,
  4.15 0.563 -2.68,
  4.19 0.575 -2.68,
  4.19 0.59 -2.73,
  4.17 0.603 -2.73,
  4.14 0.614 -2.73,
  4.08 0.622 -2.73,
  4.08 0.558 -2.73,
  4.14 0.565 -2.73,
  4.17 0.576 -2.73,
  4.15 0.59 -2.77,
  4.14 0.6 -2.77,
  4.11 0.608 -2.77,
  4.07 0.614 -2.77,
  4.07 0.565 -2.77,
  4.11 0.571 -2.77,
  4.14 0.58 -2.77,
  4.09 0.59 -2.8,
  4.08 0.595 -2.8,
  4.07 0.6 -2.8,
  4.05 0.603 -2.8,
  4.05 0.576 -2.8,
  4.07 0.58 -2.8,
  4.08 0.584 -2.8,
  -0.761 0.153 -2.22,
  -0.761 0.153 -1.95,
  3.95 0.153 -2.22,
  3.95 0.153 -1.95,
  3.95 0.971 -1.95,
  3.95 0.971 -2.22,
  -0.761 -0.435 -1.95,
  -0.761 -0.435 -2.22,
  -0.783 -0.435 -2.22,
  -0.783 -0.435 -1.95,
  -0.783 0.971 -2.22,
  -0.783 0.971 -1.95,
  -0.23 0.598 -0.894,
  -0.23 0.598 0.00129,
  1.1 0.598 -0.894,
  1.1 0.598 0.00129,
  -0.23 0.75 -0.894,
  1.1 0.75 -0.894,
  1.1 0.75 0.00129,
  -0.23 0.75 0.00129,
  -0.23 0.769 -0.894,
  -0.23 0.769 0.00129,
  1.1 0.769 -0.894,
  1.1 0.769 0.00129,
  -0.23 0.921 -0.894,
  1.1 0.921 -0.894,
  1.1 0.921 0.00129,
  -0.23 0.921 0.00129,
  -0.23 0.422 -0.894,
  -0.23 0.422 0.00129,
  1.1 0.422 -0.894,
  1.1 0.422 0.00129,
  -0.23 0.573 -0.894,
  1.1 0.573 -0.894,
  1.1 0.573 0.00129,
  -0.23 0.573 0.00129,
  -0.23 0.245 -0.894,
  -0.23 0.245 0.00129,
  1.1 0.245 -0.894,
  1.1 0.245 0.00129,
  -0.23 0.397 -0.894,
  1.1 0.397 -0.894,
  1.1 0.397 0.00129,
  -0.23 0.397 0.00129,
  -0.23 0.0844 -0.894,
  -0.23 0.0844 0.00129,
  1.1 0.0844 -0.894,
  1.1 0.0844 0.00129,
  -0.23 0.236 -0.894,
  1.1 0.236 -0.894,
  1.1 0.236 0.00129,
  -0.23 0.236 0.00129,
  -0.23 -0.0816 -0.894,
  -0.23 -0.0816 0.00129,
  1.1 -0.0816 -0.894,
  1.1 -0.0816 0.00129,
  -0.23 0.07 -0.894,
  1.1 0.07 -0.894,
  1.1 0.07 0.00129,
  -0.23 0.07 0.00129,
  -0.23 -0.274 -0.894,
  -0.23 -0.274 0.00129,
  1.1 -0.274 -0.894,
  1.1 -0.274 0.00129,
  -0.23 -0.122 -0.894,
  1.1 -0.122 -0.894,
  1.1 -0.122 0.00129,
  -0.23 -0.122 0.00129,
  -0.23 -0.434 -0.894,
  -0.23 -0.434 0.00129,
  1.1 -0.434 -0.894,
  1.1 -0.434 0.00129,
  -0.23 -0.283 -0.894,
  1.1 -0.283 -0.894,
  1.1 -0.283 0.00129,
  -0.23 -0.283 0.00129,
  -0.23 -0.595 -0.894,
  -0.23 -0.595 0.00129,
  1.1 -0.595 -0.894,
  1.1 -0.595 0.00129,
  -0.23 -0.444 -0.894,
  1.1 -0.444 -0.894,
  1.1 -0.444 0.00129,
  -0.23 -0.444 0.00129,
  -0.23 -0.756 -0.894,
  -0.23 -0.756 0.00129,
  1.1 -0.756 -0.894,
  1.1 -0.756 0.00129,
  -0.23 -0.605 -0.894,
  1.1 -0.605 -0.894,
  1.1 -0.605 0.00129,
  -0.23 -0.605 0.00129,
  -0.248 -0.927 -0.894,
  -0.248 -0.927 0.00129,
  1.08 -0.927 -0.894,
  1.08 -0.927 0.00129,
  -0.248 -0.776 -0.894,
  1.08 -0.776 -0.894,
  1.08 -0.776 0.00129,
  -0.248 -0.776 0.00129,
  0.113 0.665 0.298,
  0.113 0.665 1.5,
  1.2 0.665 0.298,
  1.2 0.665 1.5,
  0.113 0.793 0.298,
  1.2 0.793 0.298,
  1.2 0.793 1.5,
  0.113 0.793 1.5,
  0.113 0.798 0.305,
  0.113 0.798 1.51,
  1.2 0.798 0.305,
  1.2 0.798 1.51,
  0.113 0.926 0.305,
  1.2 0.926 0.305,
  1.2 0.926 1.51,
  0.113 0.926 1.51,
  1 0.519 0.295,
  1 0.646 0.295,
  0.113 0.646 0.295,
  1 0.646 0.292,
  0.113 0.519 0.295,
  1 0.519 0.292,
  0.113 0.519 1.5,
  1.2 0.519 0.292,
  1.2 0.519 1.5,
  1.2 0.646 0.292,
  1.2 0.646 1.5,
  0.113 0.646 1.5,
  1 0.368 0.295,
  1 0.495 0.295,
  0.113 0.495 0.295,
  1 0.495 0.292,
  0.113 0.368 0.295,
  1 0.368 0.292,
  0.113 0.368 1.5,
  1.2 0.368 0.292,
  1.2 0.368 1.5,
  1.2 0.495 0.292,
  1.2 0.495 1.5,
  0.113 0.495 1.5,
  1 0.224 0.295,
  1 0.351 0.295,
  0.113 0.351 0.295,
  1 0.351 0.285,
  0.113 0.224 0.295,
  1 0.224 0.285,
  0.113 0.224 1.49,
  1.2 0.224 0.285,
  1.2 0.224 1.49,
  1.2 0.351 0.285,
  1.2 0.351 1.49,
  0.113 0.351 1.49,
  1 0.083 0.295,
  1 0.21 0.295,
  0.113 0.21 0.295,
  1 0.21 0.278,
  0.113 0.083 0.295,
  1 0.083 0.278,
  0.113 0.083 1.48,
  1.2 0.083 0.278,
  1.2 0.083 1.48,
  1.2 0.21 0.278,
  1.2 0.21 1.48,
  0.113 0.21 1.48,
  1 -0.0632 0.295,
  1 0.0641 0.295,
  0.113 0.0641 0.295,
  1 0.0641 0.265,
  0.113 -0.0632 0.295,
  1 -0.0632 0.265,
  0.113 -0.0632 1.47,
  1.2 -0.0632 0.265,
  1.2 -0.0632 1.47,
  1.2 0.0641 0.265,
  1.2 0.0641 1.47,
  0.113 0.0641 1.47,
  1 -0.22 0.295,
  1 -0.0928 0.295,
  0.113 -0.0928 0.295,
  1 -0.0928 0.265,
  0.113 -0.22 0.295,
  1 -0.22 0.265,
  0.113 -0.22 1.47,
  1.2 -0.22 0.265,
  1.2 -0.22 1.47,
  1.2 -0.0928 0.265,
  1.2 -0.0928 1.47,
  0.113 -0.0928 1.47,
  1 -0.372 0.295,
  1 -0.244 0.295,
  0.113 -0.244 0.295,
  1 -0.244 0.265,
  0.113 -0.372 0.295,
  1 -0.372 0.265,
  0.113 -0.372 1.47,
  1.2 -0.372 0.265,
  1.2 -0.372 1.47,
  1.2 -0.244 0.265,
  1.2 -0.244 1.47,
  0.113 -0.244 1.47,
  1 -0.526 0.295,
  1 -0.399 0.295,
  0.113 -0.399 0.295,
  1 -0.399 0.265,
  0.113 -0.526 0.295,
  1 -0.526 0.265,
  0.113 -0.526 1.47,
  1.2 -0.526 0.265,
  1.2 -0.526 1.47,
  1.2 -0.399 0.265,
  1.2 -0.399 1.47,
  0.113 -0.399 1.47,
  1 -0.661 0.295,
  1 -0.534 0.295,
  0.113 -0.534 0.295,
  1 -0.534 0.265,
  0.113 -0.661 0.295,
  1 -0.661 0.265,
  0.113 -0.661 1.47,
  1.2 -0.661 0.265,
  1.2 -0.661 1.47,
  1.2 -0.534 0.265,
  1.2 -0.534 1.47,
  0.113 -0.534 1.47,
  1 -0.8 0.295,
  1 -0.672 0.295,
  0.113 -0.672 0.295,
  1 -0.672 0.265,
  0.113 -0.8 0.295,
  1 -0.8 0.265,
  0.113 -0.8 1.47,
  1.2 -0.8 0.265,
  1.2 -0.8 1.47,
  1.2 -0.672 0.265,
  1.2 -0.672 1.47,
  0.113 -0.672 1.47,
  1 -0.93 0.295,
  1 -0.803 0.295,
  0.113 -0.803 0.295,
  1 -0.803 0.278,
  0.113 -0.93 0.295,
  1 -0.93 0.278,
  0.113 -0.93 1.48,
  1.2 -0.93 0.278,
  1.2 -0.93 1.48,
  1.2 -0.803 0.278,
  1.2 -0.803 1.48,
  0.113 -0.803 1.48,
  1 -0.93 0.295,
  1 -0.803 0.295,
  0.113 -0.803 0.295,
  1 -0.803 0.278,
  0.113 -0.93 0.295,
  1 -0.93 0.278 ]
}

coordIndex	[ 576, 580, 582, 584, 583, 581, -1, 581,
  583, 585, 579, -1, 583, 584, 586, 585,
  -1, 584, 582, 587, 586, -1, 578, 587,
  582, 580, -1, 579, 585, 586, 587, 578,
  577, -1, 588, 592, 594, 596, 595, 593,
  -1, 593, 595, 597, 591, -1, 595, 596,
  598, 597, -1, 596, 594, 599, 598, -1,
  589, 591, 597, 598, 599, 590, -1, 590,
  599, 594, 592, -1, 600, 604, 606, 608,
  607, 605, -1, 605, 607, 609, 603, -1,
  607, 608, 610, 609, -1, 608, 606, 611,
  610, -1, 601, 603, 609, 610, 611, 602,
  -1, 602, 611, 606, 604, -1, 612, 616,
  618, 620, 619, 617, -1, 617, 619, 621,
  615, -1, 619, 620, 622, 621, -1, 620,
  618, 623, 622, -1, 613, 615, 621, 622,
  623, 614, -1, 614, 623, 618, 616, -1,
  624, 628, 630, 632, 631, 629, -1, 629,
  631, 633, 627, -1, 631, 632, 634, 633,
  -1, 632, 630, 635, 634, -1, 625, 627,
  633, 634, 635, 626, -1, 626, 635, 630,
  628, -1 ]
colorPerVertex	FALSE
ccw	FALSE
convex	FALSE
solid	TRUE
creaseAngle	0.559
normalIndex	[  ]
texCoordIndex	[  ]
}

}
Shape {
appearance	Appearance {
material	Material {
ambientIntensity	0.43
diffuseColor	0.741 0.635 0.267
specularColor	0.12 0.12 0.12
emissiveColor	0 0 0
shininess	0.39
transparency	0
}

}

geometry	DEF _28 IndexedFaceSet {
coord	Coordinate {
point	[ -1 -1 -1,
  -1 -1 1,
  1 -1 -1,
  1 -1 1,
  -1 1 -1,
  1 1 -1,
  1 1 1,
  -1 1 1,
  1 -0.938 1,
  1 0.938 1,
  -0.771 0.938 1,
  1 0.938 0.295,
  -0.771 -0.938 1,
  1 -0.938 0.295,
  -0.771 -0.938 0.295,
  -0.771 0.938 0.295,
  1 0.938 0.21,
  1 0.938 -0.901,
  1 -0.938 0.21,
  1 -0.938 -0.901,
  -0.719 -0.938 -0.901,
  -0.719 -0.938 0.21,
  -0.719 0.938 -0.901,
  -0.719 0.938 0.21,
  4.04 0.217 -3.9,
  4.04 0.217 -3.2,
  4.04 0.951 -3.9,
  4.04 0.951 -3.2,
  4.04 0.585 -3.65,
  4.04 0.584 -3.65,
  4.04 0.58 -3.65,
  4.04 0.593 -3.65,
  4.04 0.589 -3.65,
  4.04 0.586 -3.65,
  4.04 0.587 -3.65,
  4.04 0.572 -3.64,
  4.04 0.6 -3.64,
  4.04 0.56 -3.61,
  4.04 0.612 -3.61,
  4.04 0.552 -3.57,
  4.04 0.62 -3.57,
  4.04 0.549 -3.52,
  4.04 0.623 -3.52,
  4.04 0.552 -3.47,
  4.04 0.62 -3.47,
  4.04 0.56 -3.43,
  4.04 0.612 -3.43,
  4.04 0.585 -3.39,
  4.04 0.584 -3.39,
  4.04 0.572 -3.4,
  4.04 0.58 -3.39,
  4.04 0.6 -3.4,
  4.04 0.593 -3.39,
  4.04 0.589 -3.39,
  4.04 0.586 -3.39,
  4.04 0.587 -3.39,
  4.1 0.586 -3.4,
  4.09 0.592 -3.4,
  4.08 0.596 -3.4,
  4.06 0.599 -3.4,
  4.06 0.573 -3.4,
  4.08 0.576 -3.4,
  4.09 0.581 -3.4,
  4.16 0.586 -3.43,
  4.15 0.596 -3.43,
  4.12 0.605 -3.43,
  4.08 0.611 -3.43,
  4.08 0.562 -3.43,
  4.12 0.567 -3.43,
  4.15 0.576 -3.43,
  4.2 0.586 -3.47,
  4.18 0.599 -3.47,
  4.15 0.611 -3.47,
  4.09 0.618 -3.47,
  4.09 0.554 -3.47,
  4.15 0.562 -3.47,
  4.18 0.573 -3.47,
  4.21 0.586 -3.52,
  4.2 0.601 -3.52,
  4.16 0.613 -3.52,
  4.1 0.621 -3.52,
  4.1 0.552 -3.52,
  4.16 0.56 -3.52,
  4.2 0.572 -3.52,
  4.2 0.586 -3.57,
  4.18 0.599 -3.57,
  4.15 0.611 -3.57,
  4.09 0.618 -3.57,
  4.09 0.554 -3.57,
  4.15 0.562 -3.57,
  4.18 0.573 -3.57,
  4.16 0.586 -3.61,
  4.15 0.596 -3.61,
  4.12 0.605 -3.61,
  4.08 0.611 -3.61,
  4.08 0.562 -3.61,
  4.12 0.567 -3.61,
  4.15 0.576 -3.61,
  4.1 0.586 -3.64,
  4.09 0.592 -3.64,
  4.08 0.596 -3.64,
  4.06 0.599 -3.64,
  4.06 0.573 -3.64,
  4.08 0.576 -3.64,
  4.09 0.581 -3.64,
  3.95 0.951 -3.2,
  3.95 0.951 -3.9,
  3.95 0.217 -3.2,
  3.95 0.217 -3.9,
  -1 -1 -4.09,
  -1 -1 -1.01,
  3.95 -1 -4.09,
  3.95 -1 -1.01,
  -1 1.04 -4.09,
  3.95 1.04 -4.09,
  3.95 1.04 -1.01,
  -1 1.04 -1.01,
  3.95 -0.91 -4.09,
  3.95 0.153 -4.09,
  -0.761 0.153 -4.09,
  3.95 -0.91 -1.73,
  -0.761 -0.91 -4.09,
  -0.761 -0.91 -1.73,
  -0.761 0.153 -1.73,
  3.95 0.0198 -1.73,
  3.95 -0.879 -1.73,
  0.794 0.0198 -1.73,
  3.95 0.0198 -1.19,
  3.95 -0.879 -1.19,
  0.794 -0.879 -1.73,
  4.07 -0.427 -1.39,
  4.07 -0.42 -1.39,
  4.05 -0.415 -1.39,
  4.03 -0.411 -1.39,
  4.03 -0.443 -1.39,
  4.05 -0.439 -1.39,
  4.07 -0.434 -1.39,
  4.13 -0.427 -1.42,
  4.12 -0.415 -1.42,
  4.09 -0.404 -1.42,
  4.05 -0.397 -1.42,
  4.05 -0.457 -1.42,
  4.09 -0.45 -1.42,
  4.12 -0.439 -1.42,
  4.17 -0.427 -1.46,
  4.16 -0.411 -1.46,
  4.12 -0.397 -1.46,
  4.07 -0.388 -1.46,
  4.07 -0.466 -1.46,
  4.12 -0.457 -1.46,
  4.16 -0.443 -1.46,
  4.18 -0.427 -1.51,
  4.17 -0.409 -1.51,
  4.13 -0.395 -1.51,
  4.07 -0.385 -1.51,
  4.07 -0.469 -1.51,
  4.13 -0.459 -1.51,
  4.17 -0.445 -1.51,
  4.17 -0.427 -1.56,
  4.16 -0.411 -1.56,
  4.12 -0.397 -1.56,
  4.07 -0.388 -1.56,
  4.07 -0.466 -1.56,
  4.12 -0.457 -1.56,
  4.16 -0.443 -1.56,
  4.13 -0.427 -1.6,
  4.12 -0.415 -1.6,
  4.09 -0.404 -1.6,
  4.05 -0.397 -1.6,
  4.05 -0.457 -1.6,
  4.09 -0.45 -1.6,
  4.12 -0.439 -1.6,
  4.07 -0.427 -1.63,
  4.07 -0.42 -1.63,
  4.05 -0.415 -1.63,
  4.03 -0.411 -1.63,
  4.03 -0.443 -1.63,
  4.05 -0.439 -1.63,
  4.07 -0.434 -1.63,
  4.02 -0.428 -1.64,
  4.02 -0.43 -1.64,
  4.02 -0.435 -1.64,
  4.02 -0.419 -1.64,
  4.02 -0.424 -1.64,
  4.02 -0.427 -1.64,
  4.02 -0.426 -1.64,
  4.02 -0.444 -1.63,
  4.02 -0.41 -1.63,
  4.02 -0.459 -1.6,
  4.02 -0.395 -1.6,
  4.02 -0.469 -1.56,
  4.02 -0.385 -1.56,
  4.02 -0.472 -1.51,
  4.02 -0.382 -1.51,
  4.02 -0.469 -1.46,
  4.02 -0.385 -1.46,
  4.02 -0.459 -1.42,
  4.02 -0.395 -1.42,
  4.02 -0.428 -1.38,
  4.02 -0.43 -1.38,
  4.02 -0.444 -1.39,
  4.02 -0.435 -1.39,
  4.02 -0.41 -1.39,
  4.02 -0.419 -1.39,
  4.02 -0.424 -1.38,
  4.02 -0.427 -1.38,
  4.02 -0.426 -1.38,
  0.794 -0.879 -1.89,
  4.02 -0.879 -1.89,
  4.02 -0.879 -1.19,
  0.794 0.0198 -1.89,
  4.02 0.0198 -1.89,
  4.02 0.0198 -1.19,
  0.788 0.153 -1.73,
  3.95 0.0654 -1.73,
  3.95 0.153 -1.88,
  3.95 0.964 -1.18,
  3.95 0.964 -1.88,
  0.788 0.153 -1.88,
  3.95 0.0654 -1.18,
  0.788 0.0654 -1.73,
  0.788 0.0654 -1.88,
  4.01 0.0654 -1.88,
  4.01 0.0654 -1.18,
  4.01 0.964 -1.88,
  4.01 0.964 -1.18,
  4.01 0.516 -1.63,
  4.01 0.514 -1.62,
  4.01 0.51 -1.62,
  4.01 0.525 -1.62,
  4.01 0.521 -1.62,
  4.01 0.517 -1.63,
  4.01 0.519 -1.63,
  4.01 0.5 -1.62,
  4.01 0.534 -1.62,
  4.01 0.485 -1.59,
  4.01 0.549 -1.59,
  4.01 0.476 -1.55,
  4.01 0.559 -1.55,
  4.01 0.472 -1.5,
  4.01 0.563 -1.5,
  4.01 0.476 -1.45,
  4.01 0.559 -1.45,
  4.01 0.485 -1.4,
  4.01 0.549 -1.4,
  4.01 0.516 -1.37,
  4.01 0.514 -1.37,
  4.01 0.5 -1.37,
  4.01 0.51 -1.37,
  4.01 0.534 -1.37,
  4.01 0.525 -1.37,
  4.01 0.521 -1.37,
  4.01 0.517 -1.37,
  4.01 0.519 -1.37,
  4.07 0.517 -1.37,
  4.06 0.524 -1.37,
  4.05 0.53 -1.37,
  4.03 0.534 -1.37,
  4.03 0.501 -1.37,
  4.05 0.505 -1.37,
  4.06 0.511 -1.37,
  4.13 0.517 -1.4,
  4.12 0.53 -1.4,
  4.09 0.54 -1.4,
  4.05 0.547 -1.4,
  4.05 0.487 -1.4,
  4.09 0.494 -1.4,
  4.12 0.505 -1.4,
  4.16 0.517 -1.45,
  4.15 0.534 -1.45,
  4.12 0.547 -1.45,
  4.06 0.556 -1.45,
  4.06 0.478 -1.45,
  4.12 0.487 -1.45,
  4.15 0.501 -1.45,
  4.18 0.517 -1.5,
  4.16 0.535 -1.5,
  4.13 0.55 -1.5,
  4.07 0.56 -1.5,
  4.07 0.475 -1.5,
  4.13 0.485 -1.5,
  4.16 0.5 -1.5,
  4.16 0.517 -1.55,
  4.15 0.534 -1.55,
  4.12 0.547 -1.55,
  4.06 0.556 -1.55,
  4.06 0.478 -1.55,
  4.12 0.487 -1.55,
  4.15 0.501 -1.55,
  4.13 0.517 -1.59,
  4.12 0.53 -1.59,
  4.09 0.54 -1.59,
  4.05 0.547 -1.59,
  4.05 0.487 -1.59,
  4.09 0.494 -1.59,
  4.12 0.505 -1.59,
  4.07 0.517 -1.62,
  4.06 0.524 -1.62,
  4.05 0.53 -1.62,
  4.03 0.534 -1.62,
  4.03 0.501 -1.62,
  4.05 0.505 -1.62,
  4.06 0.511 -1.62,
  3.95 0.955 -2.36,
  3.95 0.955 -3.06,
  3.95 0.221 -2.36,
  3.95 0.221 -3.06,
  4.03 0.221 -3.06,
  4.03 0.221 -2.36,
  4.03 0.955 -3.06,
  4.03 0.955 -2.36,
  4.03 0.589 -2.81,
  4.03 0.587 -2.81,
  4.03 0.583 -2.81,
  4.03 0.596 -2.81,
  4.03 0.592 -2.81,
  4.03 0.59 -2.81,
  4.03 0.591 -2.81,
  4.03 0.576 -2.8,
  4.03 0.604 -2.8,
  4.03 0.564 -2.77,
  4.03 0.616 -2.77,
  4.03 0.556 -2.73,
  4.03 0.624 -2.73,
  4.03 0.553 -2.68,
  4.03 0.627 -2.68,
  4.03 0.556 -2.63,
  4.03 0.624 -2.63,
  4.03 0.564 -2.59,
  4.03 0.616 -2.59,
  4.03 0.589 -2.55,
  4.03 0.587 -2.55,
  4.03 0.576 -2.56,
  4.03 0.583 -2.55,
  4.03 0.604 -2.56,
  4.03 0.596 -2.55,
  4.03 0.592 -2.55,
  4.03 0.59 -2.55,
  4.03 0.591 -2.55,
  4.09 0.59 -2.56,
  4.08 0.595 -2.56,
  4.07 0.6 -2.56,
  4.05 0.603 -2.56,
  4.05 0.576 -2.56,
  4.07 0.58 -2.56,
  4.08 0.584 -2.56,
  4.15 0.59 -2.59,
  4.14 0.6 -2.59,
  4.11 0.608 -2.59,
  4.07 0.614 -2.59,
  4.07 0.565 -2.59,
  4.11 0.571 -2.59,
  4.14 0.58 -2.59,
  4.19 0.59 -2.63,
  4.17 0.603 -2.63,
  4.14 0.614 -2.63,
  4.08 0.622 -2.63,
  4.08 0.558 -2.63,
  4.14 0.565 -2.63,
  4.17 0.576 -2.63,
  4.2 0.59 -2.68,
  4.19 0.604 -2.68,
  4.15 0.616 -2.68,
  4.09 0.624 -2.68,
  4.09 0.555 -2.68,
  4.15 0.563 -2.68,
  4.19 0.575 -2.68,
  4.19 0.59 -2.73,
  4.17 0.603 -2.73,
  4.14 0.614 -2.73,
  4.08 0.622 -2.73,
  4.08 0.558 -2.73,
  4.14 0.565 -2.73,
  4.17 0.576 -2.73,
  4.15 0.59 -2.77,
  4.14 0.6 -2.77,
  4.11 0.608 -2.77,
  4.07 0.614 -2.77,
  4.07 0.565 -2.77,
  4.11 0.571 -2.77,
  4.14 0.58 -2.77,
  4.09 0.59 -2.8,
  4.08 0.595 -2.8,
  4.07 0.6 -2.8,
  4.05 0.603 -2.8,
  4.05 0.576 -2.8,
  4.07 0.58 -2.8,
  4.08 0.584 -2.8,
  -0.761 0.153 -2.22,
  -0.761 0.153 -1.95,
  3.95 0.153 -2.22,
  3.95 0.153 -1.95,
  3.95 0.971 -1.95,
  3.95 0.971 -2.22,
  -0.761 -0.435 -1.95,
  -0.761 -0.435 -2.22,
  -0.783 -0.435 -2.22,
  -0.783 -0.435 -1.95,
  -0.783 0.971 -2.22,
  -0.783 0.971 -1.95,
  -0.23 0.598 -0.894,
  -0.23 0.598 0.00129,
  1.1 0.598 -0.894,
  1.1 0.598 0.00129,
  -0.23 0.75 -0.894,
  1.1 0.75 -0.894,
  1.1 0.75 0.00129,
  -0.23 0.75 0.00129,
  -0.23 0.769 -0.894,
  -0.23 0.769 0.00129,
  1.1 0.769 -0.894,
  1.1 0.769 0.00129,
  -0.23 0.921 -0.894,
  1.1 0.921 -0.894,
  1.1 0.921 0.00129,
  -0.23 0.921 0.00129,
  -0.23 0.422 -0.894,
  -0.23 0.422 0.00129,
  1.1 0.422 -0.894,
  1.1 0.422 0.00129,
  -0.23 0.573 -0.894,
  1.1 0.573 -0.894,
  1.1 0.573 0.00129,
  -0.23 0.573 0.00129,
  -0.23 0.245 -0.894,
  -0.23 0.245 0.00129,
  1.1 0.245 -0.894,
  1.1 0.245 0.00129,
  -0.23 0.397 -0.894,
  1.1 0.397 -0.894,
  1.1 0.397 0.00129,
  -0.23 0.397 0.00129,
  -0.23 0.0844 -0.894,
  -0.23 0.0844 0.00129,
  1.1 0.0844 -0.894,
  1.1 0.0844 0.00129,
  -0.23 0.236 -0.894,
  1.1 0.236 -0.894,
  1.1 0.236 0.00129,
  -0.23 0.236 0.00129,
  -0.23 -0.0816 -0.894,
  -0.23 -0.0816 0.00129,
  1.1 -0.0816 -0.894,
  1.1 -0.0816 0.00129,
  -0.23 0.07 -0.894,
  1.1 0.07 -0.894,
  1.1 0.07 0.00129,
  -0.23 0.07 0.00129,
  -0.23 -0.274 -0.894,
  -0.23 -0.274 0.00129,
  1.1 -0.274 -0.894,
  1.1 -0.274 0.00129,
  -0.23 -0.122 -0.894,
  1.1 -0.122 -0.894,
  1.1 -0.122 0.00129,
  -0.23 -0.122 0.00129,
  -0.23 -0.434 -0.894,
  -0.23 -0.434 0.00129,
  1.1 -0.434 -0.894,
  1.1 -0.434 0.00129,
  -0.23 -0.283 -0.894,
  1.1 -0.283 -0.894,
  1.1 -0.283 0.00129,
  -0.23 -0.283 0.00129,
  -0.23 -0.595 -0.894,
  -0.23 -0.595 0.00129,
  1.1 -0.595 -0.894,
  1.1 -0.595 0.00129,
  -0.23 -0.444 -0.894,
  1.1 -0.444 -0.894,
  1.1 -0.444 0.00129,
  -0.23 -0.444 0.00129,
  -0.23 -0.756 -0.894,
  -0.23 -0.756 0.00129,
  1.1 -0.756 -0.894,
  1.1 -0.756 0.00129,
  -0.23 -0.605 -0.894,
  1.1 -0.605 -0.894,
  1.1 -0.605 0.00129,
  -0.23 -0.605 0.00129,
  -0.248 -0.927 -0.894,
  -0.248 -0.927 0.00129,
  1.08 -0.927 -0.894,
  1.08 -0.927 0.00129,
  -0.248 -0.776 -0.894,
  1.08 -0.776 -0.894,
  1.08 -0.776 0.00129,
  -0.248 -0.776 0.00129,
  0.113 0.665 0.298,
  0.113 0.665 1.5,
  1.2 0.665 0.298,
  1.2 0.665 1.5,
  0.113 0.793 0.298,
  1.2 0.793 0.298,
  1.2 0.793 1.5,
  0.113 0.793 1.5,
  0.113 0.798 0.305,
  0.113 0.798 1.51,
  1.2 0.798 0.305,
  1.2 0.798 1.51,
  0.113 0.926 0.305,
  1.2 0.926 0.305,
  1.2 0.926 1.51,
  0.113 0.926 1.51,
  1 0.519 0.295,
  1 0.646 0.295,
  0.113 0.646 0.295,
  1 0.646 0.292,
  0.113 0.519 0.295,
  1 0.519 0.292,
  0.113 0.519 1.5,
  1.2 0.519 0.292,
  1.2 0.519 1.5,
  1.2 0.646 0.292,
  1.2 0.646 1.5,
  0.113 0.646 1.5,
  1 0.368 0.295,
  1 0.495 0.295,
  0.113 0.495 0.295,
  1 0.495 0.292,
  0.113 0.368 0.295,
  1 0.368 0.292,
  0.113 0.368 1.5,
  1.2 0.368 0.292,
  1.2 0.368 1.5,
  1.2 0.495 0.292,
  1.2 0.495 1.5,
  0.113 0.495 1.5,
  1 0.224 0.295,
  1 0.351 0.295,
  0.113 0.351 0.295,
  1 0.351 0.285,
  0.113 0.224 0.295,
  1 0.224 0.285,
  0.113 0.224 1.49,
  1.2 0.224 0.285,
  1.2 0.224 1.49,
  1.2 0.351 0.285,
  1.2 0.351 1.49,
  0.113 0.351 1.49,
  1 0.083 0.295,
  1 0.21 0.295,
  0.113 0.21 0.295,
  1 0.21 0.278,
  0.113 0.083 0.295,
  1 0.083 0.278,
  0.113 0.083 1.48,
  1.2 0.083 0.278,
  1.2 0.083 1.48,
  1.2 0.21 0.278,
  1.2 0.21 1.48,
  0.113 0.21 1.48,
  1 -0.0632 0.295,
  1 0.0641 0.295,
  0.113 0.0641 0.295,
  1 0.0641 0.265,
  0.113 -0.0632 0.295,
  1 -0.0632 0.265,
  0.113 -0.0632 1.47,
  1.2 -0.0632 0.265,
  1.2 -0.0632 1.47,
  1.2 0.0641 0.265,
  1.2 0.0641 1.47,
  0.113 0.0641 1.47,
  1 -0.22 0.295,
  1 -0.0928 0.295,
  0.113 -0.0928 0.295,
  1 -0.0928 0.265,
  0.113 -0.22 0.295,
  1 -0.22 0.265,
  0.113 -0.22 1.47,
  1.2 -0.22 0.265,
  1.2 -0.22 1.47,
  1.2 -0.0928 0.265,
  1.2 -0.0928 1.47,
  0.113 -0.0928 1.47,
  1 -0.372 0.295,
  1 -0.244 0.295,
  0.113 -0.244 0.295,
  1 -0.244 0.265,
  0.113 -0.372 0.295,
  1 -0.372 0.265,
  0.113 -0.372 1.47,
  1.2 -0.372 0.265,
  1.2 -0.372 1.47,
  1.2 -0.244 0.265,
  1.2 -0.244 1.47,
  0.113 -0.244 1.47,
  1 -0.526 0.295,
  1 -0.399 0.295,
  0.113 -0.399 0.295,
  1 -0.399 0.265,
  0.113 -0.526 0.295,
  1 -0.526 0.265,
  0.113 -0.526 1.47,
  1.2 -0.526 0.265,
  1.2 -0.526 1.47,
  1.2 -0.399 0.265,
  1.2 -0.399 1.47,
  0.113 -0.399 1.47,
  1 -0.661 0.295,
  1 -0.534 0.295,
  0.113 -0.534 0.295,
  1 -0.534 0.265,
  0.113 -0.661 0.295,
  1 -0.661 0.265,
  0.113 -0.661 1.47,
  1.2 -0.661 0.265,
  1.2 -0.661 1.47,
  1.2 -0.534 0.265,
  1.2 -0.534 1.47,
  0.113 -0.534 1.47,
  1 -0.8 0.295,
  1 -0.672 0.295,
  0.113 -0.672 0.295,
  1 -0.672 0.265,
  0.113 -0.8 0.295,
  1 -0.8 0.265,
  0.113 -0.8 1.47,
  1.2 -0.8 0.265,
  1.2 -0.8 1.47,
  1.2 -0.672 0.265,
  1.2 -0.672 1.47,
  0.113 -0.672 1.47,
  1 -0.93 0.295,
  1 -0.803 0.295,
  0.113 -0.803 0.295,
  1 -0.803 0.278,
  0.113 -0.93 0.295,
  1 -0.93 0.278,
  0.113 -0.93 1.48,
  1.2 -0.93 0.278,
  1.2 -0.93 1.48,
  1.2 -0.803 0.278,
  1.2 -0.803 1.48,
  0.113 -0.803 1.48,
  1 -0.93 0.295,
  1 -0.803 0.295,
  0.113 -0.803 0.295,
  1 -0.803 0.278,
  0.113 -0.93 0.295,
  1 -0.93 0.278 ]
}

coordIndex	[ 1, 3, 2, 0, -1, 2, 5, 4,
  0, -1, 12, 8, 3, 1, 7, 6,
  9, 10, -1, 6, 7, 4, 5, -1,
  7, 1, 0, 4, -1, 14, 12, 10,
  15, -1, 14, 13, 8, 12, -1, 15,
  10, 9, 11, -1, 626, 628, 624, 13,
  14, 15, 11, 505, 506, 508, 504, 517,
  518, 520, 516, 529, 530, 532, 528, 541,
  542, 544, 540, 553, 554, 556, 552, 565,
  566, 568, 564, 577, 578, 580, 576, 589,
  590, 592, 588, 601, 602, 604, 600, 613,
  614, 616, 612, 625, -1, 20, 19, 18,
  21, -1, 21, 18, 16, 23, -1, 23,
  22, 20, 21, -1, 22, 17, 19, 20,
  -1, 23, 16, 17, 22, -1, 25, 24,
  108, 107, -1, 55, 54, 27, -1, 53,
  55, 27, -1, 52, 53, 27, -1, 51,
  52, 27, -1, 46, 51, 27, -1, 44,
  46, 27, -1, 42, 44, 27, -1, 40,
  42, 27, -1, 38, 40, 27, -1, 36,
  38, 27, -1, 24, 33, 34, -1, 24,
  34, 32, -1, 24, 32, 31, -1, 26,
  36, 27, -1, 26, 31, 36, -1, 26,
  24, 31, -1, 54, 25, 27, -1, 47,
  25, 54, -1, 48, 25, 47, -1, 50,
  25, 48, -1, 49, 25, 50, -1, 45,
  25, 49, -1, 43, 25, 45, -1, 41,
  25, 43, -1, 39, 25, 41, -1, 37,
  25, 39, -1, 35, 25, 37, -1, 24,
  25, 35, -1, 24, 35, 30, -1, 24,
  30, 29, -1, 24, 29, 28, -1, 24,
  28, 33, -1, 26, 27, 105, 106, -1,
  27, 25, 107, 105, -1, 64, 63, 56,
  57, -1, 65, 64, 57, 58, -1, 66,
  65, 58, 59, -1, 68, 67, 60, 61,
  -1, 69, 68, 61, 62, -1, 63, 69,
  62, 56, -1, 71, 70, 63, 64, -1,
  72, 71, 64, 65, -1, 73, 72, 65,
  66, -1, 75, 74, 67, 68, -1, 76,
  75, 68, 69, -1, 70, 76, 69, 63,
  -1, 78, 77, 70, 71, -1, 79, 78,
  71, 72, -1, 80, 79, 72, 73, -1,
  82, 81, 74, 75, -1, 83, 82, 75,
  76, -1, 77, 83, 76, 70, -1, 85,
  84, 77, 78, -1, 86, 85, 78, 79,
  -1, 87, 86, 79, 80, -1, 87, 80,
  42, 40, -1, 81, 88, 39, 41, -1,
  89, 88, 81, 82, -1, 90, 89, 82,
  83, -1, 84, 90, 83, 77, -1, 92,
  91, 84, 85, -1, 93, 92, 85, 86,
  -1, 94, 93, 86, 87, -1, 94, 87,
  40, 38, -1, 88, 95, 37, 39, -1,
  96, 95, 88, 89, -1, 97, 96, 89,
  90, -1, 91, 97, 90, 84, -1, 99,
  98, 91, 92, -1, 100, 99, 92, 93,
  -1, 101, 100, 93, 94, -1, 101, 94,
  38, 36, -1, 95, 102, 35, 37, -1,
  103, 102, 95, 96, -1, 104, 103, 96,
  97, -1, 98, 104, 97, 91, -1, 98,
  99, 34, 33, -1, 99, 100, 32, 34,
  -1, 100, 101, 31, 32, -1, 101, 36,
  31, -1, 102, 30, 35, -1, 102, 103,
  29, 30, -1, 103, 104, 28, 29, -1,
  104, 98, 33, 28, -1, 74, 81, 41,
  43, -1, 67, 74, 43, 45, -1, 60,
  49, 50, -1, 60, 67, 45, 49, -1,
  61, 60, 50, 48, -1, 62, 61, 48,
  47, -1, 56, 62, 47, 54, -1, 57,
  56, 54, 55, -1, 58, 57, 55, 53,
  -1, 59, 58, 53, 52, -1, 59, 52,
  51, -1, 66, 59, 51, 46, -1, 73,
  66, 46, 44, -1, 80, 73, 44, 42,
  -1, 24, 26, 106, 108, -1, 219, 112,
  115, -1, 128, 112, 219, -1, 125, 112,
  128, -1, 120, 112, 125, -1, 111, 112,
  120, -1, 117, 111, 120, -1, 127, 128,
  219, -1, 124, 127, 219, -1, 214, 124,
  219, -1, 216, 219, 115, -1, 217, 216,
  115, -1, 391, 215, 217, -1, 392, 391,
  217, -1, 392, 217, 115, -1, 393, 392,
  115, -1, 305, 390, 393, -1, 303, 305,
  393, -1, 304, 303, 393, -1, 304, 393,
  115, -1, 105, 107, 304, -1, 105, 304,
  115, -1, 106, 105, 115, -1, 114, 106,
  115, -1, 114, 118, 106, -1, 306, 390,
  305, -1, 107, 306, 304, -1, 107, 390,
  306, -1, 108, 390, 107, -1, 118, 390,
  108, -1, 118, 108, 106, -1, 112, 111,
  109, 110, -1, 118, 114, 113, 109, 111,
  117, 121, 119, -1, 116, 115, 112, 110,
  -1, 116, 113, 114, 115, -1, 110, 109,
  113, 116, -1, 117, 120, 122, 121, -1,
  395, 388, 119, 121, 122, 123, 389, 394,
  -1, 138, 137, 130, 131, -1, 139, 138,
  131, 132, -1, 140, 139, 132, 133, -1,
  142, 141, 134, 135, -1, 143, 142, 135,
  136, -1, 137, 143, 136, 130, -1, 145,
  144, 137, 138, -1, 146, 145, 138, 139,
  -1, 147, 146, 139, 140, -1, 149, 148,
  141, 142, -1, 150, 149, 142, 143, -1,
  144, 150, 143, 137, -1, 152, 151, 144,
  145, -1, 153, 152, 145, 146, -1, 154,
  153, 146, 147, -1, 156, 155, 148, 149,
  -1, 157, 156, 149, 150, -1, 151, 157,
  150, 144, -1, 159, 158, 151, 152, -1,
  160, 159, 152, 153, -1, 161, 160, 153,
  154, -1, 161, 154, 193, 191, -1, 155,
  162, 190, 192, -1, 163, 162, 155, 156,
  -1, 164, 163, 156, 157, -1, 158, 164,
  157, 151, -1, 166, 165, 158, 159, -1,
  167, 166, 159, 160, -1, 168, 167, 160,
  161, -1, 168, 161, 191, 189, -1, 162,
  169, 188, 190, -1, 170, 169, 162, 163,
  -1, 171, 170, 163, 164, -1, 165, 171,
  164, 158, -1, 173, 172, 165, 166, -1,
  174, 173, 166, 167, -1, 175, 174, 167,
  168, -1, 175, 168, 189, 187, -1, 169,
  176, 186, 188, -1, 177, 176, 169, 170,
  -1, 178, 177, 170, 171, -1, 172, 178,
  171, 165, -1, 172, 173, 185, 184, -1,
  173, 174, 183, 185, -1, 174, 175, 182,
  183, -1, 175, 187, 182, -1, 176, 181,
  186, -1, 176, 177, 180, 181, -1, 177,
  178, 179, 180, -1, 178, 172, 184, 179,
  -1, 148, 155, 192, 194, -1, 141, 148,
  194, 196, -1, 134, 141, 196, 200, -1,
  134, 200, 201, -1, 135, 134, 201, 199,
  -1, 136, 135, 199, 198, -1, 131, 130,
  205, 206, -1, 130, 136, 198, 205, -1,
  132, 131, 206, 204, -1, 133, 132, 204,
  203, -1, 133, 203, 202, -1, 140, 133,
  202, 197, -1, 154, 147, 195, 193, -1,
  147, 140, 197, 195, -1, 126, 210, 211,
  212, 127, 124, -1, 208, 211, 210, 207,
  -1, 206, 205, 212, -1, 204, 206, 212,
  -1, 203, 204, 212, -1, 202, 203, 212,
  -1, 197, 202, 212, -1, 195, 197, 212,
  -1, 193, 195, 212, -1, 191, 193, 212,
  -1, 189, 191, 212, -1, 187, 189, 212,
  -1, 208, 184, 185, -1, 208, 185, 183,
  -1, 208, 183, 182, -1, 211, 187, 212,
  -1, 211, 182, 187, -1, 211, 208, 182,
  -1, 205, 209, 212, -1, 198, 209, 205,
  -1, 199, 209, 198, -1, 201, 209, 199,
  -1, 200, 209, 201, -1, 196, 209, 200,
  -1, 194, 209, 196, -1, 192, 209, 194,
  -1, 190, 209, 192, -1, 188, 209, 190,
  -1, 186, 209, 188, -1, 208, 209, 186,
  -1, 208, 186, 181, -1, 208, 181, 180,
  -1, 208, 180, 179, -1, 208, 179, 184,
  -1, 209, 208, 207, 129, 125, 128, -1,
  207, 210, 126, 129, -1, 212, 209, 128,
  127, -1, 213, 123, 122, 120, 125, 129,
  126, 124, 214, 220, -1, 123, 213, 218,
  215, 391, 389, -1, 223, 222, 221, 220,
  214, 219, -1, 253, 252, 225, -1, 251,
  253, 225, -1, 250, 251, 225, -1, 249,
  250, 225, -1, 244, 249, 225, -1, 242,
  244, 225, -1, 240, 242, 225, -1, 238,
  240, 225, -1, 236, 238, 225, -1, 234,
  236, 225, -1, 222, 231, 232, -1, 222,
  232, 230, -1, 222, 230, 229, -1, 224,
  234, 225, -1, 224, 229, 234, -1, 224,
  222, 229, -1, 252, 223, 225, -1, 245,
  223, 252, -1, 246, 223, 245, -1, 248,
  223, 246, -1, 247, 223, 248, -1, 243,
  223, 247, -1, 241, 223, 243, -1, 239,
  223, 241, -1, 237, 223, 239, -1, 235,
  223, 237, -1, 233, 223, 235, -1, 222,
  223, 233, -1, 222, 233, 228, -1, 222,
  228, 227, -1, 222, 227, 226, -1, 222,
  226, 231, -1, 224, 225, 216, 217, -1,
  220, 221, 218, 213, -1, 262, 261, 254,
  255, -1, 263, 262, 255, 256, -1, 264,
  263, 256, 257, -1, 266, 265, 258, 259,
  -1, 267, 266, 259, 260, -1, 261, 267,
  260, 254, -1, 269, 268, 261, 262, -1,
  270, 269, 262, 263, -1, 271, 270, 263,
  264, -1, 273, 272, 265, 266, -1, 274,
  273, 266, 267, -1, 268, 274, 267, 261,
  -1, 276, 275, 268, 269, -1, 277, 276,
  269, 270, -1, 278, 277, 270, 271, -1,
  280, 279, 272, 273, -1, 281, 280, 273,
  274, -1, 275, 281, 274, 268, -1, 283,
  282, 275, 276, -1, 284, 283, 276, 277,
  -1, 285, 284, 277, 278, -1, 285, 278,
  240, 238, -1, 279, 286, 237, 239, -1,
  287, 286, 279, 280, -1, 288, 287, 280,
  281, -1, 282, 288, 281, 275, -1, 290,
  289, 282, 283, -1, 291, 290, 283, 284,
  -1, 292, 291, 284, 285, -1, 292, 285,
  238, 236, -1, 286, 293, 235, 237, -1,
  294, 293, 286, 287, -1, 295, 294, 287,
  288, -1, 289, 295, 288, 282, -1, 297,
  296, 289, 290, -1, 298, 297, 290, 291,
  -1, 299, 298, 291, 292, -1, 299, 292,
  236, 234, -1, 293, 300, 233, 235, -1,
  301, 300, 293, 294, -1, 302, 301, 294,
  295, -1, 296, 302, 295, 289, -1, 296,
  297, 232, 231, -1, 297, 298, 230, 232,
  -1, 298, 299, 229, 230, -1, 299, 234,
  229, -1, 300, 228, 233, -1, 300, 301,
  227, 228, -1, 301, 302, 226, 227, -1,
  302, 296, 231, 226, -1, 272, 279, 239,
  241, -1, 265, 272, 241, 243, -1, 258,
  265, 243, 247, -1, 259, 258, 248, 246,
  -1, 258, 247, 248, -1, 260, 259, 246,
  245, -1, 255, 254, 252, 253, -1, 254,
  260, 245, 252, -1, 256, 255, 253, 251,
  -1, 257, 256, 251, 250, -1, 257, 250,
  249, -1, 264, 257, 249, 244, -1, 271,
  264, 244, 242, -1, 278, 271, 242, 240,
  -1, 218, 221, 222, 224, 217, 215, -1,
  225, 223, 219, 216, -1, 308, 307, 306,
  305, -1, 338, 337, 310, -1, 336, 338,
  310, -1, 335, 336, 310, -1, 334, 335,
  310, -1, 329, 334, 310, -1, 327, 329,
  310, -1, 325, 327, 310, -1, 323, 325,
  310, -1, 321, 323, 310, -1, 319, 321,
  310, -1, 307, 316, 317, -1, 307, 317,
  315, -1, 307, 315, 314, -1, 309, 319,
  310, -1, 309, 314, 319, -1, 309, 307,
  314, -1, 337, 308, 310, -1, 330, 308,
  337, -1, 331, 308, 330, -1, 333, 308,
  331, -1, 332, 308, 333, -1, 328, 308,
  332, -1, 326, 308, 328, -1, 324, 308,
  326, -1, 322, 308, 324, -1, 320, 308,
  322, -1, 318, 308, 320, -1, 307, 308,
  318, -1, 307, 318, 313, -1, 307, 313,
  312, -1, 307, 312, 311, -1, 307, 311,
  316, -1, 310, 308, 305, 303, -1, 347,
  346, 339, 340, -1, 348, 347, 340, 341,
  -1, 349, 348, 341, 342, -1, 351, 350,
  343, 344, -1, 352, 351, 344, 345, -1,
  346, 352, 345, 339, -1, 354, 353, 346,
  347, -1, 355, 354, 347, 348, -1, 356,
  355, 348, 349, -1, 358, 357, 350, 351,
  -1, 359, 358, 351, 352, -1, 353, 359,
  352, 346, -1, 361, 360, 353, 354, -1,
  362, 361, 354, 355, -1, 363, 362, 355,
  356, -1, 365, 364, 357, 358, -1, 366,
  365, 358, 359, -1, 360, 366, 359, 353,
  -1, 368, 367, 360, 361, -1, 369, 368,
  361, 362, -1, 370, 369, 362, 363, -1,
  370, 363, 325, 323, -1, 364, 371, 322,
  324, -1, 372, 371, 364, 365, -1, 373,
  372, 365, 366, -1, 367, 373, 366, 360,
  -1, 375, 374, 367, 368, -1, 376, 375,
  368, 369, -1, 377, 376, 369, 370, -1,
  377, 370, 323, 321, -1, 371, 378, 320,
  322, -1, 379, 378, 371, 372, -1, 380,
  379, 372, 373, -1, 374, 380, 373, 367,
  -1, 382, 381, 374, 375, -1, 383, 382,
  375, 376, -1, 384, 383, 376, 377, -1,
  384, 377, 321, 319, -1, 378, 385, 318,
  320, -1, 386, 385, 378, 379, -1, 387,
  386, 379, 380, -1, 381, 387, 380, 374,
  -1, 381, 382, 317, 316, -1, 382, 383,
  315, 317, -1, 383, 384, 314, 315, -1,
  384, 319, 314, -1, 385, 313, 318, -1,
  385, 386, 312, 313, -1, 386, 387, 311,
  312, -1, 387, 381, 316, 311, -1, 357,
  364, 324, 326, -1, 350, 357, 326, 328,
  -1, 343, 332, 333, -1, 343, 350, 328,
  332, -1, 344, 343, 333, 331, -1, 345,
  344, 331, 330, -1, 339, 345, 330, 337,
  -1, 340, 339, 337, 338, -1, 341, 340,
  338, 336, -1, 342, 341, 336, 335, -1,
  342, 335, 334, -1, 349, 342, 334, 329,
  -1, 356, 349, 329, 327, -1, 363, 356,
  327, 325, -1, 309, 310, 303, 304, -1,
  307, 309, 304, 306, -1, 118, 119, 388,
  390, -1, 396, 395, 394, 397, -1, 395,
  396, 398, 393, 390, 388, -1, 399, 398,
  396, 397, -1, 399, 392, 393, 398, -1,
  397, 394, 389, 391, 392, 399, -1, 627,
  625, 612, -1, 617, 627, 612, -1, 13,
  3, 8, -1, 629, 13, 624, -1, 617,
  629, 627, -1, 18, 617, 615, -1, 18,
  629, 617, -1, 18, 13, 629, -1, 18,
  3, 13, -1, 19, 3, 18, -1, 2,
  3, 19, -1, 2, 19, 17, -1, 11,
  9, 6, -1, 507, 505, 11, -1, 531,
  507, 11, -1, 543, 531, 11, -1, 555,
  543, 11, -1, 18, 555, 11, -1, 16,
  18, 11, -1, 16, 11, 6, -1, 17,
  16, 6, -1, 5, 17, 6, -1, 5,
  2, 17, -1, 519, 517, 504, -1, 509,
  519, 504, -1, 531, 519, 509, -1, 531,
  509, 507, -1, 521, 529, 516, -1, 531,
  529, 521, -1, 531, 521, 519, -1, 533,
  541, 528, -1, 543, 541, 533, -1, 543,
  533, 531, -1, 545, 553, 540, -1, 555,
  553, 545, -1, 555, 545, 543, -1, 567,
  565, 552, -1, 557, 567, 552, -1, 18,
  567, 557, -1, 18, 557, 555, -1, 579,
  577, 564, -1, 569, 579, 564, -1, 18,
  579, 569, -1, 18, 569, 567, -1, 591,
  589, 576, -1, 581, 591, 576, -1, 18,
  591, 581, -1, 18, 581, 579, -1, 603,
  601, 588, -1, 593, 603, 588, -1, 18,
  603, 593, -1, 18, 593, 591, -1, 615,
  613, 600, -1, 605, 615, 600, -1, 18,
  615, 605, -1, 18, 605, 603, -1 ]
colorPerVertex	FALSE
ccw	FALSE
convex	FALSE
solid	TRUE
creaseAngle	0.559
normalIndex	[  ]
texCoordIndex	[  ]
}

}
]
translation	-15.2 10.8 -3.69
rotation	-1 0 0  1.57
scale	1.84 6.24 2.49
}
DEF bookshelf2 Transform {
children	[
Shape {
appearance	Appearance {
material	Material {
ambientIntensity	0.1
diffuseColor	0.302 0.824 0.341
specularColor	0.1 0.1 0.1
emissiveColor	0 0 0
shininess	0
transparency	0
}

}

geometry	DEF _29 IndexedFaceSet {
coord	Coordinate {
point	[ -1 -1 -1,
  -1 -1 1,
  1 -1 -1,
  1 -1 1,
  -1 1 -1,
  1 1 -1,
  1 1 1,
  -1 1 1,
  -1.66 -8.8 -7.44,
  -1.66 -8.8 4.36,
  1.97 -8.8 -7.44,
  1.97 -8.8 4.36,
  -1.66 13.8 -7.44,
  1.97 13.8 -7.44,
  1.97 13.8 4.36,
  -1.66 13.8 4.36,
  -1.66 13 -3.97,
  -1.66 13 -6.42,
  -1.66 -7.65 -3.97,
  -1.66 -7.65 -6.42,
  1.62 -7.65 -6.42,
  1.62 -7.65 -3.97,
  1.62 13 -6.42,
  1.62 13 -3.97,
  -1.66 13.1 -1.22,
  -1.66 13.1 -3.68,
  -1.66 -7.53 -1.22,
  -1.66 -7.53 -3.68,
  1.62 -7.53 -3.68,
  1.62 -7.53 -1.22,
  1.62 13.1 -3.68,
  1.62 13.1 -1.22,
  -1.66 13 1.45,
  -1.66 13 -1,
  -1.66 -7.65 1.45,
  -1.66 -7.65 -1,
  1.62 -7.65 -1,
  1.62 -7.65 1.45,
  1.62 13 -1,
  1.62 13 1.45,
  -1.66 12.9 4.17,
  -1.66 12.9 1.72,
  -1.66 -7.77 4.17,
  -1.66 -7.77 1.72,
  1.62 -7.77 1.72,
  1.62 -7.77 4.17,
  1.62 12.9 1.72,
  1.62 12.9 4.17,
  -0.922 10.7 -6.39,
  -0.922 10.7 -4.22,
  0.987 10.7 -6.39,
  0.987 10.7 -4.22,
  -0.922 12.6 -6.39,
  0.987 12.6 -6.39,
  0.987 12.6 -4.22,
  -0.922 12.6 -4.22,
  0.987 10.5 -6.43,
  -0.922 10.5 -6.43,
  -0.922 8.51 -6.43,
  0.987 8.51 -6.43,
  -0.922 8.51 -4.25,
  0.987 8.51 -4.25,
  0.987 10.5 -4.25,
  -0.922 10.5 -4.25,
  -0.922 7.92 -6.42,
  0.987 7.92 -6.42,
  0.987 5.98 -6.42,
  -0.922 5.98 -6.42,
  -0.922 5.98 -4.65,
  0.987 5.98 -4.65,
  0.987 7.92 -4.65,
  -0.922 7.92 -4.65,
  -0.922 3.85 -6.41,
  -0.922 3.85 -4.63,
  0.987 3.85 -6.41,
  0.987 3.85 -4.63,
  -0.922 5.8 -6.41,
  0.987 5.8 -6.41,
  0.987 5.8 -4.63,
  -0.922 5.8 -4.63,
  -0.922 1.58 -6.4,
  -0.922 1.58 -4.62,
  0.987 1.58 -6.4,
  0.987 1.58 -4.62,
  -0.922 3.52 -6.4,
  0.987 3.52 -6.4,
  0.987 3.52 -4.62,
  -0.922 3.52 -4.62,
  -0.922 -0.701 -6.42,
  -0.922 -0.701 -4.64,
  0.987 -0.701 -6.42,
  0.987 -0.701 -4.64,
  -0.922 1.24 -6.42,
  0.987 1.24 -6.42,
  0.987 1.24 -4.64,
  -0.922 1.24 -4.64,
  -0.922 -2.98 -6.39,
  -0.922 -2.98 -4.61,
  0.987 -2.98 -6.39,
  0.987 -2.98 -4.61,
  -0.922 -1.03 -6.39,
  0.987 -1.03 -6.39,
  0.987 -1.03 -4.61,
  -0.922 -1.03 -4.61,
  -0.922 -5.31 -6.42,
  -0.922 -5.31 -4.24,
  0.987 -5.31 -6.42,
  0.987 -5.31 -4.24,
  -0.922 -3.36 -6.42,
  0.987 -3.36 -6.42,
  0.987 -3.36 -4.24,
  -0.922 -3.36 -4.24,
  -0.922 -7.64 -6.41,
  -0.922 -7.64 -4.23,
  0.987 -7.64 -6.41,
  0.987 -7.64 -4.23,
  -0.922 -5.69 -6.41,
  0.987 -5.69 -6.41,
  0.987 -5.69 -4.23,
  -0.922 -5.69 -4.23,
  -0.922 10.6 -3.64,
  -0.922 10.6 -1.47,
  0.987 10.6 -3.64,
  0.987 10.6 -1.47,
  -0.922 12.5 -3.64,
  0.987 12.5 -3.64,
  0.987 12.5 -1.47,
  -0.922 12.5 -1.47,
  -0.922 8.35 -3.63,
  -0.922 8.35 -1.45,
  0.987 8.35 -3.63,
  0.987 8.35 -1.45,
  -0.922 10.3 -3.63,
  0.987 10.3 -3.63,
  0.987 10.3 -1.45,
  -0.922 10.3 -1.45,
  -0.922 6.12 -3.63,
  -0.922 6.12 -1.45,
  0.987 6.12 -3.63,
  0.987 6.12 -1.45,
  -0.922 8.08 -3.63,
  0.987 8.08 -3.63,
  0.987 8.08 -1.45,
  -0.922 8.08 -1.45,
  -0.922 3.96 -3.63,
  -0.922 3.96 -1.86,
  0.987 3.96 -3.63,
  0.987 3.96 -1.86,
  -0.922 5.9 -3.63,
  0.987 5.9 -3.63,
  0.987 5.9 -1.86,
  -0.922 5.9 -1.86,
  -0.922 1.58 -3.65,
  -0.922 1.58 -1.88,
  0.987 1.58 -3.65,
  0.987 1.58 -1.88,
  -0.922 3.52 -3.65,
  0.987 3.52 -3.65,
  0.987 3.52 -1.88,
  -0.922 3.52 -1.88,
  -0.922 -0.908 -3.65,
  -0.922 -0.908 -1.88,
  0.987 -0.908 -3.65,
  0.987 -0.908 -1.88,
  -0.922 1.04 -3.65,
  0.987 1.04 -3.65,
  0.987 1.04 -1.88,
  -0.922 1.04 -1.88,
  -0.922 -3.29 -3.64,
  -0.922 -3.29 -1.87,
  0.987 -3.29 -3.64,
  0.987 -3.29 -1.87,
  -0.922 -1.34 -3.64,
  0.987 -1.34 -3.64,
  0.987 -1.34 -1.87,
  -0.922 -1.34 -1.87,
  -0.922 -5.72 -3.63,
  -0.922 -5.72 -1.86,
  0.987 -5.72 -3.63,
  0.987 -5.72 -1.86,
  -0.922 -3.78 -3.63,
  0.987 -3.78 -3.63,
  0.987 -3.78 -1.86,
  -0.922 -3.78 -1.86,
  -0.922 -7.53 -1.89,
  0.987 -7.53 -1.89,
  0.987 -7.53 -3.67,
  -0.922 -7.53 -3.67,
  -0.922 -5.74 -3.67,
  0.987 -5.74 -3.67,
  0.987 -5.74 -1.89,
  -0.922 -5.74 -1.89,
  -1 10.6 -0.989,
  -1 10.6 1.01,
  1 10.6 -0.989,
  1 10.6 1.01,
  -1 12.6 -0.989,
  1 12.6 -0.989,
  1 12.6 1.01,
  -1 12.6 1.01,
  -1 8.47 -0.989,
  -1 8.47 1.01,
  1 8.47 -0.989,
  1 8.47 1.01,
  -1 10.5 -0.989,
  1 10.5 -0.989,
  1 10.5 1.01,
  -1 10.5 1.01,
  -1 6.14 -0.979,
  -1 6.14 1.02,
  1 6.14 -0.979,
  1 6.14 1.02,
  -1 8.14 -0.979,
  1 8.14 -0.979,
  1 8.14 1.02,
  -1 8.14 1.02,
  -1 3.76 -0.989,
  -1 3.76 1.01,
  1 3.76 -0.989,
  1 3.76 1.01,
  -1 5.76 -0.989,
  1 5.76 -0.989,
  1 5.76 1.01,
  -1 5.76 1.01,
  -1 1.43 -1,
  -1 1.43 1,
  1 1.43 -1,
  1 1.43 1,
  -1 3.43 -1,
  1 3.43 -1,
  1 3.43 1,
  -1 3.43 1,
  -1 -3.23 -1,
  -1 -3.23 1,
  1 -3.23 -1,
  1 -3.23 1,
  -1 -1.23 -1,
  1 -1.23 -1,
  1 -1.23 1,
  -1 -1.23 1,
  -1 -3.61 -1,
  1 -3.61 -1,
  1 -5.61 -1,
  -1 -5.61 -1,
  -1 -5.61 0.989,
  1 -5.61 0.989,
  1 -3.61 0.989,
  -1 -3.61 0.989,
  1 -7.65 -1,
  -1 -7.65 -1,
  -1 -5.73 -1,
  -1 -7.65 0.989,
  1 -5.73 -1,
  1 -7.65 0.989,
  1 -5.73 0.989,
  -1 -5.73 0.989,
  -1 12.7 1.72,
  1 12.7 1.72,
  1 10.7 1.72,
  -1 10.7 1.72,
  -1 10.7 3.66,
  1 10.7 3.66,
  1 12.7 3.66,
  -1 12.7 3.66,
  -1 10.5 1.72,
  1 10.5 1.72,
  1 8.47 1.72,
  -1 8.47 1.72,
  -1 8.47 3.66,
  1 8.47 3.66,
  1 10.5 3.66,
  -1 10.5 3.66,
  -1 8.25 1.72,
  1 8.25 1.72,
  1 6.25 1.72,
  -1 6.25 1.72,
  -1 6.25 3.68,
  1 6.25 3.68,
  1 8.25 3.68,
  -1 8.25 3.68,
  -1 6.02 1.72,
  1 6.02 1.72,
  1 4.02 1.72,
  -1 4.02 1.72,
  -1 4.02 3.7,
  1 4.02 3.7,
  1 6.02 3.7,
  -1 6.02 3.7,
  -1 3.69 1.72,
  1 3.69 1.72,
  1 1.69 1.72,
  -1 1.69 1.72,
  -1 1.69 3.71,
  1 1.69 3.71,
  1 3.69 3.71,
  -1 3.69 3.71,
  -1 1.36 1.72,
  1 1.36 1.72,
  1 -0.638 1.72,
  -1 -0.638 1.72,
  -1 -0.638 3.69,
  1 -0.638 3.69,
  1 1.36 3.69,
  -1 1.36 3.69,
  -1 -1.12 1.72,
  1 -1.12 1.72,
  1 -3.12 1.72,
  -1 -3.12 1.72,
  -1 -3.12 3.7,
  1 -3.12 3.7,
  1 -1.12 3.7,
  -1 -1.12 3.7,
  -1 -3.3 1.72,
  1 -3.3 1.72,
  1 -5.3 1.72,
  -1 -5.3 1.72,
  -1 -5.3 3.69,
  1 -5.3 3.69,
  1 -3.3 3.69,
  -1 -3.3 3.69,
  -1 -5.52 1.72,
  1 -5.52 1.72,
  1 -7.52 1.72,
  -1 -7.52 1.72,
  -1 -7.52 3.7,
  1 -7.52 3.7,
  1 -5.52 3.7,
  -1 -5.52 3.7 ]
}

coordIndex	[ 145, 147, 146, 144, -1, 146, 149, 148,
  144, -1, 147, 150, 149, 146, -1, 145,
  151, 150, 147, -1, 150, 151, 148, 149,
  -1, 151, 145, 144, 148, -1, 161, 163,
  162, 160, -1, 162, 165, 164, 160, -1,
  163, 166, 165, 162, -1, 161, 167, 166,
  163, -1, 166, 167, 164, 165, -1, 167,
  161, 160, 164, -1, 169, 171, 170, 168,
  -1, 170, 173, 172, 168, -1, 171, 174,
  173, 170, -1, 169, 175, 174, 171, -1,
  174, 175, 172, 173, -1, 175, 169, 168,
  172, -1 ]
colorPerVertex	FALSE
ccw	FALSE
solid	TRUE
creaseAngle	0.559
normalIndex	[  ]
texCoordIndex	[  ]
}

}
Shape {
appearance	Appearance {
material	Material {
ambientIntensity	0.43
diffuseColor	0.686 0.604 0.373
specularColor	0.12 0.12 0.12
emissiveColor	0 0 0
shininess	0.39
transparency	0
}

}

geometry	DEF _30 IndexedFaceSet {
coord	Coordinate {
point	[ -1 -1 -1,
  -1 -1 1,
  1 -1 -1,
  1 -1 1,
  -1 1 -1,
  1 1 -1,
  1 1 1,
  -1 1 1,
  -1.66 -8.8 -7.44,
  -1.66 -8.8 4.36,
  1.97 -8.8 -7.44,
  1.97 -8.8 4.36,
  -1.66 13.8 -7.44,
  1.97 13.8 -7.44,
  1.97 13.8 4.36,
  -1.66 13.8 4.36,
  -1.66 13 -3.97,
  -1.66 13 -6.42,
  -1.66 -7.65 -3.97,
  -1.66 -7.65 -6.42,
  1.62 -7.65 -6.42,
  1.62 -7.65 -3.97,
  1.62 13 -6.42,
  1.62 13 -3.97,
  -1.66 13.1 -1.22,
  -1.66 13.1 -3.68,
  -1.66 -7.53 -1.22,
  -1.66 -7.53 -3.68,
  1.62 -7.53 -3.68,
  1.62 -7.53 -1.22,
  1.62 13.1 -3.68,
  1.62 13.1 -1.22,
  -1.66 13 1.45,
  -1.66 13 -1,
  -1.66 -7.65 1.45,
  -1.66 -7.65 -1,
  1.62 -7.65 -1,
  1.62 -7.65 1.45,
  1.62 13 -1,
  1.62 13 1.45,
  -1.66 12.9 4.17,
  -1.66 12.9 1.72,
  -1.66 -7.77 4.17,
  -1.66 -7.77 1.72,
  1.62 -7.77 1.72,
  1.62 -7.77 4.17,
  1.62 12.9 1.72,
  1.62 12.9 4.17,
  -0.922 10.7 -6.39,
  -0.922 10.7 -4.22,
  0.987 10.7 -6.39,
  0.987 10.7 -4.22,
  -0.922 12.6 -6.39,
  0.987 12.6 -6.39,
  0.987 12.6 -4.22,
  -0.922 12.6 -4.22,
  0.987 10.5 -6.43,
  -0.922 10.5 -6.43,
  -0.922 8.51 -6.43,
  0.987 8.51 -6.43,
  -0.922 8.51 -4.25,
  0.987 8.51 -4.25,
  0.987 10.5 -4.25,
  -0.922 10.5 -4.25,
  -0.922 7.92 -6.42,
  0.987 7.92 -6.42,
  0.987 5.98 -6.42,
  -0.922 5.98 -6.42,
  -0.922 5.98 -4.65,
  0.987 5.98 -4.65,
  0.987 7.92 -4.65,
  -0.922 7.92 -4.65,
  -0.922 3.85 -6.41,
  -0.922 3.85 -4.63,
  0.987 3.85 -6.41,
  0.987 3.85 -4.63,
  -0.922 5.8 -6.41,
  0.987 5.8 -6.41,
  0.987 5.8 -4.63,
  -0.922 5.8 -4.63,
  -0.922 1.58 -6.4,
  -0.922 1.58 -4.62,
  0.987 1.58 -6.4,
  0.987 1.58 -4.62,
  -0.922 3.52 -6.4,
  0.987 3.52 -6.4,
  0.987 3.52 -4.62,
  -0.922 3.52 -4.62,
  -0.922 -0.701 -6.42,
  -0.922 -0.701 -4.64,
  0.987 -0.701 -6.42,
  0.987 -0.701 -4.64,
  -0.922 1.24 -6.42,
  0.987 1.24 -6.42,
  0.987 1.24 -4.64,
  -0.922 1.24 -4.64,
  -0.922 -2.98 -6.39,
  -0.922 -2.98 -4.61,
  0.987 -2.98 -6.39,
  0.987 -2.98 -4.61,
  -0.922 -1.03 -6.39,
  0.987 -1.03 -6.39,
  0.987 -1.03 -4.61,
  -0.922 -1.03 -4.61,
  -0.922 -5.31 -6.42,
  -0.922 -5.31 -4.24,
  0.987 -5.31 -6.42,
  0.987 -5.31 -4.24,
  -0.922 -3.36 -6.42,
  0.987 -3.36 -6.42,
  0.987 -3.36 -4.24,
  -0.922 -3.36 -4.24,
  -0.922 -7.64 -6.41,
  -0.922 -7.64 -4.23,
  0.987 -7.64 -6.41,
  0.987 -7.64 -4.23,
  -0.922 -5.69 -6.41,
  0.987 -5.69 -6.41,
  0.987 -5.69 -4.23,
  -0.922 -5.69 -4.23,
  -0.922 10.6 -3.64,
  -0.922 10.6 -1.47,
  0.987 10.6 -3.64,
  0.987 10.6 -1.47,
  -0.922 12.5 -3.64,
  0.987 12.5 -3.64,
  0.987 12.5 -1.47,
  -0.922 12.5 -1.47,
  -0.922 8.35 -3.63,
  -0.922 8.35 -1.45,
  0.987 8.35 -3.63,
  0.987 8.35 -1.45,
  -0.922 10.3 -3.63,
  0.987 10.3 -3.63,
  0.987 10.3 -1.45,
  -0.922 10.3 -1.45,
  -0.922 6.12 -3.63,
  -0.922 6.12 -1.45,
  0.987 6.12 -3.63,
  0.987 6.12 -1.45,
  -0.922 8.08 -3.63,
  0.987 8.08 -3.63,
  0.987 8.08 -1.45,
  -0.922 8.08 -1.45,
  -0.922 3.96 -3.63,
  -0.922 3.96 -1.86,
  0.987 3.96 -3.63,
  0.987 3.96 -1.86,
  -0.922 5.9 -3.63,
  0.987 5.9 -3.63,
  0.987 5.9 -1.86,
  -0.922 5.9 -1.86,
  -0.922 1.58 -3.65,
  -0.922 1.58 -1.88,
  0.987 1.58 -3.65,
  0.987 1.58 -1.88,
  -0.922 3.52 -3.65,
  0.987 3.52 -3.65,
  0.987 3.52 -1.88,
  -0.922 3.52 -1.88,
  -0.922 -0.908 -3.65,
  -0.922 -0.908 -1.88,
  0.987 -0.908 -3.65,
  0.987 -0.908 -1.88,
  -0.922 1.04 -3.65,
  0.987 1.04 -3.65,
  0.987 1.04 -1.88,
  -0.922 1.04 -1.88,
  -0.922 -3.29 -3.64,
  -0.922 -3.29 -1.87,
  0.987 -3.29 -3.64,
  0.987 -3.29 -1.87,
  -0.922 -1.34 -3.64,
  0.987 -1.34 -3.64,
  0.987 -1.34 -1.87,
  -0.922 -1.34 -1.87,
  -0.922 -5.72 -3.63,
  -0.922 -5.72 -1.86,
  0.987 -5.72 -3.63,
  0.987 -5.72 -1.86,
  -0.922 -3.78 -3.63,
  0.987 -3.78 -3.63,
  0.987 -3.78 -1.86,
  -0.922 -3.78 -1.86,
  -0.922 -7.53 -1.89,
  0.987 -7.53 -1.89,
  0.987 -7.53 -3.67,
  -0.922 -7.53 -3.67,
  -0.922 -5.74 -3.67,
  0.987 -5.74 -3.67,
  0.987 -5.74 -1.89,
  -0.922 -5.74 -1.89,
  -1 10.6 -0.989,
  -1 10.6 1.01,
  1 10.6 -0.989,
  1 10.6 1.01,
  -1 12.6 -0.989,
  1 12.6 -0.989,
  1 12.6 1.01,
  -1 12.6 1.01,
  -1 8.47 -0.989,
  -1 8.47 1.01,
  1 8.47 -0.989,
  1 8.47 1.01,
  -1 10.5 -0.989,
  1 10.5 -0.989,
  1 10.5 1.01,
  -1 10.5 1.01,
  -1 6.14 -0.979,
  -1 6.14 1.02,
  1 6.14 -0.979,
  1 6.14 1.02,
  -1 8.14 -0.979,
  1 8.14 -0.979,
  1 8.14 1.02,
  -1 8.14 1.02,
  -1 3.76 -0.989,
  -1 3.76 1.01,
  1 3.76 -0.989,
  1 3.76 1.01,
  -1 5.76 -0.989,
  1 5.76 -0.989,
  1 5.76 1.01,
  -1 5.76 1.01,
  -1 1.43 -1,
  -1 1.43 1,
  1 1.43 -1,
  1 1.43 1,
  -1 3.43 -1,
  1 3.43 -1,
  1 3.43 1,
  -1 3.43 1,
  -1 -3.23 -1,
  -1 -3.23 1,
  1 -3.23 -1,
  1 -3.23 1,
  -1 -1.23 -1,
  1 -1.23 -1,
  1 -1.23 1,
  -1 -1.23 1,
  -1 -3.61 -1,
  1 -3.61 -1,
  1 -5.61 -1,
  -1 -5.61 -1,
  -1 -5.61 0.989,
  1 -5.61 0.989,
  1 -3.61 0.989,
  -1 -3.61 0.989,
  1 -7.65 -1,
  -1 -7.65 -1,
  -1 -5.73 -1,
  -1 -7.65 0.989,
  1 -5.73 -1,
  1 -7.65 0.989,
  1 -5.73 0.989,
  -1 -5.73 0.989,
  -1 12.7 1.72,
  1 12.7 1.72,
  1 10.7 1.72,
  -1 10.7 1.72,
  -1 10.7 3.66,
  1 10.7 3.66,
  1 12.7 3.66,
  -1 12.7 3.66,
  -1 10.5 1.72,
  1 10.5 1.72,
  1 8.47 1.72,
  -1 8.47 1.72,
  -1 8.47 3.66,
  1 8.47 3.66,
  1 10.5 3.66,
  -1 10.5 3.66,
  -1 8.25 1.72,
  1 8.25 1.72,
  1 6.25 1.72,
  -1 6.25 1.72,
  -1 6.25 3.68,
  1 6.25 3.68,
  1 8.25 3.68,
  -1 8.25 3.68,
  -1 6.02 1.72,
  1 6.02 1.72,
  1 4.02 1.72,
  -1 4.02 1.72,
  -1 4.02 3.7,
  1 4.02 3.7,
  1 6.02 3.7,
  -1 6.02 3.7,
  -1 3.69 1.72,
  1 3.69 1.72,
  1 1.69 1.72,
  -1 1.69 1.72,
  -1 1.69 3.71,
  1 1.69 3.71,
  1 3.69 3.71,
  -1 3.69 3.71,
  -1 1.36 1.72,
  1 1.36 1.72,
  1 -0.638 1.72,
  -1 -0.638 1.72,
  -1 -0.638 3.69,
  1 -0.638 3.69,
  1 1.36 3.69,
  -1 1.36 3.69,
  -1 -1.12 1.72,
  1 -1.12 1.72,
  1 -3.12 1.72,
  -1 -3.12 1.72,
  -1 -3.12 3.7,
  1 -3.12 3.7,
  1 -1.12 3.7,
  -1 -1.12 3.7,
  -1 -3.3 1.72,
  1 -3.3 1.72,
  1 -5.3 1.72,
  -1 -5.3 1.72,
  -1 -5.3 3.69,
  1 -5.3 3.69,
  1 -3.3 3.69,
  -1 -3.3 3.69,
  -1 -5.52 1.72,
  1 -5.52 1.72,
  1 -7.52 1.72,
  -1 -7.52 1.72,
  -1 -7.52 3.7,
  1 -7.52 3.7,
  1 -5.52 3.7,
  -1 -5.52 3.7 ]
}

coordIndex	[ 11, 10, 8, 9, -1, 13, 12, 8,
  10, -1, 14, 13, 10, 11, -1, 15,
  14, 11, 9, -1, 15, 12, 13, 14,
  -1, 40, 15, 9, -1, 42, 40, 9,
  -1, 43, 42, 9, -1, 34, 32, 43,
  -1, 35, 34, 43, -1, 35, 43, 9,
  -1, 26, 24, 35, -1, 27, 26, 35,
  -1, 27, 35, 9, -1, 18, 16, 27,
  -1, 18, 27, 9, -1, 19, 18, 9,
  -1, 8, 19, 9, -1, 41, 15, 40,
  -1, 32, 41, 43, -1, 32, 15, 41,
  -1, 33, 15, 32, -1, 24, 33, 35,
  -1, 24, 15, 33, -1, 25, 15, 24,
  -1, 16, 25, 27, -1, 17, 25, 16,
  -1, 17, 15, 25, -1, 12, 15, 17,
  -1, 12, 17, 19, -1, 8, 12, 19,
  -1, 57, 17, 22, -1, 58, 17, 57,
  -1, 64, 58, 59, -1, 64, 17, 58,
  -1, 67, 17, 64, -1, 19, 17, 67,
  -1, 19, 67, 66, -1, 56, 57, 22,
  -1, 59, 56, 22, -1, 65, 64, 59,
  -1, 65, 59, 22, -1, 66, 65, 22,
  -1, 20, 66, 22, -1, 20, 19, 66,
  -1, 20, 22, 23, 21, -1, 17, 16,
  23, 22, -1, 18, 19, 20, 21, -1,
  16, 18, 21, 23, -1, 27, 25, 30,
  28, -1, 28, 30, 31, 29, -1, 25,
  24, 31, 30, -1, 186, 28, 29, -1,
  187, 28, 186, -1, 27, 28, 187, -1,
  27, 187, 184, -1, 185, 186, 29, -1,
  184, 185, 29, -1, 26, 184, 29, -1,
  26, 27, 184, -1, 24, 26, 29, 31,
  -1, 36, 38, 39, 37, -1, 33, 32,
  39, 38, -1, 32, 34, 37, 39, -1,
  256, 41, 46, -1, 259, 41, 256, -1,
  264, 259, 258, -1, 264, 41, 259, -1,
  267, 41, 264, -1, 272, 267, 266, -1,
  272, 41, 267, -1, 275, 41, 272, -1,
  280, 275, 274, -1, 280, 41, 275, -1,
  283, 41, 280, -1, 288, 283, 282, -1,
  288, 41, 283, -1, 291, 41, 288, -1,
  296, 291, 290, -1, 296, 41, 291, -1,
  299, 41, 296, -1, 304, 299, 298, -1,
  304, 41, 299, -1, 307, 41, 304, -1,
  312, 307, 306, -1, 312, 41, 307, -1,
  315, 41, 312, -1, 320, 315, 314, -1,
  320, 41, 315, -1, 323, 41, 320, -1,
  43, 41, 323, -1, 43, 323, 322, -1,
  257, 256, 46, -1, 258, 257, 46, -1,
  265, 264, 258, -1, 265, 258, 46, -1,
  266, 265, 46, -1, 273, 272, 266, -1,
  273, 266, 46, -1, 274, 273, 46, -1,
  281, 280, 274, -1, 281, 274, 46, -1,
  282, 281, 46, -1, 289, 288, 282, -1,
  289, 282, 46, -1, 290, 289, 46, -1,
  297, 296, 290, -1, 297, 290, 46, -1,
  298, 297, 46, -1, 305, 304, 298, -1,
  305, 298, 46, -1, 306, 305, 46, -1,
  313, 312, 306, -1, 313, 306, 46, -1,
  314, 313, 46, -1, 321, 320, 314, -1,
  321, 314, 46, -1, 322, 321, 46, -1,
  44, 322, 46, -1, 44, 43, 322, -1,
  44, 46, 47, 45, -1, 41, 40, 47,
  46, -1, 42, 43, 44, 45, -1, 40,
  42, 45, 47, -1, 240, 33, 38, -1,
  243, 33, 240, -1, 250, 243, 242, -1,
  250, 33, 243, -1, 35, 33, 250, -1,
  249, 35, 250, -1, 241, 240, 38, -1,
  242, 241, 38, -1, 252, 250, 242, -1,
  252, 242, 38, -1, 248, 252, 38, -1,
  36, 248, 38, -1, 253, 248, 36, 37,
  34, 35, 249, 251, -1 ]
colorPerVertex	FALSE
ccw	FALSE
solid	TRUE
creaseAngle	0.559
normalIndex	[  ]
texCoordIndex	[  ]
}

}
Shape {
appearance	Appearance {
material	Material {
ambientIntensity	0.1
diffuseColor	0.192 0.824 0.286
specularColor	0.1 0.1 0.1
emissiveColor	0 0 0
shininess	0
transparency	0
}

}

geometry	DEF _31 IndexedFaceSet {
coord	Coordinate {
point	[ -1 -1 -1,
  -1 -1 1,
  1 -1 -1,
  1 -1 1,
  -1 1 -1,
  1 1 -1,
  1 1 1,
  -1 1 1,
  -1.66 -8.8 -7.44,
  -1.66 -8.8 4.36,
  1.97 -8.8 -7.44,
  1.97 -8.8 4.36,
  -1.66 13.8 -7.44,
  1.97 13.8 -7.44,
  1.97 13.8 4.36,
  -1.66 13.8 4.36,
  -1.66 13 -3.97,
  -1.66 13 -6.42,
  -1.66 -7.65 -3.97,
  -1.66 -7.65 -6.42,
  1.62 -7.65 -6.42,
  1.62 -7.65 -3.97,
  1.62 13 -6.42,
  1.62 13 -3.97,
  -1.66 13.1 -1.22,
  -1.66 13.1 -3.68,
  -1.66 -7.53 -1.22,
  -1.66 -7.53 -3.68,
  1.62 -7.53 -3.68,
  1.62 -7.53 -1.22,
  1.62 13.1 -3.68,
  1.62 13.1 -1.22,
  -1.66 13 1.45,
  -1.66 13 -1,
  -1.66 -7.65 1.45,
  -1.66 -7.65 -1,
  1.62 -7.65 -1,
  1.62 -7.65 1.45,
  1.62 13 -1,
  1.62 13 1.45,
  -1.66 12.9 4.17,
  -1.66 12.9 1.72,
  -1.66 -7.77 4.17,
  -1.66 -7.77 1.72,
  1.62 -7.77 1.72,
  1.62 -7.77 4.17,
  1.62 12.9 1.72,
  1.62 12.9 4.17,
  -0.922 10.7 -6.39,
  -0.922 10.7 -4.22,
  0.987 10.7 -6.39,
  0.987 10.7 -4.22,
  -0.922 12.6 -6.39,
  0.987 12.6 -6.39,
  0.987 12.6 -4.22,
  -0.922 12.6 -4.22,
  0.987 10.5 -6.43,
  -0.922 10.5 -6.43,
  -0.922 8.51 -6.43,
  0.987 8.51 -6.43,
  -0.922 8.51 -4.25,
  0.987 8.51 -4.25,
  0.987 10.5 -4.25,
  -0.922 10.5 -4.25,
  -0.922 7.92 -6.42,
  0.987 7.92 -6.42,
  0.987 5.98 -6.42,
  -0.922 5.98 -6.42,
  -0.922 5.98 -4.65,
  0.987 5.98 -4.65,
  0.987 7.92 -4.65,
  -0.922 7.92 -4.65,
  -0.922 3.85 -6.41,
  -0.922 3.85 -4.63,
  0.987 3.85 -6.41,
  0.987 3.85 -4.63,
  -0.922 5.8 -6.41,
  0.987 5.8 -6.41,
  0.987 5.8 -4.63,
  -0.922 5.8 -4.63,
  -0.922 1.58 -6.4,
  -0.922 1.58 -4.62,
  0.987 1.58 -6.4,
  0.987 1.58 -4.62,
  -0.922 3.52 -6.4,
  0.987 3.52 -6.4,
  0.987 3.52 -4.62,
  -0.922 3.52 -4.62,
  -0.922 -0.701 -6.42,
  -0.922 -0.701 -4.64,
  0.987 -0.701 -6.42,
  0.987 -0.701 -4.64,
  -0.922 1.24 -6.42,
  0.987 1.24 -6.42,
  0.987 1.24 -4.64,
  -0.922 1.24 -4.64,
  -0.922 -2.98 -6.39,
  -0.922 -2.98 -4.61,
  0.987 -2.98 -6.39,
  0.987 -2.98 -4.61,
  -0.922 -1.03 -6.39,
  0.987 -1.03 -6.39,
  0.987 -1.03 -4.61,
  -0.922 -1.03 -4.61,
  -0.922 -5.31 -6.42,
  -0.922 -5.31 -4.24,
  0.987 -5.31 -6.42,
  0.987 -5.31 -4.24,
  -0.922 -3.36 -6.42,
  0.987 -3.36 -6.42,
  0.987 -3.36 -4.24,
  -0.922 -3.36 -4.24,
  -0.922 -7.64 -6.41,
  -0.922 -7.64 -4.23,
  0.987 -7.64 -6.41,
  0.987 -7.64 -4.23,
  -0.922 -5.69 -6.41,
  0.987 -5.69 -6.41,
  0.987 -5.69 -4.23,
  -0.922 -5.69 -4.23,
  -0.922 10.6 -3.64,
  -0.922 10.6 -1.47,
  0.987 10.6 -3.64,
  0.987 10.6 -1.47,
  -0.922 12.5 -3.64,
  0.987 12.5 -3.64,
  0.987 12.5 -1.47,
  -0.922 12.5 -1.47,
  -0.922 8.35 -3.63,
  -0.922 8.35 -1.45,
  0.987 8.35 -3.63,
  0.987 8.35 -1.45,
  -0.922 10.3 -3.63,
  0.987 10.3 -3.63,
  0.987 10.3 -1.45,
  -0.922 10.3 -1.45,
  -0.922 6.12 -3.63,
  -0.922 6.12 -1.45,
  0.987 6.12 -3.63,
  0.987 6.12 -1.45,
  -0.922 8.08 -3.63,
  0.987 8.08 -3.63,
  0.987 8.08 -1.45,
  -0.922 8.08 -1.45,
  -0.922 3.96 -3.63,
  -0.922 3.96 -1.86,
  0.987 3.96 -3.63,
  0.987 3.96 -1.86,
  -0.922 5.9 -3.63,
  0.987 5.9 -3.63,
  0.987 5.9 -1.86,
  -0.922 5.9 -1.86,
  -0.922 1.58 -3.65,
  -0.922 1.58 -1.88,
  0.987 1.58 -3.65,
  0.987 1.58 -1.88,
  -0.922 3.52 -3.65,
  0.987 3.52 -3.65,
  0.987 3.52 -1.88,
  -0.922 3.52 -1.88,
  -0.922 -0.908 -3.65,
  -0.922 -0.908 -1.88,
  0.987 -0.908 -3.65,
  0.987 -0.908 -1.88,
  -0.922 1.04 -3.65,
  0.987 1.04 -3.65,
  0.987 1.04 -1.88,
  -0.922 1.04 -1.88,
  -0.922 -3.29 -3.64,
  -0.922 -3.29 -1.87,
  0.987 -3.29 -3.64,
  0.987 -3.29 -1.87,
  -0.922 -1.34 -3.64,
  0.987 -1.34 -3.64,
  0.987 -1.34 -1.87,
  -0.922 -1.34 -1.87,
  -0.922 -5.72 -3.63,
  -0.922 -5.72 -1.86,
  0.987 -5.72 -3.63,
  0.987 -5.72 -1.86,
  -0.922 -3.78 -3.63,
  0.987 -3.78 -3.63,
  0.987 -3.78 -1.86,
  -0.922 -3.78 -1.86,
  -0.922 -7.53 -1.89,
  0.987 -7.53 -1.89,
  0.987 -7.53 -3.67,
  -0.922 -7.53 -3.67,
  -0.922 -5.74 -3.67,
  0.987 -5.74 -3.67,
  0.987 -5.74 -1.89,
  -0.922 -5.74 -1.89,
  -1 10.6 -0.989,
  -1 10.6 1.01,
  1 10.6 -0.989,
  1 10.6 1.01,
  -1 12.6 -0.989,
  1 12.6 -0.989,
  1 12.6 1.01,
  -1 12.6 1.01,
  -1 8.47 -0.989,
  -1 8.47 1.01,
  1 8.47 -0.989,
  1 8.47 1.01,
  -1 10.5 -0.989,
  1 10.5 -0.989,
  1 10.5 1.01,
  -1 10.5 1.01,
  -1 6.14 -0.979,
  -1 6.14 1.02,
  1 6.14 -0.979,
  1 6.14 1.02,
  -1 8.14 -0.979,
  1 8.14 -0.979,
  1 8.14 1.02,
  -1 8.14 1.02,
  -1 3.76 -0.989,
  -1 3.76 1.01,
  1 3.76 -0.989,
  1 3.76 1.01,
  -1 5.76 -0.989,
  1 5.76 -0.989,
  1 5.76 1.01,
  -1 5.76 1.01,
  -1 1.43 -1,
  -1 1.43 1,
  1 1.43 -1,
  1 1.43 1,
  -1 3.43 -1,
  1 3.43 -1,
  1 3.43 1,
  -1 3.43 1,
  -1 -3.23 -1,
  -1 -3.23 1,
  1 -3.23 -1,
  1 -3.23 1,
  -1 -1.23 -1,
  1 -1.23 -1,
  1 -1.23 1,
  -1 -1.23 1,
  -1 -3.61 -1,
  1 -3.61 -1,
  1 -5.61 -1,
  -1 -5.61 -1,
  -1 -5.61 0.989,
  1 -5.61 0.989,
  1 -3.61 0.989,
  -1 -3.61 0.989,
  1 -7.65 -1,
  -1 -7.65 -1,
  -1 -5.73 -1,
  -1 -7.65 0.989,
  1 -5.73 -1,
  1 -7.65 0.989,
  1 -5.73 0.989,
  -1 -5.73 0.989,
  -1 12.7 1.72,
  1 12.7 1.72,
  1 10.7 1.72,
  -1 10.7 1.72,
  -1 10.7 3.66,
  1 10.7 3.66,
  1 12.7 3.66,
  -1 12.7 3.66,
  -1 10.5 1.72,
  1 10.5 1.72,
  1 8.47 1.72,
  -1 8.47 1.72,
  -1 8.47 3.66,
  1 8.47 3.66,
  1 10.5 3.66,
  -1 10.5 3.66,
  -1 8.25 1.72,
  1 8.25 1.72,
  1 6.25 1.72,
  -1 6.25 1.72,
  -1 6.25 3.68,
  1 6.25 3.68,
  1 8.25 3.68,
  -1 8.25 3.68,
  -1 6.02 1.72,
  1 6.02 1.72,
  1 4.02 1.72,
  -1 4.02 1.72,
  -1 4.02 3.7,
  1 4.02 3.7,
  1 6.02 3.7,
  -1 6.02 3.7,
  -1 3.69 1.72,
  1 3.69 1.72,
  1 1.69 1.72,
  -1 1.69 1.72,
  -1 1.69 3.71,
  1 1.69 3.71,
  1 3.69 3.71,
  -1 3.69 3.71,
  -1 1.36 1.72,
  1 1.36 1.72,
  1 -0.638 1.72,
  -1 -0.638 1.72,
  -1 -0.638 3.69,
  1 -0.638 3.69,
  1 1.36 3.69,
  -1 1.36 3.69,
  -1 -1.12 1.72,
  1 -1.12 1.72,
  1 -3.12 1.72,
  -1 -3.12 1.72,
  -1 -3.12 3.7,
  1 -3.12 3.7,
  1 -1.12 3.7,
  -1 -1.12 3.7,
  -1 -3.3 1.72,
  1 -3.3 1.72,
  1 -5.3 1.72,
  -1 -5.3 1.72,
  -1 -5.3 3.69,
  1 -5.3 3.69,
  1 -3.3 3.69,
  -1 -3.3 3.69,
  -1 -5.52 1.72,
  1 -5.52 1.72,
  1 -7.52 1.72,
  -1 -7.52 1.72,
  -1 -7.52 3.7,
  1 -7.52 3.7,
  1 -5.52 3.7,
  -1 -5.52 3.7 ]
}

coordIndex	[ 49, 51, 50, 48, -1, 50, 53, 52,
  48, -1, 51, 54, 53, 50, -1, 49,
  55, 54, 51, -1, 54, 55, 52, 53,
  -1, 55, 49, 48, 52, -1, 60, 61,
  59, 58, -1, 61, 62, 56, 59, -1,
  60, 63, 62, 61, -1, 62, 63, 57,
  56, -1, 63, 60, 58, 57, -1, 105,
  107, 106, 104, -1, 106, 109, 108, 104,
  -1, 107, 110, 109, 106, -1, 105, 111,
  110, 107, -1, 110, 111, 108, 109, -1,
  111, 105, 104, 108, -1, 113, 115, 114,
  112, -1, 114, 117, 116, 112, -1, 115,
  118, 117, 114, -1, 113, 119, 118, 115,
  -1, 118, 119, 116, 117, -1, 119, 113,
  112, 116, -1, 129, 131, 130, 128, -1,
  130, 133, 132, 128, -1, 131, 134, 133,
  130, -1, 129, 135, 134, 131, -1, 134,
  135, 132, 133, -1, 135, 129, 128, 132,
  -1, 137, 139, 138, 136, -1, 138, 141,
  140, 136, -1, 139, 142, 141, 138, -1,
  137, 143, 142, 139, -1, 142, 143, 140,
  141, -1, 143, 137, 136, 140, -1 ]
colorPerVertex	FALSE
ccw	FALSE
solid	TRUE
creaseAngle	0.559
normalIndex	[  ]
texCoordIndex	[  ]
}

}
Shape {
appearance	Appearance {
material	Material {
ambientIntensity	0.1
diffuseColor	0.824 0.251 0.525
specularColor	0.1 0.1 0.1
emissiveColor	0 0 0
shininess	0
transparency	0
}

}

geometry	DEF _32 IndexedFaceSet {
coord	Coordinate {
point	[ -1 -1 -1,
  -1 -1 1,
  1 -1 -1,
  1 -1 1,
  -1 1 -1,
  1 1 -1,
  1 1 1,
  -1 1 1,
  -1.66 -8.8 -7.44,
  -1.66 -8.8 4.36,
  1.97 -8.8 -7.44,
  1.97 -8.8 4.36,
  -1.66 13.8 -7.44,
  1.97 13.8 -7.44,
  1.97 13.8 4.36,
  -1.66 13.8 4.36,
  -1.66 13 -3.97,
  -1.66 13 -6.42,
  -1.66 -7.65 -3.97,
  -1.66 -7.65 -6.42,
  1.62 -7.65 -6.42,
  1.62 -7.65 -3.97,
  1.62 13 -6.42,
  1.62 13 -3.97,
  -1.66 13.1 -1.22,
  -1.66 13.1 -3.68,
  -1.66 -7.53 -1.22,
  -1.66 -7.53 -3.68,
  1.62 -7.53 -3.68,
  1.62 -7.53 -1.22,
  1.62 13.1 -3.68,
  1.62 13.1 -1.22,
  -1.66 13 1.45,
  -1.66 13 -1,
  -1.66 -7.65 1.45,
  -1.66 -7.65 -1,
  1.62 -7.65 -1,
  1.62 -7.65 1.45,
  1.62 13 -1,
  1.62 13 1.45,
  -1.66 12.9 4.17,
  -1.66 12.9 1.72,
  -1.66 -7.77 4.17,
  -1.66 -7.77 1.72,
  1.62 -7.77 1.72,
  1.62 -7.77 4.17,
  1.62 12.9 1.72,
  1.62 12.9 4.17,
  -0.922 10.7 -6.39,
  -0.922 10.7 -4.22,
  0.987 10.7 -6.39,
  0.987 10.7 -4.22,
  -0.922 12.6 -6.39,
  0.987 12.6 -6.39,
  0.987 12.6 -4.22,
  -0.922 12.6 -4.22,
  0.987 10.5 -6.43,
  -0.922 10.5 -6.43,
  -0.922 8.51 -6.43,
  0.987 8.51 -6.43,
  -0.922 8.51 -4.25,
  0.987 8.51 -4.25,
  0.987 10.5 -4.25,
  -0.922 10.5 -4.25,
  -0.922 7.92 -6.42,
  0.987 7.92 -6.42,
  0.987 5.98 -6.42,
  -0.922 5.98 -6.42,
  -0.922 5.98 -4.65,
  0.987 5.98 -4.65,
  0.987 7.92 -4.65,
  -0.922 7.92 -4.65,
  -0.922 3.85 -6.41,
  -0.922 3.85 -4.63,
  0.987 3.85 -6.41,
  0.987 3.85 -4.63,
  -0.922 5.8 -6.41,
  0.987 5.8 -6.41,
  0.987 5.8 -4.63,
  -0.922 5.8 -4.63,
  -0.922 1.58 -6.4,
  -0.922 1.58 -4.62,
  0.987 1.58 -6.4,
  0.987 1.58 -4.62,
  -0.922 3.52 -6.4,
  0.987 3.52 -6.4,
  0.987 3.52 -4.62,
  -0.922 3.52 -4.62,
  -0.922 -0.701 -6.42,
  -0.922 -0.701 -4.64,
  0.987 -0.701 -6.42,
  0.987 -0.701 -4.64,
  -0.922 1.24 -6.42,
  0.987 1.24 -6.42,
  0.987 1.24 -4.64,
  -0.922 1.24 -4.64,
  -0.922 -2.98 -6.39,
  -0.922 -2.98 -4.61,
  0.987 -2.98 -6.39,
  0.987 -2.98 -4.61,
  -0.922 -1.03 -6.39,
  0.987 -1.03 -6.39,
  0.987 -1.03 -4.61,
  -0.922 -1.03 -4.61,
  -0.922 -5.31 -6.42,
  -0.922 -5.31 -4.24,
  0.987 -5.31 -6.42,
  0.987 -5.31 -4.24,
  -0.922 -3.36 -6.42,
  0.987 -3.36 -6.42,
  0.987 -3.36 -4.24,
  -0.922 -3.36 -4.24,
  -0.922 -7.64 -6.41,
  -0.922 -7.64 -4.23,
  0.987 -7.64 -6.41,
  0.987 -7.64 -4.23,
  -0.922 -5.69 -6.41,
  0.987 -5.69 -6.41,
  0.987 -5.69 -4.23,
  -0.922 -5.69 -4.23,
  -0.922 10.6 -3.64,
  -0.922 10.6 -1.47,
  0.987 10.6 -3.64,
  0.987 10.6 -1.47,
  -0.922 12.5 -3.64,
  0.987 12.5 -3.64,
  0.987 12.5 -1.47,
  -0.922 12.5 -1.47,
  -0.922 8.35 -3.63,
  -0.922 8.35 -1.45,
  0.987 8.35 -3.63,
  0.987 8.35 -1.45,
  -0.922 10.3 -3.63,
  0.987 10.3 -3.63,
  0.987 10.3 -1.45,
  -0.922 10.3 -1.45,
  -0.922 6.12 -3.63,
  -0.922 6.12 -1.45,
  0.987 6.12 -3.63,
  0.987 6.12 -1.45,
  -0.922 8.08 -3.63,
  0.987 8.08 -3.63,
  0.987 8.08 -1.45,
  -0.922 8.08 -1.45,
  -0.922 3.96 -3.63,
  -0.922 3.96 -1.86,
  0.987 3.96 -3.63,
  0.987 3.96 -1.86,
  -0.922 5.9 -3.63,
  0.987 5.9 -3.63,
  0.987 5.9 -1.86,
  -0.922 5.9 -1.86,
  -0.922 1.58 -3.65,
  -0.922 1.58 -1.88,
  0.987 1.58 -3.65,
  0.987 1.58 -1.88,
  -0.922 3.52 -3.65,
  0.987 3.52 -3.65,
  0.987 3.52 -1.88,
  -0.922 3.52 -1.88,
  -0.922 -0.908 -3.65,
  -0.922 -0.908 -1.88,
  0.987 -0.908 -3.65,
  0.987 -0.908 -1.88,
  -0.922 1.04 -3.65,
  0.987 1.04 -3.65,
  0.987 1.04 -1.88,
  -0.922 1.04 -1.88,
  -0.922 -3.29 -3.64,
  -0.922 -3.29 -1.87,
  0.987 -3.29 -3.64,
  0.987 -3.29 -1.87,
  -0.922 -1.34 -3.64,
  0.987 -1.34 -3.64,
  0.987 -1.34 -1.87,
  -0.922 -1.34 -1.87,
  -0.922 -5.72 -3.63,
  -0.922 -5.72 -1.86,
  0.987 -5.72 -3.63,
  0.987 -5.72 -1.86,
  -0.922 -3.78 -3.63,
  0.987 -3.78 -3.63,
  0.987 -3.78 -1.86,
  -0.922 -3.78 -1.86,
  -0.922 -7.53 -1.89,
  0.987 -7.53 -1.89,
  0.987 -7.53 -3.67,
  -0.922 -7.53 -3.67,
  -0.922 -5.74 -3.67,
  0.987 -5.74 -3.67,
  0.987 -5.74 -1.89,
  -0.922 -5.74 -1.89,
  -1 10.6 -0.989,
  -1 10.6 1.01,
  1 10.6 -0.989,
  1 10.6 1.01,
  -1 12.6 -0.989,
  1 12.6 -0.989,
  1 12.6 1.01,
  -1 12.6 1.01,
  -1 8.47 -0.989,
  -1 8.47 1.01,
  1 8.47 -0.989,
  1 8.47 1.01,
  -1 10.5 -0.989,
  1 10.5 -0.989,
  1 10.5 1.01,
  -1 10.5 1.01,
  -1 6.14 -0.979,
  -1 6.14 1.02,
  1 6.14 -0.979,
  1 6.14 1.02,
  -1 8.14 -0.979,
  1 8.14 -0.979,
  1 8.14 1.02,
  -1 8.14 1.02,
  -1 3.76 -0.989,
  -1 3.76 1.01,
  1 3.76 -0.989,
  1 3.76 1.01,
  -1 5.76 -0.989,
  1 5.76 -0.989,
  1 5.76 1.01,
  -1 5.76 1.01,
  -1 1.43 -1,
  -1 1.43 1,
  1 1.43 -1,
  1 1.43 1,
  -1 3.43 -1,
  1 3.43 -1,
  1 3.43 1,
  -1 3.43 1,
  -1 -3.23 -1,
  -1 -3.23 1,
  1 -3.23 -1,
  1 -3.23 1,
  -1 -1.23 -1,
  1 -1.23 -1,
  1 -1.23 1,
  -1 -1.23 1,
  -1 -3.61 -1,
  1 -3.61 -1,
  1 -5.61 -1,
  -1 -5.61 -1,
  -1 -5.61 0.989,
  1 -5.61 0.989,
  1 -3.61 0.989,
  -1 -3.61 0.989,
  1 -7.65 -1,
  -1 -7.65 -1,
  -1 -5.73 -1,
  -1 -7.65 0.989,
  1 -5.73 -1,
  1 -7.65 0.989,
  1 -5.73 0.989,
  -1 -5.73 0.989,
  -1 12.7 1.72,
  1 12.7 1.72,
  1 10.7 1.72,
  -1 10.7 1.72,
  -1 10.7 3.66,
  1 10.7 3.66,
  1 12.7 3.66,
  -1 12.7 3.66,
  -1 10.5 1.72,
  1 10.5 1.72,
  1 8.47 1.72,
  -1 8.47 1.72,
  -1 8.47 3.66,
  1 8.47 3.66,
  1 10.5 3.66,
  -1 10.5 3.66,
  -1 8.25 1.72,
  1 8.25 1.72,
  1 6.25 1.72,
  -1 6.25 1.72,
  -1 6.25 3.68,
  1 6.25 3.68,
  1 8.25 3.68,
  -1 8.25 3.68,
  -1 6.02 1.72,
  1 6.02 1.72,
  1 4.02 1.72,
  -1 4.02 1.72,
  -1 4.02 3.7,
  1 4.02 3.7,
  1 6.02 3.7,
  -1 6.02 3.7,
  -1 3.69 1.72,
  1 3.69 1.72,
  1 1.69 1.72,
  -1 1.69 1.72,
  -1 1.69 3.71,
  1 1.69 3.71,
  1 3.69 3.71,
  -1 3.69 3.71,
  -1 1.36 1.72,
  1 1.36 1.72,
  1 -0.638 1.72,
  -1 -0.638 1.72,
  -1 -0.638 3.69,
  1 -0.638 3.69,
  1 1.36 3.69,
  -1 1.36 3.69,
  -1 -1.12 1.72,
  1 -1.12 1.72,
  1 -3.12 1.72,
  -1 -3.12 1.72,
  -1 -3.12 3.7,
  1 -3.12 3.7,
  1 -1.12 3.7,
  -1 -1.12 3.7,
  -1 -3.3 1.72,
  1 -3.3 1.72,
  1 -5.3 1.72,
  -1 -5.3 1.72,
  -1 -5.3 3.69,
  1 -5.3 3.69,
  1 -3.3 3.69,
  -1 -3.3 3.69,
  -1 -5.52 1.72,
  1 -5.52 1.72,
  1 -7.52 1.72,
  -1 -7.52 1.72,
  -1 -7.52 3.7,
  1 -7.52 3.7,
  1 -5.52 3.7,
  -1 -5.52 3.7 ]
}

coordIndex	[ 68, 69, 66, 67, -1, 69, 70, 65,
  66, -1, 68, 71, 70, 69, -1, 71,
  68, 67, 64, -1, 70, 71, 64, 65,
  -1, 73, 75, 74, 72, -1, 74, 77,
  76, 72, -1, 75, 78, 77, 74, -1,
  73, 79, 78, 75, -1, 78, 79, 76,
  77, -1, 79, 73, 72, 76, -1, 81,
  83, 82, 80, -1, 82, 85, 84, 80,
  -1, 83, 86, 85, 82, -1, 81, 87,
  86, 83, -1, 86, 87, 84, 85, -1,
  87, 81, 80, 84, -1, 89, 91, 90,
  88, -1, 90, 93, 92, 88, -1, 91,
  94, 93, 90, -1, 89, 95, 94, 91,
  -1, 94, 95, 92, 93, -1, 95, 89,
  88, 92, -1, 97, 99, 98, 96, -1,
  98, 101, 100, 96, -1, 99, 102, 101,
  98, -1, 97, 103, 102, 99, -1, 102,
  103, 100, 101, -1, 103, 97, 96, 100,
  -1, 153, 155, 154, 152, -1, 154, 157,
  156, 152, -1, 155, 158, 157, 154, -1,
  153, 159, 158, 155, -1, 158, 159, 156,
  157, -1, 159, 153, 152, 156, -1, 177,
  179, 178, 176, -1, 178, 181, 180, 176,
  -1, 179, 182, 181, 178, -1, 177, 183,
  182, 179, -1, 182, 183, 180, 181, -1,
  183, 177, 176, 180, -1, 191, 190, 185,
  184, -1, 190, 191, 188, 189, -1, 188,
  191, 184, 187, -1, 189, 188, 187, 186,
  -1, 190, 189, 186, 185, -1 ]
colorPerVertex	FALSE
ccw	FALSE
solid	TRUE
creaseAngle	0.559
normalIndex	[  ]
texCoordIndex	[  ]
}

}
Shape {
appearance	Appearance {
material	Material {
ambientIntensity	0.1
diffuseColor	0.824 0.431 0.431
specularColor	0.1 0.1 0.1
emissiveColor	0 0 0
shininess	0
transparency	0
}

}

geometry	DEF _33 IndexedFaceSet {
coord	Coordinate {
point	[ -1 -1 -1,
  -1 -1 1,
  1 -1 -1,
  1 -1 1,
  -1 1 -1,
  1 1 -1,
  1 1 1,
  -1 1 1,
  -1.66 -8.8 -7.44,
  -1.66 -8.8 4.36,
  1.97 -8.8 -7.44,
  1.97 -8.8 4.36,
  -1.66 13.8 -7.44,
  1.97 13.8 -7.44,
  1.97 13.8 4.36,
  -1.66 13.8 4.36,
  -1.66 13 -3.97,
  -1.66 13 -6.42,
  -1.66 -7.65 -3.97,
  -1.66 -7.65 -6.42,
  1.62 -7.65 -6.42,
  1.62 -7.65 -3.97,
  1.62 13 -6.42,
  1.62 13 -3.97,
  -1.66 13.1 -1.22,
  -1.66 13.1 -3.68,
  -1.66 -7.53 -1.22,
  -1.66 -7.53 -3.68,
  1.62 -7.53 -3.68,
  1.62 -7.53 -1.22,
  1.62 13.1 -3.68,
  1.62 13.1 -1.22,
  -1.66 13 1.45,
  -1.66 13 -1,
  -1.66 -7.65 1.45,
  -1.66 -7.65 -1,
  1.62 -7.65 -1,
  1.62 -7.65 1.45,
  1.62 13 -1,
  1.62 13 1.45,
  -1.66 12.9 4.17,
  -1.66 12.9 1.72,
  -1.66 -7.77 4.17,
  -1.66 -7.77 1.72,
  1.62 -7.77 1.72,
  1.62 -7.77 4.17,
  1.62 12.9 1.72,
  1.62 12.9 4.17,
  -0.922 10.7 -6.39,
  -0.922 10.7 -4.22,
  0.987 10.7 -6.39,
  0.987 10.7 -4.22,
  -0.922 12.6 -6.39,
  0.987 12.6 -6.39,
  0.987 12.6 -4.22,
  -0.922 12.6 -4.22,
  0.987 10.5 -6.43,
  -0.922 10.5 -6.43,
  -0.922 8.51 -6.43,
  0.987 8.51 -6.43,
  -0.922 8.51 -4.25,
  0.987 8.51 -4.25,
  0.987 10.5 -4.25,
  -0.922 10.5 -4.25,
  -0.922 7.92 -6.42,
  0.987 7.92 -6.42,
  0.987 5.98 -6.42,
  -0.922 5.98 -6.42,
  -0.922 5.98 -4.65,
  0.987 5.98 -4.65,
  0.987 7.92 -4.65,
  -0.922 7.92 -4.65,
  -0.922 3.85 -6.41,
  -0.922 3.85 -4.63,
  0.987 3.85 -6.41,
  0.987 3.85 -4.63,
  -0.922 5.8 -6.41,
  0.987 5.8 -6.41,
  0.987 5.8 -4.63,
  -0.922 5.8 -4.63,
  -0.922 1.58 -6.4,
  -0.922 1.58 -4.62,
  0.987 1.58 -6.4,
  0.987 1.58 -4.62,
  -0.922 3.52 -6.4,
  0.987 3.52 -6.4,
  0.987 3.52 -4.62,
  -0.922 3.52 -4.62,
  -0.922 -0.701 -6.42,
  -0.922 -0.701 -4.64,
  0.987 -0.701 -6.42,
  0.987 -0.701 -4.64,
  -0.922 1.24 -6.42,
  0.987 1.24 -6.42,
  0.987 1.24 -4.64,
  -0.922 1.24 -4.64,
  -0.922 -2.98 -6.39,
  -0.922 -2.98 -4.61,
  0.987 -2.98 -6.39,
  0.987 -2.98 -4.61,
  -0.922 -1.03 -6.39,
  0.987 -1.03 -6.39,
  0.987 -1.03 -4.61,
  -0.922 -1.03 -4.61,
  -0.922 -5.31 -6.42,
  -0.922 -5.31 -4.24,
  0.987 -5.31 -6.42,
  0.987 -5.31 -4.24,
  -0.922 -3.36 -6.42,
  0.987 -3.36 -6.42,
  0.987 -3.36 -4.24,
  -0.922 -3.36 -4.24,
  -0.922 -7.64 -6.41,
  -0.922 -7.64 -4.23,
  0.987 -7.64 -6.41,
  0.987 -7.64 -4.23,
  -0.922 -5.69 -6.41,
  0.987 -5.69 -6.41,
  0.987 -5.69 -4.23,
  -0.922 -5.69 -4.23,
  -0.922 10.6 -3.64,
  -0.922 10.6 -1.47,
  0.987 10.6 -3.64,
  0.987 10.6 -1.47,
  -0.922 12.5 -3.64,
  0.987 12.5 -3.64,
  0.987 12.5 -1.47,
  -0.922 12.5 -1.47,
  -0.922 8.35 -3.63,
  -0.922 8.35 -1.45,
  0.987 8.35 -3.63,
  0.987 8.35 -1.45,
  -0.922 10.3 -3.63,
  0.987 10.3 -3.63,
  0.987 10.3 -1.45,
  -0.922 10.3 -1.45,
  -0.922 6.12 -3.63,
  -0.922 6.12 -1.45,
  0.987 6.12 -3.63,
  0.987 6.12 -1.45,
  -0.922 8.08 -3.63,
  0.987 8.08 -3.63,
  0.987 8.08 -1.45,
  -0.922 8.08 -1.45,
  -0.922 3.96 -3.63,
  -0.922 3.96 -1.86,
  0.987 3.96 -3.63,
  0.987 3.96 -1.86,
  -0.922 5.9 -3.63,
  0.987 5.9 -3.63,
  0.987 5.9 -1.86,
  -0.922 5.9 -1.86,
  -0.922 1.58 -3.65,
  -0.922 1.58 -1.88,
  0.987 1.58 -3.65,
  0.987 1.58 -1.88,
  -0.922 3.52 -3.65,
  0.987 3.52 -3.65,
  0.987 3.52 -1.88,
  -0.922 3.52 -1.88,
  -0.922 -0.908 -3.65,
  -0.922 -0.908 -1.88,
  0.987 -0.908 -3.65,
  0.987 -0.908 -1.88,
  -0.922 1.04 -3.65,
  0.987 1.04 -3.65,
  0.987 1.04 -1.88,
  -0.922 1.04 -1.88,
  -0.922 -3.29 -3.64,
  -0.922 -3.29 -1.87,
  0.987 -3.29 -3.64,
  0.987 -3.29 -1.87,
  -0.922 -1.34 -3.64,
  0.987 -1.34 -3.64,
  0.987 -1.34 -1.87,
  -0.922 -1.34 -1.87,
  -0.922 -5.72 -3.63,
  -0.922 -5.72 -1.86,
  0.987 -5.72 -3.63,
  0.987 -5.72 -1.86,
  -0.922 -3.78 -3.63,
  0.987 -3.78 -3.63,
  0.987 -3.78 -1.86,
  -0.922 -3.78 -1.86,
  -0.922 -7.53 -1.89,
  0.987 -7.53 -1.89,
  0.987 -7.53 -3.67,
  -0.922 -7.53 -3.67,
  -0.922 -5.74 -3.67,
  0.987 -5.74 -3.67,
  0.987 -5.74 -1.89,
  -0.922 -5.74 -1.89,
  -1 10.6 -0.989,
  -1 10.6 1.01,
  1 10.6 -0.989,
  1 10.6 1.01,
  -1 12.6 -0.989,
  1 12.6 -0.989,
  1 12.6 1.01,
  -1 12.6 1.01,
  -1 8.47 -0.989,
  -1 8.47 1.01,
  1 8.47 -0.989,
  1 8.47 1.01,
  -1 10.5 -0.989,
  1 10.5 -0.989,
  1 10.5 1.01,
  -1 10.5 1.01,
  -1 6.14 -0.979,
  -1 6.14 1.02,
  1 6.14 -0.979,
  1 6.14 1.02,
  -1 8.14 -0.979,
  1 8.14 -0.979,
  1 8.14 1.02,
  -1 8.14 1.02,
  -1 3.76 -0.989,
  -1 3.76 1.01,
  1 3.76 -0.989,
  1 3.76 1.01,
  -1 5.76 -0.989,
  1 5.76 -0.989,
  1 5.76 1.01,
  -1 5.76 1.01,
  -1 1.43 -1,
  -1 1.43 1,
  1 1.43 -1,
  1 1.43 1,
  -1 3.43 -1,
  1 3.43 -1,
  1 3.43 1,
  -1 3.43 1,
  -1 -3.23 -1,
  -1 -3.23 1,
  1 -3.23 -1,
  1 -3.23 1,
  -1 -1.23 -1,
  1 -1.23 -1,
  1 -1.23 1,
  -1 -1.23 1,
  -1 -3.61 -1,
  1 -3.61 -1,
  1 -5.61 -1,
  -1 -5.61 -1,
  -1 -5.61 0.989,
  1 -5.61 0.989,
  1 -3.61 0.989,
  -1 -3.61 0.989,
  1 -7.65 -1,
  -1 -7.65 -1,
  -1 -5.73 -1,
  -1 -7.65 0.989,
  1 -5.73 -1,
  1 -7.65 0.989,
  1 -5.73 0.989,
  -1 -5.73 0.989,
  -1 12.7 1.72,
  1 12.7 1.72,
  1 10.7 1.72,
  -1 10.7 1.72,
  -1 10.7 3.66,
  1 10.7 3.66,
  1 12.7 3.66,
  -1 12.7 3.66,
  -1 10.5 1.72,
  1 10.5 1.72,
  1 8.47 1.72,
  -1 8.47 1.72,
  -1 8.47 3.66,
  1 8.47 3.66,
  1 10.5 3.66,
  -1 10.5 3.66,
  -1 8.25 1.72,
  1 8.25 1.72,
  1 6.25 1.72,
  -1 6.25 1.72,
  -1 6.25 3.68,
  1 6.25 3.68,
  1 8.25 3.68,
  -1 8.25 3.68,
  -1 6.02 1.72,
  1 6.02 1.72,
  1 4.02 1.72,
  -1 4.02 1.72,
  -1 4.02 3.7,
  1 4.02 3.7,
  1 6.02 3.7,
  -1 6.02 3.7,
  -1 3.69 1.72,
  1 3.69 1.72,
  1 1.69 1.72,
  -1 1.69 1.72,
  -1 1.69 3.71,
  1 1.69 3.71,
  1 3.69 3.71,
  -1 3.69 3.71,
  -1 1.36 1.72,
  1 1.36 1.72,
  1 -0.638 1.72,
  -1 -0.638 1.72,
  -1 -0.638 3.69,
  1 -0.638 3.69,
  1 1.36 3.69,
  -1 1.36 3.69,
  -1 -1.12 1.72,
  1 -1.12 1.72,
  1 -3.12 1.72,
  -1 -3.12 1.72,
  -1 -3.12 3.7,
  1 -3.12 3.7,
  1 -1.12 3.7,
  -1 -1.12 3.7,
  -1 -3.3 1.72,
  1 -3.3 1.72,
  1 -5.3 1.72,
  -1 -5.3 1.72,
  -1 -5.3 3.69,
  1 -5.3 3.69,
  1 -3.3 3.69,
  -1 -3.3 3.69,
  -1 -5.52 1.72,
  1 -5.52 1.72,
  1 -7.52 1.72,
  -1 -7.52 1.72,
  -1 -7.52 3.7,
  1 -7.52 3.7,
  1 -5.52 3.7,
  -1 -5.52 3.7 ]
}

coordIndex	[ 121, 123, 122, 120, -1, 122, 125, 124,
  120, -1, 123, 126, 125, 122, -1, 121,
  127, 126, 123, -1, 126, 127, 124, 125,
  -1, 127, 121, 120, 124, -1 ]
colorPerVertex	FALSE
ccw	FALSE
solid	TRUE
creaseAngle	0.559
normalIndex	[  ]
texCoordIndex	[  ]
}

}
Shape {
appearance	Appearance {
material	Material {
ambientIntensity	0.1
diffuseColor	0.706 0.498 0.824
specularColor	0.1 0.1 0.1
emissiveColor	0 0 0
shininess	0
transparency	0
}

}

geometry	DEF _34 IndexedFaceSet {
coord	Coordinate {
point	[ -1 -1 -1,
  -1 -1 1,
  1 -1 -1,
  1 -1 1,
  -1 1 -1,
  1 1 -1,
  1 1 1,
  -1 1 1,
  -1.66 -8.8 -7.44,
  -1.66 -8.8 4.36,
  1.97 -8.8 -7.44,
  1.97 -8.8 4.36,
  -1.66 13.8 -7.44,
  1.97 13.8 -7.44,
  1.97 13.8 4.36,
  -1.66 13.8 4.36,
  -1.66 13 -3.97,
  -1.66 13 -6.42,
  -1.66 -7.65 -3.97,
  -1.66 -7.65 -6.42,
  1.62 -7.65 -6.42,
  1.62 -7.65 -3.97,
  1.62 13 -6.42,
  1.62 13 -3.97,
  -1.66 13.1 -1.22,
  -1.66 13.1 -3.68,
  -1.66 -7.53 -1.22,
  -1.66 -7.53 -3.68,
  1.62 -7.53 -3.68,
  1.62 -7.53 -1.22,
  1.62 13.1 -3.68,
  1.62 13.1 -1.22,
  -1.66 13 1.45,
  -1.66 13 -1,
  -1.66 -7.65 1.45,
  -1.66 -7.65 -1,
  1.62 -7.65 -1,
  1.62 -7.65 1.45,
  1.62 13 -1,
  1.62 13 1.45,
  -1.66 12.9 4.17,
  -1.66 12.9 1.72,
  -1.66 -7.77 4.17,
  -1.66 -7.77 1.72,
  1.62 -7.77 1.72,
  1.62 -7.77 4.17,
  1.62 12.9 1.72,
  1.62 12.9 4.17,
  -0.922 10.7 -6.39,
  -0.922 10.7 -4.22,
  0.987 10.7 -6.39,
  0.987 10.7 -4.22,
  -0.922 12.6 -6.39,
  0.987 12.6 -6.39,
  0.987 12.6 -4.22,
  -0.922 12.6 -4.22,
  0.987 10.5 -6.43,
  -0.922 10.5 -6.43,
  -0.922 8.51 -6.43,
  0.987 8.51 -6.43,
  -0.922 8.51 -4.25,
  0.987 8.51 -4.25,
  0.987 10.5 -4.25,
  -0.922 10.5 -4.25,
  -0.922 7.92 -6.42,
  0.987 7.92 -6.42,
  0.987 5.98 -6.42,
  -0.922 5.98 -6.42,
  -0.922 5.98 -4.65,
  0.987 5.98 -4.65,
  0.987 7.92 -4.65,
  -0.922 7.92 -4.65,
  -0.922 3.85 -6.41,
  -0.922 3.85 -4.63,
  0.987 3.85 -6.41,
  0.987 3.85 -4.63,
  -0.922 5.8 -6.41,
  0.987 5.8 -6.41,
  0.987 5.8 -4.63,
  -0.922 5.8 -4.63,
  -0.922 1.58 -6.4,
  -0.922 1.58 -4.62,
  0.987 1.58 -6.4,
  0.987 1.58 -4.62,
  -0.922 3.52 -6.4,
  0.987 3.52 -6.4,
  0.987 3.52 -4.62,
  -0.922 3.52 -4.62,
  -0.922 -0.701 -6.42,
  -0.922 -0.701 -4.64,
  0.987 -0.701 -6.42,
  0.987 -0.701 -4.64,
  -0.922 1.24 -6.42,
  0.987 1.24 -6.42,
  0.987 1.24 -4.64,
  -0.922 1.24 -4.64,
  -0.922 -2.98 -6.39,
  -0.922 -2.98 -4.61,
  0.987 -2.98 -6.39,
  0.987 -2.98 -4.61,
  -0.922 -1.03 -6.39,
  0.987 -1.03 -6.39,
  0.987 -1.03 -4.61,
  -0.922 -1.03 -4.61,
  -0.922 -5.31 -6.42,
  -0.922 -5.31 -4.24,
  0.987 -5.31 -6.42,
  0.987 -5.31 -4.24,
  -0.922 -3.36 -6.42,
  0.987 -3.36 -6.42,
  0.987 -3.36 -4.24,
  -0.922 -3.36 -4.24,
  -0.922 -7.64 -6.41,
  -0.922 -7.64 -4.23,
  0.987 -7.64 -6.41,
  0.987 -7.64 -4.23,
  -0.922 -5.69 -6.41,
  0.987 -5.69 -6.41,
  0.987 -5.69 -4.23,
  -0.922 -5.69 -4.23,
  -0.922 10.6 -3.64,
  -0.922 10.6 -1.47,
  0.987 10.6 -3.64,
  0.987 10.6 -1.47,
  -0.922 12.5 -3.64,
  0.987 12.5 -3.64,
  0.987 12.5 -1.47,
  -0.922 12.5 -1.47,
  -0.922 8.35 -3.63,
  -0.922 8.35 -1.45,
  0.987 8.35 -3.63,
  0.987 8.35 -1.45,
  -0.922 10.3 -3.63,
  0.987 10.3 -3.63,
  0.987 10.3 -1.45,
  -0.922 10.3 -1.45,
  -0.922 6.12 -3.63,
  -0.922 6.12 -1.45,
  0.987 6.12 -3.63,
  0.987 6.12 -1.45,
  -0.922 8.08 -3.63,
  0.987 8.08 -3.63,
  0.987 8.08 -1.45,
  -0.922 8.08 -1.45,
  -0.922 3.96 -3.63,
  -0.922 3.96 -1.86,
  0.987 3.96 -3.63,
  0.987 3.96 -1.86,
  -0.922 5.9 -3.63,
  0.987 5.9 -3.63,
  0.987 5.9 -1.86,
  -0.922 5.9 -1.86,
  -0.922 1.58 -3.65,
  -0.922 1.58 -1.88,
  0.987 1.58 -3.65,
  0.987 1.58 -1.88,
  -0.922 3.52 -3.65,
  0.987 3.52 -3.65,
  0.987 3.52 -1.88,
  -0.922 3.52 -1.88,
  -0.922 -0.908 -3.65,
  -0.922 -0.908 -1.88,
  0.987 -0.908 -3.65,
  0.987 -0.908 -1.88,
  -0.922 1.04 -3.65,
  0.987 1.04 -3.65,
  0.987 1.04 -1.88,
  -0.922 1.04 -1.88,
  -0.922 -3.29 -3.64,
  -0.922 -3.29 -1.87,
  0.987 -3.29 -3.64,
  0.987 -3.29 -1.87,
  -0.922 -1.34 -3.64,
  0.987 -1.34 -3.64,
  0.987 -1.34 -1.87,
  -0.922 -1.34 -1.87,
  -0.922 -5.72 -3.63,
  -0.922 -5.72 -1.86,
  0.987 -5.72 -3.63,
  0.987 -5.72 -1.86,
  -0.922 -3.78 -3.63,
  0.987 -3.78 -3.63,
  0.987 -3.78 -1.86,
  -0.922 -3.78 -1.86,
  -0.922 -7.53 -1.89,
  0.987 -7.53 -1.89,
  0.987 -7.53 -3.67,
  -0.922 -7.53 -3.67,
  -0.922 -5.74 -3.67,
  0.987 -5.74 -3.67,
  0.987 -5.74 -1.89,
  -0.922 -5.74 -1.89,
  -1 10.6 -0.989,
  -1 10.6 1.01,
  1 10.6 -0.989,
  1 10.6 1.01,
  -1 12.6 -0.989,
  1 12.6 -0.989,
  1 12.6 1.01,
  -1 12.6 1.01,
  -1 8.47 -0.989,
  -1 8.47 1.01,
  1 8.47 -0.989,
  1 8.47 1.01,
  -1 10.5 -0.989,
  1 10.5 -0.989,
  1 10.5 1.01,
  -1 10.5 1.01,
  -1 6.14 -0.979,
  -1 6.14 1.02,
  1 6.14 -0.979,
  1 6.14 1.02,
  -1 8.14 -0.979,
  1 8.14 -0.979,
  1 8.14 1.02,
  -1 8.14 1.02,
  -1 3.76 -0.989,
  -1 3.76 1.01,
  1 3.76 -0.989,
  1 3.76 1.01,
  -1 5.76 -0.989,
  1 5.76 -0.989,
  1 5.76 1.01,
  -1 5.76 1.01,
  -1 1.43 -1,
  -1 1.43 1,
  1 1.43 -1,
  1 1.43 1,
  -1 3.43 -1,
  1 3.43 -1,
  1 3.43 1,
  -1 3.43 1,
  -1 -3.23 -1,
  -1 -3.23 1,
  1 -3.23 -1,
  1 -3.23 1,
  -1 -1.23 -1,
  1 -1.23 -1,
  1 -1.23 1,
  -1 -1.23 1,
  -1 -3.61 -1,
  1 -3.61 -1,
  1 -5.61 -1,
  -1 -5.61 -1,
  -1 -5.61 0.989,
  1 -5.61 0.989,
  1 -3.61 0.989,
  -1 -3.61 0.989,
  1 -7.65 -1,
  -1 -7.65 -1,
  -1 -5.73 -1,
  -1 -7.65 0.989,
  1 -5.73 -1,
  1 -7.65 0.989,
  1 -5.73 0.989,
  -1 -5.73 0.989,
  -1 12.7 1.72,
  1 12.7 1.72,
  1 10.7 1.72,
  -1 10.7 1.72,
  -1 10.7 3.66,
  1 10.7 3.66,
  1 12.7 3.66,
  -1 12.7 3.66,
  -1 10.5 1.72,
  1 10.5 1.72,
  1 8.47 1.72,
  -1 8.47 1.72,
  -1 8.47 3.66,
  1 8.47 3.66,
  1 10.5 3.66,
  -1 10.5 3.66,
  -1 8.25 1.72,
  1 8.25 1.72,
  1 6.25 1.72,
  -1 6.25 1.72,
  -1 6.25 3.68,
  1 6.25 3.68,
  1 8.25 3.68,
  -1 8.25 3.68,
  -1 6.02 1.72,
  1 6.02 1.72,
  1 4.02 1.72,
  -1 4.02 1.72,
  -1 4.02 3.7,
  1 4.02 3.7,
  1 6.02 3.7,
  -1 6.02 3.7,
  -1 3.69 1.72,
  1 3.69 1.72,
  1 1.69 1.72,
  -1 1.69 1.72,
  -1 1.69 3.71,
  1 1.69 3.71,
  1 3.69 3.71,
  -1 3.69 3.71,
  -1 1.36 1.72,
  1 1.36 1.72,
  1 -0.638 1.72,
  -1 -0.638 1.72,
  -1 -0.638 3.69,
  1 -0.638 3.69,
  1 1.36 3.69,
  -1 1.36 3.69,
  -1 -1.12 1.72,
  1 -1.12 1.72,
  1 -3.12 1.72,
  -1 -3.12 1.72,
  -1 -3.12 3.7,
  1 -3.12 3.7,
  1 -1.12 3.7,
  -1 -1.12 3.7,
  -1 -3.3 1.72,
  1 -3.3 1.72,
  1 -5.3 1.72,
  -1 -5.3 1.72,
  -1 -5.3 3.69,
  1 -5.3 3.69,
  1 -3.3 3.69,
  -1 -3.3 3.69,
  -1 -5.52 1.72,
  1 -5.52 1.72,
  1 -7.52 1.72,
  -1 -7.52 1.72,
  -1 -7.52 3.7,
  1 -7.52 3.7,
  1 -5.52 3.7,
  -1 -5.52 3.7 ]
}

coordIndex	[ 0, 1, 3, 2, -1, 0, 2, 5,
  4, -1, 2, 3, 6, 5, -1, 3,
  1, 7, 6, -1, 5, 6, 7, 4,
  -1, 4, 7, 1, 0, -1, 193, 195,
  194, 192, -1, 194, 197, 196, 192, -1,
  195, 198, 197, 194, -1, 193, 199, 198,
  195, -1, 198, 199, 196, 197, -1, 199,
  193, 192, 196, -1, 201, 203, 202, 200,
  -1, 202, 205, 204, 200, -1, 203, 206,
  205, 202, -1, 201, 207, 206, 203, -1,
  206, 207, 204, 205, -1, 207, 201, 200,
  204, -1, 209, 211, 210, 208, -1, 210,
  213, 212, 208, -1, 211, 214, 213, 210,
  -1, 209, 215, 214, 211, -1, 214, 215,
  212, 213, -1, 215, 209, 208, 212, -1,
  217, 219, 218, 216, -1, 218, 221, 220,
  216, -1, 219, 222, 221, 218, -1, 217,
  223, 222, 219, -1, 222, 223, 220, 221,
  -1, 223, 217, 216, 220, -1, 225, 227,
  226, 224, -1, 226, 229, 228, 224, -1,
  227, 230, 229, 226, -1, 225, 231, 230,
  227, -1, 230, 231, 228, 229, -1, 231,
  225, 224, 228, -1 ]
colorPerVertex	FALSE
ccw	FALSE
solid	TRUE
creaseAngle	0.559
normalIndex	[  ]
texCoordIndex	[  ]
}

}
Shape {
appearance	Appearance {
material	Material {
ambientIntensity	0.1
diffuseColor	0.824 0.718 0.282
specularColor	0.1 0.1 0.1
emissiveColor	0 0 0
shininess	0
transparency	0
}

}

geometry	DEF _35 IndexedFaceSet {
coord	Coordinate {
point	[ -1 -1 -1,
  -1 -1 1,
  1 -1 -1,
  1 -1 1,
  -1 1 -1,
  1 1 -1,
  1 1 1,
  -1 1 1,
  -1.66 -8.8 -7.44,
  -1.66 -8.8 4.36,
  1.97 -8.8 -7.44,
  1.97 -8.8 4.36,
  -1.66 13.8 -7.44,
  1.97 13.8 -7.44,
  1.97 13.8 4.36,
  -1.66 13.8 4.36,
  -1.66 13 -3.97,
  -1.66 13 -6.42,
  -1.66 -7.65 -3.97,
  -1.66 -7.65 -6.42,
  1.62 -7.65 -6.42,
  1.62 -7.65 -3.97,
  1.62 13 -6.42,
  1.62 13 -3.97,
  -1.66 13.1 -1.22,
  -1.66 13.1 -3.68,
  -1.66 -7.53 -1.22,
  -1.66 -7.53 -3.68,
  1.62 -7.53 -3.68,
  1.62 -7.53 -1.22,
  1.62 13.1 -3.68,
  1.62 13.1 -1.22,
  -1.66 13 1.45,
  -1.66 13 -1,
  -1.66 -7.65 1.45,
  -1.66 -7.65 -1,
  1.62 -7.65 -1,
  1.62 -7.65 1.45,
  1.62 13 -1,
  1.62 13 1.45,
  -1.66 12.9 4.17,
  -1.66 12.9 1.72,
  -1.66 -7.77 4.17,
  -1.66 -7.77 1.72,
  1.62 -7.77 1.72,
  1.62 -7.77 4.17,
  1.62 12.9 1.72,
  1.62 12.9 4.17,
  -0.922 10.7 -6.39,
  -0.922 10.7 -4.22,
  0.987 10.7 -6.39,
  0.987 10.7 -4.22,
  -0.922 12.6 -6.39,
  0.987 12.6 -6.39,
  0.987 12.6 -4.22,
  -0.922 12.6 -4.22,
  0.987 10.5 -6.43,
  -0.922 10.5 -6.43,
  -0.922 8.51 -6.43,
  0.987 8.51 -6.43,
  -0.922 8.51 -4.25,
  0.987 8.51 -4.25,
  0.987 10.5 -4.25,
  -0.922 10.5 -4.25,
  -0.922 7.92 -6.42,
  0.987 7.92 -6.42,
  0.987 5.98 -6.42,
  -0.922 5.98 -6.42,
  -0.922 5.98 -4.65,
  0.987 5.98 -4.65,
  0.987 7.92 -4.65,
  -0.922 7.92 -4.65,
  -0.922 3.85 -6.41,
  -0.922 3.85 -4.63,
  0.987 3.85 -6.41,
  0.987 3.85 -4.63,
  -0.922 5.8 -6.41,
  0.987 5.8 -6.41,
  0.987 5.8 -4.63,
  -0.922 5.8 -4.63,
  -0.922 1.58 -6.4,
  -0.922 1.58 -4.62,
  0.987 1.58 -6.4,
  0.987 1.58 -4.62,
  -0.922 3.52 -6.4,
  0.987 3.52 -6.4,
  0.987 3.52 -4.62,
  -0.922 3.52 -4.62,
  -0.922 -0.701 -6.42,
  -0.922 -0.701 -4.64,
  0.987 -0.701 -6.42,
  0.987 -0.701 -4.64,
  -0.922 1.24 -6.42,
  0.987 1.24 -6.42,
  0.987 1.24 -4.64,
  -0.922 1.24 -4.64,
  -0.922 -2.98 -6.39,
  -0.922 -2.98 -4.61,
  0.987 -2.98 -6.39,
  0.987 -2.98 -4.61,
  -0.922 -1.03 -6.39,
  0.987 -1.03 -6.39,
  0.987 -1.03 -4.61,
  -0.922 -1.03 -4.61,
  -0.922 -5.31 -6.42,
  -0.922 -5.31 -4.24,
  0.987 -5.31 -6.42,
  0.987 -5.31 -4.24,
  -0.922 -3.36 -6.42,
  0.987 -3.36 -6.42,
  0.987 -3.36 -4.24,
  -0.922 -3.36 -4.24,
  -0.922 -7.64 -6.41,
  -0.922 -7.64 -4.23,
  0.987 -7.64 -6.41,
  0.987 -7.64 -4.23,
  -0.922 -5.69 -6.41,
  0.987 -5.69 -6.41,
  0.987 -5.69 -4.23,
  -0.922 -5.69 -4.23,
  -0.922 10.6 -3.64,
  -0.922 10.6 -1.47,
  0.987 10.6 -3.64,
  0.987 10.6 -1.47,
  -0.922 12.5 -3.64,
  0.987 12.5 -3.64,
  0.987 12.5 -1.47,
  -0.922 12.5 -1.47,
  -0.922 8.35 -3.63,
  -0.922 8.35 -1.45,
  0.987 8.35 -3.63,
  0.987 8.35 -1.45,
  -0.922 10.3 -3.63,
  0.987 10.3 -3.63,
  0.987 10.3 -1.45,
  -0.922 10.3 -1.45,
  -0.922 6.12 -3.63,
  -0.922 6.12 -1.45,
  0.987 6.12 -3.63,
  0.987 6.12 -1.45,
  -0.922 8.08 -3.63,
  0.987 8.08 -3.63,
  0.987 8.08 -1.45,
  -0.922 8.08 -1.45,
  -0.922 3.96 -3.63,
  -0.922 3.96 -1.86,
  0.987 3.96 -3.63,
  0.987 3.96 -1.86,
  -0.922 5.9 -3.63,
  0.987 5.9 -3.63,
  0.987 5.9 -1.86,
  -0.922 5.9 -1.86,
  -0.922 1.58 -3.65,
  -0.922 1.58 -1.88,
  0.987 1.58 -3.65,
  0.987 1.58 -1.88,
  -0.922 3.52 -3.65,
  0.987 3.52 -3.65,
  0.987 3.52 -1.88,
  -0.922 3.52 -1.88,
  -0.922 -0.908 -3.65,
  -0.922 -0.908 -1.88,
  0.987 -0.908 -3.65,
  0.987 -0.908 -1.88,
  -0.922 1.04 -3.65,
  0.987 1.04 -3.65,
  0.987 1.04 -1.88,
  -0.922 1.04 -1.88,
  -0.922 -3.29 -3.64,
  -0.922 -3.29 -1.87,
  0.987 -3.29 -3.64,
  0.987 -3.29 -1.87,
  -0.922 -1.34 -3.64,
  0.987 -1.34 -3.64,
  0.987 -1.34 -1.87,
  -0.922 -1.34 -1.87,
  -0.922 -5.72 -3.63,
  -0.922 -5.72 -1.86,
  0.987 -5.72 -3.63,
  0.987 -5.72 -1.86,
  -0.922 -3.78 -3.63,
  0.987 -3.78 -3.63,
  0.987 -3.78 -1.86,
  -0.922 -3.78 -1.86,
  -0.922 -7.53 -1.89,
  0.987 -7.53 -1.89,
  0.987 -7.53 -3.67,
  -0.922 -7.53 -3.67,
  -0.922 -5.74 -3.67,
  0.987 -5.74 -3.67,
  0.987 -5.74 -1.89,
  -0.922 -5.74 -1.89,
  -1 10.6 -0.989,
  -1 10.6 1.01,
  1 10.6 -0.989,
  1 10.6 1.01,
  -1 12.6 -0.989,
  1 12.6 -0.989,
  1 12.6 1.01,
  -1 12.6 1.01,
  -1 8.47 -0.989,
  -1 8.47 1.01,
  1 8.47 -0.989,
  1 8.47 1.01,
  -1 10.5 -0.989,
  1 10.5 -0.989,
  1 10.5 1.01,
  -1 10.5 1.01,
  -1 6.14 -0.979,
  -1 6.14 1.02,
  1 6.14 -0.979,
  1 6.14 1.02,
  -1 8.14 -0.979,
  1 8.14 -0.979,
  1 8.14 1.02,
  -1 8.14 1.02,
  -1 3.76 -0.989,
  -1 3.76 1.01,
  1 3.76 -0.989,
  1 3.76 1.01,
  -1 5.76 -0.989,
  1 5.76 -0.989,
  1 5.76 1.01,
  -1 5.76 1.01,
  -1 1.43 -1,
  -1 1.43 1,
  1 1.43 -1,
  1 1.43 1,
  -1 3.43 -1,
  1 3.43 -1,
  1 3.43 1,
  -1 3.43 1,
  -1 -3.23 -1,
  -1 -3.23 1,
  1 -3.23 -1,
  1 -3.23 1,
  -1 -1.23 -1,
  1 -1.23 -1,
  1 -1.23 1,
  -1 -1.23 1,
  -1 -3.61 -1,
  1 -3.61 -1,
  1 -5.61 -1,
  -1 -5.61 -1,
  -1 -5.61 0.989,
  1 -5.61 0.989,
  1 -3.61 0.989,
  -1 -3.61 0.989,
  1 -7.65 -1,
  -1 -7.65 -1,
  -1 -5.73 -1,
  -1 -7.65 0.989,
  1 -5.73 -1,
  1 -7.65 0.989,
  1 -5.73 0.989,
  -1 -5.73 0.989,
  -1 12.7 1.72,
  1 12.7 1.72,
  1 10.7 1.72,
  -1 10.7 1.72,
  -1 10.7 3.66,
  1 10.7 3.66,
  1 12.7 3.66,
  -1 12.7 3.66,
  -1 10.5 1.72,
  1 10.5 1.72,
  1 8.47 1.72,
  -1 8.47 1.72,
  -1 8.47 3.66,
  1 8.47 3.66,
  1 10.5 3.66,
  -1 10.5 3.66,
  -1 8.25 1.72,
  1 8.25 1.72,
  1 6.25 1.72,
  -1 6.25 1.72,
  -1 6.25 3.68,
  1 6.25 3.68,
  1 8.25 3.68,
  -1 8.25 3.68,
  -1 6.02 1.72,
  1 6.02 1.72,
  1 4.02 1.72,
  -1 4.02 1.72,
  -1 4.02 3.7,
  1 4.02 3.7,
  1 6.02 3.7,
  -1 6.02 3.7,
  -1 3.69 1.72,
  1 3.69 1.72,
  1 1.69 1.72,
  -1 1.69 1.72,
  -1 1.69 3.71,
  1 1.69 3.71,
  1 3.69 3.71,
  -1 3.69 3.71,
  -1 1.36 1.72,
  1 1.36 1.72,
  1 -0.638 1.72,
  -1 -0.638 1.72,
  -1 -0.638 3.69,
  1 -0.638 3.69,
  1 1.36 3.69,
  -1 1.36 3.69,
  -1 -1.12 1.72,
  1 -1.12 1.72,
  1 -3.12 1.72,
  -1 -3.12 1.72,
  -1 -3.12 3.7,
  1 -3.12 3.7,
  1 -1.12 3.7,
  -1 -1.12 3.7,
  -1 -3.3 1.72,
  1 -3.3 1.72,
  1 -5.3 1.72,
  -1 -5.3 1.72,
  -1 -5.3 3.69,
  1 -5.3 3.69,
  1 -3.3 3.69,
  -1 -3.3 3.69,
  -1 -5.52 1.72,
  1 -5.52 1.72,
  1 -7.52 1.72,
  -1 -7.52 1.72,
  -1 -7.52 3.7,
  1 -7.52 3.7,
  1 -5.52 3.7,
  -1 -5.52 3.7 ]
}

coordIndex	[ 233, 235, 234, 232, -1, 234, 237, 236,
  232, -1, 235, 238, 237, 234, -1, 233,
  239, 238, 235, -1, 238, 239, 236, 237,
  -1, 239, 233, 232, 236, -1, 244, 245,
  242, 243, -1, 245, 246, 241, 242, -1,
  244, 247, 246, 245, -1, 247, 244, 243,
  240, -1, 246, 247, 240, 241, -1, 253,
  254, 252, 248, -1, 255, 254, 253, 251,
  -1, 255, 251, 249, 250, -1, 254, 255,
  250, 252, -1, 292, 293, 290, 291, -1,
  293, 294, 289, 290, -1, 292, 295, 294,
  293, -1, 294, 295, 288, 289, -1, 300,
  301, 298, 299, -1, 301, 302, 297, 298,
  -1, 300, 303, 302, 301, -1, 302, 303,
  296, 297, -1, 308, 309, 306, 307, -1,
  309, 310, 305, 306, -1, 308, 311, 310,
  309, -1, 310, 311, 304, 305, -1, 316,
  317, 314, 315, -1, 317, 318, 313, 314,
  -1, 316, 319, 318, 317, -1, 318, 319,
  312, 313, -1, 324, 325, 322, 323, -1,
  325, 326, 321, 322, -1, 324, 327, 326,
  325, -1, 326, 327, 320, 321, -1 ]
colorPerVertex	FALSE
ccw	FALSE
solid	TRUE
creaseAngle	0.559
normalIndex	[  ]
texCoordIndex	[  ]
}

}
Shape {
appearance	Appearance {
material	Material {
ambientIntensity	0.1
diffuseColor	0.796 0.824 0.773
specularColor	0.1 0.1 0.1
emissiveColor	0 0 0
shininess	0
transparency	0
}

}

geometry	DEF _36 IndexedFaceSet {
coord	Coordinate {
point	[ -1 -1 -1,
  -1 -1 1,
  1 -1 -1,
  1 -1 1,
  -1 1 -1,
  1 1 -1,
  1 1 1,
  -1 1 1,
  -1.66 -8.8 -7.44,
  -1.66 -8.8 4.36,
  1.97 -8.8 -7.44,
  1.97 -8.8 4.36,
  -1.66 13.8 -7.44,
  1.97 13.8 -7.44,
  1.97 13.8 4.36,
  -1.66 13.8 4.36,
  -1.66 13 -3.97,
  -1.66 13 -6.42,
  -1.66 -7.65 -3.97,
  -1.66 -7.65 -6.42,
  1.62 -7.65 -6.42,
  1.62 -7.65 -3.97,
  1.62 13 -6.42,
  1.62 13 -3.97,
  -1.66 13.1 -1.22,
  -1.66 13.1 -3.68,
  -1.66 -7.53 -1.22,
  -1.66 -7.53 -3.68,
  1.62 -7.53 -3.68,
  1.62 -7.53 -1.22,
  1.62 13.1 -3.68,
  1.62 13.1 -1.22,
  -1.66 13 1.45,
  -1.66 13 -1,
  -1.66 -7.65 1.45,
  -1.66 -7.65 -1,
  1.62 -7.65 -1,
  1.62 -7.65 1.45,
  1.62 13 -1,
  1.62 13 1.45,
  -1.66 12.9 4.17,
  -1.66 12.9 1.72,
  -1.66 -7.77 4.17,
  -1.66 -7.77 1.72,
  1.62 -7.77 1.72,
  1.62 -7.77 4.17,
  1.62 12.9 1.72,
  1.62 12.9 4.17,
  -0.922 10.7 -6.39,
  -0.922 10.7 -4.22,
  0.987 10.7 -6.39,
  0.987 10.7 -4.22,
  -0.922 12.6 -6.39,
  0.987 12.6 -6.39,
  0.987 12.6 -4.22,
  -0.922 12.6 -4.22,
  0.987 10.5 -6.43,
  -0.922 10.5 -6.43,
  -0.922 8.51 -6.43,
  0.987 8.51 -6.43,
  -0.922 8.51 -4.25,
  0.987 8.51 -4.25,
  0.987 10.5 -4.25,
  -0.922 10.5 -4.25,
  -0.922 7.92 -6.42,
  0.987 7.92 -6.42,
  0.987 5.98 -6.42,
  -0.922 5.98 -6.42,
  -0.922 5.98 -4.65,
  0.987 5.98 -4.65,
  0.987 7.92 -4.65,
  -0.922 7.92 -4.65,
  -0.922 3.85 -6.41,
  -0.922 3.85 -4.63,
  0.987 3.85 -6.41,
  0.987 3.85 -4.63,
  -0.922 5.8 -6.41,
  0.987 5.8 -6.41,
  0.987 5.8 -4.63,
  -0.922 5.8 -4.63,
  -0.922 1.58 -6.4,
  -0.922 1.58 -4.62,
  0.987 1.58 -6.4,
  0.987 1.58 -4.62,
  -0.922 3.52 -6.4,
  0.987 3.52 -6.4,
  0.987 3.52 -4.62,
  -0.922 3.52 -4.62,
  -0.922 -0.701 -6.42,
  -0.922 -0.701 -4.64,
  0.987 -0.701 -6.42,
  0.987 -0.701 -4.64,
  -0.922 1.24 -6.42,
  0.987 1.24 -6.42,
  0.987 1.24 -4.64,
  -0.922 1.24 -4.64,
  -0.922 -2.98 -6.39,
  -0.922 -2.98 -4.61,
  0.987 -2.98 -6.39,
  0.987 -2.98 -4.61,
  -0.922 -1.03 -6.39,
  0.987 -1.03 -6.39,
  0.987 -1.03 -4.61,
  -0.922 -1.03 -4.61,
  -0.922 -5.31 -6.42,
  -0.922 -5.31 -4.24,
  0.987 -5.31 -6.42,
  0.987 -5.31 -4.24,
  -0.922 -3.36 -6.42,
  0.987 -3.36 -6.42,
  0.987 -3.36 -4.24,
  -0.922 -3.36 -4.24,
  -0.922 -7.64 -6.41,
  -0.922 -7.64 -4.23,
  0.987 -7.64 -6.41,
  0.987 -7.64 -4.23,
  -0.922 -5.69 -6.41,
  0.987 -5.69 -6.41,
  0.987 -5.69 -4.23,
  -0.922 -5.69 -4.23,
  -0.922 10.6 -3.64,
  -0.922 10.6 -1.47,
  0.987 10.6 -3.64,
  0.987 10.6 -1.47,
  -0.922 12.5 -3.64,
  0.987 12.5 -3.64,
  0.987 12.5 -1.47,
  -0.922 12.5 -1.47,
  -0.922 8.35 -3.63,
  -0.922 8.35 -1.45,
  0.987 8.35 -3.63,
  0.987 8.35 -1.45,
  -0.922 10.3 -3.63,
  0.987 10.3 -3.63,
  0.987 10.3 -1.45,
  -0.922 10.3 -1.45,
  -0.922 6.12 -3.63,
  -0.922 6.12 -1.45,
  0.987 6.12 -3.63,
  0.987 6.12 -1.45,
  -0.922 8.08 -3.63,
  0.987 8.08 -3.63,
  0.987 8.08 -1.45,
  -0.922 8.08 -1.45,
  -0.922 3.96 -3.63,
  -0.922 3.96 -1.86,
  0.987 3.96 -3.63,
  0.987 3.96 -1.86,
  -0.922 5.9 -3.63,
  0.987 5.9 -3.63,
  0.987 5.9 -1.86,
  -0.922 5.9 -1.86,
  -0.922 1.58 -3.65,
  -0.922 1.58 -1.88,
  0.987 1.58 -3.65,
  0.987 1.58 -1.88,
  -0.922 3.52 -3.65,
  0.987 3.52 -3.65,
  0.987 3.52 -1.88,
  -0.922 3.52 -1.88,
  -0.922 -0.908 -3.65,
  -0.922 -0.908 -1.88,
  0.987 -0.908 -3.65,
  0.987 -0.908 -1.88,
  -0.922 1.04 -3.65,
  0.987 1.04 -3.65,
  0.987 1.04 -1.88,
  -0.922 1.04 -1.88,
  -0.922 -3.29 -3.64,
  -0.922 -3.29 -1.87,
  0.987 -3.29 -3.64,
  0.987 -3.29 -1.87,
  -0.922 -1.34 -3.64,
  0.987 -1.34 -3.64,
  0.987 -1.34 -1.87,
  -0.922 -1.34 -1.87,
  -0.922 -5.72 -3.63,
  -0.922 -5.72 -1.86,
  0.987 -5.72 -3.63,
  0.987 -5.72 -1.86,
  -0.922 -3.78 -3.63,
  0.987 -3.78 -3.63,
  0.987 -3.78 -1.86,
  -0.922 -3.78 -1.86,
  -0.922 -7.53 -1.89,
  0.987 -7.53 -1.89,
  0.987 -7.53 -3.67,
  -0.922 -7.53 -3.67,
  -0.922 -5.74 -3.67,
  0.987 -5.74 -3.67,
  0.987 -5.74 -1.89,
  -0.922 -5.74 -1.89,
  -1 10.6 -0.989,
  -1 10.6 1.01,
  1 10.6 -0.989,
  1 10.6 1.01,
  -1 12.6 -0.989,
  1 12.6 -0.989,
  1 12.6 1.01,
  -1 12.6 1.01,
  -1 8.47 -0.989,
  -1 8.47 1.01,
  1 8.47 -0.989,
  1 8.47 1.01,
  -1 10.5 -0.989,
  1 10.5 -0.989,
  1 10.5 1.01,
  -1 10.5 1.01,
  -1 6.14 -0.979,
  -1 6.14 1.02,
  1 6.14 -0.979,
  1 6.14 1.02,
  -1 8.14 -0.979,
  1 8.14 -0.979,
  1 8.14 1.02,
  -1 8.14 1.02,
  -1 3.76 -0.989,
  -1 3.76 1.01,
  1 3.76 -0.989,
  1 3.76 1.01,
  -1 5.76 -0.989,
  1 5.76 -0.989,
  1 5.76 1.01,
  -1 5.76 1.01,
  -1 1.43 -1,
  -1 1.43 1,
  1 1.43 -1,
  1 1.43 1,
  -1 3.43 -1,
  1 3.43 -1,
  1 3.43 1,
  -1 3.43 1,
  -1 -3.23 -1,
  -1 -3.23 1,
  1 -3.23 -1,
  1 -3.23 1,
  -1 -1.23 -1,
  1 -1.23 -1,
  1 -1.23 1,
  -1 -1.23 1,
  -1 -3.61 -1,
  1 -3.61 -1,
  1 -5.61 -1,
  -1 -5.61 -1,
  -1 -5.61 0.989,
  1 -5.61 0.989,
  1 -3.61 0.989,
  -1 -3.61 0.989,
  1 -7.65 -1,
  -1 -7.65 -1,
  -1 -5.73 -1,
  -1 -7.65 0.989,
  1 -5.73 -1,
  1 -7.65 0.989,
  1 -5.73 0.989,
  -1 -5.73 0.989,
  -1 12.7 1.72,
  1 12.7 1.72,
  1 10.7 1.72,
  -1 10.7 1.72,
  -1 10.7 3.66,
  1 10.7 3.66,
  1 12.7 3.66,
  -1 12.7 3.66,
  -1 10.5 1.72,
  1 10.5 1.72,
  1 8.47 1.72,
  -1 8.47 1.72,
  -1 8.47 3.66,
  1 8.47 3.66,
  1 10.5 3.66,
  -1 10.5 3.66,
  -1 8.25 1.72,
  1 8.25 1.72,
  1 6.25 1.72,
  -1 6.25 1.72,
  -1 6.25 3.68,
  1 6.25 3.68,
  1 8.25 3.68,
  -1 8.25 3.68,
  -1 6.02 1.72,
  1 6.02 1.72,
  1 4.02 1.72,
  -1 4.02 1.72,
  -1 4.02 3.7,
  1 4.02 3.7,
  1 6.02 3.7,
  -1 6.02 3.7,
  -1 3.69 1.72,
  1 3.69 1.72,
  1 1.69 1.72,
  -1 1.69 1.72,
  -1 1.69 3.71,
  1 1.69 3.71,
  1 3.69 3.71,
  -1 3.69 3.71,
  -1 1.36 1.72,
  1 1.36 1.72,
  1 -0.638 1.72,
  -1 -0.638 1.72,
  -1 -0.638 3.69,
  1 -0.638 3.69,
  1 1.36 3.69,
  -1 1.36 3.69,
  -1 -1.12 1.72,
  1 -1.12 1.72,
  1 -3.12 1.72,
  -1 -3.12 1.72,
  -1 -3.12 3.7,
  1 -3.12 3.7,
  1 -1.12 3.7,
  -1 -1.12 3.7,
  -1 -3.3 1.72,
  1 -3.3 1.72,
  1 -5.3 1.72,
  -1 -5.3 1.72,
  -1 -5.3 3.69,
  1 -5.3 3.69,
  1 -3.3 3.69,
  -1 -3.3 3.69,
  -1 -5.52 1.72,
  1 -5.52 1.72,
  1 -7.52 1.72,
  -1 -7.52 1.72,
  -1 -7.52 3.7,
  1 -7.52 3.7,
  1 -5.52 3.7,
  -1 -5.52 3.7 ]
}

coordIndex	[ 260, 261, 258, 259, -1, 261, 262, 257,
  258, -1, 260, 263, 262, 261, -1, 262,
  263, 256, 257, -1, 268, 269, 266, 267,
  -1, 269, 270, 265, 266, -1, 268, 271,
  270, 269, -1, 270, 271, 264, 265, -1,
  276, 277, 274, 275, -1, 277, 278, 273,
  274, -1, 276, 279, 278, 277, -1, 278,
  279, 272, 273, -1, 284, 285, 282, 283,
  -1, 285, 286, 281, 282, -1, 284, 287,
  286, 285, -1, 286, 287, 280, 281, -1 ]
colorPerVertex	FALSE
ccw	FALSE
solid	TRUE
creaseAngle	0.559
normalIndex	[  ]
texCoordIndex	[  ]
}

}
Shape {
appearance	Appearance {
material	Material {
ambientIntensity	0.1
diffuseColor	0.776 0.773 0.824
specularColor	0.1 0.1 0.1
emissiveColor	0 0 0
shininess	0
transparency	0
}

}

geometry	DEF _37 IndexedFaceSet {
coord	Coordinate {
point	[ -1 -1 -1,
  -1 -1 1,
  1 -1 -1,
  1 -1 1,
  -1 1 -1,
  1 1 -1,
  1 1 1,
  -1 1 1,
  -1.66 -8.8 -7.44,
  -1.66 -8.8 4.36,
  1.97 -8.8 -7.44,
  1.97 -8.8 4.36,
  -1.66 13.8 -7.44,
  1.97 13.8 -7.44,
  1.97 13.8 4.36,
  -1.66 13.8 4.36,
  -1.66 13 -3.97,
  -1.66 13 -6.42,
  -1.66 -7.65 -3.97,
  -1.66 -7.65 -6.42,
  1.62 -7.65 -6.42,
  1.62 -7.65 -3.97,
  1.62 13 -6.42,
  1.62 13 -3.97,
  -1.66 13.1 -1.22,
  -1.66 13.1 -3.68,
  -1.66 -7.53 -1.22,
  -1.66 -7.53 -3.68,
  1.62 -7.53 -3.68,
  1.62 -7.53 -1.22,
  1.62 13.1 -3.68,
  1.62 13.1 -1.22,
  -1.66 13 1.45,
  -1.66 13 -1,
  -1.66 -7.65 1.45,
  -1.66 -7.65 -1,
  1.62 -7.65 -1,
  1.62 -7.65 1.45,
  1.62 13 -1,
  1.62 13 1.45,
  -1.66 12.9 4.17,
  -1.66 12.9 1.72,
  -1.66 -7.77 4.17,
  -1.66 -7.77 1.72,
  1.62 -7.77 1.72,
  1.62 -7.77 4.17,
  1.62 12.9 1.72,
  1.62 12.9 4.17,
  -0.922 10.7 -6.39,
  -0.922 10.7 -4.22,
  0.987 10.7 -6.39,
  0.987 10.7 -4.22,
  -0.922 12.6 -6.39,
  0.987 12.6 -6.39,
  0.987 12.6 -4.22,
  -0.922 12.6 -4.22,
  0.987 10.5 -6.43,
  -0.922 10.5 -6.43,
  -0.922 8.51 -6.43,
  0.987 8.51 -6.43,
  -0.922 8.51 -4.25,
  0.987 8.51 -4.25,
  0.987 10.5 -4.25,
  -0.922 10.5 -4.25,
  -0.922 7.92 -6.42,
  0.987 7.92 -6.42,
  0.987 5.98 -6.42,
  -0.922 5.98 -6.42,
  -0.922 5.98 -4.65,
  0.987 5.98 -4.65,
  0.987 7.92 -4.65,
  -0.922 7.92 -4.65,
  -0.922 3.85 -6.41,
  -0.922 3.85 -4.63,
  0.987 3.85 -6.41,
  0.987 3.85 -4.63,
  -0.922 5.8 -6.41,
  0.987 5.8 -6.41,
  0.987 5.8 -4.63,
  -0.922 5.8 -4.63,
  -0.922 1.58 -6.4,
  -0.922 1.58 -4.62,
  0.987 1.58 -6.4,
  0.987 1.58 -4.62,
  -0.922 3.52 -6.4,
  0.987 3.52 -6.4,
  0.987 3.52 -4.62,
  -0.922 3.52 -4.62,
  -0.922 -0.701 -6.42,
  -0.922 -0.701 -4.64,
  0.987 -0.701 -6.42,
  0.987 -0.701 -4.64,
  -0.922 1.24 -6.42,
  0.987 1.24 -6.42,
  0.987 1.24 -4.64,
  -0.922 1.24 -4.64,
  -0.922 -2.98 -6.39,
  -0.922 -2.98 -4.61,
  0.987 -2.98 -6.39,
  0.987 -2.98 -4.61,
  -0.922 -1.03 -6.39,
  0.987 -1.03 -6.39,
  0.987 -1.03 -4.61,
  -0.922 -1.03 -4.61,
  -0.922 -5.31 -6.42,
  -0.922 -5.31 -4.24,
  0.987 -5.31 -6.42,
  0.987 -5.31 -4.24,
  -0.922 -3.36 -6.42,
  0.987 -3.36 -6.42,
  0.987 -3.36 -4.24,
  -0.922 -3.36 -4.24,
  -0.922 -7.64 -6.41,
  -0.922 -7.64 -4.23,
  0.987 -7.64 -6.41,
  0.987 -7.64 -4.23,
  -0.922 -5.69 -6.41,
  0.987 -5.69 -6.41,
  0.987 -5.69 -4.23,
  -0.922 -5.69 -4.23,
  -0.922 10.6 -3.64,
  -0.922 10.6 -1.47,
  0.987 10.6 -3.64,
  0.987 10.6 -1.47,
  -0.922 12.5 -3.64,
  0.987 12.5 -3.64,
  0.987 12.5 -1.47,
  -0.922 12.5 -1.47,
  -0.922 8.35 -3.63,
  -0.922 8.35 -1.45,
  0.987 8.35 -3.63,
  0.987 8.35 -1.45,
  -0.922 10.3 -3.63,
  0.987 10.3 -3.63,
  0.987 10.3 -1.45,
  -0.922 10.3 -1.45,
  -0.922 6.12 -3.63,
  -0.922 6.12 -1.45,
  0.987 6.12 -3.63,
  0.987 6.12 -1.45,
  -0.922 8.08 -3.63,
  0.987 8.08 -3.63,
  0.987 8.08 -1.45,
  -0.922 8.08 -1.45,
  -0.922 3.96 -3.63,
  -0.922 3.96 -1.86,
  0.987 3.96 -3.63,
  0.987 3.96 -1.86,
  -0.922 5.9 -3.63,
  0.987 5.9 -3.63,
  0.987 5.9 -1.86,
  -0.922 5.9 -1.86,
  -0.922 1.58 -3.65,
  -0.922 1.58 -1.88,
  0.987 1.58 -3.65,
  0.987 1.58 -1.88,
  -0.922 3.52 -3.65,
  0.987 3.52 -3.65,
  0.987 3.52 -1.88,
  -0.922 3.52 -1.88,
  -0.922 -0.908 -3.65,
  -0.922 -0.908 -1.88,
  0.987 -0.908 -3.65,
  0.987 -0.908 -1.88,
  -0.922 1.04 -3.65,
  0.987 1.04 -3.65,
  0.987 1.04 -1.88,
  -0.922 1.04 -1.88,
  -0.922 -3.29 -3.64,
  -0.922 -3.29 -1.87,
  0.987 -3.29 -3.64,
  0.987 -3.29 -1.87,
  -0.922 -1.34 -3.64,
  0.987 -1.34 -3.64,
  0.987 -1.34 -1.87,
  -0.922 -1.34 -1.87,
  -0.922 -5.72 -3.63,
  -0.922 -5.72 -1.86,
  0.987 -5.72 -3.63,
  0.987 -5.72 -1.86,
  -0.922 -3.78 -3.63,
  0.987 -3.78 -3.63,
  0.987 -3.78 -1.86,
  -0.922 -3.78 -1.86,
  -0.922 -7.53 -1.89,
  0.987 -7.53 -1.89,
  0.987 -7.53 -3.67,
  -0.922 -7.53 -3.67,
  -0.922 -5.74 -3.67,
  0.987 -5.74 -3.67,
  0.987 -5.74 -1.89,
  -0.922 -5.74 -1.89,
  -1 10.6 -0.989,
  -1 10.6 1.01,
  1 10.6 -0.989,
  1 10.6 1.01,
  -1 12.6 -0.989,
  1 12.6 -0.989,
  1 12.6 1.01,
  -1 12.6 1.01,
  -1 8.47 -0.989,
  -1 8.47 1.01,
  1 8.47 -0.989,
  1 8.47 1.01,
  -1 10.5 -0.989,
  1 10.5 -0.989,
  1 10.5 1.01,
  -1 10.5 1.01,
  -1 6.14 -0.979,
  -1 6.14 1.02,
  1 6.14 -0.979,
  1 6.14 1.02,
  -1 8.14 -0.979,
  1 8.14 -0.979,
  1 8.14 1.02,
  -1 8.14 1.02,
  -1 3.76 -0.989,
  -1 3.76 1.01,
  1 3.76 -0.989,
  1 3.76 1.01,
  -1 5.76 -0.989,
  1 5.76 -0.989,
  1 5.76 1.01,
  -1 5.76 1.01,
  -1 1.43 -1,
  -1 1.43 1,
  1 1.43 -1,
  1 1.43 1,
  -1 3.43 -1,
  1 3.43 -1,
  1 3.43 1,
  -1 3.43 1,
  -1 -3.23 -1,
  -1 -3.23 1,
  1 -3.23 -1,
  1 -3.23 1,
  -1 -1.23 -1,
  1 -1.23 -1,
  1 -1.23 1,
  -1 -1.23 1,
  -1 -3.61 -1,
  1 -3.61 -1,
  1 -5.61 -1,
  -1 -5.61 -1,
  -1 -5.61 0.989,
  1 -5.61 0.989,
  1 -3.61 0.989,
  -1 -3.61 0.989,
  1 -7.65 -1,
  -1 -7.65 -1,
  -1 -5.73 -1,
  -1 -7.65 0.989,
  1 -5.73 -1,
  1 -7.65 0.989,
  1 -5.73 0.989,
  -1 -5.73 0.989,
  -1 12.7 1.72,
  1 12.7 1.72,
  1 10.7 1.72,
  -1 10.7 1.72,
  -1 10.7 3.66,
  1 10.7 3.66,
  1 12.7 3.66,
  -1 12.7 3.66,
  -1 10.5 1.72,
  1 10.5 1.72,
  1 8.47 1.72,
  -1 8.47 1.72,
  -1 8.47 3.66,
  1 8.47 3.66,
  1 10.5 3.66,
  -1 10.5 3.66,
  -1 8.25 1.72,
  1 8.25 1.72,
  1 6.25 1.72,
  -1 6.25 1.72,
  -1 6.25 3.68,
  1 6.25 3.68,
  1 8.25 3.68,
  -1 8.25 3.68,
  -1 6.02 1.72,
  1 6.02 1.72,
  1 4.02 1.72,
  -1 4.02 1.72,
  -1 4.02 3.7,
  1 4.02 3.7,
  1 6.02 3.7,
  -1 6.02 3.7,
  -1 3.69 1.72,
  1 3.69 1.72,
  1 1.69 1.72,
  -1 1.69 1.72,
  -1 1.69 3.71,
  1 1.69 3.71,
  1 3.69 3.71,
  -1 3.69 3.71,
  -1 1.36 1.72,
  1 1.36 1.72,
  1 -0.638 1.72,
  -1 -0.638 1.72,
  -1 -0.638 3.69,
  1 -0.638 3.69,
  1 1.36 3.69,
  -1 1.36 3.69,
  -1 -1.12 1.72,
  1 -1.12 1.72,
  1 -3.12 1.72,
  -1 -3.12 1.72,
  -1 -3.12 3.7,
  1 -3.12 3.7,
  1 -1.12 3.7,
  -1 -1.12 3.7,
  -1 -3.3 1.72,
  1 -3.3 1.72,
  1 -5.3 1.72,
  -1 -5.3 1.72,
  -1 -5.3 3.69,
  1 -5.3 3.69,
  1 -3.3 3.69,
  -1 -3.3 3.69,
  -1 -5.52 1.72,
  1 -5.52 1.72,
  1 -7.52 1.72,
  -1 -7.52 1.72,
  -1 -7.52 3.7,
  1 -7.52 3.7,
  1 -5.52 3.7,
  -1 -5.52 3.7 ]
}

coordIndex	[ 295, 292, 291, 288, -1, 303, 300, 299,
  296, -1, 311, 308, 307, 304, -1, 319,
  316, 315, 312, -1, 327, 324, 323, 320,
  -1 ]
colorPerVertex	FALSE
ccw	FALSE
solid	TRUE
creaseAngle	0.559
normalIndex	[  ]
texCoordIndex	[  ]
}

}
Shape {
appearance	Appearance {
material	Material {
ambientIntensity	0.1
diffuseColor	0.824 0.439 0.42
specularColor	0.1 0.1 0.1
emissiveColor	0 0 0
shininess	0
transparency	0
}

}

geometry	DEF _38 IndexedFaceSet {
coord	Coordinate {
point	[ -1 -1 -1,
  -1 -1 1,
  1 -1 -1,
  1 -1 1,
  -1 1 -1,
  1 1 -1,
  1 1 1,
  -1 1 1,
  -1.66 -8.8 -7.44,
  -1.66 -8.8 4.36,
  1.97 -8.8 -7.44,
  1.97 -8.8 4.36,
  -1.66 13.8 -7.44,
  1.97 13.8 -7.44,
  1.97 13.8 4.36,
  -1.66 13.8 4.36,
  -1.66 13 -3.97,
  -1.66 13 -6.42,
  -1.66 -7.65 -3.97,
  -1.66 -7.65 -6.42,
  1.62 -7.65 -6.42,
  1.62 -7.65 -3.97,
  1.62 13 -6.42,
  1.62 13 -3.97,
  -1.66 13.1 -1.22,
  -1.66 13.1 -3.68,
  -1.66 -7.53 -1.22,
  -1.66 -7.53 -3.68,
  1.62 -7.53 -3.68,
  1.62 -7.53 -1.22,
  1.62 13.1 -3.68,
  1.62 13.1 -1.22,
  -1.66 13 1.45,
  -1.66 13 -1,
  -1.66 -7.65 1.45,
  -1.66 -7.65 -1,
  1.62 -7.65 -1,
  1.62 -7.65 1.45,
  1.62 13 -1,
  1.62 13 1.45,
  -1.66 12.9 4.17,
  -1.66 12.9 1.72,
  -1.66 -7.77 4.17,
  -1.66 -7.77 1.72,
  1.62 -7.77 1.72,
  1.62 -7.77 4.17,
  1.62 12.9 1.72,
  1.62 12.9 4.17,
  -0.922 10.7 -6.39,
  -0.922 10.7 -4.22,
  0.987 10.7 -6.39,
  0.987 10.7 -4.22,
  -0.922 12.6 -6.39,
  0.987 12.6 -6.39,
  0.987 12.6 -4.22,
  -0.922 12.6 -4.22,
  0.987 10.5 -6.43,
  -0.922 10.5 -6.43,
  -0.922 8.51 -6.43,
  0.987 8.51 -6.43,
  -0.922 8.51 -4.25,
  0.987 8.51 -4.25,
  0.987 10.5 -4.25,
  -0.922 10.5 -4.25,
  -0.922 7.92 -6.42,
  0.987 7.92 -6.42,
  0.987 5.98 -6.42,
  -0.922 5.98 -6.42,
  -0.922 5.98 -4.65,
  0.987 5.98 -4.65,
  0.987 7.92 -4.65,
  -0.922 7.92 -4.65,
  -0.922 3.85 -6.41,
  -0.922 3.85 -4.63,
  0.987 3.85 -6.41,
  0.987 3.85 -4.63,
  -0.922 5.8 -6.41,
  0.987 5.8 -6.41,
  0.987 5.8 -4.63,
  -0.922 5.8 -4.63,
  -0.922 1.58 -6.4,
  -0.922 1.58 -4.62,
  0.987 1.58 -6.4,
  0.987 1.58 -4.62,
  -0.922 3.52 -6.4,
  0.987 3.52 -6.4,
  0.987 3.52 -4.62,
  -0.922 3.52 -4.62,
  -0.922 -0.701 -6.42,
  -0.922 -0.701 -4.64,
  0.987 -0.701 -6.42,
  0.987 -0.701 -4.64,
  -0.922 1.24 -6.42,
  0.987 1.24 -6.42,
  0.987 1.24 -4.64,
  -0.922 1.24 -4.64,
  -0.922 -2.98 -6.39,
  -0.922 -2.98 -4.61,
  0.987 -2.98 -6.39,
  0.987 -2.98 -4.61,
  -0.922 -1.03 -6.39,
  0.987 -1.03 -6.39,
  0.987 -1.03 -4.61,
  -0.922 -1.03 -4.61,
  -0.922 -5.31 -6.42,
  -0.922 -5.31 -4.24,
  0.987 -5.31 -6.42,
  0.987 -5.31 -4.24,
  -0.922 -3.36 -6.42,
  0.987 -3.36 -6.42,
  0.987 -3.36 -4.24,
  -0.922 -3.36 -4.24,
  -0.922 -7.64 -6.41,
  -0.922 -7.64 -4.23,
  0.987 -7.64 -6.41,
  0.987 -7.64 -4.23,
  -0.922 -5.69 -6.41,
  0.987 -5.69 -6.41,
  0.987 -5.69 -4.23,
  -0.922 -5.69 -4.23,
  -0.922 10.6 -3.64,
  -0.922 10.6 -1.47,
  0.987 10.6 -3.64,
  0.987 10.6 -1.47,
  -0.922 12.5 -3.64,
  0.987 12.5 -3.64,
  0.987 12.5 -1.47,
  -0.922 12.5 -1.47,
  -0.922 8.35 -3.63,
  -0.922 8.35 -1.45,
  0.987 8.35 -3.63,
  0.987 8.35 -1.45,
  -0.922 10.3 -3.63,
  0.987 10.3 -3.63,
  0.987 10.3 -1.45,
  -0.922 10.3 -1.45,
  -0.922 6.12 -3.63,
  -0.922 6.12 -1.45,
  0.987 6.12 -3.63,
  0.987 6.12 -1.45,
  -0.922 8.08 -3.63,
  0.987 8.08 -3.63,
  0.987 8.08 -1.45,
  -0.922 8.08 -1.45,
  -0.922 3.96 -3.63,
  -0.922 3.96 -1.86,
  0.987 3.96 -3.63,
  0.987 3.96 -1.86,
  -0.922 5.9 -3.63,
  0.987 5.9 -3.63,
  0.987 5.9 -1.86,
  -0.922 5.9 -1.86,
  -0.922 1.58 -3.65,
  -0.922 1.58 -1.88,
  0.987 1.58 -3.65,
  0.987 1.58 -1.88,
  -0.922 3.52 -3.65,
  0.987 3.52 -3.65,
  0.987 3.52 -1.88,
  -0.922 3.52 -1.88,
  -0.922 -0.908 -3.65,
  -0.922 -0.908 -1.88,
  0.987 -0.908 -3.65,
  0.987 -0.908 -1.88,
  -0.922 1.04 -3.65,
  0.987 1.04 -3.65,
  0.987 1.04 -1.88,
  -0.922 1.04 -1.88,
  -0.922 -3.29 -3.64,
  -0.922 -3.29 -1.87,
  0.987 -3.29 -3.64,
  0.987 -3.29 -1.87,
  -0.922 -1.34 -3.64,
  0.987 -1.34 -3.64,
  0.987 -1.34 -1.87,
  -0.922 -1.34 -1.87,
  -0.922 -5.72 -3.63,
  -0.922 -5.72 -1.86,
  0.987 -5.72 -3.63,
  0.987 -5.72 -1.86,
  -0.922 -3.78 -3.63,
  0.987 -3.78 -3.63,
  0.987 -3.78 -1.86,
  -0.922 -3.78 -1.86,
  -0.922 -7.53 -1.89,
  0.987 -7.53 -1.89,
  0.987 -7.53 -3.67,
  -0.922 -7.53 -3.67,
  -0.922 -5.74 -3.67,
  0.987 -5.74 -3.67,
  0.987 -5.74 -1.89,
  -0.922 -5.74 -1.89,
  -1 10.6 -0.989,
  -1 10.6 1.01,
  1 10.6 -0.989,
  1 10.6 1.01,
  -1 12.6 -0.989,
  1 12.6 -0.989,
  1 12.6 1.01,
  -1 12.6 1.01,
  -1 8.47 -0.989,
  -1 8.47 1.01,
  1 8.47 -0.989,
  1 8.47 1.01,
  -1 10.5 -0.989,
  1 10.5 -0.989,
  1 10.5 1.01,
  -1 10.5 1.01,
  -1 6.14 -0.979,
  -1 6.14 1.02,
  1 6.14 -0.979,
  1 6.14 1.02,
  -1 8.14 -0.979,
  1 8.14 -0.979,
  1 8.14 1.02,
  -1 8.14 1.02,
  -1 3.76 -0.989,
  -1 3.76 1.01,
  1 3.76 -0.989,
  1 3.76 1.01,
  -1 5.76 -0.989,
  1 5.76 -0.989,
  1 5.76 1.01,
  -1 5.76 1.01,
  -1 1.43 -1,
  -1 1.43 1,
  1 1.43 -1,
  1 1.43 1,
  -1 3.43 -1,
  1 3.43 -1,
  1 3.43 1,
  -1 3.43 1,
  -1 -3.23 -1,
  -1 -3.23 1,
  1 -3.23 -1,
  1 -3.23 1,
  -1 -1.23 -1,
  1 -1.23 -1,
  1 -1.23 1,
  -1 -1.23 1,
  -1 -3.61 -1,
  1 -3.61 -1,
  1 -5.61 -1,
  -1 -5.61 -1,
  -1 -5.61 0.989,
  1 -5.61 0.989,
  1 -3.61 0.989,
  -1 -3.61 0.989,
  1 -7.65 -1,
  -1 -7.65 -1,
  -1 -5.73 -1,
  -1 -7.65 0.989,
  1 -5.73 -1,
  1 -7.65 0.989,
  1 -5.73 0.989,
  -1 -5.73 0.989,
  -1 12.7 1.72,
  1 12.7 1.72,
  1 10.7 1.72,
  -1 10.7 1.72,
  -1 10.7 3.66,
  1 10.7 3.66,
  1 12.7 3.66,
  -1 12.7 3.66,
  -1 10.5 1.72,
  1 10.5 1.72,
  1 8.47 1.72,
  -1 8.47 1.72,
  -1 8.47 3.66,
  1 8.47 3.66,
  1 10.5 3.66,
  -1 10.5 3.66,
  -1 8.25 1.72,
  1 8.25 1.72,
  1 6.25 1.72,
  -1 6.25 1.72,
  -1 6.25 3.68,
  1 6.25 3.68,
  1 8.25 3.68,
  -1 8.25 3.68,
  -1 6.02 1.72,
  1 6.02 1.72,
  1 4.02 1.72,
  -1 4.02 1.72,
  -1 4.02 3.7,
  1 4.02 3.7,
  1 6.02 3.7,
  -1 6.02 3.7,
  -1 3.69 1.72,
  1 3.69 1.72,
  1 1.69 1.72,
  -1 1.69 1.72,
  -1 1.69 3.71,
  1 1.69 3.71,
  1 3.69 3.71,
  -1 3.69 3.71,
  -1 1.36 1.72,
  1 1.36 1.72,
  1 -0.638 1.72,
  -1 -0.638 1.72,
  -1 -0.638 3.69,
  1 -0.638 3.69,
  1 1.36 3.69,
  -1 1.36 3.69,
  -1 -1.12 1.72,
  1 -1.12 1.72,
  1 -3.12 1.72,
  -1 -3.12 1.72,
  -1 -3.12 3.7,
  1 -3.12 3.7,
  1 -1.12 3.7,
  -1 -1.12 3.7,
  -1 -3.3 1.72,
  1 -3.3 1.72,
  1 -5.3 1.72,
  -1 -5.3 1.72,
  -1 -5.3 3.69,
  1 -5.3 3.69,
  1 -3.3 3.69,
  -1 -3.3 3.69,
  -1 -5.52 1.72,
  1 -5.52 1.72,
  1 -7.52 1.72,
  -1 -7.52 1.72,
  -1 -7.52 3.7,
  1 -7.52 3.7,
  1 -5.52 3.7,
  -1 -5.52 3.7 ]
}

coordIndex	[ 263, 260, 259, 256, -1, 271, 268, 267,
  264, -1, 279, 276, 275, 272, -1, 287,
  284, 283, 280, -1 ]
colorPerVertex	FALSE
ccw	FALSE
solid	TRUE
creaseAngle	0.559
normalIndex	[  ]
texCoordIndex	[  ]
}

}
]
translation	15.1 12.3 -13.2
rotation	-1 0 0  1.57
scale	1 0.321 1.57
}
DEF light2 Transform {
children	Shape {
appearance	Appearance {
material	Material {
ambientIntensity	0
diffuseColor	0.8 0.8 0.8
specularColor	0.8 0.8 0.8
emissiveColor	0.85 0.85 0.85
shininess	0
transparency	0
}

}

geometry	DEF _39 IndexedFaceSet {
coord	Coordinate {
point	[ 1 0 -1,
  0.924 0.383 -1,
  0.707 0.707 -1,
  0.383 0.924 -1,
  -1.03e-013 1 -1,
  -0.383 0.924 -1,
  -0.707 0.707 -1,
  -0.924 0.383 -1,
  -1 -2.07e-013 -1,
  -0.924 -0.383 -1,
  -0.707 -0.707 -1,
  -0.383 -0.924 -1,
  3.11e-013 -1 -1,
  0.383 -0.924 -1,
  0.707 -0.707 -1,
  0.924 -0.383 -1,
  1 0 -0.6,
  0.924 0.383 -0.6,
  0.707 0.707 -0.6,
  0.383 0.924 -0.6,
  -1.03e-013 1 -0.6,
  -0.383 0.924 -0.6,
  -0.707 0.707 -0.6,
  -0.924 0.383 -0.6,
  -1 -2.07e-013 -0.6,
  -0.924 -0.383 -0.6,
  -0.707 -0.707 -0.6,
  -0.383 -0.924 -0.6,
  3.11e-013 -1 -0.6,
  0.383 -0.924 -0.6,
  0.707 -0.707 -0.6,
  0.924 -0.383 -0.6,
  1 0 -0.2,
  0.924 0.383 -0.2,
  0.707 0.707 -0.2,
  0.383 0.924 -0.2,
  -1.03e-013 1 -0.2,
  -0.383 0.924 -0.2,
  -0.707 0.707 -0.2,
  -0.924 0.383 -0.2,
  -1 -2.07e-013 -0.2,
  -0.924 -0.383 -0.2,
  -0.707 -0.707 -0.2,
  -0.383 -0.924 -0.2,
  3.11e-013 -1 -0.2,
  0.383 -0.924 -0.2,
  0.707 -0.707 -0.2,
  0.924 -0.383 -0.2,
  1 0 0.2,
  0.924 0.383 0.2,
  0.707 0.707 0.2,
  0.383 0.924 0.2,
  -1.03e-013 1 0.2,
  -0.383 0.924 0.2,
  -0.707 0.707 0.2,
  -0.924 0.383 0.2,
  -1 -2.07e-013 0.2,
  -0.924 -0.383 0.2,
  -0.707 -0.707 0.2,
  -0.383 -0.924 0.2,
  3.11e-013 -1 0.2,
  0.383 -0.924 0.2,
  0.707 -0.707 0.2,
  0.924 -0.383 0.2,
  1 0 0.6,
  0.924 0.383 0.6,
  0.707 0.707 0.6,
  0.383 0.924 0.6,
  -1.03e-013 1 0.6,
  -0.383 0.924 0.6,
  -0.707 0.707 0.6,
  -0.924 0.383 0.6,
  -1 -2.07e-013 0.6,
  -0.924 -0.383 0.6,
  -0.707 -0.707 0.6,
  -0.383 -0.924 0.6,
  3.11e-013 -1 0.6,
  0.383 -0.924 0.6,
  0.707 -0.707 0.6,
  0.924 -0.383 0.6,
  1 0 1,
  0.924 0.383 1,
  0.707 0.707 1,
  0.383 0.924 1,
  -1.03e-013 1 1,
  -0.383 0.924 1,
  -0.707 0.707 1,
  -0.924 0.383 1,
  -1 -2.07e-013 1,
  -0.924 -0.383 1,
  -0.707 -0.707 1,
  -0.383 -0.924 1,
  3.11e-013 -1 1,
  0.383 -0.924 1,
  0.707 -0.707 1,
  0.924 -0.383 1 ]
}

coordIndex	[ 17, 1, 0, 16, -1, 18, 2, 1,
  17, -1, 19, 3, 2, 18, -1, 20,
  4, 3, 19, -1, 21, 5, 4, 20,
  -1, 22, 6, 5, 21, -1, 23, 7,
  6, 22, -1, 24, 8, 7, 23, -1,
  25, 9, 8, 24, -1, 26, 10, 9,
  25, -1, 27, 11, 10, 26, -1, 28,
  12, 11, 27, -1, 29, 13, 12, 28,
  -1, 30, 14, 13, 29, -1, 31, 15,
  14, 30, -1, 16, 0, 15, 31, -1,
  33, 17, 16, 32, -1, 34, 18, 17,
  33, -1, 35, 19, 18, 34, -1, 36,
  20, 19, 35, -1, 37, 21, 20, 36,
  -1, 38, 22, 21, 37, -1, 39, 23,
  22, 38, -1, 40, 24, 23, 39, -1,
  41, 25, 24, 40, -1, 42, 26, 25,
  41, -1, 43, 27, 26, 42, -1, 44,
  28, 27, 43, -1, 45, 29, 28, 44,
  -1, 46, 30, 29, 45, -1, 47, 31,
  30, 46, -1, 32, 16, 31, 47, -1,
  49, 33, 32, 48, -1, 50, 34, 33,
  49, -1, 51, 35, 34, 50, -1, 52,
  36, 35, 51, -1, 53, 37, 36, 52,
  -1, 54, 38, 37, 53, -1, 55, 39,
  38, 54, -1, 56, 40, 39, 55, -1,
  57, 41, 40, 56, -1, 58, 42, 41,
  57, -1, 59, 43, 42, 58, -1, 60,
  44, 43, 59, -1, 61, 45, 44, 60,
  -1, 62, 46, 45, 61, -1, 63, 47,
  46, 62, -1, 48, 32, 47, 63, -1,
  65, 49, 48, 64, -1, 66, 50, 49,
  65, -1, 67, 51, 50, 66, -1, 68,
  52, 51, 67, -1, 69, 53, 52, 68,
  -1, 70, 54, 53, 69, -1, 71, 55,
  54, 70, -1, 72, 56, 55, 71, -1,
  73, 57, 56, 72, -1, 74, 58, 57,
  73, -1, 75, 59, 58, 74, -1, 76,
  60, 59, 75, -1, 77, 61, 60, 76,
  -1, 78, 62, 61, 77, -1, 79, 63,
  62, 78, -1, 64, 48, 63, 79, -1,
  81, 65, 64, 80, -1, 82, 66, 65,
  81, -1, 83, 67, 66, 82, -1, 84,
  68, 67, 83, -1, 85, 69, 68, 84,
  -1, 86, 70, 69, 85, -1, 87, 71,
  70, 86, -1, 88, 72, 71, 87, -1,
  89, 73, 72, 88, -1, 90, 74, 73,
  89, -1, 91, 75, 74, 90, -1, 92,
  76, 75, 91, -1, 93, 77, 76, 92,
  -1, 94, 78, 77, 93, -1, 95, 79,
  78, 94, -1, 80, 64, 79, 95, -1,
  95, 94, 93, 92, 91, 90, 89, 88,
  87, 86, 85, 84, 83, 82, 81, 80,
  -1, 0, 1, 2, 3, 4, 5, 6,
  7, 8, 9, 10, 11, 12, 13, 14,
  15, -1 ]
colorPerVertex	FALSE
ccw	FALSE
solid	TRUE
creaseAngle	0.559
normalIndex	[  ]
texCoordIndex	[  ]
}

}

translation	-0.749 22.2 3.38
rotation	1 0 0  3.14
scale	0.33 0.33 3.21
}
DEF light1 Transform {
children	Shape {
appearance	Appearance {
material	Material {
ambientIntensity	0
diffuseColor	0.8 0.8 0.8
specularColor	0.8 0.8 0.8
emissiveColor	0.8 0.8 0.8
shininess	0
transparency	0
}

}

geometry	DEF _40 IndexedFaceSet {
coord	Coordinate {
point	[ 1 0 -1,
  0.924 0.383 -1,
  0.707 0.707 -1,
  0.383 0.924 -1,
  -1.03e-013 1 -1,
  -0.383 0.924 -1,
  -0.707 0.707 -1,
  -0.924 0.383 -1,
  -1 -2.07e-013 -1,
  -0.924 -0.383 -1,
  -0.707 -0.707 -1,
  -0.383 -0.924 -1,
  3.11e-013 -1 -1,
  0.383 -0.924 -1,
  0.707 -0.707 -1,
  0.924 -0.383 -1,
  1 0 -0.6,
  0.924 0.383 -0.6,
  0.707 0.707 -0.6,
  0.383 0.924 -0.6,
  -1.03e-013 1 -0.6,
  -0.383 0.924 -0.6,
  -0.707 0.707 -0.6,
  -0.924 0.383 -0.6,
  -1 -2.07e-013 -0.6,
  -0.924 -0.383 -0.6,
  -0.707 -0.707 -0.6,
  -0.383 -0.924 -0.6,
  3.11e-013 -1 -0.6,
  0.383 -0.924 -0.6,
  0.707 -0.707 -0.6,
  0.924 -0.383 -0.6,
  1 0 -0.2,
  0.924 0.383 -0.2,
  0.707 0.707 -0.2,
  0.383 0.924 -0.2,
  -1.03e-013 1 -0.2,
  -0.383 0.924 -0.2,
  -0.707 0.707 -0.2,
  -0.924 0.383 -0.2,
  -1 -2.07e-013 -0.2,
  -0.924 -0.383 -0.2,
  -0.707 -0.707 -0.2,
  -0.383 -0.924 -0.2,
  3.11e-013 -1 -0.2,
  0.383 -0.924 -0.2,
  0.707 -0.707 -0.2,
  0.924 -0.383 -0.2,
  1 0 0.2,
  0.924 0.383 0.2,
  0.707 0.707 0.2,
  0.383 0.924 0.2,
  -1.03e-013 1 0.2,
  -0.383 0.924 0.2,
  -0.707 0.707 0.2,
  -0.924 0.383 0.2,
  -1 -2.07e-013 0.2,
  -0.924 -0.383 0.2,
  -0.707 -0.707 0.2,
  -0.383 -0.924 0.2,
  3.11e-013 -1 0.2,
  0.383 -0.924 0.2,
  0.707 -0.707 0.2,
  0.924 -0.383 0.2,
  1 0 0.6,
  0.924 0.383 0.6,
  0.707 0.707 0.6,
  0.383 0.924 0.6,
  -1.03e-013 1 0.6,
  -0.383 0.924 0.6,
  -0.707 0.707 0.6,
  -0.924 0.383 0.6,
  -1 -2.07e-013 0.6,
  -0.924 -0.383 0.6,
  -0.707 -0.707 0.6,
  -0.383 -0.924 0.6,
  3.11e-013 -1 0.6,
  0.383 -0.924 0.6,
  0.707 -0.707 0.6,
  0.924 -0.383 0.6,
  1 0 1,
  0.924 0.383 1,
  0.707 0.707 1,
  0.383 0.924 1,
  -1.03e-013 1 1,
  -0.383 0.924 1,
  -0.707 0.707 1,
  -0.924 0.383 1,
  -1 -2.07e-013 1,
  -0.924 -0.383 1,
  -0.707 -0.707 1,
  -0.383 -0.924 1,
  3.11e-013 -1 1,
  0.383 -0.924 1,
  0.707 -0.707 1,
  0.924 -0.383 1 ]
}

coordIndex	[ 17, 1, 0, 16, -1, 18, 2, 1,
  17, -1, 19, 3, 2, 18, -1, 20,
  4, 3, 19, -1, 21, 5, 4, 20,
  -1, 22, 6, 5, 21, -1, 23, 7,
  6, 22, -1, 24, 8, 7, 23, -1,
  25, 9, 8, 24, -1, 26, 10, 9,
  25, -1, 27, 11, 10, 26, -1, 28,
  12, 11, 27, -1, 29, 13, 12, 28,
  -1, 30, 14, 13, 29, -1, 31, 15,
  14, 30, -1, 16, 0, 15, 31, -1,
  33, 17, 16, 32, -1, 34, 18, 17,
  33, -1, 35, 19, 18, 34, -1, 36,
  20, 19, 35, -1, 37, 21, 20, 36,
  -1, 38, 22, 21, 37, -1, 39, 23,
  22, 38, -1, 40, 24, 23, 39, -1,
  41, 25, 24, 40, -1, 42, 26, 25,
  41, -1, 43, 27, 26, 42, -1, 44,
  28, 27, 43, -1, 45, 29, 28, 44,
  -1, 46, 30, 29, 45, -1, 47, 31,
  30, 46, -1, 32, 16, 31, 47, -1,
  49, 33, 32, 48, -1, 50, 34, 33,
  49, -1, 51, 35, 34, 50, -1, 52,
  36, 35, 51, -1, 53, 37, 36, 52,
  -1, 54, 38, 37, 53, -1, 55, 39,
  38, 54, -1, 56, 40, 39, 55, -1,
  57, 41, 40, 56, -1, 58, 42, 41,
  57, -1, 59, 43, 42, 58, -1, 60,
  44, 43, 59, -1, 61, 45, 44, 60,
  -1, 62, 46, 45, 61, -1, 63, 47,
  46, 62, -1, 48, 32, 47, 63, -1,
  65, 49, 48, 64, -1, 66, 50, 49,
  65, -1, 67, 51, 50, 66, -1, 68,
  52, 51, 67, -1, 69, 53, 52, 68,
  -1, 70, 54, 53, 69, -1, 71, 55,
  54, 70, -1, 72, 56, 55, 71, -1,
  73, 57, 56, 72, -1, 74, 58, 57,
  73, -1, 75, 59, 58, 74, -1, 76,
  60, 59, 75, -1, 77, 61, 60, 76,
  -1, 78, 62, 61, 77, -1, 79, 63,
  62, 78, -1, 64, 48, 63, 79, -1,
  81, 65, 64, 80, -1, 82, 66, 65,
  81, -1, 83, 67, 66, 82, -1, 84,
  68, 67, 83, -1, 85, 69, 68, 84,
  -1, 86, 70, 69, 85, -1, 87, 71,
  70, 86, -1, 88, 72, 71, 87, -1,
  89, 73, 72, 88, -1, 90, 74, 73,
  89, -1, 91, 75, 74, 90, -1, 92,
  76, 75, 91, -1, 93, 77, 76, 92,
  -1, 94, 78, 77, 93, -1, 95, 79,
  78, 94, -1, 80, 64, 79, 95, -1,
  95, 94, 93, 92, 91, 90, 89, 88,
  87, 86, 85, 84, 83, 82, 81, 80,
  -1, 0, 1, 2, 3, 4, 5, 6,
  7, 8, 9, 10, 11, 12, 13, 14,
  15, -1 ]
colorPerVertex	FALSE
ccw	FALSE
solid	TRUE
creaseAngle	0.559
normalIndex	[  ]
texCoordIndex	[  ]
}

}

translation	0.0552 22.2 3.38
rotation	1 0 0  3.14
scale	0.33 0.33 3.21
}
DEF light_cover Transform {
children	[
Shape {
appearance	Appearance {
material	Material {
ambientIntensity	0.48
diffuseColor	0.941 0.573 0.71
specularColor	0 0 0
emissiveColor	0 0 0
shininess	0.45
transparency	0
}

}

geometry	DEF _41 IndexedFaceSet {
coord	Coordinate {
point	[ 0.75 -0.629 6.42,
  -1.11 -0.629 6.42,
  -0.956 -0.319 6.42,
  0.594 -0.396 6.42,
  0.594 -0.396 0,
  -0.956 -0.319 0,
  -1.11 -0.629 0,
  0.75 -0.629 0,
  1.04 -0.0073 0,
  -1.29 -0.0073 0,
  -1.03 -0.0073 0,
  0.75 -0.0073 0,
  1.04 -0.0073 6.42,
  0.75 -0.0073 6.42,
  -1.03 -0.0073 6.42,
  -1.29 -0.0073 6.42,
  1.04 -0.0073 0,
  -1.29 -0.0073 0,
  -1.03 -0.0073 0,
  0.75 -0.0073 0,
  1.04 -0.0073 6.42,
  0.75 -0.0073 6.42,
  -1.03 -0.0073 6.42,
  -1.29 -0.0073 6.42 ]
}

coordIndex	[ 13, 11, 8, 12, -1, 15, 9, 10,
  14, -1 ]
colorPerVertex	FALSE
ccw	FALSE
solid	TRUE
creaseAngle	0.559
normalIndex	[  ]
texCoordIndex	[  ]
}

}
Shape {
appearance	Appearance {
material	Material {
ambientIntensity	0.1
diffuseColor	1 0.745 0.773
specularColor	0.1 0.1 0.1
emissiveColor	0 0 0
shininess	0
transparency	0
}

}

geometry	DEF _42 IndexedFaceSet {
coord	Coordinate {
point	[ 0.75 -0.629 6.42,
  -1.11 -0.629 6.42,
  -0.956 -0.319 6.42,
  0.594 -0.396 6.42,
  0.594 -0.396 0,
  -0.956 -0.319 0,
  -1.11 -0.629 0,
  0.75 -0.629 0,
  1.04 -0.0073 0,
  -1.29 -0.0073 0,
  -1.03 -0.0073 0,
  0.75 -0.0073 0,
  1.04 -0.0073 6.42,
  0.75 -0.0073 6.42,
  -1.03 -0.0073 6.42,
  -1.29 -0.0073 6.42,
  1.04 -0.0073 0,
  -1.29 -0.0073 0,
  -1.03 -0.0073 0,
  0.75 -0.0073 0,
  1.04 -0.0073 6.42,
  0.75 -0.0073 6.42,
  -1.03 -0.0073 6.42,
  -1.29 -0.0073 6.42 ]
}

coordIndex	[ 15, 1, 6, 9, -1, 3, 2, 5,
  4, -1, 10, 5, 2, 14, -1, 1,
  0, 7, 6, -1, 8, 7, 0, 12,
  -1, 11, 4, 5, 10, 9, 6, 7,
  8, -1, 13, 3, 4, 11, -1, 12,
  0, 1, 15, 14, 2, 3, 13, -1 ]
colorPerVertex	FALSE
ccw	FALSE
solid	TRUE
creaseAngle	0.559
normalIndex	[  ]
texCoordIndex	[  ]
}

}
]
translation	-0.178 22.2 6.6
rotation	1 -1.58e-030 -4.11e-016  3.14
}
DEF clock Transform {
children	[
Shape {
appearance	Appearance {
material	Material {
ambientIntensity	0.1
diffuseColor	1 0.988 0.957
specularColor	0.14 0.14 0.14
emissiveColor	0 0 0
shininess	0.03
transparency	0.643
}

}

geometry	DEF _43 IndexedFaceSet {
coord	Coordinate {
point	[ -1 -1 -1,
  -1 -1 1,
  1 -1 -1,
  1 -1 1,
  -1 1 -1,
  1 1 -1,
  1 1 1,
  -1 1 1,
  -1 -0.965 -0.847,
  -1 0.968 -0.847,
  -1 -0.965 0.841,
  -1 0.968 0.841,
  -1 0.968 -0.938,
  -1 -0.965 0.932,
  -1 0.968 0.932,
  -1 -0.965 -0.938,
  -1.44 -0.965 -0.923,
  -3.25 -0.965 -0.707,
  -4.47 -0.965 -0.384,
  -4.89 -0.965 -0.00292,
  -4.47 -0.965 0.378,
  -3.25 -0.965 0.701,
  -1.44 -0.965 0.917,
  -1.44 0.968 -0.923,
  -3.25 0.968 -0.707,
  -4.47 0.968 -0.384,
  -4.89 0.968 -0.00292,
  -4.47 0.968 0.378,
  -3.25 0.968 0.701,
  -1.44 0.968 0.917,
  -1.09 0.968 0.837,
  -1.09 -0.965 0.837,
  -2.6 0.968 0.64,
  -2.6 -0.965 0.64,
  -3.61 0.968 0.345,
  -3.61 -0.965 0.345,
  -3.97 0.968 -0.00292,
  -3.97 -0.965 -0.00292,
  -3.61 0.968 -0.351,
  -3.61 -0.965 -0.351,
  -2.6 0.968 -0.646,
  -2.6 -0.965 -0.646,
  -1.09 0.968 -0.843,
  -1.09 -0.965 -0.843,
  -1 0.105 0.00191,
  -1 0.691 0.317,
  -1 0.648 0.33,
  -1 0.0624 0.022,
  -1 0.0196 0.0421,
  -1 -0.00898 0.0153,
  -1 0.0481 0.00191,
  -1 0.0196 -0.0249,
  -1 0.0767 -0.0383,
  -1 0.105 -0.0249,
  -1 0.448 -0.139,
  -1 0.476 -0.132,
  -1 0.491 -0.125,
  -1.13 0.495 -0.125,
  -1.13 0.109 0.00191,
  -1.13 0.695 0.317,
  -1.13 0.652 0.33,
  -1.13 0.0665 0.022,
  -1.13 0.0237 0.0421,
  -1.13 -0.00488 0.0153,
  -1.13 0.0522 0.00191,
  -1.13 0.0237 -0.0249,
  -1.13 0.0808 -0.0383,
  -1.13 0.109 -0.0249,
  -1.13 0.452 -0.139,
  -1.13 0.481 -0.132,
  -1 0.105 0.00191,
  -1 0.691 0.317,
  -1 0.648 0.33,
  -1 0.0624 0.022,
  -1 0.0196 0.0421,
  -1 -0.00898 0.0153,
  -1 0.0481 0.00191,
  -1 0.0196 -0.0249,
  -1 0.0767 -0.0383,
  -1 0.105 -0.0249,
  -1 0.448 -0.139,
  -1 0.476 -0.132,
  -1 0.491 -0.125 ]
}

coordIndex	[ 17, 16, 23, 24, -1, 18, 17, 24,
  25, -1, 19, 18, 25, 26, -1, 20,
  19, 26, 27, -1, 21, 20, 27, 28,
  -1, 22, 21, 28, 29, -1, 13, 22,
  29, 14, -1, 10, 31, 33, 35, 37,
  39, 41, 43, 8, 15, 16, 17, 18,
  19, 20, 21, 22, 13, -1, 8, 43,
  42, 9, -1, 35, 33, 32, 34, -1,
  37, 35, 34, 36, -1, 39, 37, 36,
  38, -1, 33, 31, 30, 32, -1, 41,
  39, 38, 40, -1, 43, 41, 40, 42,
  -1, 12, 23, 16, 15, -1, 11, 30,
  31, 10, -1, 14, 29, 28, 27, 26,
  25, 24, 23, 12, 9, 42, 40, 38,
  36, 34, 32, 30, 11, -1 ]
colorPerVertex	FALSE
ccw	FALSE
convex	FALSE
solid	TRUE
creaseAngle	0.559
normalIndex	[  ]
texCoordIndex	[  ]
}

}
Shape {
appearance	Appearance {
material	Material {
ambientIntensity	0.29
diffuseColor	0.984 0.973 0.941
specularColor	0.38 0.38 0.38
emissiveColor	0 0 0
shininess	0.03
transparency	0.0118
}

}

geometry	DEF _44 IndexedFaceSet {
coord	Coordinate {
point	[ -1 -1 -1,
  -1 -1 1,
  1 -1 -1,
  1 -1 1,
  -1 1 -1,
  1 1 -1,
  1 1 1,
  -1 1 1,
  -1 -0.965 -0.847,
  -1 0.968 -0.847,
  -1 -0.965 0.841,
  -1 0.968 0.841,
  -1 0.968 -0.938,
  -1 -0.965 0.932,
  -1 0.968 0.932,
  -1 -0.965 -0.938,
  -1.44 -0.965 -0.923,
  -3.25 -0.965 -0.707,
  -4.47 -0.965 -0.384,
  -4.89 -0.965 -0.00292,
  -4.47 -0.965 0.378,
  -3.25 -0.965 0.701,
  -1.44 -0.965 0.917,
  -1.44 0.968 -0.923,
  -3.25 0.968 -0.707,
  -4.47 0.968 -0.384,
  -4.89 0.968 -0.00292,
  -4.47 0.968 0.378,
  -3.25 0.968 0.701,
  -1.44 0.968 0.917,
  -1.09 0.968 0.837,
  -1.09 -0.965 0.837,
  -2.6 0.968 0.64,
  -2.6 -0.965 0.64,
  -3.61 0.968 0.345,
  -3.61 -0.965 0.345,
  -3.97 0.968 -0.00292,
  -3.97 -0.965 -0.00292,
  -3.61 0.968 -0.351,
  -3.61 -0.965 -0.351,
  -2.6 0.968 -0.646,
  -2.6 -0.965 -0.646,
  -1.09 0.968 -0.843,
  -1.09 -0.965 -0.843,
  -1 0.105 0.00191,
  -1 0.691 0.317,
  -1 0.648 0.33,
  -1 0.0624 0.022,
  -1 0.0196 0.0421,
  -1 -0.00898 0.0153,
  -1 0.0481 0.00191,
  -1 0.0196 -0.0249,
  -1 0.0767 -0.0383,
  -1 0.105 -0.0249,
  -1 0.448 -0.139,
  -1 0.476 -0.132,
  -1 0.491 -0.125,
  -1.13 0.495 -0.125,
  -1.13 0.109 0.00191,
  -1.13 0.695 0.317,
  -1.13 0.652 0.33,
  -1.13 0.0665 0.022,
  -1.13 0.0237 0.0421,
  -1.13 -0.00488 0.0153,
  -1.13 0.0522 0.00191,
  -1.13 0.0237 -0.0249,
  -1.13 0.0808 -0.0383,
  -1.13 0.109 -0.0249,
  -1.13 0.452 -0.139,
  -1.13 0.481 -0.132,
  -1 0.105 0.00191,
  -1 0.691 0.317,
  -1 0.648 0.33,
  -1 0.0624 0.022,
  -1 0.0196 0.0421,
  -1 -0.00898 0.0153,
  -1 0.0481 0.00191,
  -1 0.0196 -0.0249,
  -1 0.0767 -0.0383,
  -1 0.105 -0.0249,
  -1 0.448 -0.139,
  -1 0.476 -0.132,
  -1 0.491 -0.125 ]
}

coordIndex	[ 59, 60, 61, 62, 63, 64, 65, 66,
  67, 68, 69, 57, 58, -1, 51, 65,
  64, 50, -1, 49, 63, 62, 48, -1,
  48, 62, 61, 47, -1, 47, 61, 60,
  46, -1, 46, 60, 59, 45, -1, 44,
  58, 57, 56, -1, 53, 67, 66, 52,
  -1, 50, 64, 63, 49, -1, 52, 66,
  65, 51, -1, 54, 68, 67, 53, -1,
  55, 69, 68, 54, -1, 56, 57, 69,
  55, -1, 45, 59, 58, 44, -1 ]
colorPerVertex	FALSE
ccw	FALSE
convex	FALSE
solid	TRUE
creaseAngle	0.559
normalIndex	[  ]
texCoordIndex	[  ]
}

}
Shape {
appearance	Appearance {
material	Material {
ambientIntensity	0.1
diffuseColor	0.243 0.239 0.231
specularColor	0.14 0.14 0.14
emissiveColor	0 0 0
shininess	0.03
transparency	0.0118
}

}

geometry	DEF _45 IndexedFaceSet {
coord	Coordinate {
point	[ -1 -1 -1,
  -1 -1 1,
  1 -1 -1,
  1 -1 1,
  -1 1 -1,
  1 1 -1,
  1 1 1,
  -1 1 1,
  -1 -0.965 -0.847,
  -1 0.968 -0.847,
  -1 -0.965 0.841,
  -1 0.968 0.841,
  -1 0.968 -0.938,
  -1 -0.965 0.932,
  -1 0.968 0.932,
  -1 -0.965 -0.938,
  -1.44 -0.965 -0.923,
  -3.25 -0.965 -0.707,
  -4.47 -0.965 -0.384,
  -4.89 -0.965 -0.00292,
  -4.47 -0.965 0.378,
  -3.25 -0.965 0.701,
  -1.44 -0.965 0.917,
  -1.44 0.968 -0.923,
  -3.25 0.968 -0.707,
  -4.47 0.968 -0.384,
  -4.89 0.968 -0.00292,
  -4.47 0.968 0.378,
  -3.25 0.968 0.701,
  -1.44 0.968 0.917,
  -1.09 0.968 0.837,
  -1.09 -0.965 0.837,
  -2.6 0.968 0.64,
  -2.6 -0.965 0.64,
  -3.61 0.968 0.345,
  -3.61 -0.965 0.345,
  -3.97 0.968 -0.00292,
  -3.97 -0.965 -0.00292,
  -3.61 0.968 -0.351,
  -3.61 -0.965 -0.351,
  -2.6 0.968 -0.646,
  -2.6 -0.965 -0.646,
  -1.09 0.968 -0.843,
  -1.09 -0.965 -0.843,
  -1 0.105 0.00191,
  -1 0.691 0.317,
  -1 0.648 0.33,
  -1 0.0624 0.022,
  -1 0.0196 0.0421,
  -1 -0.00898 0.0153,
  -1 0.0481 0.00191,
  -1 0.0196 -0.0249,
  -1 0.0767 -0.0383,
  -1 0.105 -0.0249,
  -1 0.448 -0.139,
  -1 0.476 -0.132,
  -1 0.491 -0.125,
  -1.13 0.495 -0.125,
  -1.13 0.109 0.00191,
  -1.13 0.695 0.317,
  -1.13 0.652 0.33,
  -1.13 0.0665 0.022,
  -1.13 0.0237 0.0421,
  -1.13 -0.00488 0.0153,
  -1.13 0.0522 0.00191,
  -1.13 0.0237 -0.0249,
  -1.13 0.0808 -0.0383,
  -1.13 0.109 -0.0249,
  -1.13 0.452 -0.139,
  -1.13 0.481 -0.132,
  -1 0.105 0.00191,
  -1 0.691 0.317,
  -1 0.648 0.33,
  -1 0.0624 0.022,
  -1 0.0196 0.0421,
  -1 -0.00898 0.0153,
  -1 0.0481 0.00191,
  -1 0.0196 -0.0249,
  -1 0.0767 -0.0383,
  -1 0.105 -0.0249,
  -1 0.448 -0.139,
  -1 0.476 -0.132,
  -1 0.491 -0.125 ]
}

coordIndex	[ 0, 1, 3, 2, -1, 0, 2, 5,
  4, -1, 2, 3, 6, 5, -1, 3,
  1, 7, 6, -1, 5, 6, 7, 4,
  -1, 14, 7, 13, -1, 11, 7, 14,
  -1, 45, 11, 46, -1, 56, 45, 44,
  -1, 56, 11, 45, -1, 8, 55, 54,
  -1, 8, 56, 55, -1, 9, 56, 8,
  -1, 9, 11, 56, -1, 9, 7, 11,
  -1, 12, 7, 9, -1, 4, 7, 12,
  -1, 4, 12, 15, -1, 0, 4, 15,
  -1, 13, 7, 1, -1, 10, 13, 1,
  -1, 46, 11, 10, -1, 48, 46, 10,
  -1, 49, 48, 10, -1, 51, 50, 49,
  -1, 51, 49, 10, -1, 54, 52, 51,
  -1, 8, 54, 51, -1, 8, 51, 10,
  -1, 8, 10, 1, -1, 15, 8, 1,
  -1, 0, 15, 1, -1, 48, 47, 46,
  -1, 54, 53, 52, -1 ]
colorPerVertex	FALSE
ccw	FALSE
convex	FALSE
solid	TRUE
creaseAngle	0.559
normalIndex	[  ]
texCoordIndex	[  ]
}

}
]
translation	17.4 19.3 -0.361
rotation	-1 -6.49222e-009 -6.53465e-009  1.57
scale	0.12 0.816 1.74
}
DEF pencil2 Transform {
children	[
Shape {
appearance	Appearance {
material	Material {
ambientIntensity	0.29
diffuseColor	0.325 0.655 0.984
specularColor	0.38 0.38 0.38
emissiveColor	0 0 0
shininess	0.03
transparency	0.0118
}

}

geometry	DEF _46 IndexedFaceSet {
coord	Coordinate {
point	[ 0.809 0.588 -1,
  0.309 0.951 -1,
  -0.309 0.951 -1,
  -0.809 0.588 -1,
  -1 -2.07e-013 -1,
  -0.809 -0.588 -1,
  -0.309 -0.951 -1,
  0.309 -0.951 -1,
  0.0002 0 1,
  0.334 -0.933 -1,
  0.766 -0.557 -0.894,
  0.244 -0.951 -1,
  -0.0465 -0.951 -1,
  0.293 -0.901 -0.894,
  0.305 -0.939 -0.974,
  0.457 0.844 -1,
  0.796 0.597 -1,
  0.947 0 -0.894,
  0.815 0.568 -1,
  0.766 0.557 -0.894,
  0.804 0.584 -0.989,
  -0.492 -0.756 -0.894,
  -0.275 -0.901 -0.894,
  -0.264 -0.908 -0.909,
  -0.264 -0.908 -1,
  -0.578 -0.693 -0.894,
  -0.572 -0.702 -0.902,
  -0.572 -0.702 -1,
  -0.777 -0.395 -1,
  -0.849 -0.0325 -1,
  -0.777 0.33 -1,
  -0.572 0.637 -1,
  0.0264 0.901 -0.894,
  -0.264 0.843 -1,
  0.338 0.867 -0.894,
  0.171 0.901 -0.894,
  0.0986 0.915 -0.924,
  0.0986 0.915 -1,
  1.05 -0.0325 -25.1,
  0.975 0.33 -25.1,
  0.769 0.637 -25.1,
  0.461 0.843 -25.1,
  0.0986 0.915 -25.1,
  -0.264 0.843 -25.1,
  -0.572 0.637 -25.1,
  -0.777 0.33 -25.1,
  -0.849 -0.0325 -25.1,
  -0.777 -0.395 -25.1,
  -0.572 -0.702 -25.1,
  -0.264 -0.908 -25.1,
  0.0986 -0.98 -25.1,
  0.461 -0.908 -25.1,
  0.769 -0.702 -25.1,
  0.975 -0.395 -25.1,
  1.05 -0.0325 -0.894,
  0.975 0.33 -0.894,
  0.769 0.637 -0.894,
  0.461 0.843 -0.894,
  0.0986 0.915 -0.894,
  -0.572 -0.702 -0.894,
  -0.264 -0.908 -0.894,
  0.0986 -0.98 -0.894,
  0.461 -0.908 -0.894,
  0.769 -0.702 -0.894,
  0.975 -0.395 -0.894,
  0.334 -0.933 -1,
  0.766 -0.557 -0.894,
  0.244 -0.951 -1,
  -0.0465 -0.951 -1,
  0.293 -0.901 -0.894,
  0.305 -0.939 -0.974,
  0.457 0.844 -1,
  0.796 0.597 -1,
  0.947 0 -0.894,
  0.815 0.568 -1,
  0.766 0.557 -0.894,
  0.804 0.584 -0.989,
  -0.492 -0.756 -0.894,
  -0.275 -0.901 -0.894,
  -0.264 -0.908 -0.909,
  -0.264 -0.908 -1,
  -0.578 -0.693 -0.894,
  -0.572 -0.702 -0.902,
  -0.572 -0.702 -1,
  -0.777 -0.395 -1,
  -0.849 -0.0325 -1,
  -0.777 0.33 -1,
  -0.572 0.637 -1,
  0.0264 0.901 -0.894,
  -0.264 0.843 -1,
  0.338 0.867 -0.894,
  0.171 0.901 -0.894,
  0.0986 0.915 -0.924,
  0.0986 0.915 -1 ]
}

coordIndex	[ 35, 58, 36, -1, 36, 58, 32, -1,
  24, 49, 48, 27, -1, 21, 59, 25,
  -1, 22, 60, 23, -1, 27, 48, 47,
  28, -1, 28, 47, 46, 29, -1, 17,
  19, 34, 57, 56, 55, 54, 64, 63,
  62, 61, 60, 22, 13, 10, -1, 39,
  38, 54, 55, -1, 20, 55, 56, -1,
  18, 55, 20, -1, 39, 55, 18, -1,
  39, 18, 16, -1, 16, 20, 56, -1,
  39, 16, 56, -1, 40, 39, 56, -1,
  41, 40, 56, 57, -1, 15, 37, 42,
  41, 57, 34, -1, 33, 43, 42, 37,
  -1, 31, 44, 43, 33, -1, 30, 45,
  44, 31, -1, 29, 46, 45, 30, -1,
  25, 59, 26, -1, 26, 59, 21, -1,
  12, 23, 60, 61, 50, 49, 24, -1,
  9, 62, 51, -1, 11, 9, 51, -1,
  50, 11, 51, -1, 14, 62, 9, -1,
  11, 62, 14, -1, 61, 62, 11, -1,
  50, 61, 11, -1, 52, 51, 62, 63,
  -1, 53, 52, 63, 64, -1, 64, 54,
  38, 53, -1, 32, 58, 35, -1, 39,
  40, 41, 42, 43, 44, 45, 46, 47,
  48, 49, 50, 51, 52, 53, 38, -1 ]
colorPerVertex	FALSE
ccw	FALSE
solid	TRUE
creaseAngle	0.559
normalIndex	[  ]
texCoordIndex	[  ]
}

}
Shape {
appearance	Appearance {
material	Material {
ambientIntensity	0.29
diffuseColor	0.925 0.922 0.984
specularColor	0.38 0.38 0.38
emissiveColor	0 0 0
shininess	0.03
transparency	0.0118
}

}

geometry	DEF _47 IndexedFaceSet {
coord	Coordinate {
point	[ 0.809 0.588 -1,
  0.309 0.951 -1,
  -0.309 0.951 -1,
  -0.809 0.588 -1,
  -1 -2.07e-013 -1,
  -0.809 -0.588 -1,
  -0.309 -0.951 -1,
  0.309 -0.951 -1,
  0.0002 0 1,
  0.334 -0.933 -1,
  0.766 -0.557 -0.894,
  0.244 -0.951 -1,
  -0.0465 -0.951 -1,
  0.293 -0.901 -0.894,
  0.305 -0.939 -0.974,
  0.457 0.844 -1,
  0.796 0.597 -1,
  0.947 0 -0.894,
  0.815 0.568 -1,
  0.766 0.557 -0.894,
  0.804 0.584 -0.989,
  -0.492 -0.756 -0.894,
  -0.275 -0.901 -0.894,
  -0.264 -0.908 -0.909,
  -0.264 -0.908 -1,
  -0.578 -0.693 -0.894,
  -0.572 -0.702 -0.902,
  -0.572 -0.702 -1,
  -0.777 -0.395 -1,
  -0.849 -0.0325 -1,
  -0.777 0.33 -1,
  -0.572 0.637 -1,
  0.0264 0.901 -0.894,
  -0.264 0.843 -1,
  0.338 0.867 -0.894,
  0.171 0.901 -0.894,
  0.0986 0.915 -0.924,
  0.0986 0.915 -1,
  1.05 -0.0325 -25.1,
  0.975 0.33 -25.1,
  0.769 0.637 -25.1,
  0.461 0.843 -25.1,
  0.0986 0.915 -25.1,
  -0.264 0.843 -25.1,
  -0.572 0.637 -25.1,
  -0.777 0.33 -25.1,
  -0.849 -0.0325 -25.1,
  -0.777 -0.395 -25.1,
  -0.572 -0.702 -25.1,
  -0.264 -0.908 -25.1,
  0.0986 -0.98 -25.1,
  0.461 -0.908 -25.1,
  0.769 -0.702 -25.1,
  0.975 -0.395 -25.1,
  1.05 -0.0325 -0.894,
  0.975 0.33 -0.894,
  0.769 0.637 -0.894,
  0.461 0.843 -0.894,
  0.0986 0.915 -0.894,
  -0.572 -0.702 -0.894,
  -0.264 -0.908 -0.894,
  0.0986 -0.98 -0.894,
  0.461 -0.908 -0.894,
  0.769 -0.702 -0.894,
  0.975 -0.395 -0.894,
  0.334 -0.933 -1,
  0.766 -0.557 -0.894,
  0.244 -0.951 -1,
  -0.0465 -0.951 -1,
  0.293 -0.901 -0.894,
  0.305 -0.939 -0.974,
  0.457 0.844 -1,
  0.796 0.597 -1,
  0.947 0 -0.894,
  0.815 0.568 -1,
  0.766 0.557 -0.894,
  0.804 0.584 -0.989,
  -0.492 -0.756 -0.894,
  -0.275 -0.901 -0.894,
  -0.264 -0.908 -0.909,
  -0.264 -0.908 -1,
  -0.578 -0.693 -0.894,
  -0.572 -0.702 -0.902,
  -0.572 -0.702 -1,
  -0.777 -0.395 -1,
  -0.849 -0.0325 -1,
  -0.777 0.33 -1,
  -0.572 0.637 -1,
  0.0264 0.901 -0.894,
  -0.264 0.843 -1,
  0.338 0.867 -0.894,
  0.171 0.901 -0.894,
  0.0986 0.915 -0.924,
  0.0986 0.915 -1 ]
}

coordIndex	[ 20, 0, 18, -1, 16, 0, 20, -1,
  36, 1, 35, -1, 2, 1, 36, -1,
  2, 36, 32, -1, 2, 32, 8, -1,
  8, 35, 1, -1, 8, 32, 35, -1,
  4, 3, 8, -1, 5, 4, 8, -1,
  21, 8, 6, -1, 25, 8, 21, -1,
  5, 8, 25, -1, 26, 21, 6, -1,
  5, 26, 6, -1, 5, 25, 26, -1,
  22, 23, 12, 6, 8, 13, -1, 10,
  8, 17, -1, 13, 8, 10, -1, 3,
  2, 8, -1, 9, 7, 14, -1, 24,
  27, 28, 29, 30, 31, 33, 37, 15,
  1, 2, 3, 4, 5, 6, 12, -1,
  14, 7, 11, -1, 11, 7, 9, -1,
  34, 19, 8, 1, 15, -1, 18, 0,
  16, -1, 17, 8, 19, -1 ]
colorPerVertex	FALSE
ccw	FALSE
solid	TRUE
creaseAngle	0.559
normalIndex	[  ]
texCoordIndex	[  ]
}

}
]
translation	-11.2 8.3 -1.6
rotation	0.905158 -5.34093e-009 -0.425074  3.14
scale	0.0624 0.0624 0.0624
scaleOrientation	-0.372721 0.919907 0.121861  0.776
}
DEF pencil1 Transform {
children	[
Shape {
appearance	Appearance {
material	Material {
ambientIntensity	0.29
diffuseColor	0.325 0.655 0.984
specularColor	0.38 0.38 0.38
emissiveColor	0 0 0
shininess	0.03
transparency	0.0118
}

}

geometry	DEF _48 IndexedFaceSet {
coord	Coordinate {
point	[ 0.809 0.588 -1,
  0.309 0.951 -1,
  -0.309 0.951 -1,
  -0.809 0.588 -1,
  -1 -2.07e-013 -1,
  -0.809 -0.588 -1,
  -0.309 -0.951 -1,
  0.309 -0.951 -1,
  0.0002 0 1,
  0.334 -0.933 -1,
  0.766 -0.557 -0.894,
  0.244 -0.951 -1,
  -0.0465 -0.951 -1,
  0.293 -0.901 -0.894,
  0.305 -0.939 -0.974,
  0.457 0.844 -1,
  0.796 0.597 -1,
  0.947 0 -0.894,
  0.815 0.568 -1,
  0.766 0.557 -0.894,
  0.804 0.584 -0.989,
  -0.492 -0.756 -0.894,
  -0.275 -0.901 -0.894,
  -0.264 -0.908 -0.909,
  -0.264 -0.908 -1,
  -0.578 -0.693 -0.894,
  -0.572 -0.702 -0.902,
  -0.572 -0.702 -1,
  -0.777 -0.395 -1,
  -0.849 -0.0325 -1,
  -0.777 0.33 -1,
  -0.572 0.637 -1,
  0.0264 0.901 -0.894,
  -0.264 0.843 -1,
  0.338 0.867 -0.894,
  0.171 0.901 -0.894,
  0.0986 0.915 -0.924,
  0.0986 0.915 -1,
  1.05 -0.0325 -25.1,
  0.975 0.33 -25.1,
  0.769 0.637 -25.1,
  0.461 0.843 -25.1,
  0.0986 0.915 -25.1,
  -0.264 0.843 -25.1,
  -0.572 0.637 -25.1,
  -0.777 0.33 -25.1,
  -0.849 -0.0325 -25.1,
  -0.777 -0.395 -25.1,
  -0.572 -0.702 -25.1,
  -0.264 -0.908 -25.1,
  0.0986 -0.98 -25.1,
  0.461 -0.908 -25.1,
  0.769 -0.702 -25.1,
  0.975 -0.395 -25.1,
  1.05 -0.0325 -0.894,
  0.975 0.33 -0.894,
  0.769 0.637 -0.894,
  0.461 0.843 -0.894,
  0.0986 0.915 -0.894,
  -0.572 -0.702 -0.894,
  -0.264 -0.908 -0.894,
  0.0986 -0.98 -0.894,
  0.461 -0.908 -0.894,
  0.769 -0.702 -0.894,
  0.975 -0.395 -0.894,
  0.334 -0.933 -1,
  0.766 -0.557 -0.894,
  0.244 -0.951 -1,
  -0.0465 -0.951 -1,
  0.293 -0.901 -0.894,
  0.305 -0.939 -0.974,
  0.457 0.844 -1,
  0.796 0.597 -1,
  0.947 0 -0.894,
  0.815 0.568 -1,
  0.766 0.557 -0.894,
  0.804 0.584 -0.989,
  -0.492 -0.756 -0.894,
  -0.275 -0.901 -0.894,
  -0.264 -0.908 -0.909,
  -0.264 -0.908 -1,
  -0.578 -0.693 -0.894,
  -0.572 -0.702 -0.902,
  -0.572 -0.702 -1,
  -0.777 -0.395 -1,
  -0.849 -0.0325 -1,
  -0.777 0.33 -1,
  -0.572 0.637 -1,
  0.0264 0.901 -0.894,
  -0.264 0.843 -1,
  0.338 0.867 -0.894,
  0.171 0.901 -0.894,
  0.0986 0.915 -0.924,
  0.0986 0.915 -1 ]
}

coordIndex	[ 35, 58, 36, -1, 36, 58, 32, -1,
  24, 49, 48, 27, -1, 21, 59, 25,
  -1, 22, 60, 23, -1, 27, 48, 47,
  28, -1, 28, 47, 46, 29, -1, 17,
  19, 34, 57, 56, 55, 54, 64, 63,
  62, 61, 60, 22, 13, 10, -1, 39,
  38, 54, 55, -1, 20, 55, 56, -1,
  18, 55, 20, -1, 39, 55, 18, -1,
  39, 18, 16, -1, 16, 20, 56, -1,
  39, 16, 56, -1, 40, 39, 56, -1,
  41, 40, 56, 57, -1, 15, 37, 42,
  41, 57, 34, -1, 33, 43, 42, 37,
  -1, 31, 44, 43, 33, -1, 30, 45,
  44, 31, -1, 29, 46, 45, 30, -1,
  25, 59, 26, -1, 26, 59, 21, -1,
  12, 23, 60, 61, 50, 49, 24, -1,
  9, 62, 51, -1, 11, 9, 51, -1,
  50, 11, 51, -1, 14, 62, 9, -1,
  11, 62, 14, -1, 61, 62, 11, -1,
  50, 61, 11, -1, 52, 51, 62, 63,
  -1, 53, 52, 63, 64, -1, 64, 54,
  38, 53, -1, 32, 58, 35, -1, 39,
  40, 41, 42, 43, 44, 45, 46, 47,
  48, 49, 50, 51, 52, 53, 38, -1 ]
colorPerVertex	FALSE
ccw	FALSE
solid	TRUE
creaseAngle	0.559
normalIndex	[  ]
texCoordIndex	[  ]
}

}
Shape {
appearance	Appearance {
material	Material {
ambientIntensity	0.29
diffuseColor	0.925 0.922 0.984
specularColor	0.38 0.38 0.38
emissiveColor	0 0 0
shininess	0.03
transparency	0.0118
}

}

geometry	DEF _49 IndexedFaceSet {
coord	Coordinate {
point	[ 0.809 0.588 -1,
  0.309 0.951 -1,
  -0.309 0.951 -1,
  -0.809 0.588 -1,
  -1 -2.07e-013 -1,
  -0.809 -0.588 -1,
  -0.309 -0.951 -1,
  0.309 -0.951 -1,
  0.0002 0 1,
  0.334 -0.933 -1,
  0.766 -0.557 -0.894,
  0.244 -0.951 -1,
  -0.0465 -0.951 -1,
  0.293 -0.901 -0.894,
  0.305 -0.939 -0.974,
  0.457 0.844 -1,
  0.796 0.597 -1,
  0.947 0 -0.894,
  0.815 0.568 -1,
  0.766 0.557 -0.894,
  0.804 0.584 -0.989,
  -0.492 -0.756 -0.894,
  -0.275 -0.901 -0.894,
  -0.264 -0.908 -0.909,
  -0.264 -0.908 -1,
  -0.578 -0.693 -0.894,
  -0.572 -0.702 -0.902,
  -0.572 -0.702 -1,
  -0.777 -0.395 -1,
  -0.849 -0.0325 -1,
  -0.777 0.33 -1,
  -0.572 0.637 -1,
  0.0264 0.901 -0.894,
  -0.264 0.843 -1,
  0.338 0.867 -0.894,
  0.171 0.901 -0.894,
  0.0986 0.915 -0.924,
  0.0986 0.915 -1,
  1.05 -0.0325 -25.1,
  0.975 0.33 -25.1,
  0.769 0.637 -25.1,
  0.461 0.843 -25.1,
  0.0986 0.915 -25.1,
  -0.264 0.843 -25.1,
  -0.572 0.637 -25.1,
  -0.777 0.33 -25.1,
  -0.849 -0.0325 -25.1,
  -0.777 -0.395 -25.1,
  -0.572 -0.702 -25.1,
  -0.264 -0.908 -25.1,
  0.0986 -0.98 -25.1,
  0.461 -0.908 -25.1,
  0.769 -0.702 -25.1,
  0.975 -0.395 -25.1,
  1.05 -0.0325 -0.894,
  0.975 0.33 -0.894,
  0.769 0.637 -0.894,
  0.461 0.843 -0.894,
  0.0986 0.915 -0.894,
  -0.572 -0.702 -0.894,
  -0.264 -0.908 -0.894,
  0.0986 -0.98 -0.894,
  0.461 -0.908 -0.894,
  0.769 -0.702 -0.894,
  0.975 -0.395 -0.894,
  0.334 -0.933 -1,
  0.766 -0.557 -0.894,
  0.244 -0.951 -1,
  -0.0465 -0.951 -1,
  0.293 -0.901 -0.894,
  0.305 -0.939 -0.974,
  0.457 0.844 -1,
  0.796 0.597 -1,
  0.947 0 -0.894,
  0.815 0.568 -1,
  0.766 0.557 -0.894,
  0.804 0.584 -0.989,
  -0.492 -0.756 -0.894,
  -0.275 -0.901 -0.894,
  -0.264 -0.908 -0.909,
  -0.264 -0.908 -1,
  -0.578 -0.693 -0.894,
  -0.572 -0.702 -0.902,
  -0.572 -0.702 -1,
  -0.777 -0.395 -1,
  -0.849 -0.0325 -1,
  -0.777 0.33 -1,
  -0.572 0.637 -1,
  0.0264 0.901 -0.894,
  -0.264 0.843 -1,
  0.338 0.867 -0.894,
  0.171 0.901 -0.894,
  0.0986 0.915 -0.924,
  0.0986 0.915 -1 ]
}

coordIndex	[ 20, 0, 18, -1, 16, 0, 20, -1,
  36, 1, 35, -1, 2, 1, 36, -1,
  2, 36, 32, -1, 2, 32, 8, -1,
  8, 35, 1, -1, 8, 32, 35, -1,
  4, 3, 8, -1, 5, 4, 8, -1,
  21, 8, 6, -1, 25, 8, 21, -1,
  5, 8, 25, -1, 26, 21, 6, -1,
  5, 26, 6, -1, 5, 25, 26, -1,
  22, 23, 12, 6, 8, 13, -1, 10,
  8, 17, -1, 13, 8, 10, -1, 3,
  2, 8, -1, 9, 7, 14, -1, 24,
  27, 28, 29, 30, 31, 33, 37, 15,
  1, 2, 3, 4, 5, 6, 12, -1,
  14, 7, 11, -1, 11, 7, 9, -1,
  34, 19, 8, 1, 15, -1, 18, 0,
  16, -1, 17, 8, 19, -1 ]
colorPerVertex	FALSE
ccw	FALSE
solid	TRUE
creaseAngle	0.559
normalIndex	[  ]
texCoordIndex	[  ]
}

}
]
translation	-11.2 8.3 -2.12
rotation	0.905158 -5.34093e-009 -0.425074  3.14
scale	0.0624 0.0624 0.0624
scaleOrientation	-0.372721 0.919907 0.121861  0.776
}
DEF book Transform {
children	Shape {
appearance	Appearance {
material	Material {
ambientIntensity	0.06
diffuseColor	0.914 0.898 0.784
specularColor	0 0 0
emissiveColor	0 0 0
shininess	0.45
transparency	0
}

}

geometry	DEF _50 IndexedFaceSet {
coord	Coordinate {
point	[ -0.0561 -0.0713 4.26,
  -0.0649 -0.0681 4.26,
  -0.0661 -0.0658 4.26,
  -0.0619 -0.0645 4.26,
  -0.0546 -0.064 4.26,
  -0.0466 -0.0645 4.26,
  -0.0401 -0.0658 4.26,
  -0.0374 -0.0681 4.26,
  -0.0409 -0.0713 4.26,
  -0.0527 -0.0755 4.26,
  -0.0725 -0.0814 4.26,
  -0.0975 -0.0896 4.26,
  -0.127 -0.0996 4.26,
  -0.16 -0.111 4.26,
  -0.195 -0.122 4.26,
  -0.232 -0.134 4.26,
  -0.269 -0.145 4.26,
  -0.305 -0.154 4.26,
  -0.341 -0.162 4.26,
  -0.373 -0.167 4.26,
  -0.404 -0.17 4.26,
  -0.432 -0.173 4.26,
  -0.459 -0.174 4.26,
  -0.486 -0.175 4.26,
  -0.513 -0.174 4.26,
  -0.541 -0.172 4.26,
  -0.571 -0.169 4.26,
  -0.603 -0.164 4.26,
  -0.639 -0.159 4.26,
  -0.679 -0.152 4.26,
  -0.725 -0.143 4.26,
  -0.78 -0.132 4.26,
  -0.839 -0.119 4.26,
  -0.902 -0.104 4.26,
  -0.965 -0.0888 4.26,
  -1.03 -0.073 4.26,
  -1.09 -0.0572 4.26,
  -1.14 -0.0419 4.26,
  -1.18 -0.0274 4.26,
  -1.21 -0.0144 4.26,
  -1.24 -0.0021 4.26,
  -1.25 0.0102 4.26,
  -1.26 0.0223 4.26,
  -1.26 0.0343 4.26,
  -1.26 0.0458 4.26,
  -1.25 0.0567 4.26,
  -1.24 0.067 4.26,
  -1.23 0.0765 4.26,
  -1.22 0.0851 4.26,
  -1.21 0.0925 4.26,
  -1.2 0.0991 4.26,
  -1.19 0.105 4.26,
  -1.18 0.11 4.26,
  -1.16 0.115 4.26,
  -1.14 0.118 4.26,
  -1.12 0.121 4.26,
  -1.1 0.123 4.26,
  -1.08 0.124 4.26,
  -1.06 0.124 4.26,
  -1.05 0.123 4.26,
  -1.03 0.121 4.26,
  -1.01 0.116 4.26,
  -0.995 0.111 4.26,
  -0.978 0.104 4.26,
  -0.961 0.0973 4.26,
  -0.944 0.0897 4.26,
  -0.925 0.0821 4.26,
  -0.906 0.0747 4.26,
  -0.885 0.0679 4.26,
  -0.862 0.062 4.26,
  -0.839 0.0562 4.26,
  -0.815 0.0499 4.26,
  -0.791 0.0433 4.26,
  -0.766 0.0367 4.26,
  -0.74 0.0305 4.26,
  -0.712 0.025 4.26,
  -0.681 0.0205 4.26,
  -0.648 0.0173 4.26,
  -0.612 0.0157 4.26,
  -0.572 0.0162 4.26,
  -0.526 0.0196 4.26,
  -0.474 0.0263 4.26,
  -0.417 0.0354 4.26,
  -0.357 0.046 4.26,
  -0.295 0.0572 4.26,
  -0.234 0.0682 4.26,
  -0.174 0.0781 4.26,
  -0.118 0.0861 4.26,
  -0.0666 0.0911 4.26,
  -0.0222 0.0925 4.26,
  0.0149 0.0898 4.26,
  0.0459 0.0835 4.26,
  0.0722 0.0745 4.26,
  0.0952 0.0636 4.26,
  0.116 0.0515 4.26,
  0.137 0.039 4.26,
  0.157 0.0269 4.26,
  0.18 0.016 4.26,
  0.207 0.00711 4.26,
  0.237 0.000898 4.26,
  0.273 -0.00336 4.26,
  0.313 -0.00692 4.26,
  0.355 -0.00968 4.26,
  0.399 -0.0116 4.26,
  0.445 -0.0125 4.26,
  0.49 -0.0123 4.26,
  0.534 -0.011 4.26,
  0.576 -0.00839 4.26,
  0.615 -0.00446 4.26,
  0.65 0.000898 4.26,
  0.681 0.00865 4.26,
  0.71 0.0192 4.26,
  0.736 0.0319 4.26,
  0.76 0.0461 4.26,
  0.783 0.061 4.26,
  0.806 0.076 4.26,
  0.827 0.0904 4.26,
  0.849 0.104 4.26,
  0.871 0.115 4.26,
  0.894 0.123 4.26,
  0.919 0.129 4.26,
  0.944 0.134 4.26,
  0.971 0.138 4.26,
  0.997 0.141 4.26,
  1.02 0.143 4.26,
  1.05 0.144 4.26,
  1.07 0.144 4.26,
  1.09 0.143 4.26,
  1.11 0.141 4.26,
  1.12 0.138 4.26,
  1.13 0.135 4.26,
  1.14 0.13 4.26,
  1.15 0.124 4.26,
  1.15 0.117 4.26,
  1.16 0.109 4.26,
  1.16 0.1 4.26,
  1.16 0.0911 4.26,
  1.15 0.0817 4.26,
  1.15 0.0719 4.26,
  1.14 0.062 4.26,
  1.13 0.0516 4.26,
  1.12 0.0402 4.26,
  1.1 0.0282 4.26,
  1.09 0.0157 4.26,
  1.07 0.00281 4.26,
  1.05 -0.0102 4.26,
  1.03 -0.0232 4.26,
  1 -0.036 4.26,
  0.973 -0.0484 4.26,
  0.94 -0.0602 4.26,
  0.902 -0.0724 4.26,
  0.858 -0.0857 4.26,
  0.81 -0.0996 4.26,
  0.759 -0.114 4.26,
  0.705 -0.127 4.26,
  0.65 -0.139 4.26,
  0.595 -0.15 4.26,
  0.54 -0.159 4.26,
  0.487 -0.165 4.26,
  0.436 -0.167 4.26,
  0.385 -0.166 4.26,
  0.332 -0.16 4.26,
  0.277 -0.151 4.26,
  0.222 -0.14 4.26,
  0.169 -0.128 4.26,
  0.117 -0.115 4.26,
  0.07 -0.102 4.26,
  0.0274 -0.0911 4.26,
  -0.00878 -0.0818 4.26,
  -0.0374 -0.0755 4.26,
  -0.0178 -0.0713 0,
  0.000898 -0.0755 0,
  0.0295 -0.0818 0,
  0.0658 -0.0911 0,
  0.108 -0.102 0,
  0.156 -0.115 0,
  0.207 -0.128 0,
  0.261 -0.14 0,
  0.316 -0.151 0,
  0.37 -0.16 0,
  0.424 -0.166 0,
  0.474 -0.167 0,
  0.525 -0.165 0,
  0.578 -0.159 0,
  0.633 -0.15 0,
  0.688 -0.139 0,
  0.743 -0.127 0,
  0.797 -0.114 0,
  0.849 -0.0996 0,
  0.897 -0.0857 0,
  0.94 -0.0724 0,
  0.978 -0.0602 0,
  1.01 -0.0484 0,
  1.04 -0.036 0,
  1.07 -0.0232 0,
  1.09 -0.0102 0,
  1.11 0.00281 0,
  1.13 0.0157 0,
  1.14 0.0282 0,
  1.16 0.0402 0,
  1.17 0.0516 0,
  1.18 0.062 0,
  1.18 0.0719 0,
  1.19 0.0817 0,
  1.19 0.0911 0,
  1.2 0.1 0,
  1.2 0.109 0,
  1.19 0.117 0,
  1.19 0.124 0,
  1.18 0.13 0,
  1.17 0.135 0,
  1.16 0.138 0,
  1.15 0.141 0,
  1.13 0.143 0,
  1.11 0.144 0,
  1.09 0.144 0,
  1.06 0.143 0,
  1.04 0.141 0,
  1.01 0.138 0,
  0.983 0.134 0,
  0.957 0.129 0,
  0.932 0.123 0,
  0.909 0.115 0,
  0.887 0.104 0,
  0.866 0.0904 0,
  0.844 0.076 0,
  0.822 0.061 0,
  0.799 0.0461 0,
  0.774 0.0319 0,
  0.748 0.0192 0,
  0.719 0.00865 0,
  0.688 0.000898 0,
  0.653 -0.00446 0,
  0.614 -0.00839 0,
  0.572 -0.011 0,
  0.528 -0.0123 0,
  0.483 -0.0125 0,
  0.438 -0.0116 0,
  0.394 -0.00968 0,
  0.351 -0.00692 0,
  0.312 -0.00336 0,
  0.276 0.000898 0,
  0.245 0.00711 0,
  0.219 0.016 0,
  0.196 0.0269 0,
  0.175 0.039 0,
  0.155 0.0515 0,
  0.134 0.0636 0,
  0.111 0.0745 0,
  0.0842 0.0835 0,
  0.0532 0.0898 0,
  0.0162 0.0925 0,
  -0.0282 0.0911 0,
  -0.0794 0.0861 0,
  -0.136 0.0781 0,
  -0.195 0.0682 0,
  -0.257 0.0572 0,
  -0.318 0.046 0,
  -0.379 0.0354 0,
  -0.436 0.0263 0,
  -0.488 0.0196 0,
  -0.534 0.0162 0,
  -0.574 0.0157 0,
  -0.61 0.0173 0,
  -0.643 0.0205 0,
  -0.673 0.025 0,
  -0.702 0.0305 0,
  -0.728 0.0367 0,
  -0.753 0.0433 0,
  -0.777 0.0499 0,
  -0.8 0.0562 0,
  -0.824 0.062 0,
  -0.846 0.0679 0,
  -0.867 0.0747 0,
  -0.887 0.0821 0,
  -0.905 0.0897 0,
  -0.923 0.0973 0,
  -0.94 0.104 0,
  -0.957 0.111 0,
  -0.973 0.116 0,
  -0.99 0.121 0,
  -1.01 0.123 0,
  -1.03 0.124 0,
  -1.04 0.124 0,
  -1.06 0.123 0,
  -1.08 0.121 0,
  -1.1 0.118 0,
  -1.12 0.115 0,
  -1.14 0.11 0,
  -1.15 0.105 0,
  -1.17 0.0991 0,
  -1.17 0.0925 0,
  -1.18 0.0851 0,
  -1.19 0.0765 0,
  -1.2 0.067 0,
  -1.21 0.0567 0,
  -1.22 0.0458 0,
  -1.22 0.0343 0,
  -1.22 0.0223 0,
  -1.21 0.0102 0,
  -1.2 -0.0021 0,
  -1.17 -0.0144 0,
  -1.14 -0.0274 0,
  -1.1 -0.0419 0,
  -1.05 -0.0572 0,
  -0.989 -0.073 0,
  -0.927 -0.0888 0,
  -0.863 -0.104 0,
  -0.801 -0.119 0,
  -0.741 -0.132 0,
  -0.687 -0.143 0,
  -0.64 -0.152 0,
  -0.601 -0.159 0,
  -0.565 -0.164 0,
  -0.533 -0.169 0,
  -0.503 -0.172 0,
  -0.474 -0.174 0,
  -0.447 -0.175 0,
  -0.421 -0.174 0,
  -0.393 -0.173 0,
  -0.365 -0.17 0,
  -0.335 -0.167 0,
  -0.302 -0.162 0,
  -0.267 -0.154 0,
  -0.23 -0.145 0,
  -0.193 -0.134 0,
  -0.157 -0.122 0,
  -0.121 -0.111 0,
  -0.0886 -0.0996 0,
  -0.0592 -0.0896 0,
  -0.0341 -0.0814 0,
  -0.0144 -0.0755 0,
  -0.00254 -0.0713 0,
  0.000898 -0.0681 0,
  -0.00177 -0.0658 0,
  -0.00826 -0.0645 0,
  -0.0163 -0.064 0,
  -0.0235 -0.0645 0,
  -0.0277 -0.0658 0,
  -0.0266 -0.0681 0 ]
}

coordIndex	[ 1, 2, 3, 4, 5, 6, 7, 8,
  9, 10, 11, 12, 13, 14, 15, 16,
  17, 18, 19, 20, 21, 22, 23, 24,
  25, 26, 27, 28, 29, 30, 31, 32,
  33, 34, 35, 36, 37, 38, 39, 40,
  41, 42, 43, 44, 45, 46, 47, 48,
  49, 50, 51, 52, 53, 54, 55, 56,
  57, 58, 59, 60, 61, 62, 63, 64,
  65, 66, 67, 68, 69, 70, 71, 72,
  73, 74, 75, 76, 77, 78, 79, 80,
  81, 82, 83, 84, 85, 86, 87, 88,
  89, 90, 91, 92, 93, 94, 95, 96,
  97, 98, 99, 100, 101, 102, 103, 104,
  105, 106, 107, 108, 109, 110, 111, 112,
  113, 114, 115, 116, 117, 118, 119, 120,
  121, 122, 123, 124, 125, 126, 127, 128,
  129, 130, 131, 132, 133, 134, 135, 136,
  137, 138, 139, 140, 141, 142, 143, 144,
  145, 146, 147, 148, 149, 150, 151, 152,
  153, 154, 155, 156, 157, 158, 159, 160,
  161, 162, 163, 164, 165, 166, 167, 168,
  169, 0, -1, 170, 0, 169, 171, -1,
  171, 169, 168, 172, -1, 172, 168, 167,
  173, -1, 173, 167, 166, 174, -1, 174,
  166, 165, 175, -1, 175, 165, 164, 176,
  -1, 176, 164, 163, 177, -1, 177, 163,
  162, 178, -1, 178, 162, 161, 179, -1,
  179, 161, 160, 180, -1, 180, 160, 159,
  181, -1, 181, 159, 158, 182, -1, 182,
  158, 157, 183, -1, 183, 157, 156, 184,
  -1, 184, 156, 155, 185, -1, 185, 155,
  154, 186, -1, 186, 154, 153, 187, -1,
  187, 153, 152, 188, -1, 188, 152, 151,
  189, -1, 189, 151, 150, 190, -1, 190,
  150, 149, 191, -1, 191, 149, 148, 192,
  -1, 192, 148, 147, 193, -1, 193, 147,
  146, 194, -1, 194, 146, 145, 195, -1,
  195, 145, 144, 196, -1, 196, 144, 143,
  197, -1, 197, 143, 142, 198, -1, 198,
  142, 141, 199, -1, 199, 141, 140, 200,
  -1, 200, 140, 139, 201, -1, 201, 139,
  138, 202, -1, 202, 138, 137, 203, -1,
  203, 137, 136, 204, -1, 204, 136, 135,
  205, -1, 205, 135, 134, 206, -1, 206,
  134, 133, 207, -1, 207, 133, 132, 208,
  -1, 208, 132, 131, 209, -1, 209, 131,
  130, 210, -1, 210, 130, 129, 211, -1,
  211, 129, 128, 212, -1, 212, 128, 127,
  213, -1, 213, 127, 126, 214, -1, 214,
  126, 125, 215, -1, 215, 125, 124, 216,
  -1, 216, 124, 123, 217, -1, 217, 123,
  122, 218, -1, 218, 122, 121, 219, -1,
  219, 121, 120, 220, -1, 220, 120, 119,
  221, -1, 221, 119, 118, 222, -1, 222,
  118, 117, 223, -1, 223, 117, 116, 224,
  -1, 224, 116, 115, 225, -1, 225, 115,
  114, 226, -1, 226, 114, 113, 227, -1,
  227, 113, 112, 228, -1, 228, 112, 111,
  229, -1, 229, 111, 110, 230, -1, 230,
  110, 109, 231, -1, 231, 109, 108, 232,
  -1, 232, 108, 107, 233, -1, 233, 107,
  106, 234, -1, 234, 106, 105, 235, -1,
  235, 105, 104, 236, -1, 236, 104, 103,
  237, -1, 237, 103, 102, 238, -1, 238,
  102, 101, 239, -1, 239, 101, 100, 240,
  -1, 240, 100, 99, 241, -1, 241, 99,
  98, 242, -1, 242, 98, 97, 243, -1,
  243, 97, 96, 244, -1, 244, 96, 95,
  245, -1, 245, 95, 94, 246, -1, 246,
  94, 93, 247, -1, 247, 93, 92, 248,
  -1, 248, 92, 91, 249, -1, 249, 91,
  90, 250, -1, 250, 90, 89, 251, -1,
  251, 89, 88, 252, -1, 252, 88, 87,
  253, -1, 253, 87, 86, 254, -1, 254,
  86, 85, 255, -1, 255, 85, 84, 256,
  -1, 256, 84, 83, 257, -1, 257, 83,
  82, 258, -1, 258, 82, 81, 259, -1,
  259, 81, 80, 260, -1, 260, 80, 79,
  261, -1, 261, 79, 78, 262, -1, 262,
  78, 77, 263, -1, 263, 77, 76, 264,
  -1, 264, 76, 75, 265, -1, 265, 75,
  74, 266, -1, 266, 74, 73, 267, -1,
  267, 73, 72, 268, -1, 268, 72, 71,
  269, -1, 269, 71, 70, 270, -1, 270,
  70, 69, 271, -1, 271, 69, 68, 272,
  -1, 272, 68, 67, 273, -1, 273, 67,
  66, 274, -1, 274, 66, 65, 275, -1,
  275, 65, 64, 276, -1, 276, 64, 63,
  277, -1, 277, 63, 62, 278, -1, 278,
  62, 61, 279, -1, 279, 61, 60, 280,
  -1, 280, 60, 59, 281, -1, 281, 59,
  58, 282, -1, 282, 58, 57, 283, -1,
  283, 57, 56, 284, -1, 284, 56, 55,
  285, -1, 285, 55, 54, 286, -1, 286,
  54, 53, 287, -1, 287, 53, 52, 288,
  -1, 288, 52, 51, 289, -1, 289, 51,
  50, 290, -1, 290, 50, 49, 291, -1,
  291, 49, 48, 292, -1, 292, 48, 47,
  293, -1, 293, 47, 46, 294, -1, 294,
  46, 45, 295, -1, 295, 45, 44, 296,
  -1, 296, 44, 43, 297, -1, 297, 43,
  42, 298, -1, 298, 42, 41, 299, -1,
  299, 41, 40, 300, -1, 300, 40, 39,
  301, -1, 301, 39, 38, 302, -1, 302,
  38, 37, 303, -1, 303, 37, 36, 304,
  -1, 304, 36, 35, 305, -1, 305, 35,
  34, 306, -1, 306, 34, 33, 307, -1,
  307, 33, 32, 308, -1, 308, 32, 31,
  309, -1, 309, 31, 30, 310, -1, 310,
  30, 29, 311, -1, 311, 29, 28, 312,
  -1, 312, 28, 27, 313, -1, 313, 27,
  26, 314, -1, 314, 26, 25, 315, -1,
  315, 25, 24, 316, -1, 316, 24, 23,
  317, -1, 317, 23, 22, 318, -1, 318,
  22, 21, 319, -1, 319, 21, 20, 320,
  -1, 320, 20, 19, 321, -1, 321, 19,
  18, 322, -1, 322, 18, 17, 323, -1,
  323, 17, 16, 324, -1, 324, 16, 15,
  325, -1, 325, 15, 14, 326, -1, 326,
  14, 13, 327, -1, 327, 13, 12, 328,
  -1, 328, 12, 11, 329, -1, 329, 11,
  10, 330, -1, 330, 10, 9, 331, -1,
  331, 9, 8, 332, -1, 332, 8, 7,
  333, -1, 333, 7, 6, 334, -1, 334,
  6, 5, 335, -1, 335, 5, 4, 336,
  -1, 336, 4, 3, 337, -1, 337, 3,
  2, 338, -1, 338, 2, 1, 339, -1,
  339, 1, 0, 170, -1, 170, 171, 172,
  173, 174, 175, 176, 177, 178, 179, 180,
  181, 182, 183, 184, 185, 186, 187, 188,
  189, 190, 191, 192, 193, 194, 195, 196,
  197, 198, 199, 200, 201, 202, 203, 204,
  205, 206, 207, 208, 209, 210, 211, 212,
  213, 214, 215, 216, 217, 218, 219, 220,
  221, 222, 223, 224, 225, 226, 227, 228,
  229, 230, 231, 232, 233, 234, 235, 236,
  237, 238, 239, 240, 241, 242, 243, 244,
  245, 246, 247, 248, 249, 250, 251, 252,
  253, 254, 255, 256, 257, 258, 259, 260,
  261, 262, 263, 264, 265, 266, 267, 268,
  269, 270, 271, 272, 273, 274, 275, 276,
  277, 278, 279, 280, 281, 282, 283, 284,
  285, 286, 287, 288, 289, 290, 291, 292,
  293, 294, 295, 296, 297, 298, 299, 300,
  301, 302, 303, 304, 305, 306, 307, 308,
  309, 310, 311, 312, 313, 314, 315, 316,
  317, 318, 319, 320, 321, 322, 323, 324,
  325, 326, 327, 328, 329, 330, 331, 332,
  333, 334, 335, 336, 337, 338, 339, -1 ]
colorPerVertex	FALSE
ccw	FALSE
solid	TRUE
creaseAngle	0.559
normalIndex	[  ]
texCoordIndex	[  ]
}

}

translation	-8.8 8.38 -6.8
rotation	-0.707107 3.76057e-008 0.707107  3.14
scale	1.61 1 0.698
}
DEF NoName Transform {
children	[
DEF Cube Transform {
children	Shape {
appearance	Appearance {
material	Material {
ambientIntensity	0.1
diffuseColor	0.863 0.588 0.588
specularColor	0.29 0.29 0.29
emissiveColor	0 0 0
shininess	0.36
transparency	0
}

texture	USE _1

textureTransform	TextureTransform {
translation	0 0
scale	2 2
}

}

geometry	DEF _51 IndexedFaceSet {
coord	Coordinate {
point	[ -1 -1 -1,
  -1 -1 -1,
  -1 -1 -1,
  -1 -1 1,
  -1 -1 1,
  -1 -1 1,
  1 -1 -1,
  1 -1 1,
  -1 1 -1,
  -1 1 -1,
  1 1 -1,
  1 1 1,
  -1 1 1,
  -1 1 1,
  -0.857 -1 0.88,
  -0.857 -1 0.88,
  -0.857 -1 0.88,
  -0.857 1 0.88,
  -0.857 1 0.88,
  -0.857 1 0.88,
  0.857 -1 0.88,
  0.857 -1 0.88,
  0.857 1 0.88,
  0.857 1 0.88,
  0.857 -1 -0.88,
  0.857 -1 -0.88,
  0.857 1 -0.88,
  0.857 1 -0.88,
  -0.857 1 -0.88,
  -0.857 1 -0.88,
  -0.857 1 -0.88,
  -0.857 -1 -0.88,
  -0.857 -1 -0.88,
  -0.857 -1 -0.88 ]
}

coordIndex	[ 16, 7, 21, -1, 5, 7, 16, -1,
  5, 16, 33, -1, 2, 5, 33, -1,
  21, 7, 6, -1, 25, 21, 6, -1,
  33, 25, 6, -1, 2, 33, 6, -1,
  1, 6, 10, 9, -1, 6, 7, 11,
  10, -1, 7, 4, 13, 11, -1, 23,
  27, 11, -1, 19, 23, 11, -1, 12,
  19, 11, -1, 12, 8, 19, -1, 27,
  10, 11, -1, 30, 10, 27, -1, 8,
  10, 30, -1, 8, 30, 19, -1, 8,
  12, 3, 0, -1, 32, 15, 18, 29,
  -1, 14, 20, 22, 17, -1, 24, 31,
  28, 26, -1, 20, 24, 26, 22, -1 ]
colorPerVertex	FALSE
texCoord	TextureCoordinate {
point	[ 0 0.333,
  0 0.667,
  0.25 0.667,
  0.25 0.333,
  0.0179 0.647,
  0.0179 0.353,
  0.232 0.353,
  0.232 0.647,
  0.25 0,
  0.5 0.333,
  0.5 0,
  0.5 0.667,
  0.25 1,
  0.5 1,
  0.75 0.667,
  0.75 0.333,
  0.518 0.353,
  0.732 0.353,
  0.732 0.647,
  0.518 0.647,
  1 0.667,
  1 0.333,
  0.912 0.333,
  0.912 0.667,
  0.838 0.667,
  0.838 0.333,
  0.338 1,
  0.338 0.667,
  0.412 0.667,
  0.412 1,
  0.338 0.333,
  0.338 0,
  0.412 0,
  0.412 0.333 ]
}

ccw	FALSE
solid	TRUE
creaseAngle	0.698
normalIndex	[  ]
texCoordIndex	[ 4, 2, 7, -1, 1, 2, 4, -1,
  1, 4, 5, -1, 0, 1, 5, -1,
  7, 2, 3, -1, 6, 7, 3, -1,
  5, 6, 3, -1, 0, 5, 3, -1,
  8, 3, 9, 10, -1, 3, 2, 11,
  9, -1, 2, 12, 13, 11, -1, 19,
  16, 11, -1, 18, 19, 11, -1, 14,
  18, 11, -1, 14, 15, 18, -1, 16,
  9, 11, -1, 17, 9, 16, -1, 15,
  9, 17, -1, 15, 17, 18, -1, 15,
  14, 20, 21, -1, 22, 23, 24, 25,
  -1, 26, 27, 28, 29, -1, 30, 31,
  32, 33, -1, 27, 30, 33, 28, -1 ]
}

}

translation	7.65 -18.1 14.8
scale	5.82 0.24 6.41
}
DEF Cube Transform {
children	Shape {
appearance	Appearance {
material	Material {
ambientIntensity	0.46
diffuseColor	0.898 0.898 0.898
specularColor	0.14 0.14 0.14
emissiveColor	0 0 0
shininess	0.14
transparency	0.463
}

}

geometry	DEF _52 IndexedFaceSet {
coord	Coordinate {
point	[ -1 -1 -1,
  -1 -1 1,
  1 -1 -1,
  1 -1 1,
  -1 1 -1,
  1 1 -1,
  1 1 1,
  -1 1 1 ]
}

coordIndex	[ 2, 0, 1, 3, -1, 4, 0, 2,
  5, -1, 5, 2, 3, 6, -1, 6,
  3, 1, 7, -1, 4, 5, 6, 7,
  -1, 0, 4, 7, 1, -1 ]
colorPerVertex	FALSE
ccw	FALSE
solid	TRUE
creaseAngle	0.559
normalIndex	[  ]
texCoordIndex	[  ]
}

}

translation	7.61 -18.1 14.9
scale	5.15 0.1 5.75
}
]
translation	-9.95 -0.0476 0.427
rotation	-1 0 0  1.57
}
DEF music_center Transform {
children	[
DEF TS_53 TouchSensor {
}
Sound {
source	DEF Audio_54 AudioClip {
url	"drum.wav"
startTime	-1
}

location	3.89622 -3.06933 11.9149
direction	-0.999418 0.0341091 -0.00101899
}
DEF Cube Transform {
children	Shape {
appearance	Appearance {
material	Material {
ambientIntensity	0.3
diffuseColor	0.824 0.824 0.824
specularColor	0.16 0.16 0.16
emissiveColor	0 0 0
shininess	0.14
transparency	0.482
}

}

geometry	DEF _55 IndexedFaceSet {
coord	Coordinate {
point	[ -1 -1 -1,
  -0.916 -0.918 2.16,
  1 -1 -1,
  0.916 -0.918 2.16,
  -1 1 -1,
  1 1 -1,
  0.916 0.918 2.16,
  -0.916 0.918 2.16,
  1 1 1,
  -1 1 1,
  -1 -1 1,
  1 -1 1 ]
}

coordIndex	[ 10, 1, 3, 11, -1, 0, 2, 5,
  4, -1, 11, 3, 6, 8, -1, 3,
  1, 7, 6, -1, 8, 6, 7, 9,
  -1, 9, 7, 1, 10, -1, 9, 4,
  5, 8, -1, 10, 0, 4, 9, -1,
  11, 2, 0, 10, -1, 8, 5, 2,
  11, -1 ]
colorPerVertex	FALSE
ccw	FALSE
convex	TRUE
solid	TRUE
creaseAngle	0.559
normalIndex	[  ]
texCoordIndex	[  ]
}

}

translation	11.8 -2.91 15.9
rotation	-1.55352e-008 1 6.42298e-009  0.785
scale	2.82 2.87 0.204
}
DEF Cylinder Transform {
children	Shape {
appearance	Appearance {
material	Material {
ambientIntensity	0.17
diffuseColor	0.157 0.157 0.157
specularColor	0.28 0.28 0.28
emissiveColor	0 0 0
shininess	0.51
transparency	0
}

}

geometry	DEF _56 IndexedFaceSet {
coord	Coordinate {
point	[ 1 0 -1,
  0.924 0.383 -1,
  0.707 0.707 -1,
  0.383 0.924 -1,
  -1.03e-013 1 -1,
  -0.383 0.924 -1,
  -0.707 0.707 -1,
  -0.924 0.383 -1,
  -1 -2.07e-013 -1,
  -0.924 -0.383 -1,
  -0.707 -0.707 -1,
  -0.383 -0.924 -1,
  3.11e-013 -1 -1,
  0.383 -0.924 -1,
  0.707 -0.707 -1,
  0.924 -0.383 -1,
  1 0 -0.6,
  0.924 0.383 -0.6,
  0.707 0.707 -0.6,
  0.383 0.924 -0.6,
  -1.03e-013 1 -0.6,
  -0.383 0.924 -0.6,
  -0.707 0.707 -0.6,
  -0.924 0.383 -0.6,
  -1 -2.07e-013 -0.6,
  -0.924 -0.383 -0.6,
  -0.707 -0.707 -0.6,
  -0.383 -0.924 -0.6,
  3.11e-013 -1 -0.6,
  0.383 -0.924 -0.6,
  0.707 -0.707 -0.6,
  0.924 -0.383 -0.6,
  1 0 -0.2,
  0.924 0.383 -0.2,
  0.707 0.707 -0.2,
  0.383 0.924 -0.2,
  -1.03e-013 1 -0.2,
  -0.383 0.924 -0.2,
  -0.707 0.707 -0.2,
  -0.924 0.383 -0.2,
  -1 -2.07e-013 -0.2,
  -0.924 -0.383 -0.2,
  -0.707 -0.707 -0.2,
  -0.383 -0.924 -0.2,
  3.11e-013 -1 -0.2,
  0.383 -0.924 -0.2,
  0.707 -0.707 -0.2,
  0.924 -0.383 -0.2,
  1 0 0.2,
  0.924 0.383 0.2,
  0.707 0.707 0.2,
  0.383 0.924 0.2,
  -1.03e-013 1 0.2,
  -0.383 0.924 0.2,
  -0.707 0.707 0.2,
  -0.924 0.383 0.2,
  -1 -2.07e-013 0.2,
  -0.924 -0.383 0.2,
  -0.707 -0.707 0.2,
  -0.383 -0.924 0.2,
  3.11e-013 -1 0.2,
  0.383 -0.924 0.2,
  0.707 -0.707 0.2,
  0.924 -0.383 0.2,
  1 0 0.6,
  0.924 0.383 0.6,
  0.707 0.707 0.6,
  0.383 0.924 0.6,
  -1.03e-013 1 0.6,
  -0.383 0.924 0.6,
  -0.707 0.707 0.6,
  -0.924 0.383 0.6,
  -1 -2.07e-013 0.6,
  -0.924 -0.383 0.6,
  -0.707 -0.707 0.6,
  -0.383 -0.924 0.6,
  3.11e-013 -1 0.6,
  0.383 -0.924 0.6,
  0.707 -0.707 0.6,
  0.924 -0.383 0.6,
  1 0 1,
  0.924 0.383 1,
  0.707 0.707 1,
  0.383 0.924 1,
  -1.03e-013 1 1,
  -0.383 0.924 1,
  -0.707 0.707 1,
  -0.924 0.383 1,
  -1 -2.07e-013 1,
  -0.924 -0.383 1,
  -0.707 -0.707 1,
  -0.383 -0.924 1,
  3.11e-013 -1 1,
  0.383 -0.924 1,
  0.707 -0.707 1,
  0.924 -0.383 1 ]
}

coordIndex	[ 17, 1, 0, 16, -1, 18, 2, 1,
  17, -1, 19, 3, 2, 18, -1, 20,
  4, 3, 19, -1, 21, 5, 4, 20,
  -1, 22, 6, 5, 21, -1, 23, 7,
  6, 22, -1, 24, 8, 7, 23, -1,
  25, 9, 8, 24, -1, 26, 10, 9,
  25, -1, 27, 11, 10, 26, -1, 28,
  12, 11, 27, -1, 29, 13, 12, 28,
  -1, 30, 14, 13, 29, -1, 31, 15,
  14, 30, -1, 16, 0, 15, 31, -1,
  33, 17, 16, 32, -1, 34, 18, 17,
  33, -1, 35, 19, 18, 34, -1, 36,
  20, 19, 35, -1, 37, 21, 20, 36,
  -1, 38, 22, 21, 37, -1, 39, 23,
  22, 38, -1, 40, 24, 23, 39, -1,
  41, 25, 24, 40, -1, 42, 26, 25,
  41, -1, 43, 27, 26, 42, -1, 44,
  28, 27, 43, -1, 45, 29, 28, 44,
  -1, 46, 30, 29, 45, -1, 47, 31,
  30, 46, -1, 32, 16, 31, 47, -1,
  49, 33, 32, 48, -1, 50, 34, 33,
  49, -1, 51, 35, 34, 50, -1, 52,
  36, 35, 51, -1, 53, 37, 36, 52,
  -1, 54, 38, 37, 53, -1, 55, 39,
  38, 54, -1, 56, 40, 39, 55, -1,
  57, 41, 40, 56, -1, 58, 42, 41,
  57, -1, 59, 43, 42, 58, -1, 60,
  44, 43, 59, -1, 61, 45, 44, 60,
  -1, 62, 46, 45, 61, -1, 63, 47,
  46, 62, -1, 48, 32, 47, 63, -1,
  65, 49, 48, 64, -1, 66, 50, 49,
  65, -1, 67, 51, 50, 66, -1, 68,
  52, 51, 67, -1, 69, 53, 52, 68,
  -1, 70, 54, 53, 69, -1, 71, 55,
  54, 70, -1, 72, 56, 55, 71, -1,
  73, 57, 56, 72, -1, 74, 58, 57,
  73, -1, 75, 59, 58, 74, -1, 76,
  60, 59, 75, -1, 77, 61, 60, 76,
  -1, 78, 62, 61, 77, -1, 79, 63,
  62, 78, -1, 64, 48, 63, 79, -1,
  81, 65, 64, 80, -1, 82, 66, 65,
  81, -1, 83, 67, 66, 82, -1, 84,
  68, 67, 83, -1, 85, 69, 68, 84,
  -1, 86, 70, 69, 85, -1, 87, 71,
  70, 86, -1, 88, 72, 71, 87, -1,
  89, 73, 72, 88, -1, 90, 74, 73,
  89, -1, 91, 75, 74, 90, -1, 92,
  76, 75, 91, -1, 93, 77, 76, 92,
  -1, 94, 78, 77, 93, -1, 95, 79,
  78, 94, -1, 80, 64, 79, 95, -1,
  95, 94, 93, 92, 91, 90, 89, 88,
  87, 86, 85, 84, 83, 82, 81, 80,
  -1, 0, 1, 2, 3, 4, 5, 6,
  7, 8, 9, 10, 11, 12, 13, 14,
  15, -1 ]
colorPerVertex	FALSE
ccw	FALSE
convex	TRUE
solid	TRUE
creaseAngle	0.559
normalIndex	[  ]
texCoordIndex	[  ]
}

}

translation	10.7 -3.1 14
scale	2 2 0.05
}
DEF Cube Transform {
children	Shape {
appearance	Appearance {
material	Material {
ambientIntensity	0.16
diffuseColor	0.824 0.824 0.824
specularColor	0.14 0.14 0.14
emissiveColor	0 0 0
shininess	0.14
transparency	0.49
}

}

geometry	DEF _57 IndexedFaceSet {
coord	Coordinate {
point	[ -1 -1 -1,
  -1 -1 1,
  1 -1 -1,
  1 -1 1,
  -1 1 -1,
  1 1 -1,
  1 1 1,
  -1 1 1 ]
}

coordIndex	[ 2, 0, 1, 3, -1, 4, 0, 2,
  5, -1, 5, 2, 3, 6, -1, 6,
  3, 1, 7, -1, 4, 5, 6, 7,
  -1, 0, 4, 7, 1, -1 ]
colorPerVertex	FALSE
ccw	FALSE
convex	TRUE
solid	TRUE
creaseAngle	0.559
normalIndex	[  ]
texCoordIndex	[  ]
}

}

translation	7.85 -1.16 10.7
rotation	0 -1 0  0.524
scale	0.147 0.9 0.589
}
DEF Cube Transform {
children	Shape {
appearance	Appearance {
material	Material {
ambientIntensity	0.16
diffuseColor	0.824 0.824 0.824
specularColor	0.14 0.14 0.14
emissiveColor	0 0 0
shininess	0.14
transparency	0.49
}

}

geometry	DEF _58 IndexedFaceSet {
coord	Coordinate {
point	[ -1 -1 -1,
  -1 -1 1,
  1 -1 -1,
  1 -1 1,
  -1 1 -1,
  1 1 -1,
  1 1 1,
  -1 1 1 ]
}

coordIndex	[ 2, 0, 1, 3, -1, 4, 0, 2,
  5, -1, 5, 2, 3, 6, -1, 6,
  3, 1, 7, -1, 4, 5, 6, 7,
  -1, 0, 4, 7, 1, -1 ]
colorPerVertex	FALSE
ccw	FALSE
convex	TRUE
solid	TRUE
creaseAngle	0.559
normalIndex	[  ]
texCoordIndex	[  ]
}

}

translation	8.14 -3.22 10.7
scale	0.147 0.9 0.589
}
DEF Cylinder Transform {
children	Shape {
appearance	Appearance {
material	Material {
ambientIntensity	0.17
diffuseColor	0.157 0.157 0.157
specularColor	0.14 0.14 0.14
emissiveColor	0 0 0
shininess	0.51
transparency	0
}

}

geometry	DEF _59 IndexedFaceSet {
coord	Coordinate {
point	[ 1 0 -1,
  0.924 0.383 -1,
  0.707 0.707 -1,
  0.383 0.924 -1,
  -1.03e-013 1 -1,
  -0.383 0.924 -1,
  -0.707 0.707 -1,
  -0.924 0.383 -1,
  -1 -2.07e-013 -1,
  -0.924 -0.383 -1,
  -0.707 -0.707 -1,
  -0.383 -0.924 -1,
  3.11e-013 -1 -1,
  0.383 -0.924 -1,
  0.707 -0.707 -1,
  0.924 -0.383 -1,
  1 0 -0.6,
  0.924 0.383 -0.6,
  0.707 0.707 -0.6,
  0.383 0.924 -0.6,
  -1.03e-013 1 -0.6,
  -0.383 0.924 -0.6,
  -0.707 0.707 -0.6,
  -0.924 0.383 -0.6,
  -1 -2.07e-013 -0.6,
  -0.924 -0.383 -0.6,
  -0.707 -0.707 -0.6,
  -0.383 -0.924 -0.6,
  3.11e-013 -1 -0.6,
  0.383 -0.924 -0.6,
  0.707 -0.707 -0.6,
  0.924 -0.383 -0.6,
  1 0 -0.2,
  0.924 0.383 -0.2,
  0.707 0.707 -0.2,
  0.383 0.924 -0.2,
  -1.03e-013 1 -0.2,
  -0.383 0.924 -0.2,
  -0.707 0.707 -0.2,
  -0.924 0.383 -0.2,
  -1 -2.07e-013 -0.2,
  -0.924 -0.383 -0.2,
  -0.707 -0.707 -0.2,
  -0.383 -0.924 -0.2,
  3.11e-013 -1 -0.2,
  0.383 -0.924 -0.2,
  0.707 -0.707 -0.2,
  0.924 -0.383 -0.2,
  1 0 0.2,
  0.924 0.383 0.2,
  0.707 0.707 0.2,
  0.383 0.924 0.2,
  -1.03e-013 1 0.2,
  -0.383 0.924 0.2,
  -0.707 0.707 0.2,
  -0.924 0.383 0.2,
  -1 -2.07e-013 0.2,
  -0.924 -0.383 0.2,
  -0.707 -0.707 0.2,
  -0.383 -0.924 0.2,
  3.11e-013 -1 0.2,
  0.383 -0.924 0.2,
  0.707 -0.707 0.2,
  0.924 -0.383 0.2,
  1 0 0.6,
  0.924 0.383 0.6,
  0.707 0.707 0.6,
  0.383 0.924 0.6,
  -1.03e-013 1 0.6,
  -0.383 0.924 0.6,
  -0.707 0.707 0.6,
  -0.924 0.383 0.6,
  -1 -2.07e-013 0.6,
  -0.924 -0.383 0.6,
  -0.707 -0.707 0.6,
  -0.383 -0.924 0.6,
  3.11e-013 -1 0.6,
  0.383 -0.924 0.6,
  0.707 -0.707 0.6,
  0.924 -0.383 0.6,
  1 0 1,
  0.924 0.383 1,
  0.707 0.707 1,
  0.383 0.924 1,
  -1.03e-013 1 1,
  -0.383 0.924 1,
  -0.707 0.707 1,
  -0.924 0.383 1,
  -1 -2.07e-013 1,
  -0.924 -0.383 1,
  -0.707 -0.707 1,
  -0.383 -0.924 1,
  3.11e-013 -1 1,
  0.383 -0.924 1,
  0.707 -0.707 1,
  0.924 -0.383 1 ]
}

coordIndex	[ 17, 1, 0, 16, -1, 18, 2, 1,
  17, -1, 19, 3, 2, 18, -1, 20,
  4, 3, 19, -1, 21, 5, 4, 20,
  -1, 22, 6, 5, 21, -1, 23, 7,
  6, 22, -1, 24, 8, 7, 23, -1,
  25, 9, 8, 24, -1, 26, 10, 9,
  25, -1, 27, 11, 10, 26, -1, 28,
  12, 11, 27, -1, 29, 13, 12, 28,
  -1, 30, 14, 13, 29, -1, 31, 15,
  14, 30, -1, 16, 0, 15, 31, -1,
  33, 17, 16, 32, -1, 34, 18, 17,
  33, -1, 35, 19, 18, 34, -1, 36,
  20, 19, 35, -1, 37, 21, 20, 36,
  -1, 38, 22, 21, 37, -1, 39, 23,
  22, 38, -1, 40, 24, 23, 39, -1,
  41, 25, 24, 40, -1, 42, 26, 25,
  41, -1, 43, 27, 26, 42, -1, 44,
  28, 27, 43, -1, 45, 29, 28, 44,
  -1, 46, 30, 29, 45, -1, 47, 31,
  30, 46, -1, 32, 16, 31, 47, -1,
  49, 33, 32, 48, -1, 50, 34, 33,
  49, -1, 51, 35, 34, 50, -1, 52,
  36, 35, 51, -1, 53, 37, 36, 52,
  -1, 54, 38, 37, 53, -1, 55, 39,
  38, 54, -1, 56, 40, 39, 55, -1,
  57, 41, 40, 56, -1, 58, 42, 41,
  57, -1, 59, 43, 42, 58, -1, 60,
  44, 43, 59, -1, 61, 45, 44, 60,
  -1, 62, 46, 45, 61, -1, 63, 47,
  46, 62, -1, 48, 32, 47, 63, -1,
  65, 49, 48, 64, -1, 66, 50, 49,
  65, -1, 67, 51, 50, 66, -1, 68,
  52, 51, 67, -1, 69, 53, 52, 68,
  -1, 70, 54, 53, 69, -1, 71, 55,
  54, 70, -1, 72, 56, 55, 71, -1,
  73, 57, 56, 72, -1, 74, 58, 57,
  73, -1, 75, 59, 58, 74, -1, 76,
  60, 59, 75, -1, 77, 61, 60, 76,
  -1, 78, 62, 61, 77, -1, 79, 63,
  62, 78, -1, 64, 48, 63, 79, -1,
  81, 65, 64, 80, -1, 82, 66, 65,
  81, -1, 83, 67, 66, 82, -1, 84,
  68, 67, 83, -1, 85, 69, 68, 84,
  -1, 86, 70, 69, 85, -1, 87, 71,
  70, 86, -1, 88, 72, 71, 87, -1,
  89, 73, 72, 88, -1, 90, 74, 73,
  89, -1, 91, 75, 74, 90, -1, 92,
  76, 75, 91, -1, 93, 77, 76, 92,
  -1, 94, 78, 77, 93, -1, 95, 79,
  78, 94, -1, 80, 64, 79, 95, -1,
  95, 94, 93, 92, 91, 90, 89, 88,
  87, 86, 85, 84, 83, 82, 81, 80,
  -1, 0, 1, 2, 3, 4, 5, 6,
  7, 8, 9, 10, 11, 12, 13, 14,
  15, -1 ]
colorPerVertex	FALSE
ccw	FALSE
convex	TRUE
solid	TRUE
creaseAngle	0.559
normalIndex	[  ]
texCoordIndex	[  ]
}

}

translation	7.82 -4.92 10.6
rotation	0 -1 0  1.57
scale	0.485 0.485 0.25
}
DEF Cylinder Transform {
children	Shape {
appearance	Appearance {
material	Material {
ambientIntensity	0.25
diffuseColor	0.824 0.824 0.824
specularColor	0.48 0.48 0.48
emissiveColor	0 0 0
shininess	0.14
transparency	0
}

}

geometry	DEF _60 IndexedFaceSet {
coord	Coordinate {
point	[ 1 0 -1,
  0.924 0.383 -1,
  0.707 0.707 -1,
  0.383 0.924 -1,
  -1.03e-013 1 -1,
  -0.383 0.924 -1,
  -0.707 0.707 -1,
  -0.924 0.383 -1,
  -1 -2.07e-013 -1,
  -0.924 -0.383 -1,
  -0.707 -0.707 -1,
  -0.383 -0.924 -1,
  3.11e-013 -1 -1,
  0.383 -0.924 -1,
  0.707 -0.707 -1,
  0.924 -0.383 -1,
  1 0 -0.6,
  0.924 0.383 -0.6,
  0.707 0.707 -0.6,
  0.383 0.924 -0.6,
  -1.03e-013 1 -0.6,
  -0.383 0.924 -0.6,
  -0.707 0.707 -0.6,
  -0.924 0.383 -0.6,
  -1 -2.07e-013 -0.6,
  -0.924 -0.383 -0.6,
  -0.707 -0.707 -0.6,
  -0.383 -0.924 -0.6,
  3.11e-013 -1 -0.6,
  0.383 -0.924 -0.6,
  0.707 -0.707 -0.6,
  0.924 -0.383 -0.6,
  1 0 -0.2,
  0.924 0.383 -0.2,
  0.707 0.707 -0.2,
  0.383 0.924 -0.2,
  -1.03e-013 1 -0.2,
  -0.383 0.924 -0.2,
  -0.707 0.707 -0.2,
  -0.924 0.383 -0.2,
  -1 -2.07e-013 -0.2,
  -0.924 -0.383 -0.2,
  -0.707 -0.707 -0.2,
  -0.383 -0.924 -0.2,
  3.11e-013 -1 -0.2,
  0.383 -0.924 -0.2,
  0.707 -0.707 -0.2,
  0.924 -0.383 -0.2,
  1 0 0.2,
  0.924 0.383 0.2,
  0.707 0.707 0.2,
  0.383 0.924 0.2,
  -1.03e-013 1 0.2,
  -0.383 0.924 0.2,
  -0.707 0.707 0.2,
  -0.924 0.383 0.2,
  -1 -2.07e-013 0.2,
  -0.924 -0.383 0.2,
  -0.707 -0.707 0.2,
  -0.383 -0.924 0.2,
  3.11e-013 -1 0.2,
  0.383 -0.924 0.2,
  0.707 -0.707 0.2,
  0.924 -0.383 0.2,
  1 0 0.6,
  0.924 0.383 0.6,
  0.707 0.707 0.6,
  0.383 0.924 0.6,
  -1.03e-013 1 0.6,
  -0.383 0.924 0.6,
  -0.707 0.707 0.6,
  -0.924 0.383 0.6,
  -1 -2.07e-013 0.6,
  -0.924 -0.383 0.6,
  -0.707 -0.707 0.6,
  -0.383 -0.924 0.6,
  3.11e-013 -1 0.6,
  0.383 -0.924 0.6,
  0.707 -0.707 0.6,
  0.924 -0.383 0.6,
  1 0 1,
  0.924 0.383 1,
  0.707 0.707 1,
  0.383 0.924 1,
  -1.03e-013 1 1,
  -0.383 0.924 1,
  -0.707 0.707 1,
  -0.924 0.383 1,
  -1 -2.07e-013 1,
  -0.924 -0.383 1,
  -0.707 -0.707 1,
  -0.383 -0.924 1,
  3.11e-013 -1 1,
  0.383 -0.924 1,
  0.707 -0.707 1,
  0.924 -0.383 1 ]
}

coordIndex	[ 17, 1, 0, 16, -1, 18, 2, 1,
  17, -1, 19, 3, 2, 18, -1, 20,
  4, 3, 19, -1, 21, 5, 4, 20,
  -1, 22, 6, 5, 21, -1, 23, 7,
  6, 22, -1, 24, 8, 7, 23, -1,
  25, 9, 8, 24, -1, 26, 10, 9,
  25, -1, 27, 11, 10, 26, -1, 28,
  12, 11, 27, -1, 29, 13, 12, 28,
  -1, 30, 14, 13, 29, -1, 31, 15,
  14, 30, -1, 16, 0, 15, 31, -1,
  33, 17, 16, 32, -1, 34, 18, 17,
  33, -1, 35, 19, 18, 34, -1, 36,
  20, 19, 35, -1, 37, 21, 20, 36,
  -1, 38, 22, 21, 37, -1, 39, 23,
  22, 38, -1, 40, 24, 23, 39, -1,
  41, 25, 24, 40, -1, 42, 26, 25,
  41, -1, 43, 27, 26, 42, -1, 44,
  28, 27, 43, -1, 45, 29, 28, 44,
  -1, 46, 30, 29, 45, -1, 47, 31,
  30, 46, -1, 32, 16, 31, 47, -1,
  49, 33, 32, 48, -1, 50, 34, 33,
  49, -1, 51, 35, 34, 50, -1, 52,
  36, 35, 51, -1, 53, 37, 36, 52,
  -1, 54, 38, 37, 53, -1, 55, 39,
  38, 54, -1, 56, 40, 39, 55, -1,
  57, 41, 40, 56, -1, 58, 42, 41,
  57, -1, 59, 43, 42, 58, -1, 60,
  44, 43, 59, -1, 61, 45, 44, 60,
  -1, 62, 46, 45, 61, -1, 63, 47,
  46, 62, -1, 48, 32, 47, 63, -1,
  65, 49, 48, 64, -1, 66, 50, 49,
  65, -1, 67, 51, 50, 66, -1, 68,
  52, 51, 67, -1, 69, 53, 52, 68,
  -1, 70, 54, 53, 69, -1, 71, 55,
  54, 70, -1, 72, 56, 55, 71, -1,
  73, 57, 56, 72, -1, 74, 58, 57,
  73, -1, 75, 59, 58, 74, -1, 76,
  60, 59, 75, -1, 77, 61, 60, 76,
  -1, 78, 62, 61, 77, -1, 79, 63,
  62, 78, -1, 64, 48, 63, 79, -1,
  81, 65, 64, 80, -1, 82, 66, 65,
  81, -1, 83, 67, 66, 82, -1, 84,
  68, 67, 83, -1, 85, 69, 68, 84,
  -1, 86, 70, 69, 85, -1, 87, 71,
  70, 86, -1, 88, 72, 71, 87, -1,
  89, 73, 72, 88, -1, 90, 74, 73,
  89, -1, 91, 75, 74, 90, -1, 92,
  76, 75, 91, -1, 93, 77, 76, 92,
  -1, 94, 78, 77, 93, -1, 95, 79,
  78, 94, -1, 80, 64, 79, 95, -1,
  95, 94, 93, 92, 91, 90, 89, 88,
  87, 86, 85, 84, 83, 82, 81, 80,
  -1, 0, 1, 2, 3, 4, 5, 6,
  7, 8, 9, 10, 11, 12, 13, 14,
  15, -1 ]
colorPerVertex	FALSE
ccw	FALSE
convex	TRUE
solid	TRUE
creaseAngle	0.559
normalIndex	[  ]
texCoordIndex	[  ]
}

}

translation	8.26 -4.93 12
scale	0.485 0.485 0.1
}
DEF Cube Transform {
children	Shape {
appearance	Appearance {
material	Material {
ambientIntensity	0.16
diffuseColor	0.824 0.565 0.341
specularColor	0.14 0.14 0.14
emissiveColor	0 0 0
shininess	0.14
transparency	0
}

}

geometry	DEF _61 IndexedFaceSet {
coord	Coordinate {
point	[ -1 -1 -1,
  -1 -1 1,
  1 -1 -1,
  1 -1 1,
  -1 1 -1,
  1 1 -1,
  1 1 1,
  -1 1 1 ]
}

coordIndex	[ 2, 0, 1, 3, -1, 4, 0, 2,
  5, -1, 5, 2, 3, 6, -1, 6,
  3, 1, 7, -1, 4, 5, 6, 7,
  -1, 0, 4, 7, 1, -1 ]
colorPerVertex	FALSE
ccw	FALSE
convex	TRUE
solid	TRUE
creaseAngle	0.559
normalIndex	[  ]
texCoordIndex	[  ]
}

}

translation	8.22 -2.38 12.5
scale	0.16 2.18 0.24
}
DEF NoName Transform {
children	[
DEF Cube Transform {
children	Shape {
appearance	Appearance {
material	Material {
ambientIntensity	0.14
diffuseColor	0.157 0.157 0.157
specularColor	0.28 0.28 0.28
emissiveColor	0 0 0
shininess	0.13
transparency	0
}

}

geometry	DEF _62 IndexedFaceSet {
coord	Coordinate {
point	[ -1 -1 -1,
  -1 -1 1,
  1 -1 -1,
  1 -1 1,
  -1 1 -1,
  1 1 -1,
  1 1 1,
  -1 1 1 ]
}

coordIndex	[ 2, 0, 1, 3, -1, 4, 0, 2,
  5, -1, 5, 2, 3, 6, -1, 6,
  3, 1, 7, -1, 4, 5, 6, 7,
  -1, 0, 4, 7, 1, -1 ]
colorPerVertex	FALSE
ccw	FALSE
convex	TRUE
solid	TRUE
creaseAngle	0.559
normalIndex	[  ]
texCoordIndex	[  ]
}

}

translation	11 -2.92 12.1
scale	2.82 2.87 0.338
}
DEF NoName Transform {
children	[
DEF Cube Transform {
children	Shape {
appearance	Appearance {
material	Material {
ambientIntensity	0.14
diffuseColor	0.157 0.157 0.157
specularColor	0.28 0.28 0.28
emissiveColor	0 0 0
shininess	0.13
transparency	0
}

}

geometry	DEF _63 IndexedFaceSet {
coord	Coordinate {
point	[ -1 -1 -1,
  -1 -1 1,
  1 -1 -1,
  1 -1 1,
  -1 1 -1,
  1 1 -1,
  1 1 1,
  -1 1 1 ]
}

coordIndex	[ 2, 0, 1, 3, -1, 4, 0, 2,
  5, -1, 5, 2, 3, 6, -1, 6,
  3, 1, 7, -1, 4, 5, 6, 7,
  -1, 0, 4, 7, 1, -1 ]
colorPerVertex	FALSE
ccw	FALSE
convex	TRUE
solid	TRUE
creaseAngle	0.559
normalIndex	[  ]
texCoordIndex	[  ]
}

}

translation	10.9 -3 10.1
scale	2.56 2.54 0.129
}
DEF Cube Transform {
children	Shape {
appearance	Appearance {
material	Material {
ambientIntensity	0.14
diffuseColor	0.157 0.157 0.157
specularColor	0.28 0.28 0.28
emissiveColor	0 0 0
shininess	0.13
transparency	0
}

}

geometry	DEF _64 IndexedFaceSet {
coord	Coordinate {
point	[ -1 -1 -1,
  -1 -1 1,
  1 -1 -1,
  1 -1 1,
  -1 1 -1,
  1 1 -1,
  1 1 1,
  -1 1 1 ]
}

coordIndex	[ 2, 0, 1, 3, -1, 4, 0, 2,
  5, -1, 5, 2, 3, 6, -1, 6,
  3, 1, 7, -1, 4, 5, 6, 7,
  -1, 0, 4, 7, 1, -1 ]
colorPerVertex	FALSE
ccw	FALSE
convex	TRUE
solid	TRUE
creaseAngle	0.559
normalIndex	[  ]
texCoordIndex	[  ]
}

}

translation	11 -2.9 9.29
scale	2.82 2.87 0.748
}
]
translation	0 -0.019 1.61
}
DEF NoName Transform {
children	[
DEF Cube Transform {
children	Shape {
appearance	Appearance {
material	Material {
ambientIntensity	0.14
diffuseColor	0.157 0.157 0.157
specularColor	0.28 0.28 0.28
emissiveColor	0 0 0
shininess	0.13
transparency	0
}

}

geometry	DEF _65 IndexedFaceSet {
coord	Coordinate {
point	[ -1 -1 -1,
  -1 -1 1,
  1 -1 -1,
  1 -1 1,
  -1 1 -1,
  1 1 -1,
  1 1 1,
  -1 1 1 ]
}

coordIndex	[ 2, 0, 1, 3, -1, 4, 0, 2,
  5, -1, 5, 2, 3, 6, -1, 6,
  3, 1, 7, -1, 4, 5, 6, 7,
  -1, 0, 4, 7, 1, -1 ]
colorPerVertex	FALSE
ccw	FALSE
convex	TRUE
solid	TRUE
creaseAngle	0.559
normalIndex	[  ]
texCoordIndex	[  ]
}

}

translation	10.9 -3 10.1
scale	2.56 2.54 0.129
}
DEF Cube Transform {
children	Shape {
appearance	Appearance {
material	Material {
ambientIntensity	0.14
diffuseColor	0.157 0.157 0.157
specularColor	0.28 0.28 0.28
emissiveColor	0 0 0
shininess	0.13
transparency	0
}

}

geometry	DEF _66 IndexedFaceSet {
coord	Coordinate {
point	[ -1 -1 -1,
  -1 -1 1,
  1 -1 -1,
  1 -1 1,
  -1 1 -1,
  1 1 -1,
  1 1 1,
  -1 1 1 ]
}

coordIndex	[ 2, 0, 1, 3, -1, 4, 0, 2,
  5, -1, 5, 2, 3, 6, -1, 6,
  3, 1, 7, -1, 4, 5, 6, 7,
  -1, 0, 4, 7, 1, -1 ]
colorPerVertex	FALSE
ccw	FALSE
convex	TRUE
solid	TRUE
creaseAngle	0.559
normalIndex	[  ]
texCoordIndex	[  ]
}

}

translation	11 -2.9 9.29
scale	2.82 2.87 0.748
}
]
}
]
translation	-0.0604 0 1.37
}
]
translation	1.62 0.0989 -0.193
rotation	-1 0 0  1.57
}
DEF cdplayer Transform {
children	[
DEF Cube Transform {
children	Shape {
appearance	Appearance {
material	Material {
ambientIntensity	0.14
diffuseColor	0.157 0.157 0.157
specularColor	0.28 0.28 0.28
emissiveColor	0 0 0
shininess	0.13
transparency	0
}

}

geometry	DEF _67 IndexedFaceSet {
coord	Coordinate {
point	[ -1 -1 -1,
  -1 -1 1,
  1 -1 -1,
  1 -1 1,
  -1 1 -1,
  1 1 -1,
  1 1 1,
  -1 1 1 ]
}

coordIndex	[ 2, 0, 1, 3, -1, 4, 0, 2,
  5, -1, 5, 2, 3, 6, -1, 6,
  3, 1, 7, -1, 4, 5, 6, 7,
  -1, 0, 4, 7, 1, -1 ]
colorPerVertex	FALSE
ccw	FALSE
solid	TRUE
creaseAngle	0.559
normalIndex	[  ]
texCoordIndex	[  ]
}

}

translation	12.5 -2.72 9.21
scale	2.82 2.87 0.748
}
DEF Cube Transform {
children	Shape {
appearance	Appearance {
material	Material {
ambientIntensity	0.25
diffuseColor	0.251 0.824 0.247
specularColor	0.48 0.48 0.48
emissiveColor	0 0 0
shininess	0.14
transparency	0
}

}

geometry	DEF _68 IndexedFaceSet {
coord	Coordinate {
point	[ -1 -1 -1,
  -1 -1 1,
  1 -1 -1,
  1 -1 1,
  -1 1 -1,
  1 1 -1,
  1 1 1,
  -1 1 1 ]
}

coordIndex	[ 2, 0, 1, 3, -1, 4, 0, 2,
  5, -1, 5, 2, 3, 6, -1, 6,
  3, 1, 7, -1, 4, 5, 6, 7,
  -1, 0, 4, 7, 1, -1 ]
colorPerVertex	FALSE
ccw	FALSE
solid	TRUE
creaseAngle	0.559
normalIndex	[  ]
texCoordIndex	[  ]
}

}

translation	9.71 -2.27 9.43
scale	0.16 2.18 0.24
}
]
rotation	-1 0 0  1.57
}
DEF NoName Transform {
children	[
DEF Cube Transform {
children	Shape {
appearance	Appearance {
material	Material {
ambientIntensity	0.1
diffuseColor	0.863 0.588 0.588
specularColor	0.29 0.29 0.29
emissiveColor	0 0 0
shininess	0.36
transparency	0
}

texture	USE _1

textureTransform	TextureTransform {
translation	0 0
scale	2 2
}

}

geometry	DEF _69 IndexedFaceSet {
coord	Coordinate {
point	[ -1 -1 -1,
  -1 -1 -1,
  -1 -1 -1,
  -1 -1 1,
  -1 -1 1,
  -1 -1 1,
  1 -1 -1,
  1 -1 1,
  -1 1 -1,
  -1 1 -1,
  1 1 -1,
  1 1 1,
  -1 1 1,
  -1 1 1,
  -0.857 -1 0.88,
  -0.857 -1 0.88,
  -0.857 -1 0.88,
  -0.857 1 0.88,
  -0.857 1 0.88,
  -0.857 1 0.88,
  0.857 -1 0.88,
  0.857 -1 0.88,
  0.857 1 0.88,
  0.857 1 0.88,
  0.857 -1 -0.88,
  0.857 -1 -0.88,
  0.857 1 -0.88,
  0.857 1 -0.88,
  -0.857 1 -0.88,
  -0.857 1 -0.88,
  -0.857 1 -0.88,
  -0.857 -1 -0.88,
  -0.857 -1 -0.88,
  -0.857 -1 -0.88 ]
}

coordIndex	[ 16, 7, 21, -1, 5, 7, 16, -1,
  5, 16, 33, -1, 2, 5, 33, -1,
  21, 7, 6, -1, 25, 21, 6, -1,
  33, 25, 6, -1, 2, 33, 6, -1,
  1, 6, 10, 9, -1, 6, 7, 11,
  10, -1, 7, 4, 13, 11, -1, 23,
  27, 11, -1, 19, 23, 11, -1, 12,
  19, 11, -1, 12, 8, 19, -1, 27,
  10, 11, -1, 30, 10, 27, -1, 8,
  10, 30, -1, 8, 30, 19, -1, 8,
  12, 3, 0, -1, 32, 15, 18, 29,
  -1, 14, 20, 22, 17, -1, 24, 31,
  28, 26, -1, 20, 24, 26, 22, -1 ]
colorPerVertex	FALSE
texCoord	TextureCoordinate {
point	[ 0 0.333,
  0 0.667,
  0.25 0.667,
  0.25 0.333,
  0.0179 0.647,
  0.0179 0.353,
  0.232 0.353,
  0.232 0.647,
  0.25 0,
  0.5 0.333,
  0.5 0,
  0.5 0.667,
  0.25 1,
  0.5 1,
  0.75 0.667,
  0.75 0.333,
  0.518 0.353,
  0.732 0.353,
  0.732 0.647,
  0.518 0.647,
  1 0.667,
  1 0.333,
  0.912 0.333,
  0.912 0.667,
  0.838 0.667,
  0.838 0.333,
  0.338 1,
  0.338 0.667,
  0.412 0.667,
  0.412 1,
  0.338 0.333,
  0.338 0,
  0.412 0,
  0.412 0.333 ]
}

ccw	FALSE
solid	TRUE
creaseAngle	0.698
normalIndex	[  ]
texCoordIndex	[ 4, 2, 7, -1, 1, 2, 4, -1,
  1, 4, 5, -1, 0, 1, 5, -1,
  7, 2, 3, -1, 6, 7, 3, -1,
  5, 6, 3, -1, 0, 5, 3, -1,
  8, 3, 9, 10, -1, 3, 2, 11,
  9, -1, 2, 12, 13, 11, -1, 19,
  16, 11, -1, 18, 19, 11, -1, 14,
  18, 11, -1, 14, 15, 18, -1, 16,
  9, 11, -1, 17, 9, 16, -1, 15,
  9, 17, -1, 15, 17, 18, -1, 15,
  14, 20, 21, -1, 22, 23, 24, 25,
  -1, 26, 27, 28, 29, -1, 30, 31,
  32, 33, -1, 27, 30, 33, 28, -1 ]
}

}

translation	7.65 -18.1 14.8
scale	5.82 0.24 6.41
}
DEF Cube Transform {
children	Shape {
appearance	Appearance {
material	Material {
ambientIntensity	0.46
diffuseColor	0.898 0.898 0.898
specularColor	0.14 0.14 0.14
emissiveColor	0 0 0
shininess	0.14
transparency	0.463
}

}

geometry	DEF _70 IndexedFaceSet {
coord	Coordinate {
point	[ -1 -1 -1,
  -1 -1 1,
  1 -1 -1,
  1 -1 1,
  -1 1 -1,
  1 1 -1,
  1 1 1,
  -1 1 1 ]
}

coordIndex	[ 2, 0, 1, 3, -1, 4, 0, 2,
  5, -1, 5, 2, 3, 6, -1, 6,
  3, 1, 7, -1, 4, 5, 6, 7,
  -1, 0, 4, 7, 1, -1 ]
colorPerVertex	FALSE
ccw	FALSE
solid	TRUE
creaseAngle	0.559
normalIndex	[  ]
texCoordIndex	[  ]
}

}

translation	7.61 -18.1 14.9
scale	5.15 0.1 5.75
}
]
translation	-2.05 0 0
rotation	-1 0 0  1.57
}
DEF computer Transform {
children	[
DEF mouse Transform {
children	[
Shape {
appearance	Appearance {
material	Material {
ambientIntensity	0.1
diffuseColor	0.522 0.722 1
specularColor	0.1 0.1 0.1
emissiveColor	0 0 0
shininess	0
transparency	0
}

}

geometry	DEF _71 IndexedFaceSet {
coord	Coordinate {
point	[ -4.25 0.474 0.0478,
  -4.17 0.464 0.0478,
  -4.07 0.451 0.0478,
  -3.97 0.436 0.0478,
  -3.86 0.421 0.0478,
  -3.76 0.405 0.0478,
  -3.65 0.39 0.0478,
  -3.55 0.377 0.0478,
  -3.46 0.367 0.0478,
  -3.38 0.359 0.0478,
  -3.29 0.351 0.0478,
  -3.21 0.343 0.0478,
  -3.13 0.337 0.0478,
  -3.04 0.331 0.0478,
  -2.96 0.325 0.0478,
  -2.88 0.32 0.0478,
  -2.81 0.316 0.0478,
  -2.73 0.312 0.0478,
  -2.65 0.309 0.0478,
  -2.57 0.306 0.0478,
  -2.5 0.305 0.0478,
  -2.42 0.305 0.0478,
  -2.35 0.305 0.0478,
  -2.28 0.305 0.0478,
  -2.2 0.306 0.0478,
  -2.13 0.307 0.0478,
  -2.05 0.308 0.0478,
  -1.97 0.309 0.0478,
  -1.89 0.309 0.0478,
  -0.961 0.309 0.0478,
  -0.888 0.307 0.0478,
  -0.82 0.303 0.0478,
  -0.757 0.298 0.0478,
  -0.697 0.292 0.0478,
  -0.641 0.287 0.0478,
  -0.586 0.284 0.0478,
  -0.534 0.283 0.0478,
  -0.482 0.286 0.0478,
  -0.431 0.295 0.0478,
  -0.379 0.309 0.0478,
  -0.328 0.331 0.0478,
  -0.278 0.36 0.0478,
  -0.231 0.395 0.0478,
  -0.184 0.435 0.0478,
  -0.139 0.476 0.0478,
  -0.0939 0.518 0.0478,
  -0.0492 0.559 0.0478,
  -0.00449 0.597 0.0478,
  0.0407 0.631 0.0478,
  0.0868 0.658 0.0478,
  0.133 0.68 0.0478,
  0.178 0.698 0.0478,
  0.223 0.714 0.0478,
  0.267 0.727 0.0478,
  0.312 0.738 0.0478,
  0.358 0.747 0.0478,
  0.404 0.755 0.0478,
  0.452 0.762 0.0478,
  0.501 0.768 0.0478,
  0.552 0.774 0.0478,
  0.606 0.78 0.0478,
  0.663 0.785 0.0478,
  0.722 0.788 0.0478,
  0.782 0.791 0.0478,
  0.843 0.793 0.0478,
  0.904 0.793 0.0478,
  0.965 0.791 0.0478,
  1.02 0.787 0.0478,
  1.08 0.782 0.0478,
  1.13 0.774 0.0478,
  1.19 0.765 0.0478,
  1.24 0.754 0.0478,
  1.29 0.742 0.0478,
  1.33 0.728 0.0478,
  1.38 0.713 0.0478,
  1.43 0.695 0.0478,
  1.47 0.675 0.0478,
  1.52 0.652 0.0478,
  1.56 0.627 0.0478,
  1.6 0.6 0.0478,
  1.64 0.569 0.0478,
  1.68 0.534 0.0478,
  1.72 0.497 0.0478,
  1.76 0.456 0.0478,
  1.8 0.414 0.0478,
  1.84 0.371 0.0478,
  1.87 0.326 0.0478,
  1.9 0.281 0.0478,
  1.93 0.237 0.0478,
  1.95 0.192 0.0478,
  1.96 0.149 0.0478,
  1.97 0.105 0.0478,
  1.98 0.0607 0.0478,
  1.98 0.016 0.0478,
  1.97 -0.0295 0.0478,
  1.97 -0.0757 0.0478,
  1.96 -0.123 0.0478,
  1.96 -0.172 0.0478,
  1.95 -0.222 0.0478,
  1.95 -0.273 0.0478,
  1.95 -0.328 0.0478,
  1.95 -0.386 0.0478,
  1.95 -0.447 0.0478,
  1.95 -0.509 0.0478,
  1.95 -0.571 0.0478,
  1.95 -0.633 0.0478,
  1.94 -0.694 0.0478,
  1.93 -0.752 0.0478,
  1.91 -0.806 0.0478,
  1.89 -0.855 0.0478,
  1.86 -0.9 0.0478,
  1.82 -0.943 0.0478,
  1.78 -0.982 0.0478,
  1.73 -1.02 0.0478,
  1.68 -1.06 0.0478,
  1.62 -1.09 0.0478,
  1.57 -1.12 0.0478,
  1.52 -1.15 0.0478,
  1.47 -1.18 0.0478,
  1.43 -1.2 0.0478,
  1.38 -1.23 0.0478,
  1.34 -1.26 0.0478,
  1.3 -1.28 0.0478,
  1.26 -1.31 0.0478,
  1.23 -1.33 0.0478,
  1.19 -1.35 0.0478,
  1.16 -1.36 0.0478,
  1.13 -1.37 0.0478,
  1.1 -1.38 0.0478,
  1.08 -1.38 0.0478,
  1.06 -1.37 0.0478,
  1.04 -1.36 0.0478,
  1.03 -1.34 0.0478,
  1.02 -1.31 0.0478,
  1.01 -1.28 0.0478,
  1.01 -1.25 0.0478,
  1.01 -1.22 0.0478,
  1.01 -1.19 0.0478,
  1.01 -1.17 0.0478,
  1.02 -1.15 0.0478,
  1.03 -1.13 0.0478,
  1.04 -1.12 0.0478,
  1.05 -1.1 0.0478,
  1.07 -1.09 0.0478,
  1.09 -1.08 0.0478,
  1.11 -1.07 0.0478,
  1.13 -1.06 0.0478,
  1.15 -1.05 0.0478,
  1.17 -1.04 0.0478,
  1.21 -1.02 0.0478,
  1.23 -1.01 0.0478,
  1.24 -1.01 0.0478,
  1.26 -0.999 0.0478,
  1.27 -0.992 0.0478,
  1.29 -0.984 0.0478,
  1.31 -0.973 0.0478,
  1.32 -0.958 0.0478,
  1.34 -0.938 0.0478,
  1.37 -0.913 0.0478,
  1.39 -0.883 0.0478,
  1.42 -0.849 0.0478,
  1.46 -0.811 0.0478,
  1.5 -0.77 0.0478,
  1.53 -0.725 0.0478,
  1.57 -0.678 0.0478,
  1.6 -0.627 0.0478,
  1.63 -0.575 0.0478,
  1.65 -0.519 0.0478,
  1.67 -0.462 0.0478,
  1.69 -0.4 0.0478,
  1.7 -0.33 0.0478,
  1.7 -0.254 0.0478,
  1.71 -0.176 0.0478,
  1.71 -0.0958 0.0478,
  1.71 -0.0167 0.0478,
  1.7 0.0595 0.0478,
  1.69 0.131 0.0478,
  1.68 0.195 0.0478,
  1.66 0.251 0.0478,
  1.64 0.298 0.0478,
  1.61 0.34 0.0478,
  1.58 0.378 0.0478,
  1.55 0.411 0.0478,
  1.51 0.441 0.0478,
  1.47 0.466 0.0478,
  1.42 0.489 0.0478,
  1.37 0.509 0.0478,
  1.31 0.526 0.0478,
  1.25 0.542 0.0478,
  1.18 0.555 0.0478,
  1.1 0.565 0.0478,
  1.01 0.572 0.0478,
  0.915 0.577 0.0478,
  0.818 0.578 0.0478,
  0.72 0.577 0.0478,
  0.624 0.572 0.0478,
  0.534 0.565 0.0478,
  0.451 0.555 0.0478,
  0.378 0.542 0.0478,
  0.319 0.523 0.0478,
  0.273 0.498 0.0478,
  0.236 0.468 0.0478,
  0.204 0.435 0.0478,
  0.174 0.4 0.0478,
  0.142 0.364 0.0478,
  0.103 0.33 0.0478,
  0.0546 0.299 0.0478,
  -0.00775 0.272 0.0478,
  -0.0878 0.251 0.0478,
  -0.178 0.234 0.0478,
  -0.269 0.22 0.0478,
  -0.365 0.209 0.0478,
  -0.468 0.199 0.0478,
  -0.582 0.192 0.0478,
  -0.711 0.188 0.0478,
  -0.856 0.185 0.0478,
  -1.02 0.185 0.0478,
  -1.21 0.188 0.0478,
  -1.43 0.192 0.0478,
  -1.69 0.201 0.0478,
  -2.01 0.215 0.0478,
  -2.37 0.233 0.0478,
  -2.75 0.254 0.0478,
  -3.14 0.276 0.0478,
  -3.52 0.299 0.0478,
  -4.21 0.34 0.0478,
  -4.21 0.34 0,
  -3.52 0.299 0,
  -3.14 0.276 0,
  -2.75 0.254 0,
  -2.37 0.233 0,
  -2.01 0.215 0,
  -1.69 0.201 0,
  -1.43 0.192 0,
  -1.21 0.188 0,
  -1.02 0.185 0,
  -0.856 0.185 0,
  -0.711 0.188 0,
  -0.582 0.192 0,
  -0.468 0.199 0,
  -0.365 0.209 0,
  -0.269 0.22 0,
  -0.178 0.234 0,
  -0.0878 0.251 0,
  -0.00775 0.272 0,
  0.0546 0.299 0,
  0.103 0.33 0,
  0.142 0.364 0,
  0.174 0.4 0,
  0.204 0.435 0,
  0.236 0.468 0,
  0.273 0.498 0,
  0.319 0.523 0,
  0.378 0.542 0,
  0.451 0.555 0,
  0.534 0.565 0,
  0.624 0.572 0,
  0.72 0.577 0,
  0.818 0.578 0,
  0.915 0.577 0,
  1.01 0.572 0,
  1.1 0.565 0,
  1.18 0.555 0,
  1.25 0.542 0,
  1.31 0.526 0,
  1.37 0.509 0,
  1.42 0.489 0,
  1.47 0.466 0,
  1.51 0.441 0,
  1.55 0.411 0,
  1.58 0.378 0,
  1.61 0.34 0,
  1.64 0.298 0,
  1.66 0.251 0,
  1.68 0.195 0,
  1.69 0.131 0,
  1.7 0.0595 0,
  1.71 -0.0167 0,
  1.71 -0.0958 0,
  1.71 -0.176 0,
  1.7 -0.254 0,
  1.7 -0.33 0,
  1.69 -0.4 0,
  1.67 -0.462 0,
  1.65 -0.519 0,
  1.63 -0.575 0,
  1.6 -0.627 0,
  1.57 -0.678 0,
  1.53 -0.725 0,
  1.5 -0.77 0,
  1.46 -0.811 0,
  1.42 -0.849 0,
  1.39 -0.883 0,
  1.37 -0.913 0,
  1.34 -0.938 0,
  1.32 -0.958 0,
  1.31 -0.973 0,
  1.29 -0.984 0,
  1.27 -0.992 0,
  1.26 -0.999 0,
  1.24 -1.01 0,
  1.23 -1.01 0,
  1.21 -1.02 0,
  1.17 -1.04 0,
  1.15 -1.05 0,
  1.13 -1.06 0,
  1.11 -1.07 0,
  1.09 -1.08 0,
  1.07 -1.09 0,
  1.05 -1.1 0,
  1.04 -1.12 0,
  1.03 -1.13 0,
  1.02 -1.15 0,
  1.01 -1.17 0,
  1.01 -1.19 0,
  1.01 -1.22 0,
  1.01 -1.25 0,
  1.01 -1.28 0,
  1.02 -1.31 0,
  1.03 -1.34 0,
  1.04 -1.36 0,
  1.06 -1.37 0,
  1.08 -1.38 0,
  1.1 -1.38 0,
  1.13 -1.37 0,
  1.16 -1.36 0,
  1.19 -1.35 0,
  1.23 -1.33 0,
  1.26 -1.31 0,
  1.3 -1.28 0,
  1.34 -1.26 0,
  1.38 -1.23 0,
  1.43 -1.2 0,
  1.47 -1.18 0,
  1.52 -1.15 0,
  1.57 -1.12 0,
  1.62 -1.09 0,
  1.68 -1.06 0,
  1.73 -1.02 0,
  1.78 -0.982 0,
  1.82 -0.943 0,
  1.86 -0.9 0,
  1.89 -0.855 0,
  1.91 -0.806 0,
  1.93 -0.752 0,
  1.94 -0.694 0,
  1.95 -0.633 0,
  1.95 -0.571 0,
  1.95 -0.509 0,
  1.95 -0.447 0,
  1.95 -0.386 0,
  1.95 -0.328 0,
  1.95 -0.273 0,
  1.95 -0.222 0,
  1.96 -0.172 0,
  1.96 -0.123 0,
  1.97 -0.0757 0,
  1.97 -0.0295 0,
  1.98 0.016 0,
  1.98 0.0607 0,
  1.97 0.105 0,
  1.96 0.149 0,
  1.95 0.192 0,
  1.93 0.237 0,
  1.9 0.281 0,
  1.87 0.326 0,
  1.84 0.371 0,
  1.8 0.414 0,
  1.76 0.456 0,
  1.72 0.497 0,
  1.68 0.534 0,
  1.64 0.569 0,
  1.6 0.6 0,
  1.56 0.627 0,
  1.52 0.652 0,
  1.47 0.675 0,
  1.43 0.695 0,
  1.38 0.713 0,
  1.33 0.728 0,
  1.29 0.742 0,
  1.24 0.754 0,
  1.19 0.765 0,
  1.13 0.774 0,
  1.08 0.782 0,
  1.02 0.787 0,
  0.965 0.791 0,
  0.904 0.793 0,
  0.843 0.793 0,
  0.782 0.791 0,
  0.722 0.788 0,
  0.663 0.785 0,
  0.606 0.78 0,
  0.552 0.774 0,
  0.501 0.768 0,
  0.452 0.762 0,
  0.404 0.755 0,
  0.358 0.747 0,
  0.312 0.738 0,
  0.267 0.727 0,
  0.223 0.714 0,
  0.178 0.698 0,
  0.133 0.68 0,
  0.0868 0.658 0,
  0.0407 0.631 0,
  -0.00449 0.597 0,
  -0.0492 0.559 0,
  -0.0939 0.518 0,
  -0.139 0.476 0,
  -0.184 0.435 0,
  -0.231 0.395 0,
  -0.278 0.36 0,
  -0.328 0.331 0,
  -0.379 0.309 0,
  -0.431 0.295 0,
  -0.482 0.286 0,
  -0.534 0.283 0,
  -0.586 0.284 0,
  -0.641 0.287 0,
  -0.697 0.292 0,
  -0.757 0.298 0,
  -0.82 0.303 0,
  -0.888 0.307 0,
  -0.961 0.309 0,
  -1.89 0.309 0,
  -1.97 0.309 0,
  -2.05 0.308 0,
  -2.13 0.307 0,
  -2.2 0.306 0,
  -2.28 0.305 0,
  -2.35 0.305 0,
  -2.42 0.305 0,
  -2.5 0.305 0,
  -2.57 0.306 0,
  -2.65 0.309 0,
  -2.73 0.312 0,
  -2.81 0.316 0,
  -2.88 0.32 0,
  -2.96 0.325 0,
  -3.04 0.331 0,
  -3.13 0.337 0,
  -3.21 0.343 0,
  -3.29 0.351 0,
  -3.38 0.359 0,
  -3.46 0.367 0,
  -3.55 0.377 0,
  -3.65 0.39 0,
  -3.76 0.405 0,
  -3.86 0.421 0,
  -3.97 0.436 0,
  -4.07 0.451 0,
  -4.17 0.464 0,
  -4.25 0.474 0,
  -4.26 0.474 0,
  -4.27 0.343 0,
  -4.28 0.344 0.0478,
  -4.27 0.475 0.0478,
  -4.69 0.481 0.357,
  -4.52 0.481 0.326,
  -4.53 0.581 0.326,
  -4.57 0.666 0.326,
  -4.62 0.722 0.326,
  -4.69 0.742 0.326,
  -4.75 0.722 0.326,
  -4.81 0.666 0.326,
  -4.84 0.581 0.326,
  -4.86 0.481 0.326,
  -4.84 0.38 0.326,
  -4.81 0.295 0.326,
  -4.75 0.239 0.326,
  -4.69 0.219 0.326,
  -4.62 0.239 0.326,
  -4.57 0.295 0.326,
  -4.53 0.38 0.326,
  -4.38 0.481 0.239,
  -4.4 0.666 0.239,
  -4.47 0.823 0.239,
  -4.57 0.928 0.239,
  -4.69 0.964 0.239,
  -4.81 0.928 0.239,
  -4.91 0.823 0.239,
  -4.98 0.666 0.239,
  -5 0.481 0.239,
  -4.98 0.295 0.239,
  -4.91 0.138 0.239,
  -4.81 0.0335 0.239,
  -4.69 -0.00338 0.239,
  -4.57 0.0335 0.239,
  -4.47 0.138 0.239,
  -4.4 0.295 0.239,
  -4.28 0.481 0.108,
  -4.31 0.722 0.108,
  -4.4 0.928 0.108,
  -4.53 1.06 0.108,
  -4.69 1.11 0.108,
  -4.84 1.06 0.108,
  -4.98 0.928 0.108,
  -5.06 0.722 0.108,
  -5.1 0.481 0.108,
  -5.06 0.239 0.108,
  -4.98 0.0335 0.108,
  -4.84 -0.104 0.108,
  -4.69 -0.152 0.108,
  -4.53 -0.104 0.108,
  -4.4 0.0335 0.108,
  -4.31 0.239 0.108,
  -4.25 0.481 -0.0462,
  -4.28 0.742 -0.0462,
  -4.38 0.964 -0.0462,
  -4.52 1.11 -0.0462,
  -4.69 1.16 -0.0462,
  -4.86 1.11 -0.0462,
  -5 0.964 -0.0462,
  -5.1 0.742 -0.0462,
  -5.13 0.481 -0.0462,
  -5.1 0.219 -0.0462,
  -5 -0.00338 -0.0462,
  -4.86 -0.152 -0.0462,
  -4.69 -0.204 -0.0462,
  -4.52 -0.152 -0.0462,
  -4.38 -0.00338 -0.0462,
  -4.28 0.219 -0.0462,
  -4.28 0.219 -0.0467,
  -4.38 -0.00326 -0.0467,
  -4.52 -0.152 -0.0467,
  -4.69 -0.204 -0.0467,
  -4.86 -0.152 -0.0467,
  -5 -0.00326 -0.0467,
  -5.1 0.219 -0.0467,
  -5.13 0.481 -0.0467,
  -5.1 0.742 -0.0467,
  -5 0.964 -0.0467,
  -4.86 1.11 -0.0467,
  -4.69 1.16 -0.0467,
  -4.52 1.11 -0.0467,
  -4.38 0.964 -0.0467,
  -4.25 0.481 -0.0467,
  -4.28 0.742 -0.0467,
  -4.26 0.474 0,
  -4.27 0.343 0,
  -4.28 0.344 0.0478,
  -4.27 0.475 0.0478 ]
}

coordIndex	[ 457, 456, 458, -1, 458, 456, 459, -1,
  459, 456, 460, -1, 460, 456, 461, -1,
  461, 456, 462, -1, 462, 456, 463, -1,
  463, 456, 464, -1, 464, 456, 465, -1,
  465, 456, 466, -1, 466, 456, 467, -1,
  467, 456, 468, -1, 468, 456, 469, -1,
  469, 456, 470, -1, 470, 456, 471, -1,
  471, 456, 472, -1, 472, 456, 457, -1,
  474, 473, 457, 458, -1, 475, 474, 458,
  459, -1, 476, 475, 459, 460, -1, 477,
  476, 460, 461, -1, 478, 477, 461, 462,
  -1, 479, 478, 462, 463, -1, 480, 479,
  463, 464, -1, 481, 480, 464, 465, -1,
  482, 481, 465, 466, -1, 483, 482, 466,
  467, -1, 484, 483, 467, 468, -1, 485,
  484, 468, 469, -1, 486, 485, 469, 470,
  -1, 487, 486, 470, 471, -1, 488, 487,
  471, 472, -1, 473, 488, 472, 457, -1,
  490, 489, 473, 474, -1, 491, 490, 474,
  475, -1, 492, 491, 475, 476, -1, 493,
  492, 476, 477, -1, 494, 493, 477, 478,
  -1, 495, 494, 478, 479, -1, 496, 495,
  479, 480, -1, 497, 496, 480, 481, -1,
  498, 497, 481, 482, -1, 499, 498, 482,
  483, -1, 500, 499, 483, 484, -1, 501,
  500, 484, 485, -1, 502, 501, 485, 486,
  -1, 503, 502, 486, 487, -1, 504, 503,
  487, 488, -1, 489, 504, 488, 473, -1,
  506, 505, 489, 490, -1, 507, 506, 490,
  491, -1, 508, 507, 491, 492, -1, 509,
  508, 492, 493, -1, 510, 509, 493, 494,
  -1, 511, 510, 494, 495, -1, 512, 511,
  495, 496, -1, 513, 512, 496, 497, -1,
  514, 513, 497, 498, -1, 515, 514, 498,
  499, -1, 516, 515, 499, 500, -1, 517,
  516, 500, 501, -1, 518, 517, 501, 502,
  -1, 519, 518, 502, 503, -1, 520, 519,
  503, 504, -1, 454, 504, 489, -1, 453,
  504, 454, -1, 520, 504, 453, -1, 520,
  453, 452, -1, 455, 454, 489, -1, 452,
  455, 489, -1, 505, 452, 489, -1, 505,
  520, 452, -1, 513, 514, 527, 528, -1,
  514, 515, 526, 527, -1, 515, 516, 525,
  526, -1, 516, 517, 524, 525, -1, 517,
  518, 523, 524, -1, 518, 519, 522, 523,
  -1, 519, 520, 521, 522, -1, 520, 505,
  535, 521, -1, 512, 513, 528, 529, -1,
  511, 512, 529, 530, -1, 509, 510, 531,
  532, -1, 510, 511, 530, 531, -1, 508,
  509, 532, 533, -1, 507, 508, 533, 534,
  -1, 505, 506, 536, 535, -1, 506, 507,
  534, 536, -1, 534, 533, 532, 531, 530,
  529, 528, 527, 526, 525, 524, 523, 522,
  521, 535, 536, -1 ]
colorPerVertex	FALSE
ccw	FALSE
solid	TRUE
creaseAngle	0.559
normalIndex	[  ]
texCoordIndex	[  ]
}

}
Shape {
appearance	Appearance {
material	Material {
ambientIntensity	0.1
diffuseColor	1 0.922 0.922
specularColor	0.1 0.1 0.1
emissiveColor	0 0 0
shininess	0
transparency	0
}

}

geometry	DEF _72 IndexedFaceSet {
coord	Coordinate {
point	[ -4.25 0.474 0.0478,
  -4.17 0.464 0.0478,
  -4.07 0.451 0.0478,
  -3.97 0.436 0.0478,
  -3.86 0.421 0.0478,
  -3.76 0.405 0.0478,
  -3.65 0.39 0.0478,
  -3.55 0.377 0.0478,
  -3.46 0.367 0.0478,
  -3.38 0.359 0.0478,
  -3.29 0.351 0.0478,
  -3.21 0.343 0.0478,
  -3.13 0.337 0.0478,
  -3.04 0.331 0.0478,
  -2.96 0.325 0.0478,
  -2.88 0.32 0.0478,
  -2.81 0.316 0.0478,
  -2.73 0.312 0.0478,
  -2.65 0.309 0.0478,
  -2.57 0.306 0.0478,
  -2.5 0.305 0.0478,
  -2.42 0.305 0.0478,
  -2.35 0.305 0.0478,
  -2.28 0.305 0.0478,
  -2.2 0.306 0.0478,
  -2.13 0.307 0.0478,
  -2.05 0.308 0.0478,
  -1.97 0.309 0.0478,
  -1.89 0.309 0.0478,
  -0.961 0.309 0.0478,
  -0.888 0.307 0.0478,
  -0.82 0.303 0.0478,
  -0.757 0.298 0.0478,
  -0.697 0.292 0.0478,
  -0.641 0.287 0.0478,
  -0.586 0.284 0.0478,
  -0.534 0.283 0.0478,
  -0.482 0.286 0.0478,
  -0.431 0.295 0.0478,
  -0.379 0.309 0.0478,
  -0.328 0.331 0.0478,
  -0.278 0.36 0.0478,
  -0.231 0.395 0.0478,
  -0.184 0.435 0.0478,
  -0.139 0.476 0.0478,
  -0.0939 0.518 0.0478,
  -0.0492 0.559 0.0478,
  -0.00449 0.597 0.0478,
  0.0407 0.631 0.0478,
  0.0868 0.658 0.0478,
  0.133 0.68 0.0478,
  0.178 0.698 0.0478,
  0.223 0.714 0.0478,
  0.267 0.727 0.0478,
  0.312 0.738 0.0478,
  0.358 0.747 0.0478,
  0.404 0.755 0.0478,
  0.452 0.762 0.0478,
  0.501 0.768 0.0478,
  0.552 0.774 0.0478,
  0.606 0.78 0.0478,
  0.663 0.785 0.0478,
  0.722 0.788 0.0478,
  0.782 0.791 0.0478,
  0.843 0.793 0.0478,
  0.904 0.793 0.0478,
  0.965 0.791 0.0478,
  1.02 0.787 0.0478,
  1.08 0.782 0.0478,
  1.13 0.774 0.0478,
  1.19 0.765 0.0478,
  1.24 0.754 0.0478,
  1.29 0.742 0.0478,
  1.33 0.728 0.0478,
  1.38 0.713 0.0478,
  1.43 0.695 0.0478,
  1.47 0.675 0.0478,
  1.52 0.652 0.0478,
  1.56 0.627 0.0478,
  1.6 0.6 0.0478,
  1.64 0.569 0.0478,
  1.68 0.534 0.0478,
  1.72 0.497 0.0478,
  1.76 0.456 0.0478,
  1.8 0.414 0.0478,
  1.84 0.371 0.0478,
  1.87 0.326 0.0478,
  1.9 0.281 0.0478,
  1.93 0.237 0.0478,
  1.95 0.192 0.0478,
  1.96 0.149 0.0478,
  1.97 0.105 0.0478,
  1.98 0.0607 0.0478,
  1.98 0.016 0.0478,
  1.97 -0.0295 0.0478,
  1.97 -0.0757 0.0478,
  1.96 -0.123 0.0478,
  1.96 -0.172 0.0478,
  1.95 -0.222 0.0478,
  1.95 -0.273 0.0478,
  1.95 -0.328 0.0478,
  1.95 -0.386 0.0478,
  1.95 -0.447 0.0478,
  1.95 -0.509 0.0478,
  1.95 -0.571 0.0478,
  1.95 -0.633 0.0478,
  1.94 -0.694 0.0478,
  1.93 -0.752 0.0478,
  1.91 -0.806 0.0478,
  1.89 -0.855 0.0478,
  1.86 -0.9 0.0478,
  1.82 -0.943 0.0478,
  1.78 -0.982 0.0478,
  1.73 -1.02 0.0478,
  1.68 -1.06 0.0478,
  1.62 -1.09 0.0478,
  1.57 -1.12 0.0478,
  1.52 -1.15 0.0478,
  1.47 -1.18 0.0478,
  1.43 -1.2 0.0478,
  1.38 -1.23 0.0478,
  1.34 -1.26 0.0478,
  1.3 -1.28 0.0478,
  1.26 -1.31 0.0478,
  1.23 -1.33 0.0478,
  1.19 -1.35 0.0478,
  1.16 -1.36 0.0478,
  1.13 -1.37 0.0478,
  1.1 -1.38 0.0478,
  1.08 -1.38 0.0478,
  1.06 -1.37 0.0478,
  1.04 -1.36 0.0478,
  1.03 -1.34 0.0478,
  1.02 -1.31 0.0478,
  1.01 -1.28 0.0478,
  1.01 -1.25 0.0478,
  1.01 -1.22 0.0478,
  1.01 -1.19 0.0478,
  1.01 -1.17 0.0478,
  1.02 -1.15 0.0478,
  1.03 -1.13 0.0478,
  1.04 -1.12 0.0478,
  1.05 -1.1 0.0478,
  1.07 -1.09 0.0478,
  1.09 -1.08 0.0478,
  1.11 -1.07 0.0478,
  1.13 -1.06 0.0478,
  1.15 -1.05 0.0478,
  1.17 -1.04 0.0478,
  1.21 -1.02 0.0478,
  1.23 -1.01 0.0478,
  1.24 -1.01 0.0478,
  1.26 -0.999 0.0478,
  1.27 -0.992 0.0478,
  1.29 -0.984 0.0478,
  1.31 -0.973 0.0478,
  1.32 -0.958 0.0478,
  1.34 -0.938 0.0478,
  1.37 -0.913 0.0478,
  1.39 -0.883 0.0478,
  1.42 -0.849 0.0478,
  1.46 -0.811 0.0478,
  1.5 -0.77 0.0478,
  1.53 -0.725 0.0478,
  1.57 -0.678 0.0478,
  1.6 -0.627 0.0478,
  1.63 -0.575 0.0478,
  1.65 -0.519 0.0478,
  1.67 -0.462 0.0478,
  1.69 -0.4 0.0478,
  1.7 -0.33 0.0478,
  1.7 -0.254 0.0478,
  1.71 -0.176 0.0478,
  1.71 -0.0958 0.0478,
  1.71 -0.0167 0.0478,
  1.7 0.0595 0.0478,
  1.69 0.131 0.0478,
  1.68 0.195 0.0478,
  1.66 0.251 0.0478,
  1.64 0.298 0.0478,
  1.61 0.34 0.0478,
  1.58 0.378 0.0478,
  1.55 0.411 0.0478,
  1.51 0.441 0.0478,
  1.47 0.466 0.0478,
  1.42 0.489 0.0478,
  1.37 0.509 0.0478,
  1.31 0.526 0.0478,
  1.25 0.542 0.0478,
  1.18 0.555 0.0478,
  1.1 0.565 0.0478,
  1.01 0.572 0.0478,
  0.915 0.577 0.0478,
  0.818 0.578 0.0478,
  0.72 0.577 0.0478,
  0.624 0.572 0.0478,
  0.534 0.565 0.0478,
  0.451 0.555 0.0478,
  0.378 0.542 0.0478,
  0.319 0.523 0.0478,
  0.273 0.498 0.0478,
  0.236 0.468 0.0478,
  0.204 0.435 0.0478,
  0.174 0.4 0.0478,
  0.142 0.364 0.0478,
  0.103 0.33 0.0478,
  0.0546 0.299 0.0478,
  -0.00775 0.272 0.0478,
  -0.0878 0.251 0.0478,
  -0.178 0.234 0.0478,
  -0.269 0.22 0.0478,
  -0.365 0.209 0.0478,
  -0.468 0.199 0.0478,
  -0.582 0.192 0.0478,
  -0.711 0.188 0.0478,
  -0.856 0.185 0.0478,
  -1.02 0.185 0.0478,
  -1.21 0.188 0.0478,
  -1.43 0.192 0.0478,
  -1.69 0.201 0.0478,
  -2.01 0.215 0.0478,
  -2.37 0.233 0.0478,
  -2.75 0.254 0.0478,
  -3.14 0.276 0.0478,
  -3.52 0.299 0.0478,
  -4.21 0.34 0.0478,
  -4.21 0.34 0,
  -3.52 0.299 0,
  -3.14 0.276 0,
  -2.75 0.254 0,
  -2.37 0.233 0,
  -2.01 0.215 0,
  -1.69 0.201 0,
  -1.43 0.192 0,
  -1.21 0.188 0,
  -1.02 0.185 0,
  -0.856 0.185 0,
  -0.711 0.188 0,
  -0.582 0.192 0,
  -0.468 0.199 0,
  -0.365 0.209 0,
  -0.269 0.22 0,
  -0.178 0.234 0,
  -0.0878 0.251 0,
  -0.00775 0.272 0,
  0.0546 0.299 0,
  0.103 0.33 0,
  0.142 0.364 0,
  0.174 0.4 0,
  0.204 0.435 0,
  0.236 0.468 0,
  0.273 0.498 0,
  0.319 0.523 0,
  0.378 0.542 0,
  0.451 0.555 0,
  0.534 0.565 0,
  0.624 0.572 0,
  0.72 0.577 0,
  0.818 0.578 0,
  0.915 0.577 0,
  1.01 0.572 0,
  1.1 0.565 0,
  1.18 0.555 0,
  1.25 0.542 0,
  1.31 0.526 0,
  1.37 0.509 0,
  1.42 0.489 0,
  1.47 0.466 0,
  1.51 0.441 0,
  1.55 0.411 0,
  1.58 0.378 0,
  1.61 0.34 0,
  1.64 0.298 0,
  1.66 0.251 0,
  1.68 0.195 0,
  1.69 0.131 0,
  1.7 0.0595 0,
  1.71 -0.0167 0,
  1.71 -0.0958 0,
  1.71 -0.176 0,
  1.7 -0.254 0,
  1.7 -0.33 0,
  1.69 -0.4 0,
  1.67 -0.462 0,
  1.65 -0.519 0,
  1.63 -0.575 0,
  1.6 -0.627 0,
  1.57 -0.678 0,
  1.53 -0.725 0,
  1.5 -0.77 0,
  1.46 -0.811 0,
  1.42 -0.849 0,
  1.39 -0.883 0,
  1.37 -0.913 0,
  1.34 -0.938 0,
  1.32 -0.958 0,
  1.31 -0.973 0,
  1.29 -0.984 0,
  1.27 -0.992 0,
  1.26 -0.999 0,
  1.24 -1.01 0,
  1.23 -1.01 0,
  1.21 -1.02 0,
  1.17 -1.04 0,
  1.15 -1.05 0,
  1.13 -1.06 0,
  1.11 -1.07 0,
  1.09 -1.08 0,
  1.07 -1.09 0,
  1.05 -1.1 0,
  1.04 -1.12 0,
  1.03 -1.13 0,
  1.02 -1.15 0,
  1.01 -1.17 0,
  1.01 -1.19 0,
  1.01 -1.22 0,
  1.01 -1.25 0,
  1.01 -1.28 0,
  1.02 -1.31 0,
  1.03 -1.34 0,
  1.04 -1.36 0,
  1.06 -1.37 0,
  1.08 -1.38 0,
  1.1 -1.38 0,
  1.13 -1.37 0,
  1.16 -1.36 0,
  1.19 -1.35 0,
  1.23 -1.33 0,
  1.26 -1.31 0,
  1.3 -1.28 0,
  1.34 -1.26 0,
  1.38 -1.23 0,
  1.43 -1.2 0,
  1.47 -1.18 0,
  1.52 -1.15 0,
  1.57 -1.12 0,
  1.62 -1.09 0,
  1.68 -1.06 0,
  1.73 -1.02 0,
  1.78 -0.982 0,
  1.82 -0.943 0,
  1.86 -0.9 0,
  1.89 -0.855 0,
  1.91 -0.806 0,
  1.93 -0.752 0,
  1.94 -0.694 0,
  1.95 -0.633 0,
  1.95 -0.571 0,
  1.95 -0.509 0,
  1.95 -0.447 0,
  1.95 -0.386 0,
  1.95 -0.328 0,
  1.95 -0.273 0,
  1.95 -0.222 0,
  1.96 -0.172 0,
  1.96 -0.123 0,
  1.97 -0.0757 0,
  1.97 -0.0295 0,
  1.98 0.016 0,
  1.98 0.0607 0,
  1.97 0.105 0,
  1.96 0.149 0,
  1.95 0.192 0,
  1.93 0.237 0,
  1.9 0.281 0,
  1.87 0.326 0,
  1.84 0.371 0,
  1.8 0.414 0,
  1.76 0.456 0,
  1.72 0.497 0,
  1.68 0.534 0,
  1.64 0.569 0,
  1.6 0.6 0,
  1.56 0.627 0,
  1.52 0.652 0,
  1.47 0.675 0,
  1.43 0.695 0,
  1.38 0.713 0,
  1.33 0.728 0,
  1.29 0.742 0,
  1.24 0.754 0,
  1.19 0.765 0,
  1.13 0.774 0,
  1.08 0.782 0,
  1.02 0.787 0,
  0.965 0.791 0,
  0.904 0.793 0,
  0.843 0.793 0,
  0.782 0.791 0,
  0.722 0.788 0,
  0.663 0.785 0,
  0.606 0.78 0,
  0.552 0.774 0,
  0.501 0.768 0,
  0.452 0.762 0,
  0.404 0.755 0,
  0.358 0.747 0,
  0.312 0.738 0,
  0.267 0.727 0,
  0.223 0.714 0,
  0.178 0.698 0,
  0.133 0.68 0,
  0.0868 0.658 0,
  0.0407 0.631 0,
  -0.00449 0.597 0,
  -0.0492 0.559 0,
  -0.0939 0.518 0,
  -0.139 0.476 0,
  -0.184 0.435 0,
  -0.231 0.395 0,
  -0.278 0.36 0,
  -0.328 0.331 0,
  -0.379 0.309 0,
  -0.431 0.295 0,
  -0.482 0.286 0,
  -0.534 0.283 0,
  -0.586 0.284 0,
  -0.641 0.287 0,
  -0.697 0.292 0,
  -0.757 0.298 0,
  -0.82 0.303 0,
  -0.888 0.307 0,
  -0.961 0.309 0,
  -1.89 0.309 0,
  -1.97 0.309 0,
  -2.05 0.308 0,
  -2.13 0.307 0,
  -2.2 0.306 0,
  -2.28 0.305 0,
  -2.35 0.305 0,
  -2.42 0.305 0,
  -2.5 0.305 0,
  -2.57 0.306 0,
  -2.65 0.309 0,
  -2.73 0.312 0,
  -2.81 0.316 0,
  -2.88 0.32 0,
  -2.96 0.325 0,
  -3.04 0.331 0,
  -3.13 0.337 0,
  -3.21 0.343 0,
  -3.29 0.351 0,
  -3.38 0.359 0,
  -3.46 0.367 0,
  -3.55 0.377 0,
  -3.65 0.39 0,
  -3.76 0.405 0,
  -3.86 0.421 0,
  -3.97 0.436 0,
  -4.07 0.451 0,
  -4.17 0.464 0,
  -4.25 0.474 0,
  -4.26 0.474 0,
  -4.27 0.343 0,
  -4.28 0.344 0.0478,
  -4.27 0.475 0.0478,
  -4.69 0.481 0.357,
  -4.52 0.481 0.326,
  -4.53 0.581 0.326,
  -4.57 0.666 0.326,
  -4.62 0.722 0.326,
  -4.69 0.742 0.326,
  -4.75 0.722 0.326,
  -4.81 0.666 0.326,
  -4.84 0.581 0.326,
  -4.86 0.481 0.326,
  -4.84 0.38 0.326,
  -4.81 0.295 0.326,
  -4.75 0.239 0.326,
  -4.69 0.219 0.326,
  -4.62 0.239 0.326,
  -4.57 0.295 0.326,
  -4.53 0.38 0.326,
  -4.38 0.481 0.239,
  -4.4 0.666 0.239,
  -4.47 0.823 0.239,
  -4.57 0.928 0.239,
  -4.69 0.964 0.239,
  -4.81 0.928 0.239,
  -4.91 0.823 0.239,
  -4.98 0.666 0.239,
  -5 0.481 0.239,
  -4.98 0.295 0.239,
  -4.91 0.138 0.239,
  -4.81 0.0335 0.239,
  -4.69 -0.00338 0.239,
  -4.57 0.0335 0.239,
  -4.47 0.138 0.239,
  -4.4 0.295 0.239,
  -4.28 0.481 0.108,
  -4.31 0.722 0.108,
  -4.4 0.928 0.108,
  -4.53 1.06 0.108,
  -4.69 1.11 0.108,
  -4.84 1.06 0.108,
  -4.98 0.928 0.108,
  -5.06 0.722 0.108,
  -5.1 0.481 0.108,
  -5.06 0.239 0.108,
  -4.98 0.0335 0.108,
  -4.84 -0.104 0.108,
  -4.69 -0.152 0.108,
  -4.53 -0.104 0.108,
  -4.4 0.0335 0.108,
  -4.31 0.239 0.108,
  -4.25 0.481 -0.0462,
  -4.28 0.742 -0.0462,
  -4.38 0.964 -0.0462,
  -4.52 1.11 -0.0462,
  -4.69 1.16 -0.0462,
  -4.86 1.11 -0.0462,
  -5 0.964 -0.0462,
  -5.1 0.742 -0.0462,
  -5.13 0.481 -0.0462,
  -5.1 0.219 -0.0462,
  -5 -0.00338 -0.0462,
  -4.86 -0.152 -0.0462,
  -4.69 -0.204 -0.0462,
  -4.52 -0.152 -0.0462,
  -4.38 -0.00338 -0.0462,
  -4.28 0.219 -0.0462,
  -4.28 0.219 -0.0467,
  -4.38 -0.00326 -0.0467,
  -4.52 -0.152 -0.0467,
  -4.69 -0.204 -0.0467,
  -4.86 -0.152 -0.0467,
  -5 -0.00326 -0.0467,
  -5.1 0.219 -0.0467,
  -5.13 0.481 -0.0467,
  -5.1 0.742 -0.0467,
  -5 0.964 -0.0467,
  -4.86 1.11 -0.0467,
  -4.69 1.16 -0.0467,
  -4.52 1.11 -0.0467,
  -4.38 0.964 -0.0467,
  -4.25 0.481 -0.0467,
  -4.28 0.742 -0.0467,
  -4.26 0.474 0,
  -4.27 0.343 0,
  -4.28 0.344 0.0478,
  -4.27 0.475 0.0478 ]
}

coordIndex	[ 454, 225, 226, 453, -1, 226, 225, 224,
  227, -1, 224, 223, 228, 227, -1, 223,
  222, 229, 228, -1, 222, 221, 230, 229,
  -1, 221, 220, 231, 230, -1, 220, 219,
  232, 231, -1, 219, 218, 233, 232, -1,
  218, 217, 234, 233, -1, 217, 216, 235,
  234, -1, 216, 215, 236, 235, -1, 215,
  214, 237, 236, -1, 214, 213, 238, 237,
  -1, 213, 212, 239, 238, -1, 212, 211,
  240, 239, -1, 211, 210, 241, 240, -1,
  210, 209, 242, 241, -1, 209, 208, 243,
  242, -1, 208, 207, 244, 243, -1, 207,
  206, 245, 244, -1, 206, 205, 246, 245,
  -1, 205, 204, 247, 246, -1, 204, 203,
  248, 247, -1, 203, 202, 249, 248, -1,
  202, 201, 250, 249, -1, 201, 200, 251,
  250, -1, 200, 199, 252, 251, -1, 199,
  198, 253, 252, -1, 198, 197, 254, 253,
  -1, 197, 196, 255, 254, -1, 196, 195,
  256, 255, -1, 195, 194, 257, 256, -1,
  194, 193, 258, 257, -1, 193, 192, 259,
  258, -1, 192, 191, 260, 259, -1, 191,
  190, 261, 260, -1, 190, 189, 262, 261,
  -1, 189, 188, 263, 262, -1, 188, 187,
  264, 263, -1, 187, 186, 265, 264, -1,
  186, 185, 266, 265, -1, 185, 184, 267,
  266, -1, 184, 183, 268, 267, -1, 183,
  182, 269, 268, -1, 182, 181, 270, 269,
  -1, 181, 180, 271, 270, -1, 180, 179,
  272, 271, -1, 179, 178, 273, 272, -1,
  178, 177, 274, 273, -1, 177, 176, 275,
  274, -1, 176, 175, 276, 275, -1, 175,
  174, 277, 276, -1, 174, 173, 278, 277,
  -1, 173, 172, 279, 278, -1, 172, 171,
  280, 279, -1, 171, 170, 281, 280, -1,
  170, 169, 282, 281, -1, 169, 168, 283,
  282, -1, 168, 167, 284, 283, -1, 167,
  166, 285, 284, -1, 166, 165, 286, 285,
  -1, 165, 164, 287, 286, -1, 164, 163,
  288, 287, -1, 163, 162, 289, 288, -1,
  162, 161, 290, 289, -1, 161, 160, 291,
  290, -1, 160, 159, 292, 291, -1, 159,
  158, 293, 292, -1, 158, 157, 294, 293,
  -1, 157, 156, 295, 294, -1, 156, 155,
  296, 295, -1, 155, 154, 297, 296, -1,
  154, 153, 298, 297, -1, 153, 152, 299,
  298, -1, 152, 151, 300, 299, -1, 151,
  150, 301, 300, -1, 150, 149, 302, 301,
  -1, 302, 149, 148, 303, -1, 148, 147,
  304, 303, -1, 147, 146, 305, 304, -1,
  146, 145, 306, 305, -1, 145, 144, 307,
  306, -1, 144, 143, 308, 307, -1, 143,
  142, 309, 308, -1, 142, 141, 310, 309,
  -1, 141, 140, 311, 310, -1, 140, 139,
  312, 311, -1, 139, 138, 313, 312, -1,
  138, 137, 314, 313, -1, 137, 136, 315,
  314, -1, 136, 135, 316, 315, -1, 135,
  134, 317, 316, -1, 134, 133, 318, 317,
  -1, 133, 132, 319, 318, -1, 132, 131,
  320, 319, -1, 131, 130, 321, 320, -1,
  130, 129, 322, 321, -1, 129, 128, 323,
  322, -1, 128, 127, 324, 323, -1, 127,
  126, 325, 324, -1, 126, 125, 326, 325,
  -1, 125, 124, 327, 326, -1, 124, 123,
  328, 327, -1, 123, 122, 329, 328, -1,
  122, 121, 330, 329, -1, 121, 120, 331,
  330, -1, 120, 119, 332, 331, -1, 119,
  118, 333, 332, -1, 118, 117, 334, 333,
  -1, 117, 116, 335, 334, -1, 116, 115,
  336, 335, -1, 115, 114, 337, 336, -1,
  114, 113, 338, 337, -1, 113, 112, 339,
  338, -1, 112, 111, 340, 339, -1, 111,
  110, 341, 340, -1, 110, 109, 342, 341,
  -1, 109, 108, 343, 342, -1, 108, 107,
  344, 343, -1, 107, 106, 345, 344, -1,
  106, 105, 346, 345, -1, 105, 104, 347,
  346, -1, 104, 103, 348, 347, -1, 103,
  102, 349, 348, -1, 102, 101, 350, 349,
  -1, 101, 100, 351, 350, -1, 100, 99,
  352, 351, -1, 99, 98, 353, 352, -1,
  98, 97, 354, 353, -1, 97, 96, 355,
  354, -1, 96, 95, 356, 355, -1, 95,
  94, 357, 356, -1, 94, 93, 358, 357,
  -1, 93, 92, 359, 358, -1, 92, 91,
  360, 359, -1, 91, 90, 361, 360, -1,
  90, 89, 362, 361, -1, 89, 88, 363,
  362, -1, 88, 87, 364, 363, -1, 87,
  86, 365, 364, -1, 86, 85, 366, 365,
  -1, 85, 84, 367, 366, -1, 84, 83,
  368, 367, -1, 83, 82, 369, 368, -1,
  82, 81, 370, 369, -1, 81, 80, 371,
  370, -1, 80, 79, 372, 371, -1, 79,
  78, 373, 372, -1, 78, 77, 374, 373,
  -1, 77, 76, 375, 374, -1, 76, 75,
  376, 375, -1, 75, 74, 377, 376, -1,
  74, 73, 378, 377, -1, 73, 72, 379,
  378, -1, 72, 71, 380, 379, -1, 71,
  70, 381, 380, -1, 70, 69, 382, 381,
  -1, 69, 68, 383, 382, -1, 68, 67,
  384, 383, -1, 67, 66, 385, 384, -1,
  66, 65, 386, 385, -1, 65, 64, 387,
  386, -1, 64, 63, 388, 387, -1, 63,
  62, 389, 388, -1, 62, 61, 390, 389,
  -1, 61, 60, 391, 390, -1, 60, 59,
  392, 391, -1, 59, 58, 393, 392, -1,
  58, 57, 394, 393, -1, 57, 56, 395,
  394, -1, 56, 55, 396, 395, -1, 55,
  54, 397, 396, -1, 54, 53, 398, 397,
  -1, 53, 52, 399, 398, -1, 52, 51,
  400, 399, -1, 51, 50, 401, 400, -1,
  50, 49, 402, 401, -1, 49, 48, 403,
  402, -1, 48, 47, 404, 403, -1, 47,
  46, 405, 404, -1, 46, 45, 406, 405,
  -1, 45, 44, 407, 406, -1, 44, 43,
  408, 407, -1, 43, 42, 409, 408, -1,
  42, 41, 410, 409, -1, 41, 40, 411,
  410, -1, 40, 39, 412, 411, -1, 39,
  38, 413, 412, -1, 38, 37, 414, 413,
  -1, 37, 36, 415, 414, -1, 36, 35,
  416, 415, -1, 35, 34, 417, 416, -1,
  34, 33, 418, 417, -1, 33, 32, 419,
  418, -1, 32, 31, 420, 419, -1, 31,
  30, 421, 420, -1, 30, 29, 422, 421,
  -1, 455, 0, 1, 2, 3, 4, 5,
  6, 7, 8, 9, 10, 11, 12, 13,
  14, 15, 16, 17, 18, 19, 20, 21,
  22, 23, 24, 25, 26, 27, 28, 29,
  30, 31, 32, 33, 34, 35, 36, 37,
  38, 39, 40, 41, 42, 43, 44, 45,
  46, 47, 48, 49, 50, 51, 52, 53,
  54, 55, 56, 57, 58, 59, 60, 61,
  62, 63, 64, 65, 66, 67, 68, 69,
  70, 71, 72, 73, 74, 75, 76, 77,
  78, 79, 80, 81, 82, 83, 84, 85,
  86, 87, 88, 89, 90, 91, 92, 93,
  94, 95, 96, 97, 98, 99, 100, 101,
  102, 103, 104, 105, 106, 107, 108, 109,
  110, 111, 112, 113, 114, 115, 116, 117,
  118, 119, 120, 121, 122, 123, 124, 125,
  126, 127, 128, 129, 130, 131, 132, 133,
  134, 135, 136, 137, 138, 139, 140, 141,
  142, 143, 144, 145, 146, 147, 148, 149,
  150, 151, 152, 153, 154, 155, 156, 157,
  158, 159, 160, 161, 162, 163, 164, 165,
  166, 167, 168, 169, 170, 171, 172, 173,
  174, 175, 176, 177, 178, 179, 180, 181,
  182, 183, 184, 185, 186, 187, 188, 189,
  190, 191, 192, 193, 194, 195, 196, 197,
  198, 199, 200, 201, 202, 203, 204, 205,
  206, 207, 208, 209, 210, 211, 212, 213,
  214, 215, 216, 217, 218, 219, 220, 221,
  222, 223, 224, 225, 454, -1, 452, 451,
  0, 455, -1, 422, 29, 28, 423, -1,
  28, 27, 424, 423, -1, 27, 26, 425,
  424, -1, 26, 25, 426, 425, -1, 25,
  24, 427, 426, -1, 24, 23, 428, 427,
  -1, 23, 22, 429, 428, -1, 22, 21,
  430, 429, -1, 21, 20, 431, 430, -1,
  20, 19, 432, 431, -1, 19, 18, 433,
  432, -1, 18, 17, 434, 433, -1, 17,
  16, 435, 434, -1, 16, 15, 436, 435,
  -1, 15, 14, 437, 436, -1, 14, 13,
  438, 437, -1, 13, 12, 439, 438, -1,
  12, 11, 440, 439, -1, 11, 10, 441,
  440, -1, 10, 9, 442, 441, -1, 9,
  8, 443, 442, -1, 8, 7, 444, 443,
  -1, 7, 6, 445, 444, -1, 6, 5,
  446, 445, -1, 5, 4, 447, 446, -1,
  4, 3, 448, 447, -1, 3, 2, 449,
  448, -1, 2, 1, 450, 449, -1, 1,
  0, 451, 450, -1, 453, 226, 227, 228,
  229, 230, 231, 232, 233, 234, 235, 236,
  237, 238, 239, 240, 241, 242, 243, 244,
  245, 246, 247, 248, 249, 250, 251, 252,
  253, 254, 255, 256, 257, 258, 259, 260,
  261, 262, 263, 264, 265, 266, 267, 268,
  269, 270, 271, 272, 273, 274, 275, 276,
  277, 278, 279, 280, 281, 282, 283, 284,
  285, 286, 287, 288, 289, 290, 291, 292,
  293, 294, 295, 296, 297, 298, 299, 300,
  301, 302, 303, 304, 305, 306, 307, 308,
  309, 310, 311, 312, 313, 314, 315, 316,
  317, 318, 319, 320, 321, 322, 323, 324,
  325, 326, 327, 328, 329, 330, 331, 332,
  333, 334, 335, 336, 337, 338, 339, 340,
  341, 342, 343, 344, 345, 346, 347, 348,
  349, 350, 351, 352, 353, 354, 355, 356,
  357, 358, 359, 360, 361, 362, 363, 364,
  365, 366, 367, 368, 369, 370, 371, 372,
  373, 374, 375, 376, 377, 378, 379, 380,
  381, 382, 383, 384, 385, 386, 387, 388,
  389, 390, 391, 392, 393, 394, 395, 396,
  397, 398, 399, 400, 401, 402, 403, 404,
  405, 406, 407, 408, 409, 410, 411, 412,
  413, 414, 415, 416, 417, 418, 419, 420,
  421, 422, 423, 424, 425, 426, 427, 428,
  429, 430, 431, 432, 433, 434, 435, 436,
  437, 438, 439, 440, 441, 442, 443, 444,
  445, 446, 447, 448, 449, 450, 451, 452,
  -1 ]
colorPerVertex	FALSE
ccw	FALSE
solid	TRUE
creaseAngle	0.559
normalIndex	[  ]
texCoordIndex	[  ]
}

}
]
translation	14.9 4.62 8.51
scale	1.11 0.441 0.563
}
DEF computer Transform {
children	[
DEF Sphere Transform {
children	[
Shape {
appearance	Appearance {
material	Material {
ambientIntensity	0.13
diffuseColor	0.867 0.871 0.816
specularColor	0.13 0.13 0.13
emissiveColor	0 0 0
shininess	0
transparency	0
}

}

geometry	DEF _73 IndexedFaceSet {
coord	Coordinate {
point	[ -0.271 0.271 0.924,
  -0.354 0.146 0.924,
  -0.383 -7.91e-014 0.924,
  -0.354 -0.146 0.924,
  -0.271 -0.271 0.924,
  -0.271 0.653 0.707,
  -0.5 0.5 0.707,
  -0.653 0.271 0.707,
  -0.707 -1.46e-013 0.707,
  -0.653 -0.271 0.707,
  -0.5 -0.5 0.707,
  -0.271 -0.653 0.707,
  -0.354 0.854 0.383,
  -0.653 0.653 0.383,
  -0.854 0.354 0.383,
  -0.924 -1.91e-013 0.383,
  -0.854 -0.354 0.383,
  -0.653 -0.653 0.383,
  -0.354 -0.854 0.383,
  -0.383 0.924 -1.03e-013,
  -0.707 0.707 -1.03e-013,
  -0.924 0.383 -1.03e-013,
  -1 -2.07e-013 -1.03e-013,
  -0.924 -0.383 -1.03e-013,
  -0.707 -0.707 -1.03e-013,
  -0.383 -0.924 -1.03e-013,
  -0.354 0.854 -0.383,
  -0.653 0.653 -0.383,
  -0.854 0.354 -0.383,
  -0.924 -1.91e-013 -0.383,
  -0.854 -0.354 -0.383,
  -0.653 -0.653 -0.383,
  -0.354 -0.854 -0.383,
  -0.271 0.653 -0.707,
  -0.5 0.5 -0.707,
  -0.653 0.271 -0.707,
  -0.707 -1.46e-013 -0.707,
  -0.653 -0.271 -0.707,
  -0.5 -0.5 -0.707,
  -0.271 -0.653 -0.707,
  -0.271 0.271 -0.924,
  -0.354 0.146 -0.924,
  -0.383 -7.91e-014 -0.924,
  -0.354 -0.146 -0.924,
  -0.271 -0.271 -0.924,
  -0.243 -0.243 -0.932,
  -0.243 -0.101 -0.948,
  -0.243 -5.02e-014 -0.952,
  -0.243 0.101 -0.948,
  -0.243 0.243 -0.932,
  -0.243 -0.289 -0.924,
  -0.243 -0.586 -0.756,
  -0.243 0.289 -0.924,
  -0.243 0.586 -0.756,
  -0.243 -0.659 -0.707,
  -0.243 0.659 -0.707,
  -0.243 -0.876 -0.383,
  -0.243 0.876 -0.383,
  -0.243 -0.952 -1.03e-013,
  -0.243 0.952 -1.03e-013,
  -0.243 -0.876 0.383,
  -0.243 0.876 0.383,
  -0.243 -0.659 0.707,
  -0.243 -0.586 0.756,
  -0.243 0.659 0.707,
  -0.243 0.586 0.756,
  -0.243 -0.289 0.924,
  -0.243 -0.243 0.932,
  -0.243 -0.101 0.948,
  -0.243 -5.02e-014 0.952,
  -0.243 0.101 0.948,
  -0.243 0.289 0.924,
  -0.243 0.243 0.932,
  -0.243 -12.4 -14.6,
  -0.243 -12.4 10.9,
  48.6 -12.4 -14.6,
  48.6 -12.4 10.9,
  -0.243 14.3 -14.6,
  48.6 14.3 -14.6,
  48.6 14.3 10.9,
  -0.243 14.3 10.9,
  -0.243 12.8 -8.05,
  -0.243 12.8 -9.15,
  -0.243 -10.8 -8.05,
  -0.243 -10.8 -9.15,
  1.48 -10.8 -9.15,
  1.48 -10.8 -8.05,
  1.48 12.8 -9.15,
  1.48 12.8 -8.05,
  -0.243 12.8 -9.72,
  -0.243 12.8 -10.8,
  -0.243 -10.8 -9.72,
  -0.243 -10.8 -10.8,
  1.48 -10.8 -10.8,
  1.48 -10.8 -9.72,
  1.48 12.8 -10.8,
  1.48 12.8 -9.72,
  -0.243 12.8 -11.3,
  -0.243 12.8 -12.4,
  -0.243 -10.8 -11.3,
  -0.243 -10.8 -12.4,
  1.48 -10.8 -12.4,
  1.48 -10.8 -11.3,
  1.48 12.8 -12.4,
  1.48 12.8 -11.3,
  -0.243 12.8 -12.8,
  -0.243 12.8 -13.9,
  -0.243 -10.8 -12.8,
  -0.243 -10.8 -13.9,
  1.48 -10.8 -13.9,
  1.48 -10.8 -12.8,
  1.48 12.8 -13.9,
  1.48 12.8 -12.8,
  -0.243 -4.05 -0.932,
  -0.243 -3.91 -0.948,
  -0.243 -3.81 -0.952,
  -0.243 -3.71 -0.948,
  -0.243 -3.57 -0.932,
  -0.243 -4.1 -0.924,
  -0.243 -4.39 -0.756,
  -0.243 -3.52 -0.924,
  -0.243 -3.22 -0.756,
  -0.243 -4.47 -0.707,
  -0.243 -3.15 -0.707,
  -0.243 -4.68 -0.383,
  -0.243 -2.93 -0.383,
  -0.243 -4.76 -1.03e-013,
  -0.243 -2.86 -1.03e-013,
  -0.243 -4.68 0.383,
  -0.243 -2.93 0.383,
  -0.243 -4.47 0.707,
  -0.243 -4.39 0.756,
  -0.243 -3.15 0.707,
  -0.243 -3.22 0.756,
  -0.243 -4.1 0.924,
  -0.243 -4.05 0.932,
  -0.243 -3.91 0.948,
  -0.243 -3.81 0.952,
  -0.243 -3.71 0.948,
  -0.243 -3.52 0.924,
  -0.243 -3.57 0.932,
  -0.271 -3.54 0.924,
  -0.354 -3.66 0.924,
  -0.383 -3.81 0.924,
  -0.354 -3.95 0.924,
  -0.271 -4.08 0.924,
  -0.271 -3.16 0.707,
  -0.5 -3.31 0.707,
  -0.653 -3.54 0.707,
  -0.707 -3.81 0.707,
  -0.653 -4.08 0.707,
  -0.5 -4.31 0.707,
  -0.271 -4.46 0.707,
  -0.354 -2.95 0.383,
  -0.653 -3.16 0.383,
  -0.854 -3.45 0.383,
  -0.924 -3.81 0.383,
  -0.854 -4.16 0.383,
  -0.653 -4.46 0.383,
  -0.354 -4.66 0.383,
  -0.383 -2.88 -1.03e-013,
  -0.707 -3.1 -1.03e-013,
  -0.924 -3.43 -1.03e-013,
  -1 -3.81 -1.03e-013,
  -0.924 -4.19 -1.03e-013,
  -0.707 -4.52 -1.03e-013,
  -0.383 -4.73 -1.03e-013,
  -0.354 -2.95 -0.383,
  -0.653 -3.16 -0.383,
  -0.854 -3.45 -0.383,
  -0.924 -3.81 -0.383,
  -0.854 -4.16 -0.383,
  -0.653 -4.46 -0.383,
  -0.354 -4.66 -0.383,
  -0.271 -3.16 -0.707,
  -0.5 -3.31 -0.707,
  -0.653 -3.54 -0.707,
  -0.707 -3.81 -0.707,
  -0.653 -4.08 -0.707,
  -0.5 -4.31 -0.707,
  -0.271 -4.46 -0.707,
  -0.271 -3.54 -0.924,
  -0.354 -3.66 -0.924,
  -0.383 -3.81 -0.924,
  -0.354 -3.95 -0.924,
  -0.271 -4.08 -0.924,
  -0.243 -7.86 -0.932,
  -0.243 -7.72 -0.948,
  -0.243 -7.62 -0.952,
  -0.243 -7.52 -0.948,
  -0.243 -7.37 -0.932,
  -0.243 -7.91 -0.924,
  -0.243 -8.2 -0.756,
  -0.243 -7.33 -0.924,
  -0.243 -7.03 -0.756,
  -0.243 -8.28 -0.707,
  -0.243 -6.96 -0.707,
  -0.243 -8.49 -0.383,
  -0.243 -6.74 -0.383,
  -0.243 -8.57 7.63e-006,
  -0.243 -6.67 7.63e-006,
  -0.243 -8.49 0.383,
  -0.243 -6.74 0.383,
  -0.243 -8.28 0.707,
  -0.243 -8.2 0.756,
  -0.243 -6.96 0.707,
  -0.243 -7.03 0.756,
  -0.243 -7.91 0.924,
  -0.243 -7.86 0.932,
  -0.243 -7.72 0.948,
  -0.243 -7.62 0.952,
  -0.243 -7.52 0.948,
  -0.243 -7.33 0.924,
  -0.243 -7.37 0.932,
  -0.271 -7.35 0.924,
  -0.354 -7.47 0.924,
  -0.383 -7.62 0.924,
  -0.354 -7.76 0.924,
  -0.271 -7.89 0.924,
  -0.271 -6.96 0.707,
  -0.5 -7.12 0.707,
  -0.653 -7.35 0.707,
  -0.707 -7.62 0.707,
  -0.653 -7.89 0.707,
  -0.5 -8.12 0.707,
  -0.271 -8.27 0.707,
  -0.354 -6.76 0.383,
  -0.653 -6.96 0.383,
  -0.854 -7.26 0.383,
  -0.924 -7.62 0.383,
  -0.854 -7.97 0.383,
  -0.653 -8.27 0.383,
  -0.354 -8.47 0.383,
  -0.383 -6.69 7.63e-006,
  -0.707 -6.91 7.63e-006,
  -0.924 -7.23 7.63e-006,
  -1 -7.62 7.63e-006,
  -0.924 -8 7.63e-006,
  -0.707 -8.32 7.63e-006,
  -0.383 -8.54 7.63e-006,
  -0.354 -6.76 -0.383,
  -0.653 -6.96 -0.383,
  -0.854 -7.26 -0.383,
  -0.924 -7.62 -0.383,
  -0.854 -7.97 -0.383,
  -0.653 -8.27 -0.383,
  -0.354 -8.47 -0.383,
  -0.271 -6.96 -0.707,
  -0.5 -7.12 -0.707,
  -0.653 -7.35 -0.707,
  -0.707 -7.62 -0.707,
  -0.653 -7.89 -0.707,
  -0.5 -8.12 -0.707,
  -0.271 -8.27 -0.707,
  -0.271 -7.35 -0.924,
  -0.354 -7.47 -0.924,
  -0.383 -7.62 -0.924,
  -0.354 -7.76 -0.924,
  -0.271 -7.89 -0.924,
  -0.243 -7.86 -0.932,
  -0.243 -7.72 -0.948,
  -0.243 -7.62 -0.952,
  -0.243 -7.52 -0.948,
  -0.243 -7.37 -0.932,
  -0.243 -7.91 -0.924,
  -0.243 -8.2 -0.756,
  -0.243 -7.33 -0.924,
  -0.243 -7.03 -0.756,
  -0.243 -8.28 -0.707,
  -0.243 -6.96 -0.707,
  -0.243 -8.49 -0.383,
  -0.243 -6.74 -0.383,
  -0.243 -8.57 7.63e-006,
  -0.243 -6.67 7.63e-006,
  -0.243 -8.49 0.383,
  -0.243 -6.74 0.383,
  -0.243 -8.28 0.707,
  -0.243 -8.2 0.756,
  -0.243 -6.96 0.707,
  -0.243 -7.03 0.756,
  -0.243 -7.91 0.924,
  -0.243 -7.86 0.932,
  -0.243 -7.72 0.948,
  -0.243 -7.62 0.952,
  -0.243 -7.52 0.948,
  -0.243 -7.33 0.924,
  -0.243 -7.37 0.932 ]
}

coordIndex	[ 73, 74, 76, 75, -1, 73, 75, 78,
  77, -1, 75, 76, 79, 78, -1, 76,
  74, 80, 79, -1, 78, 79, 80, 77,
  -1, 137, 80, 210, -1, 69, 80, 137,
  -1, 70, 80, 69, -1, 72, 80, 70,
  -1, 71, 80, 72, -1, 65, 80, 71,
  -1, 64, 80, 65, -1, 61, 80, 64,
  -1, 59, 80, 61, -1, 57, 80, 59,
  -1, 55, 80, 57, -1, 81, 47, 115,
  -1, 81, 48, 47, -1, 81, 49, 48,
  -1, 81, 52, 49, -1, 81, 53, 52,
  -1, 81, 55, 53, -1, 81, 80, 55,
  -1, 82, 80, 81, -1, 89, 82, 84,
  -1, 89, 80, 82, -1, 90, 80, 89,
  -1, 97, 90, 92, -1, 97, 80, 90,
  -1, 98, 80, 97, -1, 105, 98, 100,
  -1, 105, 80, 98, -1, 106, 80, 105,
  -1, 77, 80, 106, -1, 77, 106, 108,
  -1, 73, 77, 108, -1, 138, 69, 137,
  -1, 68, 69, 138, -1, 140, 68, 138,
  -1, 67, 68, 140, -1, 139, 67, 140,
  -1, 66, 67, 139, -1, 133, 66, 139,
  -1, 63, 66, 133, -1, 132, 63, 133,
  -1, 62, 63, 132, -1, 129, 62, 132,
  -1, 60, 62, 129, -1, 58, 60, 129,
  -1, 127, 58, 129, -1, 56, 58, 127,
  -1, 125, 56, 127, -1, 54, 56, 125,
  -1, 123, 54, 125, -1, 51, 54, 123,
  -1, 121, 51, 123, -1, 50, 51, 121,
  -1, 120, 50, 121, -1, 45, 50, 120,
  -1, 117, 45, 120, -1, 46, 45, 117,
  -1, 116, 46, 117, -1, 47, 46, 116,
  -1, 115, 47, 116, -1, 211, 137, 210,
  -1, 136, 137, 211, -1, 213, 136, 211,
  -1, 135, 136, 213, -1, 212, 135, 213,
  -1, 134, 135, 212, -1, 206, 134, 212,
  -1, 131, 134, 206, -1, 205, 131, 206,
  -1, 130, 131, 205, -1, 202, 130, 205,
  -1, 128, 130, 202, -1, 200, 128, 202,
  -1, 126, 128, 200, -1, 198, 126, 200,
  -1, 124, 126, 198, -1, 196, 124, 198,
  -1, 122, 124, 196, -1, 194, 122, 196,
  -1, 119, 122, 194, -1, 193, 119, 194,
  -1, 118, 119, 193, -1, 190, 118, 193,
  -1, 113, 118, 190, -1, 189, 113, 190,
  -1, 114, 113, 189, -1, 188, 114, 189,
  -1, 115, 114, 188, -1, 210, 80, 74,
  -1, 209, 210, 74, -1, 208, 209, 74,
  -1, 207, 208, 74, -1, 204, 207, 74,
  -1, 203, 204, 74, -1, 201, 203, 74,
  -1, 199, 201, 74, -1, 197, 199, 74,
  -1, 81, 115, 188, -1, 81, 188, 187,
  -1, 81, 187, 186, -1, 81, 186, 191,
  -1, 83, 81, 191, -1, 83, 191, 192,
  -1, 83, 192, 195, -1, 83, 195, 197,
  -1, 83, 197, 74, -1, 84, 83, 74,
  -1, 91, 89, 84, -1, 91, 84, 74,
  -1, 92, 91, 74, -1, 99, 97, 92,
  -1, 99, 92, 74, -1, 100, 99, 74,
  -1, 107, 105, 100, -1, 107, 100, 74,
  -1, 108, 107, 74, -1, 73, 108, 74,
  -1, 87, 85, 84, 82, -1, 88, 86,
  85, 87, -1, 88, 87, 82, 81, -1,
  85, 86, 83, 84, -1, 86, 88, 81,
  83, -1, 95, 93, 92, 90, -1, 96,
  94, 93, 95, -1, 96, 95, 90, 89,
  -1, 93, 94, 91, 92, -1, 94, 96,
  89, 91, -1, 103, 101, 100, 98, -1,
  104, 102, 101, 103, -1, 104, 103, 98,
  97, -1, 101, 102, 99, 100, -1, 102,
  104, 97, 99, -1, 111, 109, 108, 106,
  -1, 112, 110, 109, 111, -1, 112, 111,
  106, 105, -1, 109, 110, 107, 108, -1,
  110, 112, 105, 107, -1 ]
colorPerVertex	FALSE
ccw	FALSE
solid	TRUE
creaseAngle	0.559
normalIndex	[  ]
texCoordIndex	[  ]
}

}
Shape {
appearance	Appearance {
material	Material {
ambientIntensity	0.13
diffuseColor	0.871 0.0392 0.0863
specularColor	0.46 0.46 0.46
emissiveColor	0 0 0
shininess	0
transparency	0
}

}

geometry	DEF _74 IndexedFaceSet {
coord	Coordinate {
point	[ -0.271 0.271 0.924,
  -0.354 0.146 0.924,
  -0.383 -7.91e-014 0.924,
  -0.354 -0.146 0.924,
  -0.271 -0.271 0.924,
  -0.271 0.653 0.707,
  -0.5 0.5 0.707,
  -0.653 0.271 0.707,
  -0.707 -1.46e-013 0.707,
  -0.653 -0.271 0.707,
  -0.5 -0.5 0.707,
  -0.271 -0.653 0.707,
  -0.354 0.854 0.383,
  -0.653 0.653 0.383,
  -0.854 0.354 0.383,
  -0.924 -1.91e-013 0.383,
  -0.854 -0.354 0.383,
  -0.653 -0.653 0.383,
  -0.354 -0.854 0.383,
  -0.383 0.924 -1.03e-013,
  -0.707 0.707 -1.03e-013,
  -0.924 0.383 -1.03e-013,
  -1 -2.07e-013 -1.03e-013,
  -0.924 -0.383 -1.03e-013,
  -0.707 -0.707 -1.03e-013,
  -0.383 -0.924 -1.03e-013,
  -0.354 0.854 -0.383,
  -0.653 0.653 -0.383,
  -0.854 0.354 -0.383,
  -0.924 -1.91e-013 -0.383,
  -0.854 -0.354 -0.383,
  -0.653 -0.653 -0.383,
  -0.354 -0.854 -0.383,
  -0.271 0.653 -0.707,
  -0.5 0.5 -0.707,
  -0.653 0.271 -0.707,
  -0.707 -1.46e-013 -0.707,
  -0.653 -0.271 -0.707,
  -0.5 -0.5 -0.707,
  -0.271 -0.653 -0.707,
  -0.271 0.271 -0.924,
  -0.354 0.146 -0.924,
  -0.383 -7.91e-014 -0.924,
  -0.354 -0.146 -0.924,
  -0.271 -0.271 -0.924,
  -0.243 -0.243 -0.932,
  -0.243 -0.101 -0.948,
  -0.243 -5.02e-014 -0.952,
  -0.243 0.101 -0.948,
  -0.243 0.243 -0.932,
  -0.243 -0.289 -0.924,
  -0.243 -0.586 -0.756,
  -0.243 0.289 -0.924,
  -0.243 0.586 -0.756,
  -0.243 -0.659 -0.707,
  -0.243 0.659 -0.707,
  -0.243 -0.876 -0.383,
  -0.243 0.876 -0.383,
  -0.243 -0.952 -1.03e-013,
  -0.243 0.952 -1.03e-013,
  -0.243 -0.876 0.383,
  -0.243 0.876 0.383,
  -0.243 -0.659 0.707,
  -0.243 -0.586 0.756,
  -0.243 0.659 0.707,
  -0.243 0.586 0.756,
  -0.243 -0.289 0.924,
  -0.243 -0.243 0.932,
  -0.243 -0.101 0.948,
  -0.243 -5.02e-014 0.952,
  -0.243 0.101 0.948,
  -0.243 0.289 0.924,
  -0.243 0.243 0.932,
  -0.243 -12.4 -14.6,
  -0.243 -12.4 10.9,
  48.6 -12.4 -14.6,
  48.6 -12.4 10.9,
  -0.243 14.3 -14.6,
  48.6 14.3 -14.6,
  48.6 14.3 10.9,
  -0.243 14.3 10.9,
  -0.243 12.8 -8.05,
  -0.243 12.8 -9.15,
  -0.243 -10.8 -8.05,
  -0.243 -10.8 -9.15,
  1.48 -10.8 -9.15,
  1.48 -10.8 -8.05,
  1.48 12.8 -9.15,
  1.48 12.8 -8.05,
  -0.243 12.8 -9.72,
  -0.243 12.8 -10.8,
  -0.243 -10.8 -9.72,
  -0.243 -10.8 -10.8,
  1.48 -10.8 -10.8,
  1.48 -10.8 -9.72,
  1.48 12.8 -10.8,
  1.48 12.8 -9.72,
  -0.243 12.8 -11.3,
  -0.243 12.8 -12.4,
  -0.243 -10.8 -11.3,
  -0.243 -10.8 -12.4,
  1.48 -10.8 -12.4,
  1.48 -10.8 -11.3,
  1.48 12.8 -12.4,
  1.48 12.8 -11.3,
  -0.243 12.8 -12.8,
  -0.243 12.8 -13.9,
  -0.243 -10.8 -12.8,
  -0.243 -10.8 -13.9,
  1.48 -10.8 -13.9,
  1.48 -10.8 -12.8,
  1.48 12.8 -13.9,
  1.48 12.8 -12.8,
  -0.243 -4.05 -0.932,
  -0.243 -3.91 -0.948,
  -0.243 -3.81 -0.952,
  -0.243 -3.71 -0.948,
  -0.243 -3.57 -0.932,
  -0.243 -4.1 -0.924,
  -0.243 -4.39 -0.756,
  -0.243 -3.52 -0.924,
  -0.243 -3.22 -0.756,
  -0.243 -4.47 -0.707,
  -0.243 -3.15 -0.707,
  -0.243 -4.68 -0.383,
  -0.243 -2.93 -0.383,
  -0.243 -4.76 -1.03e-013,
  -0.243 -2.86 -1.03e-013,
  -0.243 -4.68 0.383,
  -0.243 -2.93 0.383,
  -0.243 -4.47 0.707,
  -0.243 -4.39 0.756,
  -0.243 -3.15 0.707,
  -0.243 -3.22 0.756,
  -0.243 -4.1 0.924,
  -0.243 -4.05 0.932,
  -0.243 -3.91 0.948,
  -0.243 -3.81 0.952,
  -0.243 -3.71 0.948,
  -0.243 -3.52 0.924,
  -0.243 -3.57 0.932,
  -0.271 -3.54 0.924,
  -0.354 -3.66 0.924,
  -0.383 -3.81 0.924,
  -0.354 -3.95 0.924,
  -0.271 -4.08 0.924,
  -0.271 -3.16 0.707,
  -0.5 -3.31 0.707,
  -0.653 -3.54 0.707,
  -0.707 -3.81 0.707,
  -0.653 -4.08 0.707,
  -0.5 -4.31 0.707,
  -0.271 -4.46 0.707,
  -0.354 -2.95 0.383,
  -0.653 -3.16 0.383,
  -0.854 -3.45 0.383,
  -0.924 -3.81 0.383,
  -0.854 -4.16 0.383,
  -0.653 -4.46 0.383,
  -0.354 -4.66 0.383,
  -0.383 -2.88 -1.03e-013,
  -0.707 -3.1 -1.03e-013,
  -0.924 -3.43 -1.03e-013,
  -1 -3.81 -1.03e-013,
  -0.924 -4.19 -1.03e-013,
  -0.707 -4.52 -1.03e-013,
  -0.383 -4.73 -1.03e-013,
  -0.354 -2.95 -0.383,
  -0.653 -3.16 -0.383,
  -0.854 -3.45 -0.383,
  -0.924 -3.81 -0.383,
  -0.854 -4.16 -0.383,
  -0.653 -4.46 -0.383,
  -0.354 -4.66 -0.383,
  -0.271 -3.16 -0.707,
  -0.5 -3.31 -0.707,
  -0.653 -3.54 -0.707,
  -0.707 -3.81 -0.707,
  -0.653 -4.08 -0.707,
  -0.5 -4.31 -0.707,
  -0.271 -4.46 -0.707,
  -0.271 -3.54 -0.924,
  -0.354 -3.66 -0.924,
  -0.383 -3.81 -0.924,
  -0.354 -3.95 -0.924,
  -0.271 -4.08 -0.924,
  -0.243 -7.86 -0.932,
  -0.243 -7.72 -0.948,
  -0.243 -7.62 -0.952,
  -0.243 -7.52 -0.948,
  -0.243 -7.37 -0.932,
  -0.243 -7.91 -0.924,
  -0.243 -8.2 -0.756,
  -0.243 -7.33 -0.924,
  -0.243 -7.03 -0.756,
  -0.243 -8.28 -0.707,
  -0.243 -6.96 -0.707,
  -0.243 -8.49 -0.383,
  -0.243 -6.74 -0.383,
  -0.243 -8.57 7.63e-006,
  -0.243 -6.67 7.63e-006,
  -0.243 -8.49 0.383,
  -0.243 -6.74 0.383,
  -0.243 -8.28 0.707,
  -0.243 -8.2 0.756,
  -0.243 -6.96 0.707,
  -0.243 -7.03 0.756,
  -0.243 -7.91 0.924,
  -0.243 -7.86 0.932,
  -0.243 -7.72 0.948,
  -0.243 -7.62 0.952,
  -0.243 -7.52 0.948,
  -0.243 -7.33 0.924,
  -0.243 -7.37 0.932,
  -0.271 -7.35 0.924,
  -0.354 -7.47 0.924,
  -0.383 -7.62 0.924,
  -0.354 -7.76 0.924,
  -0.271 -7.89 0.924,
  -0.271 -6.96 0.707,
  -0.5 -7.12 0.707,
  -0.653 -7.35 0.707,
  -0.707 -7.62 0.707,
  -0.653 -7.89 0.707,
  -0.5 -8.12 0.707,
  -0.271 -8.27 0.707,
  -0.354 -6.76 0.383,
  -0.653 -6.96 0.383,
  -0.854 -7.26 0.383,
  -0.924 -7.62 0.383,
  -0.854 -7.97 0.383,
  -0.653 -8.27 0.383,
  -0.354 -8.47 0.383,
  -0.383 -6.69 7.63e-006,
  -0.707 -6.91 7.63e-006,
  -0.924 -7.23 7.63e-006,
  -1 -7.62 7.63e-006,
  -0.924 -8 7.63e-006,
  -0.707 -8.32 7.63e-006,
  -0.383 -8.54 7.63e-006,
  -0.354 -6.76 -0.383,
  -0.653 -6.96 -0.383,
  -0.854 -7.26 -0.383,
  -0.924 -7.62 -0.383,
  -0.854 -7.97 -0.383,
  -0.653 -8.27 -0.383,
  -0.354 -8.47 -0.383,
  -0.271 -6.96 -0.707,
  -0.5 -7.12 -0.707,
  -0.653 -7.35 -0.707,
  -0.707 -7.62 -0.707,
  -0.653 -7.89 -0.707,
  -0.5 -8.12 -0.707,
  -0.271 -8.27 -0.707,
  -0.271 -7.35 -0.924,
  -0.354 -7.47 -0.924,
  -0.383 -7.62 -0.924,
  -0.354 -7.76 -0.924,
  -0.271 -7.89 -0.924,
  -0.243 -7.86 -0.932,
  -0.243 -7.72 -0.948,
  -0.243 -7.62 -0.952,
  -0.243 -7.52 -0.948,
  -0.243 -7.37 -0.932,
  -0.243 -7.91 -0.924,
  -0.243 -8.2 -0.756,
  -0.243 -7.33 -0.924,
  -0.243 -7.03 -0.756,
  -0.243 -8.28 -0.707,
  -0.243 -6.96 -0.707,
  -0.243 -8.49 -0.383,
  -0.243 -6.74 -0.383,
  -0.243 -8.57 7.63e-006,
  -0.243 -6.67 7.63e-006,
  -0.243 -8.49 0.383,
  -0.243 -6.74 0.383,
  -0.243 -8.28 0.707,
  -0.243 -8.2 0.756,
  -0.243 -6.96 0.707,
  -0.243 -7.03 0.756,
  -0.243 -7.91 0.924,
  -0.243 -7.86 0.932,
  -0.243 -7.72 0.948,
  -0.243 -7.62 0.952,
  -0.243 -7.52 0.948,
  -0.243 -7.33 0.924,
  -0.243 -7.37 0.932 ]
}

coordIndex	[ 72, 0, 71, -1, 69, 2, 1, 70,
  -1, 67, 4, 3, 68, -1, 66, 4,
  67, -1, 65, 5, 64, -1, 71, 0,
  6, 5, 65, -1, 1, 7, 6, 0,
  -1, 2, 8, 7, 1, -1, 3, 9,
  8, 2, -1, 4, 10, 9, 3, -1,
  63, 11, 10, 4, 66, -1, 62, 11,
  63, -1, 64, 5, 12, 61, -1, 6,
  13, 12, 5, -1, 7, 14, 13, 6,
  -1, 8, 15, 14, 7, -1, 9, 16,
  15, 8, -1, 10, 17, 16, 9, -1,
  11, 18, 17, 10, -1, 61, 12, 19,
  59, -1, 13, 20, 19, 12, -1, 14,
  21, 20, 13, -1, 15, 22, 21, 14,
  -1, 16, 23, 22, 15, -1, 17, 24,
  23, 16, -1, 18, 25, 24, 17, -1,
  58, 25, 18, 60, -1, 20, 27, 26,
  19, -1, 21, 28, 27, 20, -1, 22,
  29, 28, 21, -1, 23, 30, 29, 22,
  -1, 24, 31, 30, 23, -1, 25, 32,
  31, 24, -1, 27, 34, 33, 26, -1,
  28, 35, 34, 27, -1, 29, 36, 35,
  28, -1, 30, 37, 36, 29, -1, 31,
  38, 37, 30, -1, 32, 39, 38, 31,
  -1, 54, 39, 32, 56, -1, 35, 41,
  40, 34, -1, 36, 42, 41, 35, -1,
  37, 43, 42, 36, -1, 38, 44, 43,
  37, -1, 51, 39, 54, -1, 50, 44,
  38, 39, 51, -1, 45, 44, 50, -1,
  47, 42, 43, 46, -1, 46, 43, 44,
  45, -1, 48, 41, 42, 47, -1, 49,
  40, 41, 48, -1, 52, 40, 49, -1,
  53, 33, 34, 40, 52, -1, 55, 33,
  53, -1, 57, 26, 33, 55, -1, 59,
  19, 26, 57, -1, 56, 32, 25, 58,
  -1, 60, 18, 11, 62, -1, 68, 3,
  2, 69, -1, 70, 1, 0, 72, -1,
  140, 141, 139, -1, 138, 142, 141, 140,
  -1, 136, 144, 143, 137, -1, 134, 145,
  135, -1, 133, 146, 132, -1, 139, 141,
  147, 146, 133, -1, 142, 148, 147, 141,
  -1, 143, 149, 148, 142, -1, 144, 150,
  149, 143, -1, 145, 151, 150, 144, -1,
  131, 152, 151, 145, 134, -1, 130, 152,
  131, -1, 132, 146, 153, 129, -1, 147,
  154, 153, 146, -1, 148, 155, 154, 147,
  -1, 149, 156, 155, 148, -1, 150, 157,
  156, 149, -1, 151, 158, 157, 150, -1,
  152, 159, 158, 151, -1, 128, 159, 152,
  130, -1, 129, 153, 160, 127, -1, 154,
  161, 160, 153, -1, 155, 162, 161, 154,
  -1, 156, 163, 162, 155, -1, 157, 164,
  163, 156, -1, 158, 165, 164, 157, -1,
  159, 166, 165, 158, -1, 161, 168, 167,
  160, -1, 162, 169, 168, 161, -1, 163,
  170, 169, 162, -1, 164, 171, 170, 163,
  -1, 165, 172, 171, 164, -1, 166, 173,
  172, 165, -1, 124, 173, 166, 126, -1,
  168, 175, 174, 167, -1, 169, 176, 175,
  168, -1, 170, 177, 176, 169, -1, 171,
  178, 177, 170, -1, 172, 179, 178, 171,
  -1, 173, 180, 179, 172, -1, 176, 182,
  181, 175, -1, 177, 183, 182, 176, -1,
  178, 184, 183, 177, -1, 179, 185, 184,
  178, -1, 122, 180, 173, 124, -1, 119,
  180, 122, -1, 118, 185, 179, 180, 119,
  -1, 113, 185, 118, -1, 115, 183, 184,
  114, -1, 135, 145, 144, 136, -1, 114,
  184, 185, 113, -1, 116, 182, 183, 115,
  -1, 117, 181, 182, 116, -1, 120, 181,
  117, -1, 121, 174, 175, 181, 120, -1,
  123, 174, 121, -1, 125, 167, 174, 123,
  -1, 127, 160, 167, 125, -1, 126, 166,
  159, 128, -1, 137, 143, 142, 138, -1,
  213, 214, 212, -1, 211, 215, 214, 213,
  -1, 209, 217, 216, 210, -1, 207, 218,
  208, -1, 206, 219, 205, -1, 212, 214,
  220, 219, 206, -1, 215, 221, 220, 214,
  -1, 216, 222, 221, 215, -1, 217, 223,
  222, 216, -1, 218, 224, 223, 217, -1,
  204, 225, 224, 218, 207, -1, 203, 225,
  204, -1, 205, 219, 226, 202, -1, 220,
  227, 226, 219, -1, 221, 228, 227, 220,
  -1, 222, 229, 228, 221, -1, 223, 230,
  229, 222, -1, 224, 231, 230, 223, -1,
  225, 232, 231, 224, -1, 201, 232, 225,
  203, -1, 202, 226, 233, 200, -1, 227,
  234, 233, 226, -1, 228, 235, 234, 227,
  -1, 229, 236, 235, 228, -1, 230, 237,
  236, 229, -1, 231, 238, 237, 230, -1,
  232, 239, 238, 231, -1, 234, 241, 240,
  233, -1, 235, 242, 241, 234, -1, 236,
  243, 242, 235, -1, 237, 244, 243, 236,
  -1, 238, 245, 244, 237, -1, 239, 246,
  245, 238, -1, 197, 246, 239, 199, -1,
  241, 248, 247, 240, -1, 242, 249, 248,
  241, -1, 243, 250, 249, 242, -1, 244,
  251, 250, 243, -1, 245, 252, 251, 244,
  -1, 246, 253, 252, 245, -1, 249, 255,
  254, 248, -1, 250, 256, 255, 249, -1,
  251, 257, 256, 250, -1, 252, 258, 257,
  251, -1, 195, 253, 246, 197, -1, 192,
  253, 195, -1, 191, 258, 252, 253, 192,
  -1, 186, 258, 191, -1, 188, 256, 257,
  187, -1, 208, 218, 217, 209, -1, 187,
  257, 258, 186, -1, 189, 255, 256, 188,
  -1, 190, 254, 255, 189, -1, 193, 254,
  190, -1, 194, 247, 248, 254, 193, -1,
  196, 247, 194, -1, 198, 240, 247, 196,
  -1, 200, 233, 240, 198, -1, 199, 239,
  232, 201, -1, 210, 216, 215, 211, -1 ]
colorPerVertex	FALSE
ccw	FALSE
solid	TRUE
creaseAngle	0.559
normalIndex	[  ]
texCoordIndex	[  ]
}

}
]
translation	9.25 2.86 11.5
scale	0.137 0.0891 0.212
}
DEF Cube Transform {
children	Shape {
appearance	Appearance {
material	Material {
ambientIntensity	0.13
diffuseColor	0.867 0.871 0.816
specularColor	0.13 0.13 0.13
emissiveColor	0 0 0
shininess	0
transparency	0
}

}

geometry	DEF _75 IndexedFaceSet {
coord	Coordinate {
point	[ -1 -1 -1,
  -1 -1 1,
  1 -1 -1,
  1 -1 1,
  -1 1 -1,
  1 1 -1,
  1 1 1,
  -1 1 1 ]
}

coordIndex	[ 2, 0, 1, 3, -1, 4, 0, 2,
  5, -1, 5, 2, 3, 6, -1, 6,
  3, 1, 7, -1, 4, 5, 6, 7,
  -1, 0, 4, 7, 1, -1 ]
colorPerVertex	FALSE
ccw	FALSE
solid	TRUE
creaseAngle	0.559
normalIndex	[  ]
texCoordIndex	[  ]
}

}

translation	10.1 2.97 13
scale	1 1.01 0.349
}
DEF Cube Transform {
children	Shape {
appearance	Appearance {
material	Material {
ambientIntensity	0.13
diffuseColor	0.867 0.871 0.816
specularColor	0.13 0.13 0.13
emissiveColor	0 0 0
shininess	0
transparency	0
}

}

geometry	DEF _76 IndexedFaceSet {
coord	Coordinate {
point	[ -1 -1 -1,
  -1 -1 1,
  1 -1 -1,
  1 -1 1,
  -1 1 -1,
  1 1 -1,
  1 1 1,
  -1 1 1,
  -1 0.895 0.256,
  -1 0.895 -0.38,
  -1 -0.831 0.256,
  -1 -0.831 -0.38,
  0.483 -0.831 -0.38,
  0.483 -0.831 0.256,
  0.483 0.895 -0.38,
  0.483 0.895 0.256,
  -1 -0.831 -0.38,
  -1 -0.831 0.256,
  -1 0.895 -0.38,
  -1 0.895 0.256 ]
}

coordIndex	[ 0, 1, 3, 2, -1, 0, 2, 5,
  4, -1, 2, 3, 6, 5, -1, 3,
  1, 7, 6, -1, 5, 6, 7, 4,
  -1, 9, 7, 8, -1, 4, 7, 9,
  -1, 4, 9, 11, -1, 0, 4, 11,
  -1, 8, 7, 1, -1, 10, 8, 1,
  -1, 11, 10, 1, -1, 0, 11, 1,
  -1, 14, 12, 11, 9, -1, 15, 13,
  12, 14, -1, 15, 14, 9, 8, -1,
  12, 13, 10, 11, -1, 13, 15, 8,
  10, -1 ]
colorPerVertex	FALSE
ccw	FALSE
solid	TRUE
creaseAngle	0.559
normalIndex	[  ]
texCoordIndex	[  ]
}

}

translation	9.91 3.29 12.2
scale	0.808 0.672 0.228
}
]
}
]
rotation	-1 0 0  1.57
}
]
}
ROUTE TS_53.touchTime TO Audio_54.set_startTime
