#VRML V2.0 utf8

#Cosmo Worlds V2.0

WorldInfo {
info	[ "Published by Cosmo Worlds V2.0",
  "Published by Cosmo Worlds V2.0",
  "Published by Cosmo Worlds V2.0" ]
}
Transform {
children	[
NavigationInfo {
headlight	FALSE
}
DEF camera Viewpoint {
position	19.2162 12.7851 29.1918
orientation	-0.53301 0.829619 0.166231  0.719114
fieldOfView	0.785
description	"camera"
}
DEF camera Viewpoint {
position	0.248785 5.38127 30.1036
orientation	-1.08763e-006 1 1.14948e-006  0.0387998
fieldOfView	0.785
description	"camera_1"
}
DEF camera Viewpoint {
position	23.812 5.92286 7.0385
orientation	-0.0497152 0.997482 0.0505866  1.59069
fieldOfView	0.785
description	"camera_2"
}
DEF camera Viewpoint {
position	-23.6548 9.78209 6.3979
orientation	-0.134677 -0.9824 -0.129428  1.5488
fieldOfView	0.785
description	"camera_3"
}
DEF InfLight DirectionalLight {
on	TRUE
intensity	0.906
color	1 1 1
direction	0.577 -0.577 -0.577
}
DEF InfLight DirectionalLight {
on	TRUE
intensity	0.384
color	1 1 1
direction	-0.707 -6.18e-008 -0.707
}
DEF RobotBase Transform {
children	[
DEF Bolt1 Transform {
children	Shape {
appearance	Appearance {
material	Material {
ambientIntensity	0.18
diffuseColor	0.824 0.824 0.824
specularColor	0.81 0.81 0.81
emissiveColor	0 0 0
shininess	0.91
transparency	0
}

}

geometry	DEF _0 IndexedFaceSet {
coord	Coordinate {
point	[ 1 0 -1,
  0.924 0.383 -1,
  0.707 0.707 -1,
  0.383 0.924 -1,
  -1.03e-013 1 -1,
  -0.383 0.924 -1,
  -0.707 0.707 -1,
  -0.924 0.383 -1,
  -1 -2.07e-013 -1,
  -0.924 -0.383 -1,
  -0.707 -0.707 -1,
  -0.383 -0.924 -1,
  3.11e-013 -1 -1,
  0.383 -0.924 -1,
  0.707 -0.707 -1,
  0.924 -0.383 -1,
  1 0 -0.333,
  0.924 0.383 -0.333,
  0.707 0.707 -0.333,
  0.383 0.924 -0.333,
  -1.03e-013 1 -0.333,
  -0.383 0.924 -0.333,
  -0.707 0.707 -0.333,
  -0.924 0.383 -0.333,
  -1 -2.07e-013 -0.333,
  -0.924 -0.383 -0.333,
  -0.707 -0.707 -0.333,
  -0.383 -0.924 -0.333,
  3.11e-013 -1 -0.333,
  0.383 -0.924 -0.333,
  0.707 -0.707 -0.333,
  0.924 -0.383 -0.333,
  1 0 0.333,
  0.924 0.383 0.333,
  0.707 0.707 0.333,
  0.383 0.924 0.333,
  -1.03e-013 1 0.333,
  -0.383 0.924 0.333,
  -0.707 0.707 0.333,
  -0.924 0.383 0.333,
  -1 -2.07e-013 0.333,
  -0.924 -0.383 0.333,
  -0.707 -0.707 0.333,
  -0.383 -0.924 0.333,
  3.11e-013 -1 0.333,
  0.383 -0.924 0.333,
  0.707 -0.707 0.333,
  0.924 -0.383 0.333,
  1 0 1,
  0.924 0.383 1,
  0.707 0.707 1,
  0.383 0.924 1,
  -1.03e-013 1 1,
  -0.383 0.924 1,
  -0.707 0.707 1,
  -0.924 0.383 1,
  -1 -2.07e-013 1,
  -0.924 -0.383 1,
  -0.707 -0.707 1,
  -0.383 -0.924 1,
  3.11e-013 -1 1,
  0.383 -0.924 1,
  0.707 -0.707 1,
  0.924 -0.383 1 ]
}

coordIndex	[ 17, 1, 0, 16, -1, 18, 2, 1,
  17, -1, 19, 3, 2, 18, -1, 20,
  4, 3, 19, -1, 21, 5, 4, 20,
  -1, 22, 6, 5, 21, -1, 23, 7,
  6, 22, -1, 24, 8, 7, 23, -1,
  25, 9, 8, 24, -1, 26, 10, 9,
  25, -1, 27, 11, 10, 26, -1, 28,
  12, 11, 27, -1, 29, 13, 12, 28,
  -1, 30, 14, 13, 29, -1, 31, 15,
  14, 30, -1, 16, 0, 15, 31, -1,
  33, 17, 16, 32, -1, 34, 18, 17,
  33, -1, 35, 19, 18, 34, -1, 36,
  20, 19, 35, -1, 37, 21, 20, 36,
  -1, 38, 22, 21, 37, -1, 39, 23,
  22, 38, -1, 40, 24, 23, 39, -1,
  41, 25, 24, 40, -1, 42, 26, 25,
  41, -1, 43, 27, 26, 42, -1, 44,
  28, 27, 43, -1, 45, 29, 28, 44,
  -1, 46, 30, 29, 45, -1, 47, 31,
  30, 46, -1, 32, 16, 31, 47, -1,
  49, 33, 32, 48, -1, 50, 34, 33,
  49, -1, 51, 35, 34, 50, -1, 52,
  36, 35, 51, -1, 53, 37, 36, 52,
  -1, 54, 38, 37, 53, -1, 55, 39,
  38, 54, -1, 56, 40, 39, 55, -1,
  57, 41, 40, 56, -1, 58, 42, 41,
  57, -1, 59, 43, 42, 58, -1, 60,
  44, 43, 59, -1, 61, 45, 44, 60,
  -1, 62, 46, 45, 61, -1, 63, 47,
  46, 62, -1, 48, 32, 47, 63, -1,
  63, 62, 61, 60, 59, 58, 57, 56,
  55, 54, 53, 52, 51, 50, 49, 48,
  -1, 0, 1, 2, 3, 4, 5, 6,
  7, 8, 9, 10, 11, 12, 13, 14,
  15, -1 ]
colorPerVertex	FALSE
ccw	FALSE
convex	FALSE
solid	TRUE
creaseAngle	0.559
normalIndex	[  ]
texCoordIndex	[  ]
}

}

translation	2.1 -1.47 -4.87
rotation	1 0 0  0.000976563
scale	0.135 0.133 0.134
}
DEF Bolt2 Transform {
children	Shape {
appearance	Appearance {
material	Material {
ambientIntensity	0.18
diffuseColor	0.824 0.824 0.824
specularColor	0.81 0.81 0.81
emissiveColor	0 0 0
shininess	0.91
transparency	0
}

}

geometry	DEF _1 IndexedFaceSet {
coord	Coordinate {
point	[ 1 0 -1,
  0.924 0.383 -1,
  0.707 0.707 -1,
  0.383 0.924 -1,
  -1.03e-013 1 -1,
  -0.383 0.924 -1,
  -0.707 0.707 -1,
  -0.924 0.383 -1,
  -1 -2.07e-013 -1,
  -0.924 -0.383 -1,
  -0.707 -0.707 -1,
  -0.383 -0.924 -1,
  3.11e-013 -1 -1,
  0.383 -0.924 -1,
  0.707 -0.707 -1,
  0.924 -0.383 -1,
  1 0 -0.333,
  0.924 0.383 -0.333,
  0.707 0.707 -0.333,
  0.383 0.924 -0.333,
  -1.03e-013 1 -0.333,
  -0.383 0.924 -0.333,
  -0.707 0.707 -0.333,
  -0.924 0.383 -0.333,
  -1 -2.07e-013 -0.333,
  -0.924 -0.383 -0.333,
  -0.707 -0.707 -0.333,
  -0.383 -0.924 -0.333,
  3.11e-013 -1 -0.333,
  0.383 -0.924 -0.333,
  0.707 -0.707 -0.333,
  0.924 -0.383 -0.333,
  1 0 0.333,
  0.924 0.383 0.333,
  0.707 0.707 0.333,
  0.383 0.924 0.333,
  -1.03e-013 1 0.333,
  -0.383 0.924 0.333,
  -0.707 0.707 0.333,
  -0.924 0.383 0.333,
  -1 -2.07e-013 0.333,
  -0.924 -0.383 0.333,
  -0.707 -0.707 0.333,
  -0.383 -0.924 0.333,
  3.11e-013 -1 0.333,
  0.383 -0.924 0.333,
  0.707 -0.707 0.333,
  0.924 -0.383 0.333,
  1 0 1,
  0.924 0.383 1,
  0.707 0.707 1,
  0.383 0.924 1,
  -1.03e-013 1 1,
  -0.383 0.924 1,
  -0.707 0.707 1,
  -0.924 0.383 1,
  -1 -2.07e-013 1,
  -0.924 -0.383 1,
  -0.707 -0.707 1,
  -0.383 -0.924 1,
  3.11e-013 -1 1,
  0.383 -0.924 1,
  0.707 -0.707 1,
  0.924 -0.383 1 ]
}

coordIndex	[ 17, 1, 0, 16, -1, 18, 2, 1,
  17, -1, 19, 3, 2, 18, -1, 20,
  4, 3, 19, -1, 21, 5, 4, 20,
  -1, 22, 6, 5, 21, -1, 23, 7,
  6, 22, -1, 24, 8, 7, 23, -1,
  25, 9, 8, 24, -1, 26, 10, 9,
  25, -1, 27, 11, 10, 26, -1, 28,
  12, 11, 27, -1, 29, 13, 12, 28,
  -1, 30, 14, 13, 29, -1, 31, 15,
  14, 30, -1, 16, 0, 15, 31, -1,
  33, 17, 16, 32, -1, 34, 18, 17,
  33, -1, 35, 19, 18, 34, -1, 36,
  20, 19, 35, -1, 37, 21, 20, 36,
  -1, 38, 22, 21, 37, -1, 39, 23,
  22, 38, -1, 40, 24, 23, 39, -1,
  41, 25, 24, 40, -1, 42, 26, 25,
  41, -1, 43, 27, 26, 42, -1, 44,
  28, 27, 43, -1, 45, 29, 28, 44,
  -1, 46, 30, 29, 45, -1, 47, 31,
  30, 46, -1, 32, 16, 31, 47, -1,
  49, 33, 32, 48, -1, 50, 34, 33,
  49, -1, 51, 35, 34, 50, -1, 52,
  36, 35, 51, -1, 53, 37, 36, 52,
  -1, 54, 38, 37, 53, -1, 55, 39,
  38, 54, -1, 56, 40, 39, 55, -1,
  57, 41, 40, 56, -1, 58, 42, 41,
  57, -1, 59, 43, 42, 58, -1, 60,
  44, 43, 59, -1, 61, 45, 44, 60,
  -1, 62, 46, 45, 61, -1, 63, 47,
  46, 62, -1, 48, 32, 47, 63, -1,
  63, 62, 61, 60, 59, 58, 57, 56,
  55, 54, 53, 52, 51, 50, 49, 48,
  -1, 0, 1, 2, 3, 4, 5, 6,
  7, 8, 9, 10, 11, 12, 13, 14,
  15, -1 ]
colorPerVertex	FALSE
ccw	FALSE
convex	FALSE
solid	TRUE
creaseAngle	0.559
normalIndex	[  ]
texCoordIndex	[  ]
}

}

translation	2.1 2.43 -4.87
rotation	1 0 0  0.000976563
scale	0.135 0.133 0.134
}
DEF Bolt3 Transform {
children	Shape {
appearance	Appearance {
material	Material {
ambientIntensity	0.18
diffuseColor	0.824 0.824 0.824
specularColor	0.81 0.81 0.81
emissiveColor	0 0 0
shininess	0.91
transparency	0
}

}

geometry	DEF _2 IndexedFaceSet {
coord	Coordinate {
point	[ 1 0 -1,
  0.924 0.383 -1,
  0.707 0.707 -1,
  0.383 0.924 -1,
  -1.03e-013 1 -1,
  -0.383 0.924 -1,
  -0.707 0.707 -1,
  -0.924 0.383 -1,
  -1 -2.07e-013 -1,
  -0.924 -0.383 -1,
  -0.707 -0.707 -1,
  -0.383 -0.924 -1,
  3.11e-013 -1 -1,
  0.383 -0.924 -1,
  0.707 -0.707 -1,
  0.924 -0.383 -1,
  1 0 -0.333,
  0.924 0.383 -0.333,
  0.707 0.707 -0.333,
  0.383 0.924 -0.333,
  -1.03e-013 1 -0.333,
  -0.383 0.924 -0.333,
  -0.707 0.707 -0.333,
  -0.924 0.383 -0.333,
  -1 -2.07e-013 -0.333,
  -0.924 -0.383 -0.333,
  -0.707 -0.707 -0.333,
  -0.383 -0.924 -0.333,
  3.11e-013 -1 -0.333,
  0.383 -0.924 -0.333,
  0.707 -0.707 -0.333,
  0.924 -0.383 -0.333,
  1 0 0.333,
  0.924 0.383 0.333,
  0.707 0.707 0.333,
  0.383 0.924 0.333,
  -1.03e-013 1 0.333,
  -0.383 0.924 0.333,
  -0.707 0.707 0.333,
  -0.924 0.383 0.333,
  -1 -2.07e-013 0.333,
  -0.924 -0.383 0.333,
  -0.707 -0.707 0.333,
  -0.383 -0.924 0.333,
  3.11e-013 -1 0.333,
  0.383 -0.924 0.333,
  0.707 -0.707 0.333,
  0.924 -0.383 0.333,
  1 0 1,
  0.924 0.383 1,
  0.707 0.707 1,
  0.383 0.924 1,
  -1.03e-013 1 1,
  -0.383 0.924 1,
  -0.707 0.707 1,
  -0.924 0.383 1,
  -1 -2.07e-013 1,
  -0.924 -0.383 1,
  -0.707 -0.707 1,
  -0.383 -0.924 1,
  3.11e-013 -1 1,
  0.383 -0.924 1,
  0.707 -0.707 1,
  0.924 -0.383 1 ]
}

coordIndex	[ 17, 1, 0, 16, -1, 18, 2, 1,
  17, -1, 19, 3, 2, 18, -1, 20,
  4, 3, 19, -1, 21, 5, 4, 20,
  -1, 22, 6, 5, 21, -1, 23, 7,
  6, 22, -1, 24, 8, 7, 23, -1,
  25, 9, 8, 24, -1, 26, 10, 9,
  25, -1, 27, 11, 10, 26, -1, 28,
  12, 11, 27, -1, 29, 13, 12, 28,
  -1, 30, 14, 13, 29, -1, 31, 15,
  14, 30, -1, 16, 0, 15, 31, -1,
  33, 17, 16, 32, -1, 34, 18, 17,
  33, -1, 35, 19, 18, 34, -1, 36,
  20, 19, 35, -1, 37, 21, 20, 36,
  -1, 38, 22, 21, 37, -1, 39, 23,
  22, 38, -1, 40, 24, 23, 39, -1,
  41, 25, 24, 40, -1, 42, 26, 25,
  41, -1, 43, 27, 26, 42, -1, 44,
  28, 27, 43, -1, 45, 29, 28, 44,
  -1, 46, 30, 29, 45, -1, 47, 31,
  30, 46, -1, 32, 16, 31, 47, -1,
  49, 33, 32, 48, -1, 50, 34, 33,
  49, -1, 51, 35, 34, 50, -1, 52,
  36, 35, 51, -1, 53, 37, 36, 52,
  -1, 54, 38, 37, 53, -1, 55, 39,
  38, 54, -1, 56, 40, 39, 55, -1,
  57, 41, 40, 56, -1, 58, 42, 41,
  57, -1, 59, 43, 42, 58, -1, 60,
  44, 43, 59, -1, 61, 45, 44, 60,
  -1, 62, 46, 45, 61, -1, 63, 47,
  46, 62, -1, 48, 32, 47, 63, -1,
  63, 62, 61, 60, 59, 58, 57, 56,
  55, 54, 53, 52, 51, 50, 49, 48,
  -1, 0, 1, 2, 3, 4, 5, 6,
  7, 8, 9, 10, 11, 12, 13, 14,
  15, -1 ]
colorPerVertex	FALSE
ccw	FALSE
convex	FALSE
solid	TRUE
creaseAngle	0.559
normalIndex	[  ]
texCoordIndex	[  ]
}

}

translation	-1.9 -1.47 -4.87
rotation	1 0 0  0.000976563
scale	0.135 0.133 0.134
}
DEF Bolt4 Transform {
children	Shape {
appearance	Appearance {
material	Material {
ambientIntensity	0.18
diffuseColor	0.824 0.824 0.824
specularColor	0.81 0.81 0.81
emissiveColor	0 0 0
shininess	0.91
transparency	0
}

}

geometry	DEF _3 IndexedFaceSet {
coord	Coordinate {
point	[ 1 0 -1,
  0.924 0.383 -1,
  0.707 0.707 -1,
  0.383 0.924 -1,
  -1.03e-013 1 -1,
  -0.383 0.924 -1,
  -0.707 0.707 -1,
  -0.924 0.383 -1,
  -1 -2.07e-013 -1,
  -0.924 -0.383 -1,
  -0.707 -0.707 -1,
  -0.383 -0.924 -1,
  3.11e-013 -1 -1,
  0.383 -0.924 -1,
  0.707 -0.707 -1,
  0.924 -0.383 -1,
  1 0 -0.333,
  0.924 0.383 -0.333,
  0.707 0.707 -0.333,
  0.383 0.924 -0.333,
  -1.03e-013 1 -0.333,
  -0.383 0.924 -0.333,
  -0.707 0.707 -0.333,
  -0.924 0.383 -0.333,
  -1 -2.07e-013 -0.333,
  -0.924 -0.383 -0.333,
  -0.707 -0.707 -0.333,
  -0.383 -0.924 -0.333,
  3.11e-013 -1 -0.333,
  0.383 -0.924 -0.333,
  0.707 -0.707 -0.333,
  0.924 -0.383 -0.333,
  1 0 0.333,
  0.924 0.383 0.333,
  0.707 0.707 0.333,
  0.383 0.924 0.333,
  -1.03e-013 1 0.333,
  -0.383 0.924 0.333,
  -0.707 0.707 0.333,
  -0.924 0.383 0.333,
  -1 -2.07e-013 0.333,
  -0.924 -0.383 0.333,
  -0.707 -0.707 0.333,
  -0.383 -0.924 0.333,
  3.11e-013 -1 0.333,
  0.383 -0.924 0.333,
  0.707 -0.707 0.333,
  0.924 -0.383 0.333,
  1 0 1,
  0.924 0.383 1,
  0.707 0.707 1,
  0.383 0.924 1,
  -1.03e-013 1 1,
  -0.383 0.924 1,
  -0.707 0.707 1,
  -0.924 0.383 1,
  -1 -2.07e-013 1,
  -0.924 -0.383 1,
  -0.707 -0.707 1,
  -0.383 -0.924 1,
  3.11e-013 -1 1,
  0.383 -0.924 1,
  0.707 -0.707 1,
  0.924 -0.383 1 ]
}

coordIndex	[ 17, 1, 0, 16, -1, 18, 2, 1,
  17, -1, 19, 3, 2, 18, -1, 20,
  4, 3, 19, -1, 21, 5, 4, 20,
  -1, 22, 6, 5, 21, -1, 23, 7,
  6, 22, -1, 24, 8, 7, 23, -1,
  25, 9, 8, 24, -1, 26, 10, 9,
  25, -1, 27, 11, 10, 26, -1, 28,
  12, 11, 27, -1, 29, 13, 12, 28,
  -1, 30, 14, 13, 29, -1, 31, 15,
  14, 30, -1, 16, 0, 15, 31, -1,
  33, 17, 16, 32, -1, 34, 18, 17,
  33, -1, 35, 19, 18, 34, -1, 36,
  20, 19, 35, -1, 37, 21, 20, 36,
  -1, 38, 22, 21, 37, -1, 39, 23,
  22, 38, -1, 40, 24, 23, 39, -1,
  41, 25, 24, 40, -1, 42, 26, 25,
  41, -1, 43, 27, 26, 42, -1, 44,
  28, 27, 43, -1, 45, 29, 28, 44,
  -1, 46, 30, 29, 45, -1, 47, 31,
  30, 46, -1, 32, 16, 31, 47, -1,
  49, 33, 32, 48, -1, 50, 34, 33,
  49, -1, 51, 35, 34, 50, -1, 52,
  36, 35, 51, -1, 53, 37, 36, 52,
  -1, 54, 38, 37, 53, -1, 55, 39,
  38, 54, -1, 56, 40, 39, 55, -1,
  57, 41, 40, 56, -1, 58, 42, 41,
  57, -1, 59, 43, 42, 58, -1, 60,
  44, 43, 59, -1, 61, 45, 44, 60,
  -1, 62, 46, 45, 61, -1, 63, 47,
  46, 62, -1, 48, 32, 47, 63, -1,
  63, 62, 61, 60, 59, 58, 57, 56,
  55, 54, 53, 52, 51, 50, 49, 48,
  -1, 0, 1, 2, 3, 4, 5, 6,
  7, 8, 9, 10, 11, 12, 13, 14,
  15, -1 ]
colorPerVertex	FALSE
ccw	FALSE
convex	FALSE
solid	TRUE
creaseAngle	0.559
normalIndex	[  ]
texCoordIndex	[  ]
}

}

translation	-1.9 2.43 -4.87
rotation	1 0 0  0.000976563
scale	0.135 0.133 0.134
}
DEF Base Transform {
children	[
DEF Shape Transform {
children	Shape {
appearance	Appearance {
material	Material {
ambientIntensity	0.06
diffuseColor	0.925 0.835 0.29
specularColor	0.1 0.1 0.1
emissiveColor	0 0 0
shininess	0
transparency	0
}

}

geometry	DEF _4 IndexedFaceSet {
coord	Coordinate {
point	[ 1 0 -1,
  0.924 0.383 -1,
  0.707 0.707 -1,
  -0.707 0.707 -1,
  -0.924 0.383 -1,
  -1 -2.07e-013 -1,
  -0.924 -0.383 -1,
  -0.707 -0.707 -1,
  -0.383 -0.924 -1,
  3.11e-013 -1 -1,
  0.383 -0.924 -1,
  0.707 -0.707 -1,
  0.924 -0.383 -1,
  1.09 4.18e-006 1.56,
  1.01 0.419 1.56,
  0.774 0.774 1.56,
  0.419 1.01 1.56,
  -1.04e-006 1.09 1.56,
  -0.419 1.01 1.56,
  -0.774 0.774 1.56,
  -1.01 0.419 1.56,
  -1.09 4.18e-006 1.56,
  -1.01 -0.419 1.56,
  -0.774 -0.774 1.56,
  -0.419 -1.01 1.56,
  -1.04e-006 -1.09 1.56,
  0.419 -1.01 1.56,
  0.774 -0.774 1.56,
  1.01 -0.419 1.56,
  0.924 -0.383 1,
  1 0 1,
  0.924 0.383 1,
  0.707 0.707 1,
  -0.707 0.707 1,
  -0.924 0.383 1,
  -1 -2.07e-013 1,
  -0.924 -0.383 1,
  -0.707 -0.707 1,
  -0.383 -0.924 1,
  3.11e-013 -1 1,
  0.383 -0.924 1,
  0.707 -0.707 1,
  1.01 -0.419 1.05,
  1.09 2.09e-006 1.05,
  1.01 0.419 1.05,
  0.774 0.774 1.05,
  -0.774 0.774 1.05,
  -1.01 0.419 1.05,
  -1.09 2.09e-006 1.05,
  -1.01 -0.419 1.05,
  -0.774 -0.774 1.05,
  -0.419 -1.01 1.05,
  3.4e-013 -1.09 1.05,
  0.419 -1.01 1.05,
  0.774 -0.774 1.05,
  -0.61 0.772 1,
  0.588 0.787 1,
  -0.586 0.9 1.05,
  -0.419 1.01 1.49,
  -9.2e-007 1.09 1.49,
  0.564 0.915 1.05,
  0.419 1.01 1.49,
  -0.61 0.772 -1,
  0.588 0.787 -1,
  -0.586 0.9 1.49,
  0.564 0.915 1.49,
  0.591 0.769 -1,
  -0.611 0.769 -1,
  -0.611 0.769 -1.65,
  0.591 0.769 -1.65,
  -0.433 1.7 -1.65,
  0.414 1.7 -1.65,
  0.414 1.7 1.49,
  -0.433 1.7 1.49,
  -0.61 0.772 1,
  0.588 0.787 1,
  -0.586 0.9 1.05,
  -0.419 1.01 1.49,
  -9.2e-007 1.09 1.49,
  0.564 0.915 1.05,
  0.419 1.01 1.49,
  -0.61 0.772 -1,
  0.588 0.787 -1,
  -0.586 0.9 1.49,
  0.564 0.915 1.49,
  0.591 0.769 -1,
  -0.611 0.769 -1 ]
}

coordIndex	[ 65, 79, 45, 15, 16, 61, -1, 64,
  58, 18, 19, 46, 76, -1, 61, 16,
  17, 59, -1, 76, 46, 33, 55, -1,
  67, 81, 3, 4, 5, 6, 7, 8,
  9, 10, 11, 12, 0, 1, 2, 63,
  66, -1, 13, 14, 44, 43, -1, 14,
  15, 45, 44, -1, 75, 32, 45, 79,
  -1, 59, 17, 18, 58, -1, 19, 20,
  47, 46, -1, 20, 21, 48, 47, -1,
  21, 22, 49, 48, -1, 22, 23, 50,
  49, -1, 23, 24, 51, 50, -1, 24,
  25, 52, 51, -1, 25, 26, 53, 52,
  -1, 26, 27, 54, 53, -1, 27, 28,
  42, 54, -1, 28, 13, 43, 42, -1,
  26, 25, 24, 23, 22, 21, 20, 19,
  18, 17, 16, 15, 14, 13, 28, 27,
  -1, 29, 30, 0, 12, -1, 1, 0,
  30, 31, -1, 2, 1, 31, 32, -1,
  63, 2, 32, 75, -1, 55, 33, 3,
  81, -1, 4, 3, 33, 34, -1, 5,
  4, 34, 35, -1, 6, 5, 35, 36,
  -1, 7, 6, 36, 37, -1, 8, 7,
  37, 38, -1, 9, 8, 38, 39, -1,
  10, 9, 39, 40, -1, 11, 10, 40,
  41, -1, 12, 11, 41, 29, -1, 30,
  29, 42, 43, -1, 31, 30, 43, 44,
  -1, 32, 31, 44, 45, -1, 34, 33,
  46, 47, -1, 35, 34, 47, 48, -1,
  36, 35, 48, 49, -1, 37, 36, 49,
  50, -1, 38, 37, 50, 51, -1, 39,
  38, 51, 52, -1, 40, 39, 52, 53,
  -1, 41, 40, 53, 54, -1, 29, 41,
  54, 42, -1, 68, 69, 71, 70, -1,
  66, 69, 68, 67, -1, 71, 72, 73,
  70, -1, 63, 75, 79, 65, 72, 71,
  69, 66, -1, 76, 55, 81, 67, 68,
  70, 73, 64, -1, 61, 59, 58, 64,
  73, 72, 65, -1 ]
colorPerVertex	FALSE
ccw	FALSE
convex	FALSE
solid	TRUE
creaseAngle	0.559
normalIndex	[  ]
texCoordIndex	[  ]
}

}

translation	0 0.533 -4.45
rotation	1 0 0  0.000690534
scale	2.15 2.15 0.509
}
DEF NoName Transform {
children	[
DEF Shape Transform {
children	Shape {
appearance	Appearance {
material	Material {
ambientIntensity	0.02
diffuseColor	0.259 0.271 0.259
specularColor	0 0 0
emissiveColor	0 0 0
shininess	0
transparency	0
}

}

geometry	DEF _5 IndexedFaceSet {
coord	Coordinate {
point	[ -1 -1 -1,
  -1 -1 1,
  1 -1 -1,
  1 -1 1,
  -1 1 -1,
  1 1 -1,
  1 1 1,
  -1 1 1 ]
}

coordIndex	[ 6, 3, 1, 7, -1 ]
colorPerVertex	FALSE
ccw	FALSE
convex	FALSE
creaseAngle	0.559
normalIndex	[  ]
texCoordIndex	[  ]
}

}

translation	0.5 -1.36 -7.37
rotation	1 0 0  0.000976563
scale	7.5 7.5 2
}
DEF Shape Transform {
children	Shape {
appearance	Appearance {
material	Material {
ambientIntensity	0.31
diffuseColor	0.051 0.525 0.871
specularColor	0.11 0.11 0.11
emissiveColor	0 0 0
shininess	0.44
transparency	0
}

}

geometry	DEF _6 IndexedFaceSet {
coord	Coordinate {
point	[ -1 -1 -1,
  -1 -1 1,
  1 -1 -1,
  1 -1 1,
  -1 1 -1,
  1 1 -1,
  1 1 1,
  -1 1 1 ]
}

coordIndex	[ 2, 0, 1, 3, -1, 4, 0, 2,
  5, -1, 5, 2, 3, 6, -1, 4,
  5, 6, 7, -1, 0, 4, 7, 1,
  -1 ]
colorPerVertex	FALSE
ccw	FALSE
convex	FALSE
creaseAngle	0.559
normalIndex	[  ]
texCoordIndex	[  ]
}

}

translation	0.5 -1.36 -7.37
rotation	1 0 0  0.000976563
scale	7.5 7.5 2
}
DEF Shape Transform {
children	Shape {
appearance	Appearance {
material	Material {
ambientIntensity	0.06
diffuseColor	0.925 0.835 0.29
specularColor	0.1 0.1 0.1
emissiveColor	0 0 0
shininess	0
transparency	0
}

}

geometry	DEF _7 IndexedFaceSet {
coord	Coordinate {
point	[ -1 -1 -1,
  -1 -1 1,
  1 -1 -1,
  1 -1 1,
  -1 1 -1,
  1 1 -1,
  1 1 1,
  -1 1 1,
  0.73 1 -1,
  -0.698 1 -1,
  0.73 -1 -1,
  -0.698 -1 -1,
  -0.698 -1 0.00251,
  -0.698 1 0.00251,
  0.73 -1 0.00251,
  0.73 1 0.00251,
  0.00943 -1 1,
  -0.00157 -1 0.00251,
  0.416 1 1 ]
}

coordIndex	[ 8, 10, 2, 5, -1, 5, 2, 3,
  6, -1, 7, 18, 6, 3, 16, 1,
  -1, 0, 4, 7, 1, -1, 0, 1,
  16, 3, 2, 10, 14, 17, 12, 11,
  -1, 7, 4, 9, 13, 15, 8, 5,
  6, 18, -1, 11, 9, 4, 0, -1,
  9, 11, 12, 13, -1, 15, 14, 10,
  8, -1, 13, 12, 17, 14, 15, -1 ]
colorPerVertex	FALSE
ccw	FALSE
convex	FALSE
solid	TRUE
creaseAngle	0.559
normalIndex	[  ]
texCoordIndex	[  ]
}

}

translation	0.1 0.534 -5.17
rotation	1 0 0  0.000690534
scale	2.25 2.25 0.208
}
]
}
]
}
DEF Parent12 Transform {
children	[
DEF Axis1 Transform {
children	Shape {
appearance	Appearance {
material	Material {
ambientIntensity	0.06
diffuseColor	0.925 0.835 0.29
specularColor	0.1 0.1 0.1
emissiveColor	0 0 0
shininess	0
transparency	0
}

}

geometry	DEF _8 IndexedFaceSet {
coord	Coordinate {
point	[ -1 -1 -1,
  -1 -1 1,
  1 -1 1,
  -1 1.56 -1,
  -1 0.961 1.54,
  -0.912 0.961 1.54,
  1 0.971 1.49,
  1 -0.988 1,
  -0.912 -0.988 1,
  1 -0.995 0.948,
  1 -0.919 0.314,
  1 0.922 0.314,
  -0.912 0.971 1.49,
  1 1.04 0.948,
  1.09 0.00143 2.6,
  1.09 0.383 2.48,
  1.09 0.706 2.12,
  1.09 0.961 1.58,
  1.09 1.04 0.948,
  1.09 0.922 0.314,
  1.09 -0.919 0.314,
  1.09 -0.995 0.948,
  1.09 -0.919 1.58,
  1.09 -0.703 2.12,
  1.09 -0.38 2.48,
  -0.912 0.00143 2.6,
  -0.912 0.383 2.48,
  -0.912 0.706 2.12,
  -0.912 0.961 1.58,
  -0.912 -0.919 1.58,
  -0.912 -0.703 2.12,
  -0.912 -0.38 2.48,
  8.25 -1 1,
  10.3 -1 -1,
  10.3 -1 1,
  10.3 1.56 -1,
  8.25 0.961 1.54,
  8.34 0.961 1.54,
  10.3 0.971 1.49,
  10.3 -0.988 1,
  8.34 -0.988 1,
  10.3 -0.995 0.948,
  10.3 -0.919 0.314,
  10.3 -0.703 -0.223,
  10.3 -0.38 -0.581,
  10.3 0.00142 -0.707,
  10.3 0.383 -0.581,
  10.3 0.706 -0.223,
  10.3 0.922 0.314,
  8.34 0.971 1.49,
  10.3 1.04 0.948,
  10.3 0.00143 2.6,
  10.3 0.383 2.48,
  10.3 0.706 2.12,
  10.3 0.961 1.58,
  10.3 1.04 0.948,
  10.3 0.922 0.314,
  10.3 0.706 -0.223,
  10.3 0.383 -0.581,
  10.3 0.00142 -0.707,
  10.3 -0.38 -0.581,
  10.3 -0.703 -0.223,
  10.3 -0.919 0.314,
  10.3 -0.995 0.948,
  10.3 -0.919 1.58,
  10.3 -0.703 2.12,
  10.3 -0.38 2.48,
  8.34 0.00143 2.6,
  8.34 0.383 2.48,
  8.34 0.706 2.12,
  8.34 0.961 1.58,
  8.34 -0.919 1.58,
  8.34 -0.703 2.12,
  8.34 -0.38 2.48,
  -0.976 0.603 -6.23,
  9.91 0.603 -6.23,
  -0.976 2.09 -1.02,
  9.91 2.09 -1.02,
  9.91 -1.02 -1.02,
  -0.976 -1.02 -1.02,
  -0.976 0.823 -6.23,
  9.91 0.656 -6.23,
  -0.569 0.603 -6.23,
  9.81 0.603 -6.23,
  -0.976 3.71 -6.23,
  9.91 3.71 -6.23,
  -0.438 0.532 -6,
  1.88 -0.0283 -4.2,
  7.36 -0.0283 -4.2,
  9.68 0.532 -6,
  9.84 0.618 -6.23,
  12.5 2.36 -8.2,
  11.9 1.28 -8.2,
  10.2 0.358 -8.2,
  7.62 -0.255 -8.2,
  4.62 -0.47 -8.2,
  1.62 -0.255 -8.2,
  -0.918 0.358 -8.2,
  -2.62 1.28 -8.2,
  -3.21 2.36 -8.2,
  -2.62 3.44 -8.2,
  -0.918 4.36 -8.2,
  1.62 4.97 -8.2,
  4.62 5.19 -8.2,
  7.62 4.97 -8.2,
  10.2 4.36 -8.2,
  11.9 3.44 -8.2,
  11.2 3.35 -7.64,
  11.8 2.36 -7.64,
  11.2 1.37 -7.64,
  9.68 0.532 -7.64,
  7.36 -0.0283 -7.64,
  4.62 -0.225 -7.64,
  1.88 -0.0283 -7.64,
  -0.438 0.532 -7.64,
  -1.99 1.37 -7.64,
  -2.53 2.36 -7.64,
  -1.99 3.35 -7.64,
  -0.438 4.19 -7.64,
  1.88 4.75 -7.64,
  4.62 4.94 -7.64,
  7.36 4.75 -7.64,
  9.68 4.19 -7.64,
  11.9 3.44 -7.69,
  12.5 2.36 -7.69,
  11.9 1.28 -7.69,
  10.2 0.358 -7.69,
  7.62 -0.255 -7.69,
  4.62 -0.47 -7.69,
  1.62 -0.255 -7.69,
  -0.918 0.358 -7.69,
  -2.62 1.28 -7.69,
  -3.21 2.36 -7.69,
  -2.62 3.44 -7.69,
  -0.918 4.36 -7.69,
  1.62 4.97 -7.69,
  4.62 5.19 -7.69,
  7.62 4.97 -7.69,
  10.2 4.36 -7.69,
  9.68 4.19 -6.23,
  7.36 4.75 -6.23,
  4.62 4.94 -6.23,
  1.88 4.75 -6.23,
  -0.438 4.19 -6.23,
  -1.99 3.35 -6.23,
  -2.53 2.36 -6.23,
  -1.99 1.37 -6.23,
  11.2 1.37 -6.23,
  11.2 3.35 -6.23,
  11.8 2.36 -6.23,
  5.44 -0.166 -3.76,
  3.8 -0.166 -3.76,
  4.62 -0.225 -3.76,
  0.827 -1.02 -1.02,
  8.49 -1.02 -1.02,
  8.49 2.09 -1.02,
  0.827 2.09 -1.02,
  8.25 1.27 0.24,
  8.49 1.56 -1,
  8.25 -1 0.24,
  8.49 -1 -1,
  1 0.892 0.24,
  1 -0.889 0.24,
  1.09 -0.889 0.24,
  1.09 0.892 0.24,
  1 1.27 0.24,
  0.827 1.56 -1,
  1 -1 0.24,
  0.827 -1 -1,
  0.827 -1 0.24,
  0.827 1.27 0.24,
  8.49 -1 0.24,
  8.49 1.27 0.24,
  8.49 -0.166 -3.76,
  8.49 2.94 -3.76,
  0.827 2.94 -3.76,
  0.827 -0.166 -3.76,
  0.827 -0.166 -3.76,
  0.827 2.94 -3.76,
  8.49 2.94 -3.76,
  8.49 -0.166 -3.76,
  8.49 1.27 0.24,
  8.49 -1 0.24,
  0.827 1.27 0.24,
  0.827 -1 0.24,
  5.44 -0.166 -3.76,
  3.8 -0.166 -3.76,
  4.62 -0.225 -3.76,
  0.827 -1.02 -1.02,
  8.49 -1.02 -1.02,
  8.49 2.09 -1.02,
  0.827 2.09 -1.02,
  8.25 1.27 0.24,
  8.49 1.56 -1,
  8.25 -1 0.24,
  8.49 -1 -1,
  1 0.892 0.24,
  1 -0.889 0.24,
  1.09 -0.889 0.24,
  1.09 0.892 0.24,
  1 1.27 0.24,
  0.827 1.56 -1,
  1 -1 0.24,
  0.827 -1 -1 ]
}

coordIndex	[ 153, 79, 76, 191, -1, 3, 4, 1,
  0, -1, 8, 7, 2, 1, 4, 5,
  -1, 167, 2, 7, 9, 10, 197, -1,
  15, 14, 25, 26, -1, 16, 15, 26,
  27, -1, 17, 16, 27, 28, -1, 11,
  19, 18, 13, -1, 197, 10, 20, 198,
  -1, 9, 21, 20, 10, -1, 7, 8,
  29, 22, 21, 9, -1, 23, 22, 29,
  30, -1, 24, 23, 30, 31, -1, 14,
  24, 31, 25, -1, 198, 20, 21, 22,
  23, 24, 14, 15, 16, 17, 18, 19,
  164, -1, 5, 12, 28, 27, 26, 25,
  31, 30, 29, 8, -1, 13, 18, 17,
  28, 12, 6, -1, 195, 33, 35, 193,
  -1, 192, 36, 32, 159, -1, 40, 39,
  34, 32, 36, 37, -1, 38, 35, 33,
  34, 39, 63, 42, 43, 60, 59, 58,
  57, 56, 55, -1, 52, 51, 67, 68,
  -1, 53, 52, 68, 69, -1, 54, 53,
  69, 70, -1, 56, 56, 55, 55, -1,
  57, 57, 56, 56, -1, 58, 58, 57,
  57, -1, 59, 59, 58, 58, -1, 60,
  60, 59, 59, -1, 43, 43, 60, 60,
  -1, 42, 42, 43, 43, -1, 63, 63,
  42, 42, -1, 39, 40, 71, 64, 63,
  63, -1, 65, 64, 71, 72, -1, 66,
  65, 72, 73, -1, 51, 66, 73, 67,
  -1, 52, 53, 54, 55, 56, 57, 58,
  59, 60, 43, 42, 63, 64, 65, 66,
  51, -1, 37, 49, 70, 69, 68, 67,
  73, 72, 71, 40, -1, 55, 55, 54,
  70, 49, 38, -1, 80, 74, 82, -1,
  81, 75, 78, 77, 85, -1, 84, 76,
  79, 74, 80, -1, 90, 83, 75, 81,
  -1, 125, 124, 91, 92, -1, 126, 125,
  92, 93, -1, 127, 126, 93, 94, -1,
  128, 127, 94, 95, -1, 129, 128, 95,
  96, -1, 130, 129, 96, 97, -1, 131,
  130, 97, 98, -1, 132, 131, 98, 99,
  -1, 133, 132, 99, 100, -1, 134, 133,
  100, 101, -1, 135, 134, 101, 102, -1,
  136, 135, 102, 103, -1, 137, 136, 103,
  104, -1, 138, 137, 104, 105, -1, 123,
  138, 105, 106, -1, 124, 123, 106, 91,
  -1, 102, 101, 100, 99, 98, 97, 96,
  95, 94, 93, 92, 91, 106, 105, 104,
  103, -1, 123, 124, 108, 107, -1, 124,
  125, 109, 108, -1, 125, 126, 110, 109,
  -1, 126, 127, 111, 110, -1, 127, 128,
  112, 111, -1, 128, 129, 113, 112, -1,
  129, 130, 114, 113, -1, 130, 131, 115,
  114, -1, 131, 132, 116, 115, -1, 132,
  133, 117, 116, -1, 133, 134, 118, 117,
  -1, 134, 135, 119, 118, -1, 135, 136,
  120, 119, -1, 136, 137, 121, 120, -1,
  137, 138, 122, 121, -1, 138, 123, 107,
  122, -1, 108, 109, 147, 149, -1, 87,
  113, 114, 86, -1, 115, 116, 145, 146,
  -1, 107, 108, 149, 148, -1, 122, 107,
  148, 139, -1, 121, 122, 139, 140, -1,
  120, 121, 140, 141, -1, 119, 120, 141,
  142, -1, 118, 119, 142, 143, -1, 117,
  118, 143, 144, -1, 116, 117, 144, 145,
  -1, 86, 114, 115, 146, 80, 82, -1,
  85, 84, 80, 146, 145, 144, 143, 142,
  141, 140, 139, 148, 149, 147, 81, -1,
  89, 110, 111, 88, -1, 81, 147, 109,
  110, 89, 83, 90, -1, 184, 168, 0,
  1, 2, 167, -1, 171, 159, 32, 34,
  33, 195, -1, 180, 189, 78, 75, 83,
  89, 88, 150, -1, 178, 191, 76, 84,
  85, 77, 155, 179, -1, 187, 112, 113,
  87, 151, -1, 166, 3, 0, 168, -1,
  161, 11, 13, 6, 165, -1, 183, 165,
  6, 12, 5, 4, 3, 166, -1, 164,
  19, 11, 161, -1, 177, 151, 87, 86,
  82, 74, 79, 153, -1, 150, 88, 111,
  112, 187, -1, 181, 193, 35, 38, 49,
  37, 36, 192, -1, 155, 77, 78, 189,
  -1, 191, 178, 177, 153, -1, 159, 171,
  181, 192, -1, 181, 171, 195, 193, -1,
  180, 150, 187, 151, 177, 178, 179, -1,
  189, 180, 179, 155, -1, 161, 165, 183,
  184, 167, 197, 198, 164, -1, 168, 184,
  183, 166, -1 ]
colorPerVertex	FALSE
ccw	FALSE
convex	FALSE
creaseAngle	0.559
normalIndex	[  ]
texCoordIndex	[  ]
}

}

translation	-4.645 -1.70585 3.52402
rotation	1 0 0  0.000690534
scale	0.3 0.831 0.5
center	4.645 2.30321 -6.84166
}
DEF Parent23 Transform {
children	[
DEF Axis2 Transform {
children	[
DEF _2ndAxis Transform {
children	Shape {
appearance	Appearance {
material	Material {
ambientIntensity	0.06
diffuseColor	0.925 0.835 0.29
specularColor	0.1 0.1 0.1
emissiveColor	0 0 0
shininess	0
transparency	0
}

}

geometry	DEF _9 IndexedFaceSet {
coord	Coordinate {
point	[ 1 0 -1,
  0.924 0.383 -1,
  0.707 0.707 -1,
  0.383 0.924 -1,
  -1.03e-013 1 -1,
  -0.383 0.924 -1,
  -0.707 0.707 -1,
  -0.924 0.383 -1,
  -1 -2.07e-013 -1,
  -0.924 -0.383 -1,
  -0.707 -0.707 -1,
  -0.383 -0.924 -1,
  3.11e-013 -1 -1,
  0.383 -0.924 -1,
  0.707 -0.707 -1,
  0.924 -0.383 -1,
  1 0 1,
  0.924 0.383 1,
  0.707 0.707 1,
  0.383 0.924 1,
  -1.03e-013 1 1,
  0.383 -0.924 1,
  0.707 -0.707 1,
  0.924 -0.383 1,
  0.0339 -0.993 1,
  3.11e-013 -1 -0.992,
  -0.383 -0.924 -0.992,
  -0.707 -0.707 -0.992,
  -0.924 -0.383 -0.992,
  -1 -2.07e-013 -0.992,
  -0.924 0.383 -0.992,
  -0.707 0.707 -0.992,
  -0.00303 0.999 1,
  -0.383 0.924 -0.992,
  0.0339 0.993 1,
  0.00303 0.999 1,
  0.00301 0.999 -0.992,
  -0.00301 0.999 -0.992,
  0.0339 0.993 -0.992,
  0.0339 -0.993 -0.992,
  -11.5 -1.58 1.01,
  0.0339 -1.04 1.01,
  -11.5 -1.58 -0.992,
  0.0339 -1.04 -0.992,
  -11.5 1 1.01,
  0.0339 0.999 -0.992,
  0.0339 0.999 1.01,
  -11.4 1 -0.992,
  -11.5 1 1,
  -11.5 -1.56 -0.992,
  -10.3 -0.769 -0.992,
  -10.6 -1.19 -0.992,
  -11 -1.47 -0.992,
  -11.5 -1.56 1,
  -11.5 -1.56 -0.992,
  -11.4 1 1,
  -11 0.915 -0.992,
  -10.6 0.636 -0.992,
  -10.2 -0.275 -0.992,
  -10.3 0.218 -0.992,
  -10.2 -0.275 -1,
  -10.3 0.218 -1,
  -10.6 0.636 -1,
  -11 0.915 -1,
  -11.5 1.01 -1,
  -12 0.915 -1,
  -12.4 0.636 -1,
  -12.7 0.218 -1,
  -12.8 -0.275 -1,
  -12.7 -0.769 -1,
  -12.4 -1.19 -1,
  -12 -1.47 -1,
  -11.5 -1.56 -1,
  -11 -1.47 -1,
  -10.6 -1.19 -1,
  -10.3 -0.769 -1,
  -11.5 1.01 1,
  -12 0.915 1,
  -12.4 0.636 1,
  -12.7 0.218 1,
  -12.8 -0.275 1,
  -12.7 -0.769 1,
  -12.4 -1.19 1,
  -12 -1.47 1,
  -12 -1.47 0.704,
  -12 -1.47 -0.696,
  -12.4 -1.19 0.704,
  -12.4 -1.19 -0.696,
  -12.7 -0.769 0.704,
  -12.7 -0.769 -0.696,
  -12.8 -0.275 0.704,
  -12.8 -0.275 -0.696,
  -12.7 0.218 0.704,
  -12.7 0.218 -0.696,
  -12.4 0.636 0.704,
  -12.4 0.636 -0.696,
  -12 0.915 0.704,
  -12 0.915 -0.696,
  -11.5 1.01 0.704,
  -11.5 1.01 -0.696,
  -11.4 1 0.704,
  -11.4 1 -0.696,
  -11.5 -1.56 -0.696,
  -11.5 -1.56 0.704,
  -11.5 -1.58 -0.696,
  -11.5 -1.58 0.704,
  -10.4 -1.58 0.704,
  -10.4 1 0.704,
  -10.4 -1.58 -0.696,
  -10.4 1 -0.696,
  -3.25 -1.58 -0.992,
  -3.25 -1.58 1.01,
  0.0339 -0.993 -0.8,
  0.0339 -0.993 0.8,
  0.0339 0.993 0.8,
  0.0339 0.993 -0.8,
  0.00301 0.999 -0.8,
  0.00303 0.999 0.8,
  -0.00303 0.999 0.8,
  -0.00301 0.999 -0.8,
  0.0339 -1.04 -0.8,
  0.0339 -1.04 0.8,
  0.0339 0.999 0.8,
  0.0339 0.999 -0.8,
  0.924 -0.383 0.8,
  0.924 -0.383 -0.8,
  0.707 -0.707 0.8,
  0.707 -0.707 -0.8,
  0.383 -0.924 0.8,
  0.383 -0.924 -0.8,
  -1.03e-013 1 0.8,
  -1.03e-013 1 -0.8,
  0.383 0.924 0.8,
  0.383 0.924 -0.8,
  0.707 0.707 0.8,
  0.707 0.707 -0.8,
  1 0 -0.8,
  1 0 0.8,
  0.924 0.383 0.8,
  0.924 0.383 -0.8,
  -1.43 -1.28 -0.8,
  -1.43 0.999 -0.8,
  -1.43 0.999 0.8,
  -1.43 -1.28 0.8 ]
}

coordIndex	[ 139, 1, 0, 136, -1, 135, 2, 1,
  139, -1, 133, 3, 2, 135, -1, 25,
  12, 11, 26, -1, 31, 6, 5, 33,
  -1, 30, 7, 6, 31, -1, 29, 8,
  7, 30, -1, 128, 21, 22, 126, -1,
  126, 22, 23, 124, -1, 124, 23, 16,
  137, -1, 32, 20, 35, -1, 1, 2,
  3, 4, 5, 6, 7, 8, 9, 10,
  11, 12, 13, 14, 15, 0, -1, 113,
  24, 21, 128, -1, 119, 37, 33, 5,
  4, 131, -1, 115, 38, 36, 116, 131,
  4, 3, 133, -1, 28, 9, 8, 29,
  -1, 27, 10, 9, 28, -1, 26, 11,
  10, 27, -1, 34, 19, 18, 17, 16,
  23, 22, 21, 24, -1, 121, 41, 46,
  122, 114, 34, 24, 113, -1, 83, 53,
  103, 84, -1, 42, 54, 102, 104, -1,
  64, 63, 56, 47, 101, 99, -1, 25,
  26, 27, 28, 29, 30, 31, 33, 37,
  47, 56, 57, 59, 58, 50, 51, 52,
  54, 54, 42, 110, 43, 39, -1, 55,
  76, 98, 100, -1, 65, 64, 99, 97,
  -1, 66, 65, 97, 95, -1, 67, 66,
  95, 93, -1, 69, 68, 91, 89, -1,
  70, 69, 89, 87, -1, 71, 70, 87,
  85, -1, 73, 52, 51, 74, -1, 72,
  54, 52, 73, -1, 63, 64, 65, 66,
  67, 68, 69, 70, 71, 72, 73, 74,
  75, 60, 61, 62, -1, 83, 82, 81,
  80, 79, 78, 77, 76, 55, 48, 53,
  -1, 54, 54, 72, 71, 85, 102, -1,
  74, 51, 50, 75, -1, 75, 50, 58,
  60, -1, 60, 58, 59, 61, -1, 61,
  59, 57, 62, -1, 62, 57, 56, 63,
  -1, 143, 140, 120, 43, 110, 111, 41,
  121, -1, 53, 48, 44, 40, 105, 103,
  -1, 82, 83, 84, 86, -1, 81, 82,
  86, 88, -1, 80, 81, 88, 90, -1,
  79, 80, 90, 92, -1, 78, 79, 92,
  94, -1, 77, 78, 94, 96, -1, 76,
  77, 96, 98, -1, 68, 67, 93, 91,
  -1, 116, 36, 45, 123, -1, 95, 97,
  99, 101, 109, 108, 104, 102, 85, 87,
  89, 91, 93, -1, 108, 109, 107, 106,
  -1, 94, 92, 90, 88, 86, 84, 103,
  105, 106, 107, 100, 98, 96, -1, 46,
  41, 111, 40, 44, -1, 42, 104, 108,
  106, 105, 40, 111, 110, -1, 38, 45,
  36, -1, 130, 20, 32, 118, -1, 123,
  45, 38, 115, -1, 117, 35, 20, 130,
  -1, 112, 39, 43, 120, -1, 141, 142,
  118, 32, 35, 117, 122, 46, 44, 48,
  55, 100, 107, 109, 101, 47, 37, 119,
  -1, 127, 14, 13, 129, -1, 129, 13,
  12, 25, 39, 112, -1, 132, 19, 34,
  114, -1, 125, 15, 14, 127, -1, 134,
  18, 19, 132, -1, 136, 0, 15, 125,
  -1, 138, 17, 18, 134, -1, 137, 16,
  17, 138, -1, 125, 127, 129, 112, 120,
  140, 141, 119, 131, 116, 123, 115, 133,
  135, 139, 136, -1, 138, 134, 132, 114,
  122, 117, 130, 118, 142, 143, 121, 113,
  128, 126, 124, 137, -1, 140, 143, 142,
  141, -1 ]
colorPerVertex	FALSE
ccw	FALSE
convex	FALSE
creaseAngle	0.559
normalIndex	[  ]
texCoordIndex	[  ]
}

}

translation	0.1 -1.28 7.11
rotation	0.0025354 -0.999997 -2.20962e-008  1.57
scale	0.543 0.543 1.05
scaleOrientation	-0.9305 -0.366292 0  0.000690534
}
DEF Shape Transform {
children	Shape {
appearance	Appearance {
material	Material {
ambientIntensity	0.12
diffuseColor	0.824 0.824 0.824
specularColor	0.89 0.89 0.89
emissiveColor	0 0 0
shininess	0.4
transparency	0
}

}

geometry	DEF _10 IndexedFaceSet {
coord	Coordinate {
point	[ 1 0 -1,
  0.924 0.383 -1,
  0.707 0.707 -1,
  0.383 0.924 -1,
  -1.03e-013 1 -1,
  -0.383 0.924 -1,
  -0.707 0.707 -1,
  -0.924 0.383 -1,
  -1 -2.07e-013 -1,
  -0.924 -0.383 -1,
  -0.707 -0.707 -1,
  -0.383 -0.924 -1,
  3.11e-013 -1 -1,
  0.383 -0.924 -1,
  0.707 -0.707 -1,
  0.924 -0.383 -1,
  1 0 1,
  0.924 0.383 1,
  0.707 0.707 1,
  0.383 0.924 1,
  -1.03e-013 1 1,
  -0.383 0.924 1,
  -0.707 0.707 1,
  -0.924 0.383 1,
  -1 -2.07e-013 1,
  -0.924 -0.383 1,
  -0.707 -0.707 1,
  -0.383 -0.924 1,
  3.11e-013 -1 1,
  0.383 -0.924 1,
  0.707 -0.707 1,
  0.924 -0.383 1,
  0.547 0.533 -1,
  -0.52 0.533 -1,
  0.547 -0.533 -1,
  -0.52 -0.533 -1,
  -0.518 -0.533 -15.7,
  0.549 -0.533 -15.7,
  -0.518 0.533 -15.7,
  0.549 0.533 -15.7,
  0.547 0.533 -1,
  -0.52 0.533 -1,
  0.547 -0.533 -1,
  -0.52 -0.533 -1 ]
}

coordIndex	[ 1, 0, 16, 17, -1, 2, 1, 17,
  18, -1, 3, 2, 18, 19, -1, 4,
  3, 19, 20, -1, 5, 4, 20, 21,
  -1, 6, 5, 21, 22, -1, 7, 6,
  22, 23, -1, 8, 7, 23, 24, -1,
  9, 8, 24, 25, -1, 10, 9, 25,
  26, -1, 11, 10, 26, 27, -1, 12,
  11, 27, 28, -1, 13, 12, 28, 29,
  -1, 14, 13, 29, 30, -1, 15, 14,
  30, 31, -1, 0, 15, 31, 16, -1,
  30, 29, 28, 27, 26, 25, 24, 23,
  22, 21, 20, 19, 18, 17, 16, 31,
  -1, 1, 2, 32, -1, 0, 1, 32,
  -1, 15, 0, 32, -1, 34, 15, 32,
  -1, 14, 15, 34, -1, 14, 34, 35,
  -1, 10, 14, 35, -1, 13, 14, 10,
  -1, 11, 13, 10, -1, 12, 13, 11,
  -1, 5, 3, 4, -1, 2, 3, 5,
  -1, 6, 2, 5, -1, 32, 2, 6,
  -1, 33, 32, 6, -1, 7, 33, 6,
  -1, 8, 33, 7, -1, 9, 33, 8,
  -1, 35, 33, 9, -1, 10, 35, 9,
  -1, 35, 36, 38, 33, -1, 36, 37,
  39, 38, -1, 33, 38, 39, 32, -1,
  34, 37, 36, 35, -1, 32, 39, 37,
  34, -1 ]
colorPerVertex	FALSE
ccw	FALSE
convex	FALSE
solid	TRUE
creaseAngle	0.559
normalIndex	[  ]
texCoordIndex	[  ]
}

}

translation	1.9 -1.37 0.892
rotation	0.000398868 -1 -0.000397454  1.57
scale	0.75 0.75 0.15
scaleOrientation	-0.000850515 1 0  0.000690534
}
DEF Shape Transform {
children	Shape {
appearance	Appearance {
material	Material {
ambientIntensity	0.12
diffuseColor	0.824 0.824 0.824
specularColor	0.89 0.89 0.89
emissiveColor	0 0 0
shininess	0.4
transparency	0
}

}

geometry	DEF _11 IndexedFaceSet {
coord	Coordinate {
point	[ 1 0 -1,
  0.924 0.383 -1,
  0.707 0.707 -1,
  0.383 0.924 -1,
  -1.03e-013 1 -1,
  -0.383 0.924 -1,
  -0.707 0.707 -1,
  -0.924 0.383 -1,
  -1 -2.07e-013 -1,
  -0.924 -0.383 -1,
  -0.707 -0.707 -1,
  -0.383 -0.924 -1,
  3.11e-013 -1 -1,
  0.383 -0.924 -1,
  0.707 -0.707 -1,
  0.924 -0.383 -1,
  1 0 1,
  0.924 0.383 1,
  0.707 0.707 1,
  0.383 0.924 1,
  -1.03e-013 1 1,
  -0.383 0.924 1,
  -0.707 0.707 1,
  -0.924 0.383 1,
  -1 -2.07e-013 1,
  -0.924 -0.383 1,
  -0.707 -0.707 1,
  -0.383 -0.924 1,
  3.11e-013 -1 1,
  0.383 -0.924 1,
  0.707 -0.707 1,
  0.924 -0.383 1,
  -0.00205 0.533 1,
  -0.52 0.533 1,
  -0.00227 -0.533 1,
  -0.52 -0.533 1,
  -0.523 -0.533 16.3,
  0.544 -0.533 16.3,
  0.547 -0.533 1,
  -0.523 0.533 16.3,
  0.547 0.533 1,
  0.544 0.533 16.3,
  -0.00205 0.533 1,
  -0.52 0.533 1,
  -0.00227 -0.533 1,
  -0.52 -0.533 1 ]
}

coordIndex	[ 1, 0, 16, 17, -1, 2, 1, 17,
  18, -1, 3, 2, 18, 19, -1, 4,
  3, 19, 20, -1, 5, 4, 20, 21,
  -1, 6, 5, 21, 22, -1, 7, 6,
  22, 23, -1, 8, 7, 23, 24, -1,
  9, 8, 24, 25, -1, 10, 9, 25,
  26, -1, 11, 10, 26, 27, -1, 12,
  11, 27, 28, -1, 13, 12, 28, 29,
  -1, 14, 13, 29, 30, -1, 15, 14,
  30, 31, -1, 0, 15, 31, 16, -1,
  32, 33, 18, -1, 17, 32, 18, -1,
  16, 32, 17, -1, 31, 32, 16, -1,
  34, 32, 31, -1, 26, 34, 31, -1,
  30, 26, 31, -1, 27, 26, 30, -1,
  29, 27, 30, -1, 28, 27, 29, -1,
  19, 21, 20, -1, 22, 21, 19, -1,
  18, 22, 19, -1, 33, 22, 18, -1,
  23, 22, 33, -1, 24, 23, 33, -1,
  25, 24, 33, -1, 35, 25, 33, -1,
  26, 25, 35, -1, 26, 35, 34, -1,
  1, 2, 3, 4, 5, 6, 7, 8,
  9, 10, 11, 12, 13, 14, 15, 0,
  -1, 35, 36, 37, 38, 34, -1, 34,
  38, 40, 32, -1, 38, 37, 41, 40,
  -1, 39, 41, 37, 36, -1, 33, 39,
  36, 35, -1, 32, 40, 41, 39, 33,
  -1 ]
colorPerVertex	FALSE
ccw	FALSE
convex	FALSE
solid	TRUE
creaseAngle	0.559
normalIndex	[  ]
texCoordIndex	[  ]
}

}

translation	-1.7 -1.37 0.892
rotation	0.000398868 -1 -0.000397454  1.57
scale	0.75 0.75 0.15
scaleOrientation	-0.000850515 1 0  0.000690534
}
DEF link1 Transform {
children	[
Shape {
appearance	Appearance {
material	Material {
ambientIntensity	0.12
diffuseColor	0.824 0.824 0.824
specularColor	0.89 0.89 0.89
emissiveColor	0 0 0
shininess	0.4
transparency	0
}

}

geometry	DEF _12 IndexedFaceSet {
coord	Coordinate {
point	[ 1 0 -1,
  0.924 0.383 -1,
  0.707 0.707 -1,
  0.383 0.924 -1,
  -1.03e-013 1 -1,
  -0.383 0.924 -1,
  -0.707 0.707 -1,
  -0.924 0.383 -1,
  -1 -2.07e-013 -1,
  -0.924 -0.383 -1,
  -0.707 -0.707 -1,
  -0.383 -0.924 -1,
  3.11e-013 -1 -1,
  0.383 -0.924 -1,
  0.707 -0.707 -1,
  0.924 -0.383 -1,
  1 0 1,
  0.924 0.383 1,
  0.707 0.707 1,
  0.383 0.924 1,
  -1.03e-013 1 1,
  -0.383 0.924 1,
  -0.707 0.707 1,
  0.924 -0.383 1,
  0.886 -0.44 1,
  0.707 -0.707 -0.989,
  0.383 -0.924 -0.989,
  3.11e-013 -1 -0.989,
  -0.383 -0.924 -0.989,
  -0.707 -0.707 -0.989,
  -0.924 -0.383 -0.989,
  -1 -2.07e-013 -0.989,
  -0.908 0.407 1,
  -0.924 0.383 -0.989,
  0.903 -0.4 1,
  -0.908 0.407 -0.989,
  0.886 -0.44 -0.989,
  -0.938 0.42 1.01,
  -0.938 0.42 -0.989,
  0.903 -0.4 1.01,
  0.886 -0.44 -0.522,
  0.886 -0.44 0.613,
  -0.908 0.407 0.613,
  -0.908 0.407 -0.522,
  -0.938 0.42 -0.522,
  -0.938 0.42 0.613,
  0.924 -0.383 0.613,
  0.924 -0.383 -0.522,
  -0.707 0.707 0.613,
  -0.707 0.707 -0.522,
  -0.383 0.924 0.613,
  -0.383 0.924 -0.522,
  -1.03e-013 1 0.613,
  -1.03e-013 1 -0.522,
  0.383 0.924 0.613,
  0.383 0.924 -0.522,
  0.707 0.707 0.613,
  0.707 0.707 -0.522,
  1 0 -0.522,
  1 0 0.613,
  0.924 0.383 0.613,
  0.924 0.383 -0.522,
  -1.4 -5.59 -0.522,
  -2.93 -4.06 -0.522,
  -2.93 -4.06 0.613,
  -1.4 -5.59 0.613,
  -4.73 -8.1 -0.989,
  -2.68 -8.45 -0.989,
  -4.42 -7.9 -0.989,
  -3.81 -7.8 -0.989,
  -3.21 -7.97 -0.989,
  -2.72 -8.38 -0.989,
  -2.31 -9.64 -0.994,
  -2.4 -8.96 -0.994,
  -2.72 -8.38 -0.994,
  -3.21 -7.97 -0.994,
  -3.81 -7.8 -0.994,
  -4.42 -7.9 -0.994,
  -4.95 -8.25 -0.994,
  -5.32 -8.79 -0.994,
  -5.47 -9.46 -0.994,
  -5.38 -10.1 -0.994,
  -5.07 -10.7 -0.994,
  -4.57 -11.1 -0.994,
  -3.97 -11.3 -0.994,
  -3.36 -11.2 -0.994,
  -2.83 -10.8 -0.994,
  -2.46 -10.3 -0.994,
  -4.73 -8.1 0.0716,
  -2.46 -10.3 0.0716,
  -2.83 -10.8 0.0716,
  -4.57 -11.1 0.0716,
  -5.38 -10.1 0.0716,
  -4.95 -8.25 0.0716,
  -2.31 -9.64 0.0716,
  -2.4 -8.96 0.0716,
  -3.93 -6.31 0.0716,
  -2.42 -7.87 0.0716,
  -2.68 -8.45 0.0716,
  -3.36 -11.2 0.0716,
  -3.97 -11.3 0.0716,
  -5.07 -10.7 0.0716,
  -5.47 -9.46 0.0716,
  -5.32 -8.79 0.0716,
  -3.93 -6.31 1.01,
  -2.42 -7.87 1.01,
  -0.361 0.163 1.01,
  0.432 -0.19 1.01,
  0.432 -0.19 1,
  -0.361 0.163 1,
  0.428 -0.211 1.01,
  0.427 -0.211 0.613,
  0.426 -0.211 -0.522,
  0.425 -0.211 -1,
  0.326 -0.361 1.01,
  0.326 -0.361 0.613,
  0.324 -0.361 -0.522,
  0.324 -0.361 -1,
  0.181 -0.456 1.01,
  0.181 -0.456 0.613,
  0.18 -0.456 -0.522,
  0.179 -0.456 -1,
  0.0145 -0.483 1.01,
  0.014 -0.483 0.613,
  0.0126 -0.483 -0.522,
  0.0121 -0.483 -1,
  -0.149 -0.437 1.01,
  -0.15 -0.437 0.613,
  -0.151 -0.437 -0.522,
  -0.152 -0.437 -1,
  -0.284 -0.326 1.01,
  -0.285 -0.326 0.613,
  -0.286 -0.326 -0.522,
  -0.287 -0.326 -1,
  -0.37 -0.165 1.01,
  -0.371 -0.165 0.613,
  -0.372 -0.165 -0.522,
  -0.373 -0.165 -1,
  0.466 -0.0307 -1,
  0.467 -0.0307 -0.522,
  0.468 -0.0307 0.613,
  0.469 -0.0307 1,
  0.442 0.153 -1,
  0.443 0.153 -0.522,
  0.444 0.153 0.613,
  0.445 0.153 1,
  0.355 0.314 -1,
  0.356 0.314 -0.522,
  0.357 0.314 0.613,
  0.358 0.314 1,
  0.22 0.425 -1,
  0.221 0.425 -0.522,
  0.222 0.425 0.613,
  0.223 0.425 1,
  0.0568 0.471 -1,
  0.0574 0.471 -0.522,
  0.0587 0.471 0.613,
  0.0592 0.471 1,
  -0.11 0.444 -1,
  -0.11 0.444 -0.522,
  -0.108 0.444 0.613,
  -0.108 0.444 1,
  -0.255 0.349 -1,
  -0.254 0.349 -0.522,
  -0.253 0.349 0.613,
  -0.253 0.349 1,
  -0.356 0.199 -1,
  -0.355 0.199 -0.522,
  -0.354 0.199 0.613,
  -0.353 0.199 1,
  -0.395 0.0187 1.01,
  -0.395 0.0187 0.613,
  -0.396 0.0187 -0.522,
  -0.397 0.0187 -1,
  0.896 -0.0554 -1.71,
  0.847 0.314 -1.71,
  0.674 0.634 -1.71,
  0.404 0.857 -1.71,
  0.0769 0.948 -1.71,
  -0.257 0.895 -1.71,
  -0.547 0.704 -1.71,
  -0.748 0.405 -1.71,
  -0.831 0.0435 -1.71,
  -0.783 -0.326 -1.71,
  -0.61 -0.646 -1.71,
  -0.34 -0.869 -1.71,
  -0.0126 -0.96 -1.71,
  0.322 -0.906 -1.71,
  0.611 -0.715 -1.71,
  0.813 -0.417 -1.71,
  0.896 -0.0554 -1.14,
  0.848 0.314 -1.14,
  0.675 0.634 -1.14,
  0.405 0.857 -1.14,
  0.0776 0.948 -1.14,
  -0.256 0.895 -1.14,
  -0.546 0.704 -1.14,
  -0.748 0.405 -1.14,
  -0.831 0.0435 -1.14,
  -0.782 -0.326 -1.14,
  -0.609 -0.646 -1.14,
  -0.339 -0.869 -1.14,
  -0.0119 -0.96 -1.14,
  0.322 -0.906 -1.14,
  0.612 -0.715 -1.14,
  0.814 -0.417 -1.14,
  0.425 -0.211 -1.14,
  0.324 -0.361 -1.14,
  0.179 -0.456 -1.14,
  0.0119 -0.483 -1.14,
  -0.152 -0.437 -1.14,
  -0.287 -0.326 -1.14,
  -0.373 -0.165 -1.14,
  -0.397 0.0187 -1.14,
  -0.356 0.199 -1.14,
  -0.255 0.349 -1.14,
  -0.11 0.444 -1.14,
  0.0567 0.471 -1.14,
  0.22 0.425 -1.14,
  0.355 0.314 -1.14,
  0.466 -0.0307 -1.14,
  0.442 0.153 -1.14,
  0.445 0.153 1.13,
  0.0594 0.471 1.13,
  -0.108 0.444 1.13,
  -0.252 0.349 1.13,
  0.469 -0.0307 1.13,
  0.428 -0.211 1.13,
  -0.149 -0.437 1.13,
  -0.284 -0.326 1.13,
  -0.37 -0.165 1.13,
  -0.394 0.0187 1.13,
  0.887 -0.0547 1.13,
  0.838 0.315 1.13,
  0.666 0.634 1.13,
  0.396 0.857 1.13,
  0.0685 0.949 1.13,
  -0.265 0.895 1.13,
  -0.555 0.704 1.13,
  -0.757 0.406 1.13,
  -0.836 0.044 1.13,
  -0.791 -0.325 1.13,
  -0.619 -0.645 1.13,
  -0.348 -0.868 1.13,
  -0.021 -0.959 1.13,
  0.313 -0.906 1.13,
  0.602 -0.715 1.13,
  0.804 -0.416 1.13,
  0.888 -0.0547 1.71,
  0.839 0.315 1.71,
  0.666 0.634 1.71,
  0.396 0.857 1.71,
  0.0692 0.949 1.71,
  -0.264 0.895 1.71,
  -0.555 0.704 1.71,
  -0.756 0.406 1.71,
  -0.836 0.044 1.71,
  -0.791 -0.325 1.71,
  -0.618 -0.645 1.71,
  -0.347 -0.868 1.71,
  -0.0203 -0.959 1.71,
  0.314 -0.906 1.71,
  0.603 -0.715 1.71,
  0.805 -0.416 1.71,
  0.358 0.314 1.13,
  0.223 0.425 1.13,
  -0.353 0.199 1.13,
  0.326 -0.361 1.13,
  0.182 -0.456 1.13,
  0.0146 -0.483 1.13,
  -0.361 0.163 1.01,
  0.432 -0.19 1.01,
  0.432 -0.19 1,
  -0.361 0.163 1,
  0.428 -0.211 1.01,
  0.427 -0.211 0.613,
  0.426 -0.211 -0.522,
  0.425 -0.211 -1,
  0.326 -0.361 1.01,
  0.326 -0.361 0.613,
  0.324 -0.361 -0.522,
  0.324 -0.361 -1,
  0.181 -0.456 1.01,
  0.181 -0.456 0.613,
  0.18 -0.456 -0.522,
  0.179 -0.456 -1,
  0.0145 -0.483 1.01,
  0.014 -0.483 0.613,
  0.0126 -0.483 -0.522,
  0.0121 -0.483 -1,
  -0.149 -0.437 1.01,
  -0.15 -0.437 0.613,
  -0.151 -0.437 -0.522,
  -0.152 -0.437 -1,
  -0.284 -0.326 1.01,
  -0.285 -0.326 0.613,
  -0.286 -0.326 -0.522,
  -0.287 -0.326 -1,
  -0.37 -0.165 1.01,
  -0.371 -0.165 0.613,
  -0.372 -0.165 -0.522,
  -0.373 -0.165 -1,
  0.466 -0.0307 -1,
  0.467 -0.0307 -0.522,
  0.468 -0.0307 0.613,
  0.469 -0.0307 1,
  0.442 0.153 -1,
  0.443 0.153 -0.522,
  0.444 0.153 0.613,
  0.445 0.153 1,
  0.355 0.314 -1,
  0.356 0.314 -0.522,
  0.357 0.314 0.613,
  0.358 0.314 1,
  0.22 0.425 -1,
  0.221 0.425 -0.522,
  0.222 0.425 0.613,
  0.223 0.425 1,
  0.0568 0.471 -1,
  0.0574 0.471 -0.522,
  0.0587 0.471 0.613,
  0.0592 0.471 1,
  -0.11 0.444 -1,
  -0.11 0.444 -0.522,
  -0.108 0.444 0.613,
  -0.108 0.444 1,
  -0.255 0.349 -1,
  -0.254 0.349 -0.522,
  -0.253 0.349 0.613,
  -0.253 0.349 1,
  -0.356 0.199 -1,
  -0.355 0.199 -0.522,
  -0.354 0.199 0.613,
  -0.353 0.199 1,
  -0.395 0.0187 1.01,
  -0.395 0.0187 0.613,
  -0.396 0.0187 -0.522,
  -0.397 0.0187 -1 ]
}

coordIndex	[ 190, 191, 175, 174, -1, 191, 192, 176,
  175, -1, 192, 193, 177, 176, -1, 193,
  194, 178, 177, -1, 194, 195, 179, 178,
  -1, 195, 196, 180, 179, -1, 196, 197,
  181, 180, -1, 197, 198, 182, 181, -1,
  198, 199, 183, 182, -1, 199, 200, 184,
  183, -1, 200, 201, 185, 184, -1, 201,
  202, 186, 185, -1, 202, 203, 187, 186,
  -1, 203, 204, 188, 187, -1, 204, 205,
  189, 188, -1, 205, 190, 174, 189, -1,
  149, 264, 265, 153, -1, 152, 151, 147,
  148, -1, 115, 116, 120, 119, -1, 113,
  206, 207, 117, -1, 153, 265, 223, 157,
  -1, 156, 155, 151, 152, -1, 157, 223,
  224, 161, -1, 119, 120, 124, 123, -1,
  117, 207, 208, 121, -1, 111, 112, 116,
  115, -1, 160, 159, 155, 156, -1, 123,
  124, 128, 127, -1, 121, 208, 209, 125,
  -1, 161, 224, 225, 165, -1, 218, 217,
  192, -1, 219, 218, 192, -1, 191, 219,
  192, -1, 221, 219, 191, -1, 220, 221,
  191, -1, 190, 220, 191, -1, 206, 220,
  190, -1, 207, 206, 190, -1, 205, 207,
  190, -1, 208, 207, 205, -1, 209, 208,
  205, -1, 200, 209, 205, -1, 204, 200,
  205, -1, 201, 200, 204, -1, 203, 201,
  204, -1, 202, 201, 203, -1, 193, 195,
  194, -1, 196, 195, 193, -1, 192, 196,
  193, -1, 217, 196, 192, -1, 216, 196,
  217, -1, 197, 196, 216, -1, 215, 197,
  216, -1, 214, 197, 215, -1, 198, 197,
  214, -1, 213, 198, 214, -1, 212, 198,
  213, -1, 199, 198, 212, -1, 211, 199,
  212, -1, 210, 199, 211, -1, 209, 199,
  210, -1, 200, 199, 209, -1, 177, 178,
  179, 180, 181, 182, 183, 184, 185, 186,
  187, 188, 189, 174, 175, 176, -1, 166,
  214, 215, 162, -1, 162, 215, 216, 158,
  -1, 158, 216, 217, 154, -1, 154, 217,
  218, 150, -1, 150, 218, 219, 146, -1,
  146, 219, 221, 142, -1, 142, 221, 220,
  138, -1, 170, 231, 230, 134, -1, 134,
  230, 229, 130, -1, 130, 229, 228, 126,
  -1, 126, 228, 269, 122, -1, 122, 269,
  268, 118, -1, 118, 268, 267, 114, -1,
  114, 267, 227, 110, -1, 232, 248, 249,
  233, -1, 233, 249, 250, 234, -1, 234,
  250, 251, 235, -1, 235, 251, 252, 236,
  -1, 236, 252, 253, 237, -1, 237, 253,
  254, 238, -1, 238, 254, 255, 239, -1,
  239, 255, 256, 240, -1, 240, 256, 257,
  241, -1, 241, 257, 258, 242, -1, 242,
  258, 259, 243, -1, 243, 259, 260, 244,
  -1, 244, 260, 261, 245, -1, 245, 261,
  262, 246, -1, 246, 262, 263, 247, -1,
  247, 263, 248, 232, -1, 261, 260, 259,
  258, 257, 256, 255, 254, 253, 252, 251,
  250, 249, 248, 263, 262, -1, 164, 163,
  159, 160, -1, 127, 128, 132, 131, -1,
  125, 209, 210, 129, -1, 165, 225, 266,
  169, -1, 168, 167, 163, 164, -1, 131,
  132, 136, 135, -1, 129, 210, 211, 133,
  -1, 169, 266, 231, 170, 106, 109, -1,
  135, 136, 172, 171, -1, 171, 172, 167,
  168, -1, 133, 211, 212, 137, -1, 235,
  236, 237, -1, 238, 235, 237, -1, 234,
  235, 238, -1, 223, 234, 238, -1, 224,
  223, 238, -1, 239, 224, 238, -1, 225,
  224, 239, -1, 266, 225, 239, -1, 240,
  266, 239, -1, 231, 266, 240, -1, 230,
  231, 240, -1, 241, 230, 240, -1, 229,
  230, 241, -1, 228, 229, 241, -1, 269,
  228, 241, -1, 242, 269, 241, -1, 265,
  234, 223, -1, 233, 234, 265, -1, 264,
  233, 265, -1, 222, 233, 264, -1, 226,
  233, 222, -1, 232, 233, 226, -1, 227,
  232, 226, -1, 267, 232, 227, -1, 247,
  232, 267, -1, 268, 247, 267, -1, 269,
  247, 268, -1, 242, 247, 269, -1, 246,
  247, 242, -1, 243, 246, 242, -1, 245,
  246, 243, -1, 244, 245, 243, -1, 137,
  212, 213, 173, -1, 173, 213, 214, 166,
  -1, 108, 107, 110, 227, 226, 141, -1,
  148, 147, 143, 144, -1, 145, 222, 264,
  149, -1, 138, 220, 206, 113, -1, 144,
  143, 139, 140, -1, 140, 139, 112, 111,
  -1, 141, 226, 222, 145, -1 ]
colorPerVertex	FALSE
ccw	FALSE
convex	FALSE
solid	TRUE
creaseAngle	0.559
normalIndex	[  ]
texCoordIndex	[  ]
}

}
Shape {
appearance	Appearance {
material	Material {
ambientIntensity	0.06
diffuseColor	0.925 0.835 0.29
specularColor	0.1 0.1 0.1
emissiveColor	0 0 0
shininess	0
transparency	0
}

}

geometry	DEF _13 IndexedFaceSet {
coord	Coordinate {
point	[ 1 0 -1,
  0.924 0.383 -1,
  0.707 0.707 -1,
  0.383 0.924 -1,
  -1.03e-013 1 -1,
  -0.383 0.924 -1,
  -0.707 0.707 -1,
  -0.924 0.383 -1,
  -1 -2.07e-013 -1,
  -0.924 -0.383 -1,
  -0.707 -0.707 -1,
  -0.383 -0.924 -1,
  3.11e-013 -1 -1,
  0.383 -0.924 -1,
  0.707 -0.707 -1,
  0.924 -0.383 -1,
  1 0 1,
  0.924 0.383 1,
  0.707 0.707 1,
  0.383 0.924 1,
  -1.03e-013 1 1,
  -0.383 0.924 1,
  -0.707 0.707 1,
  0.924 -0.383 1,
  0.886 -0.44 1,
  0.707 -0.707 -0.989,
  0.383 -0.924 -0.989,
  3.11e-013 -1 -0.989,
  -0.383 -0.924 -0.989,
  -0.707 -0.707 -0.989,
  -0.924 -0.383 -0.989,
  -1 -2.07e-013 -0.989,
  -0.908 0.407 1,
  -0.924 0.383 -0.989,
  0.903 -0.4 1,
  -0.908 0.407 -0.989,
  0.886 -0.44 -0.989,
  -0.938 0.42 1.01,
  -0.938 0.42 -0.989,
  0.903 -0.4 1.01,
  0.886 -0.44 -0.522,
  0.886 -0.44 0.613,
  -0.908 0.407 0.613,
  -0.908 0.407 -0.522,
  -0.938 0.42 -0.522,
  -0.938 0.42 0.613,
  0.924 -0.383 0.613,
  0.924 -0.383 -0.522,
  -0.707 0.707 0.613,
  -0.707 0.707 -0.522,
  -0.383 0.924 0.613,
  -0.383 0.924 -0.522,
  -1.03e-013 1 0.613,
  -1.03e-013 1 -0.522,
  0.383 0.924 0.613,
  0.383 0.924 -0.522,
  0.707 0.707 0.613,
  0.707 0.707 -0.522,
  1 0 -0.522,
  1 0 0.613,
  0.924 0.383 0.613,
  0.924 0.383 -0.522,
  -1.4 -5.59 -0.522,
  -2.93 -4.06 -0.522,
  -2.93 -4.06 0.613,
  -1.4 -5.59 0.613,
  -4.73 -8.1 -0.989,
  -2.68 -8.45 -0.989,
  -4.42 -7.9 -0.989,
  -3.81 -7.8 -0.989,
  -3.21 -7.97 -0.989,
  -2.72 -8.38 -0.989,
  -2.31 -9.64 -0.994,
  -2.4 -8.96 -0.994,
  -2.72 -8.38 -0.994,
  -3.21 -7.97 -0.994,
  -3.81 -7.8 -0.994,
  -4.42 -7.9 -0.994,
  -4.95 -8.25 -0.994,
  -5.32 -8.79 -0.994,
  -5.47 -9.46 -0.994,
  -5.38 -10.1 -0.994,
  -5.07 -10.7 -0.994,
  -4.57 -11.1 -0.994,
  -3.97 -11.3 -0.994,
  -3.36 -11.2 -0.994,
  -2.83 -10.8 -0.994,
  -2.46 -10.3 -0.994,
  -4.73 -8.1 0.0716,
  -2.46 -10.3 0.0716,
  -2.83 -10.8 0.0716,
  -4.57 -11.1 0.0716,
  -5.38 -10.1 0.0716,
  -4.95 -8.25 0.0716,
  -2.31 -9.64 0.0716,
  -2.4 -8.96 0.0716,
  -3.93 -6.31 0.0716,
  -2.42 -7.87 0.0716,
  -2.68 -8.45 0.0716,
  -3.36 -11.2 0.0716,
  -3.97 -11.3 0.0716,
  -5.07 -10.7 0.0716,
  -5.47 -9.46 0.0716,
  -5.32 -8.79 0.0716,
  -3.93 -6.31 1.01,
  -2.42 -7.87 1.01,
  -0.361 0.163 1.01,
  0.432 -0.19 1.01,
  0.432 -0.19 1,
  -0.361 0.163 1,
  0.428 -0.211 1.01,
  0.427 -0.211 0.613,
  0.426 -0.211 -0.522,
  0.425 -0.211 -1,
  0.326 -0.361 1.01,
  0.326 -0.361 0.613,
  0.324 -0.361 -0.522,
  0.324 -0.361 -1,
  0.181 -0.456 1.01,
  0.181 -0.456 0.613,
  0.18 -0.456 -0.522,
  0.179 -0.456 -1,
  0.0145 -0.483 1.01,
  0.014 -0.483 0.613,
  0.0126 -0.483 -0.522,
  0.0121 -0.483 -1,
  -0.149 -0.437 1.01,
  -0.15 -0.437 0.613,
  -0.151 -0.437 -0.522,
  -0.152 -0.437 -1,
  -0.284 -0.326 1.01,
  -0.285 -0.326 0.613,
  -0.286 -0.326 -0.522,
  -0.287 -0.326 -1,
  -0.37 -0.165 1.01,
  -0.371 -0.165 0.613,
  -0.372 -0.165 -0.522,
  -0.373 -0.165 -1,
  0.466 -0.0307 -1,
  0.467 -0.0307 -0.522,
  0.468 -0.0307 0.613,
  0.469 -0.0307 1,
  0.442 0.153 -1,
  0.443 0.153 -0.522,
  0.444 0.153 0.613,
  0.445 0.153 1,
  0.355 0.314 -1,
  0.356 0.314 -0.522,
  0.357 0.314 0.613,
  0.358 0.314 1,
  0.22 0.425 -1,
  0.221 0.425 -0.522,
  0.222 0.425 0.613,
  0.223 0.425 1,
  0.0568 0.471 -1,
  0.0574 0.471 -0.522,
  0.0587 0.471 0.613,
  0.0592 0.471 1,
  -0.11 0.444 -1,
  -0.11 0.444 -0.522,
  -0.108 0.444 0.613,
  -0.108 0.444 1,
  -0.255 0.349 -1,
  -0.254 0.349 -0.522,
  -0.253 0.349 0.613,
  -0.253 0.349 1,
  -0.356 0.199 -1,
  -0.355 0.199 -0.522,
  -0.354 0.199 0.613,
  -0.353 0.199 1,
  -0.395 0.0187 1.01,
  -0.395 0.0187 0.613,
  -0.396 0.0187 -0.522,
  -0.397 0.0187 -1,
  0.896 -0.0554 -1.71,
  0.847 0.314 -1.71,
  0.674 0.634 -1.71,
  0.404 0.857 -1.71,
  0.0769 0.948 -1.71,
  -0.257 0.895 -1.71,
  -0.547 0.704 -1.71,
  -0.748 0.405 -1.71,
  -0.831 0.0435 -1.71,
  -0.783 -0.326 -1.71,
  -0.61 -0.646 -1.71,
  -0.34 -0.869 -1.71,
  -0.0126 -0.96 -1.71,
  0.322 -0.906 -1.71,
  0.611 -0.715 -1.71,
  0.813 -0.417 -1.71,
  0.896 -0.0554 -1.14,
  0.848 0.314 -1.14,
  0.675 0.634 -1.14,
  0.405 0.857 -1.14,
  0.0776 0.948 -1.14,
  -0.256 0.895 -1.14,
  -0.546 0.704 -1.14,
  -0.748 0.405 -1.14,
  -0.831 0.0435 -1.14,
  -0.782 -0.326 -1.14,
  -0.609 -0.646 -1.14,
  -0.339 -0.869 -1.14,
  -0.0119 -0.96 -1.14,
  0.322 -0.906 -1.14,
  0.612 -0.715 -1.14,
  0.814 -0.417 -1.14,
  0.425 -0.211 -1.14,
  0.324 -0.361 -1.14,
  0.179 -0.456 -1.14,
  0.0119 -0.483 -1.14,
  -0.152 -0.437 -1.14,
  -0.287 -0.326 -1.14,
  -0.373 -0.165 -1.14,
  -0.397 0.0187 -1.14,
  -0.356 0.199 -1.14,
  -0.255 0.349 -1.14,
  -0.11 0.444 -1.14,
  0.0567 0.471 -1.14,
  0.22 0.425 -1.14,
  0.355 0.314 -1.14,
  0.466 -0.0307 -1.14,
  0.442 0.153 -1.14,
  0.445 0.153 1.13,
  0.0594 0.471 1.13,
  -0.108 0.444 1.13,
  -0.252 0.349 1.13,
  0.469 -0.0307 1.13,
  0.428 -0.211 1.13,
  -0.149 -0.437 1.13,
  -0.284 -0.326 1.13,
  -0.37 -0.165 1.13,
  -0.394 0.0187 1.13,
  0.887 -0.0547 1.13,
  0.838 0.315 1.13,
  0.666 0.634 1.13,
  0.396 0.857 1.13,
  0.0685 0.949 1.13,
  -0.265 0.895 1.13,
  -0.555 0.704 1.13,
  -0.757 0.406 1.13,
  -0.836 0.044 1.13,
  -0.791 -0.325 1.13,
  -0.619 -0.645 1.13,
  -0.348 -0.868 1.13,
  -0.021 -0.959 1.13,
  0.313 -0.906 1.13,
  0.602 -0.715 1.13,
  0.804 -0.416 1.13,
  0.888 -0.0547 1.71,
  0.839 0.315 1.71,
  0.666 0.634 1.71,
  0.396 0.857 1.71,
  0.0692 0.949 1.71,
  -0.264 0.895 1.71,
  -0.555 0.704 1.71,
  -0.756 0.406 1.71,
  -0.836 0.044 1.71,
  -0.791 -0.325 1.71,
  -0.618 -0.645 1.71,
  -0.347 -0.868 1.71,
  -0.0203 -0.959 1.71,
  0.314 -0.906 1.71,
  0.603 -0.715 1.71,
  0.805 -0.416 1.71,
  0.358 0.314 1.13,
  0.223 0.425 1.13,
  -0.353 0.199 1.13,
  0.326 -0.361 1.13,
  0.182 -0.456 1.13,
  0.0146 -0.483 1.13,
  -0.361 0.163 1.01,
  0.432 -0.19 1.01,
  0.432 -0.19 1,
  -0.361 0.163 1,
  0.428 -0.211 1.01,
  0.427 -0.211 0.613,
  0.426 -0.211 -0.522,
  0.425 -0.211 -1,
  0.326 -0.361 1.01,
  0.326 -0.361 0.613,
  0.324 -0.361 -0.522,
  0.324 -0.361 -1,
  0.181 -0.456 1.01,
  0.181 -0.456 0.613,
  0.18 -0.456 -0.522,
  0.179 -0.456 -1,
  0.0145 -0.483 1.01,
  0.014 -0.483 0.613,
  0.0126 -0.483 -0.522,
  0.0121 -0.483 -1,
  -0.149 -0.437 1.01,
  -0.15 -0.437 0.613,
  -0.151 -0.437 -0.522,
  -0.152 -0.437 -1,
  -0.284 -0.326 1.01,
  -0.285 -0.326 0.613,
  -0.286 -0.326 -0.522,
  -0.287 -0.326 -1,
  -0.37 -0.165 1.01,
  -0.371 -0.165 0.613,
  -0.372 -0.165 -0.522,
  -0.373 -0.165 -1,
  0.466 -0.0307 -1,
  0.467 -0.0307 -0.522,
  0.468 -0.0307 0.613,
  0.469 -0.0307 1,
  0.442 0.153 -1,
  0.443 0.153 -0.522,
  0.444 0.153 0.613,
  0.445 0.153 1,
  0.355 0.314 -1,
  0.356 0.314 -0.522,
  0.357 0.314 0.613,
  0.358 0.314 1,
  0.22 0.425 -1,
  0.221 0.425 -0.522,
  0.222 0.425 0.613,
  0.223 0.425 1,
  0.0568 0.471 -1,
  0.0574 0.471 -0.522,
  0.0587 0.471 0.613,
  0.0592 0.471 1,
  -0.11 0.444 -1,
  -0.11 0.444 -0.522,
  -0.108 0.444 0.613,
  -0.108 0.444 1,
  -0.255 0.349 -1,
  -0.254 0.349 -0.522,
  -0.253 0.349 0.613,
  -0.253 0.349 1,
  -0.356 0.199 -1,
  -0.355 0.199 -0.522,
  -0.354 0.199 0.613,
  -0.353 0.199 1,
  -0.395 0.0187 1.01,
  -0.395 0.0187 0.613,
  -0.396 0.0187 -0.522,
  -0.397 0.0187 -1 ]
}

coordIndex	[ 0, 58, 61, 1, -1, 1, 61, 57,
  2, -1, 2, 57, 55, 3, -1, 3,
  55, 53, 4, -1, 4, 53, 51, 5,
  -1, 5, 51, 49, 6, -1, 7, 33,
  31, 8, -1, 16, 59, 46, 23, -1,
  150, 2, 154, -1, 1, 2, 150, -1,
  146, 1, 150, -1, 142, 1, 146, -1,
  0, 1, 142, -1, 138, 0, 142, -1,
  113, 0, 138, -1, 117, 0, 113, -1,
  15, 0, 117, -1, 121, 15, 117, -1,
  125, 15, 121, -1, 14, 15, 125, -1,
  10, 14, 125, -1, 13, 14, 10, -1,
  11, 13, 10, -1, 12, 13, 11, -1,
  5, 3, 4, -1, 2, 3, 5, -1,
  6, 2, 5, -1, 154, 2, 6, -1,
  158, 154, 6, -1, 7, 158, 6, -1,
  162, 158, 7, -1, 166, 162, 7, -1,
  173, 166, 7, -1, 8, 173, 7, -1,
  137, 173, 8, -1, 133, 137, 8, -1,
  9, 133, 8, -1, 129, 133, 9, -1,
  125, 129, 9, -1, 10, 125, 9, -1,
  33, 7, 6, 49, 43, 35, -1, 23,
  46, 41, 24, -1, 8, 31, 30, 9,
  -1, 10, 29, 28, 11, -1, 9, 30,
  29, 10, -1, 11, 28, 27, 12, -1,
  12, 27, 26, 13, -1, 13, 26, 25,
  14, -1, 35, 43, 44, 38, -1, 14,
  25, 36, 40, 47, 15, -1, 106, 37,
  45, 42, 32, 109, -1, 32, 42, 48,
  22, -1, 22, 48, 50, 21, -1, 21,
  50, 52, 20, -1, 20, 52, 54, 19,
  -1, 19, 54, 56, 18, -1, 15, 47,
  58, 0, -1, 18, 56, 60, 17, -1,
  17, 60, 59, 16, -1, 151, 155, 57,
  -1, 61, 151, 57, -1, 147, 151, 61,
  -1, 143, 147, 61, -1, 58, 143, 61,
  -1, 139, 143, 58, -1, 112, 139, 58,
  -1, 116, 112, 58, -1, 47, 116, 58,
  -1, 40, 116, 47, -1, 120, 116, 40,
  -1, 124, 120, 40, -1, 63, 124, 40,
  -1, 62, 63, 40, -1, 167, 43, 163,
  -1, 172, 43, 167, -1, 172, 44, 43,
  -1, 136, 44, 172, -1, 132, 44, 136,
  -1, 63, 44, 132, -1, 63, 132, 128,
  -1, 63, 128, 124, -1, 55, 51, 53,
  -1, 49, 51, 55, -1, 57, 49, 55,
  -1, 155, 49, 57, -1, 159, 49, 155,
  -1, 43, 49, 159, -1, 163, 43, 159,
  -1, 152, 56, 156, -1, 60, 56, 152,
  -1, 148, 60, 152, -1, 144, 60, 148,
  -1, 59, 60, 144, -1, 140, 59, 144,
  -1, 111, 59, 140, -1, 115, 59, 111,
  -1, 46, 59, 115, -1, 41, 46, 115,
  -1, 119, 41, 115, -1, 123, 41, 119,
  -1, 64, 41, 123, -1, 65, 41, 64,
  -1, 50, 54, 52, -1, 56, 54, 50,
  -1, 48, 56, 50, -1, 156, 56, 48,
  -1, 160, 156, 48, -1, 42, 160, 48,
  -1, 164, 160, 42, -1, 168, 164, 42,
  -1, 171, 168, 42, -1, 171, 42, 45,
  -1, 135, 171, 45, -1, 131, 135, 45,
  -1, 64, 131, 45, -1, 64, 127, 131,
  -1, 64, 123, 127, -1, 62, 65, 64,
  63, -1, 69, 70, 71, 67, 36, 25,
  26, 27, 28, 29, 30, 31, 33, 35,
  38, 66, 68, -1, 73, 72, 94, 95,
  -1, 75, 74, 71, 70, -1, 76, 75,
  70, 69, -1, 77, 76, 69, 68, -1,
  78, 77, 68, 66, 88, 93, -1, 79,
  78, 93, 103, -1, 80, 79, 103, 102,
  -1, 74, 75, 76, 77, 78, 79, 80,
  81, 82, 83, 84, 85, 86, 87, 72,
  73, -1, 67, 71, 74, 73, 95, 98,
  -1, 88, 66, 38, 44, 63, 64, 45,
  37, 104, 96, -1, 81, 80, 102, 92,
  -1, 82, 81, 92, 101, -1, 84, 83,
  91, 100, -1, 83, 82, 101, 91, -1,
  85, 84, 100, 99, -1, 86, 85, 99,
  90, -1, 87, 86, 90, 89, -1, 105,
  39, 34, 24, 41, 65, 62, 40, 36,
  67, 98, 97, -1, 72, 87, 89, 94,
  -1, 90, 99, 100, 91, 101, 92, 102,
  103, 93, 88, 96, 97, 98, 95, 94,
  89, -1, 96, 104, 105, 97, -1, 108,
  34, 39, 107, -1, 170, 134, 130, 126,
  122, 118, 114, 110, 107, 39, 105, 104,
  37, 106, -1, 145, 149, 153, 157, 161,
  165, 169, 109, 32, 22, 21, 20, 19,
  18, 17, 16, 23, 24, 34, 108, 141,
  -1 ]
colorPerVertex	FALSE
ccw	FALSE
convex	FALSE
solid	TRUE
creaseAngle	0.559
normalIndex	[  ]
texCoordIndex	[  ]
}

}
]
translation	0.4 1.62 2.09
rotation	-0.0233568 -0.999388 0.0260464  1.57
scale	0.347 0.314 0.35
}
DEF link2 Transform {
children	[
Shape {
appearance	Appearance {
material	Material {
ambientIntensity	0.06
diffuseColor	0.925 0.835 0.29
specularColor	0.1 0.1 0.1
emissiveColor	0 0 0
shininess	0
transparency	0
}

}

geometry	DEF _14 IndexedFaceSet {
coord	Coordinate {
point	[ 1 0 -1,
  0.924 0.383 -1,
  0.707 0.707 -1,
  0.383 0.924 -1,
  -1.03e-013 1 -1,
  -0.383 0.924 -1,
  -0.707 0.707 -1,
  -0.924 0.383 -1,
  -1 -2.07e-013 -1,
  -0.924 -0.383 -1,
  -0.707 -0.707 -1,
  -0.383 -0.924 -1,
  3.11e-013 -1 -1,
  0.383 -0.924 -1,
  0.707 -0.707 -1,
  0.924 -0.383 -1,
  1 0 1,
  0.924 0.383 1,
  0.707 0.707 1,
  0.383 0.924 1,
  -1.03e-013 1 1,
  -0.383 0.924 1,
  -0.707 0.707 1,
  -0.924 0.383 1,
  -1 -2.07e-013 1,
  -0.924 -0.383 1,
  -0.707 -0.707 1,
  -0.383 -0.924 1,
  3.11e-013 -1 1,
  0.383 -0.924 1,
  0.707 -0.707 1,
  0.924 -0.383 1,
  0.421 -0.232 -1,
  0.312 -0.394 -1,
  0.15 -0.502 -1,
  -0.0411 -0.54 -1,
  -0.232 -0.502 -1,
  -0.395 -0.394 -1,
  -0.503 -0.232 -1,
  -0.503 0.151 -1,
  -0.395 0.313 -1,
  -0.0411 0.46 -1,
  0.15 0.422 -1,
  0.459 -0.0403 -19.5,
  0.421 0.151 -19.5,
  0.312 0.313 -19.5,
  0.15 0.422 -19.5,
  -0.0411 0.46 -19.5,
  -0.232 0.422 -19.5,
  -0.395 0.313 -19.5,
  -0.503 0.151 -19.5,
  -0.541 -0.0403 -19.5,
  -0.503 -0.232 -19.5,
  -0.395 -0.394 -19.5,
  -0.232 -0.502 -19.5,
  -0.0411 -0.54 -19.5,
  0.15 -0.502 -19.5,
  0.312 -0.394 -19.5,
  0.421 -0.232 -19.5,
  -0.541 -0.0403 -1,
  -0.232 0.422 -1,
  0.312 0.313 -1,
  0.459 -0.0403 -1,
  0.421 0.151 -1,
  0.421 -0.232 -15.3,
  0.421 -0.232 -19.3,
  0.312 -0.394 -15.3,
  0.312 -0.394 -19.3,
  0.15 -0.502 -15.3,
  0.15 -0.502 -19.3,
  -0.0411 -0.54 -15.3,
  -0.0411 -0.54 -19.4,
  -0.232 -0.502 -15.3,
  -0.232 -0.502 -19.4,
  -0.395 -0.394 -15.3,
  -0.395 -0.394 -19.4,
  -0.503 -0.232 -15.3,
  -0.503 -0.232 -19.4,
  -0.541 -0.0403 -15.3,
  -0.541 -0.0403 -19.4,
  -0.503 0.151 -15.3,
  -0.503 0.151 -19.4,
  -0.395 0.313 -15.3,
  -0.395 0.313 -19.4,
  -0.232 0.422 -15.3,
  -0.232 0.422 -19.4,
  -0.0411 0.46 -15.3,
  -0.0411 0.46 -19.4,
  0.15 0.422 -15.3,
  0.15 0.422 -19.3,
  0.312 0.313 -15.3,
  0.312 0.313 -19.3,
  0.459 -0.0403 -19.3,
  0.459 -0.0403 -15.3,
  0.421 0.151 -15.3,
  0.421 0.151 -19.3,
  0.075 -0.517 -19.4,
  0.0733 0.437 -19.4,
  0.0733 0.437 -19.3,
  0.0749 -0.517 -19.3,
  1.43 -0.00981 -19.3,
  1.32 0.501 -19.3,
  1.03 0.932 -19.3,
  0.601 1.22 -19.3,
  0.0904 1.32 -19.3,
  -0.848 -0.956 -19.3,
  -0.416 -1.25 -19.3,
  0.095 -1.35 -19.3,
  0.606 -1.24 -19.3,
  1.04 -0.953 -19.3,
  1.33 -0.521 -19.3,
  1.42 -0.00728 -15.3,
  1.32 0.503 -15.3,
  1.03 0.935 -15.3,
  0.597 1.22 -15.3,
  0.0866 1.32 -15.3,
  -0.424 1.22 -15.3,
  -0.855 0.931 -15.3,
  -1.14 0.499 -15.3,
  -1.24 -0.0119 -15.3,
  -1.14 -0.522 -15.3,
  -0.852 -0.954 -15.3,
  -0.42 -1.24 -15.3,
  0.0912 -1.34 -15.3,
  0.602 -1.24 -15.3,
  1.03 -0.951 -15.3,
  1.32 -0.518 -15.3,
  -1.02 -0.702 -19.3,
  -1.14 -0.522 -15.4,
  -1.24 -0.012 -15.4,
  -1.14 0.499 -15.4,
  -0.855 0.931 -15.4,
  -0.0157 1.3 -19.3,
  -0.424 1.22 -15.4,
  -0.0195 1.3 -15.4,
  0.0718 1.3 -19.3,
  0.0752 -0.7 -19.3,
  -1.02 -0.7 -15.4,
  -16.6 -0.729 -19.5,
  0.0753 -0.7 -19.4,
  -16.6 1.27 -19.5,
  0.0718 1.3 -19.4,
  -16.4 1.27 -15.5,
  -16.6 -0.729 -19.4,
  -15.4 -0.727 -19.4,
  -15.2 -0.547 -15.5,
  -15.6 0.906 -15.5,
  -15.2 0.474 -15.5,
  -16.6 1.29 -19.4,
  -17 1.19 -19.4,
  -17.5 0.9 -19.4,
  -17.8 0.467 -19.4,
  -17.9 -0.0435 -19.4,
  -17.8 -0.554 -19.4,
  -17.5 -0.985 -19.4,
  -17 -1.27 -19.4,
  -16.6 -1.37 -19.4,
  -16 -1.27 -19.4,
  -15.6 -0.982 -19.4,
  -15.2 0.474 -15.4,
  -15.6 0.906 -15.4,
  -16 1.19 -15.4,
  -16.6 1.29 -15.4,
  -17 1.19 -15.4,
  -17.5 0.902 -15.4,
  -17.8 0.47 -15.4,
  -17.9 -0.041 -15.4,
  -17.8 -0.551 -15.4,
  -17.5 -0.983 -15.4,
  -17 -1.27 -15.4,
  -16.6 -1.37 -15.4,
  -16 -1.27 -15.4,
  -15.6 -0.98 -15.4,
  -15.2 -0.547 -15.4,
  -16.6 1.27 -19.4,
  -15.4 -0.725 -15.5,
  -16.4 1.27 -19.4,
  -16 1.19 -15.5,
  0.421 -0.232 -15.3,
  0.421 -0.232 -19.3,
  0.312 -0.394 -15.3,
  0.312 -0.394 -19.3,
  0.15 -0.502 -15.3,
  0.15 -0.502 -19.3,
  -0.0411 -0.54 -15.3,
  -0.0411 -0.54 -19.4,
  -0.232 -0.502 -15.3,
  -0.232 -0.502 -19.4,
  -0.395 -0.394 -15.3,
  -0.395 -0.394 -19.4,
  -0.503 -0.232 -15.3,
  -0.503 -0.232 -19.4,
  -0.541 -0.0403 -15.3,
  -0.541 -0.0403 -19.4,
  -0.503 0.151 -15.3,
  -0.503 0.151 -19.4,
  -0.395 0.313 -15.3,
  -0.395 0.313 -19.4,
  -0.232 0.422 -15.3,
  -0.232 0.422 -19.4,
  -0.0411 0.46 -15.3,
  -0.0411 0.46 -19.4,
  0.15 0.422 -15.3,
  0.15 0.422 -19.3,
  0.312 0.313 -15.3,
  0.312 0.313 -19.3,
  0.459 -0.0403 -19.3,
  0.459 -0.0403 -15.3,
  0.421 0.151 -15.3,
  0.421 0.151 -19.3,
  0.075 -0.517 -19.4,
  0.0733 0.437 -19.4,
  0.0733 0.437 -19.3,
  0.0749 -0.517 -19.3 ]
}

coordIndex	[ 100, 111, 112, 101, -1, 101, 112, 113,
  102, -1, 102, 113, 114, 103, -1, 103,
  114, 115, 104, -1, 119, 120, 128, 129,
  -1, 105, 121, 122, 106, -1, 106, 122,
  123, 107, -1, 107, 123, 124, 108, -1,
  108, 124, 125, 109, -1, 109, 125, 126,
  110, -1, 110, 126, 111, 100, -1, 116,
  115, 114, -1, 113, 116, 114, -1, 117,
  116, 113, -1, 112, 117, 113, -1, 118,
  117, 112, -1, 86, 118, 112, -1, 88,
  86, 112, -1, 90, 88, 112, -1, 94,
  90, 112, -1, 111, 94, 112, -1, 93,
  94, 111, -1, 64, 93, 111, -1, 66,
  64, 111, -1, 68, 66, 111, -1, 126,
  68, 111, -1, 70, 68, 126, -1, 125,
  70, 126, -1, 84, 118, 86, -1, 82,
  118, 84, -1, 80, 118, 82, -1, 119,
  118, 80, -1, 78, 119, 80, -1, 76,
  119, 78, -1, 74, 119, 76, -1, 72,
  119, 74, -1, 120, 119, 72, -1, 70,
  120, 72, -1, 125, 120, 70, -1, 121,
  120, 125, -1, 124, 121, 125, -1, 122,
  121, 124, -1, 123, 122, 124, -1, 128,
  120, 121, 105, 127, 137, -1, 117, 118,
  130, 131, -1, 118, 119, 129, 130, -1,
  116, 117, 131, 133, -1, 132, 104, 115,
  116, 133, 134, -1, 138, 140, 174, 143,
  -1, 71, 73, 75, 77, 79, 81, 83,
  85, 87, 97, 141, 140, 138, 139, 96,
  -1, 98, 135, 141, 97, -1, 174, 140,
  141, 135, 132, 134, 142, 176, -1, 175,
  137, 127, 136, 139, 138, 143, 144, -1,
  147, 146, 177, 142, 134, 133, 131, 130,
  129, 128, 137, 175, 145, -1, 160, 161,
  177, 146, -1, 148, 162, 163, 149, -1,
  149, 163, 164, 150, -1, 150, 164, 165,
  151, -1, 151, 165, 166, 152, -1, 152,
  166, 167, 153, -1, 153, 167, 168, 154,
  -1, 154, 168, 169, 155, -1, 155, 169,
  170, 156, -1, 156, 170, 171, 157, -1,
  157, 171, 172, 158, -1, 92, 65, 67,
  69, 99, 136, 127, 105, 106, 107, 108,
  109, 110, 100, 101, 102, 103, 104, 132,
  135, 98, 89, 91, 95, -1, 173, 172,
  171, 170, 169, 168, 167, 166, 165, 164,
  163, 162, 161, 160, 159, -1, 174, 176,
  148, 149, 150, 151, 152, 153, 154, 155,
  156, 157, 158, 144, 143, -1, 161, 162,
  148, 176, 142, 177, -1, 144, 158, 172,
  173, 145, 175, -1, 159, 160, 146, 147,
  -1, 145, 173, 159, 147, -1, 96, 139,
  136, 99, -1 ]
colorPerVertex	FALSE
ccw	FALSE
convex	FALSE
solid	TRUE
creaseAngle	0.559
normalIndex	[  ]
texCoordIndex	[  ]
}

}
Shape {
appearance	Appearance {
material	Material {
ambientIntensity	0.12
diffuseColor	0.824 0.824 0.824
specularColor	0.89 0.89 0.89
emissiveColor	0 0 0
shininess	0.4
transparency	0
}

}

geometry	DEF _15 IndexedFaceSet {
coord	Coordinate {
point	[ 1 0 -1,
  0.924 0.383 -1,
  0.707 0.707 -1,
  0.383 0.924 -1,
  -1.03e-013 1 -1,
  -0.383 0.924 -1,
  -0.707 0.707 -1,
  -0.924 0.383 -1,
  -1 -2.07e-013 -1,
  -0.924 -0.383 -1,
  -0.707 -0.707 -1,
  -0.383 -0.924 -1,
  3.11e-013 -1 -1,
  0.383 -0.924 -1,
  0.707 -0.707 -1,
  0.924 -0.383 -1,
  1 0 1,
  0.924 0.383 1,
  0.707 0.707 1,
  0.383 0.924 1,
  -1.03e-013 1 1,
  -0.383 0.924 1,
  -0.707 0.707 1,
  -0.924 0.383 1,
  -1 -2.07e-013 1,
  -0.924 -0.383 1,
  -0.707 -0.707 1,
  -0.383 -0.924 1,
  3.11e-013 -1 1,
  0.383 -0.924 1,
  0.707 -0.707 1,
  0.924 -0.383 1,
  0.421 -0.232 -1,
  0.312 -0.394 -1,
  0.15 -0.502 -1,
  -0.0411 -0.54 -1,
  -0.232 -0.502 -1,
  -0.395 -0.394 -1,
  -0.503 -0.232 -1,
  -0.503 0.151 -1,
  -0.395 0.313 -1,
  -0.0411 0.46 -1,
  0.15 0.422 -1,
  0.459 -0.0403 -19.5,
  0.421 0.151 -19.5,
  0.312 0.313 -19.5,
  0.15 0.422 -19.5,
  -0.0411 0.46 -19.5,
  -0.232 0.422 -19.5,
  -0.395 0.313 -19.5,
  -0.503 0.151 -19.5,
  -0.541 -0.0403 -19.5,
  -0.503 -0.232 -19.5,
  -0.395 -0.394 -19.5,
  -0.232 -0.502 -19.5,
  -0.0411 -0.54 -19.5,
  0.15 -0.502 -19.5,
  0.312 -0.394 -19.5,
  0.421 -0.232 -19.5,
  -0.541 -0.0403 -1,
  -0.232 0.422 -1,
  0.312 0.313 -1,
  0.459 -0.0403 -1,
  0.421 0.151 -1,
  0.421 -0.232 -15.3,
  0.421 -0.232 -19.3,
  0.312 -0.394 -15.3,
  0.312 -0.394 -19.3,
  0.15 -0.502 -15.3,
  0.15 -0.502 -19.3,
  -0.0411 -0.54 -15.3,
  -0.0411 -0.54 -19.4,
  -0.232 -0.502 -15.3,
  -0.232 -0.502 -19.4,
  -0.395 -0.394 -15.3,
  -0.395 -0.394 -19.4,
  -0.503 -0.232 -15.3,
  -0.503 -0.232 -19.4,
  -0.541 -0.0403 -15.3,
  -0.541 -0.0403 -19.4,
  -0.503 0.151 -15.3,
  -0.503 0.151 -19.4,
  -0.395 0.313 -15.3,
  -0.395 0.313 -19.4,
  -0.232 0.422 -15.3,
  -0.232 0.422 -19.4,
  -0.0411 0.46 -15.3,
  -0.0411 0.46 -19.4,
  0.15 0.422 -15.3,
  0.15 0.422 -19.3,
  0.312 0.313 -15.3,
  0.312 0.313 -19.3,
  0.459 -0.0403 -19.3,
  0.459 -0.0403 -15.3,
  0.421 0.151 -15.3,
  0.421 0.151 -19.3,
  0.075 -0.517 -19.4,
  0.0733 0.437 -19.4,
  0.0733 0.437 -19.3,
  0.0749 -0.517 -19.3,
  1.43 -0.00981 -19.3,
  1.32 0.501 -19.3,
  1.03 0.932 -19.3,
  0.601 1.22 -19.3,
  0.0904 1.32 -19.3,
  -0.848 -0.956 -19.3,
  -0.416 -1.25 -19.3,
  0.095 -1.35 -19.3,
  0.606 -1.24 -19.3,
  1.04 -0.953 -19.3,
  1.33 -0.521 -19.3,
  1.42 -0.00728 -15.3,
  1.32 0.503 -15.3,
  1.03 0.935 -15.3,
  0.597 1.22 -15.3,
  0.0866 1.32 -15.3,
  -0.424 1.22 -15.3,
  -0.855 0.931 -15.3,
  -1.14 0.499 -15.3,
  -1.24 -0.0119 -15.3,
  -1.14 -0.522 -15.3,
  -0.852 -0.954 -15.3,
  -0.42 -1.24 -15.3,
  0.0912 -1.34 -15.3,
  0.602 -1.24 -15.3,
  1.03 -0.951 -15.3,
  1.32 -0.518 -15.3,
  -1.02 -0.702 -19.3,
  -1.14 -0.522 -15.4,
  -1.24 -0.012 -15.4,
  -1.14 0.499 -15.4,
  -0.855 0.931 -15.4,
  -0.0157 1.3 -19.3,
  -0.424 1.22 -15.4,
  -0.0195 1.3 -15.4,
  0.0718 1.3 -19.3,
  0.0752 -0.7 -19.3,
  -1.02 -0.7 -15.4,
  -16.6 -0.729 -19.5,
  0.0753 -0.7 -19.4,
  -16.6 1.27 -19.5,
  0.0718 1.3 -19.4,
  -16.4 1.27 -15.5,
  -16.6 -0.729 -19.4,
  -15.4 -0.727 -19.4,
  -15.2 -0.547 -15.5,
  -15.6 0.906 -15.5,
  -15.2 0.474 -15.5,
  -16.6 1.29 -19.4,
  -17 1.19 -19.4,
  -17.5 0.9 -19.4,
  -17.8 0.467 -19.4,
  -17.9 -0.0435 -19.4,
  -17.8 -0.554 -19.4,
  -17.5 -0.985 -19.4,
  -17 -1.27 -19.4,
  -16.6 -1.37 -19.4,
  -16 -1.27 -19.4,
  -15.6 -0.982 -19.4,
  -15.2 0.474 -15.4,
  -15.6 0.906 -15.4,
  -16 1.19 -15.4,
  -16.6 1.29 -15.4,
  -17 1.19 -15.4,
  -17.5 0.902 -15.4,
  -17.8 0.47 -15.4,
  -17.9 -0.041 -15.4,
  -17.8 -0.551 -15.4,
  -17.5 -0.983 -15.4,
  -17 -1.27 -15.4,
  -16.6 -1.37 -15.4,
  -16 -1.27 -15.4,
  -15.6 -0.98 -15.4,
  -15.2 -0.547 -15.4,
  -16.6 1.27 -19.4,
  -15.4 -0.725 -15.5,
  -16.4 1.27 -19.4,
  -16 1.19 -15.5,
  0.421 -0.232 -15.3,
  0.421 -0.232 -19.3,
  0.312 -0.394 -15.3,
  0.312 -0.394 -19.3,
  0.15 -0.502 -15.3,
  0.15 -0.502 -19.3,
  -0.0411 -0.54 -15.3,
  -0.0411 -0.54 -19.4,
  -0.232 -0.502 -15.3,
  -0.232 -0.502 -19.4,
  -0.395 -0.394 -15.3,
  -0.395 -0.394 -19.4,
  -0.503 -0.232 -15.3,
  -0.503 -0.232 -19.4,
  -0.541 -0.0403 -15.3,
  -0.541 -0.0403 -19.4,
  -0.503 0.151 -15.3,
  -0.503 0.151 -19.4,
  -0.395 0.313 -15.3,
  -0.395 0.313 -19.4,
  -0.232 0.422 -15.3,
  -0.232 0.422 -19.4,
  -0.0411 0.46 -15.3,
  -0.0411 0.46 -19.4,
  0.15 0.422 -15.3,
  0.15 0.422 -19.3,
  0.312 0.313 -15.3,
  0.312 0.313 -19.3,
  0.459 -0.0403 -19.3,
  0.459 -0.0403 -15.3,
  0.421 0.151 -15.3,
  0.421 0.151 -19.3,
  0.075 -0.517 -19.4,
  0.0733 0.437 -19.4,
  0.0733 0.437 -19.3,
  0.0749 -0.517 -19.3 ]
}

coordIndex	[ 0, 16, 17, 1, -1, 1, 17, 18,
  2, -1, 2, 18, 19, 3, -1, 3,
  19, 20, 4, -1, 4, 20, 21, 5,
  -1, 5, 21, 22, 6, -1, 6, 22,
  23, 7, -1, 7, 23, 24, 8, -1,
  8, 24, 25, 9, -1, 9, 25, 26,
  10, -1, 10, 26, 27, 11, -1, 11,
  27, 28, 12, -1, 12, 28, 29, 13,
  -1, 13, 29, 30, 14, -1, 14, 30,
  31, 15, -1, 15, 31, 16, 0, -1,
  29, 28, 27, 26, 25, 24, 23, 22,
  21, 20, 19, 18, 17, 16, 31, 30,
  -1, 94, 63, 61, 90, -1, 92, 43,
  58, 65, -1, 90, 61, 42, 88, -1,
  67, 57, 56, 69, -1, 86, 41, 60,
  84, -1, 65, 58, 57, 67, -1, 84,
  60, 40, 82, -1, 82, 40, 39, 80,
  -1, 80, 39, 59, 78, -1, 73, 54,
  53, 75, -1, 75, 53, 52, 77, -1,
  77, 52, 51, 79, -1, 98, 97, 87,
  47, 46, 89, -1, 70, 35, 34, 68,
  -1, 5, 3, 4, -1, 2, 3, 5,
  -1, 6, 2, 5, -1, 41, 2, 6,
  -1, 60, 41, 6, -1, 7, 60, 6,
  -1, 40, 60, 7, -1, 39, 40, 7,
  -1, 8, 39, 7, -1, 59, 39, 8,
  -1, 38, 59, 8, -1, 9, 38, 8,
  -1, 37, 38, 9, -1, 36, 37, 9,
  -1, 35, 36, 9, -1, 10, 35, 9,
  -1, 42, 2, 41, -1, 1, 2, 42,
  -1, 61, 1, 42, -1, 63, 1, 61,
  -1, 0, 1, 63, -1, 62, 0, 63,
  -1, 32, 0, 62, -1, 15, 0, 32,
  -1, 33, 15, 32, -1, 34, 15, 33,
  -1, 35, 15, 34, -1, 14, 15, 35,
  -1, 10, 14, 35, -1, 13, 14, 10,
  -1, 11, 13, 10, -1, 12, 13, 11,
  -1, 71, 55, 54, 73, -1, 95, 44,
  43, 92, -1, 91, 45, 44, 95, -1,
  89, 46, 45, 91, -1, 88, 42, 41,
  86, -1, 85, 48, 47, 87, -1, 83,
  49, 48, 85, -1, 81, 50, 49, 83,
  -1, 79, 51, 50, 81, -1, 45, 46,
  47, 48, 49, 50, 51, 52, 53, 54,
  55, 56, 57, 58, 43, 44, -1, 78,
  59, 38, 76, -1, 76, 38, 37, 74,
  -1, 74, 37, 36, 72, -1, 72, 36,
  35, 70, -1, 96, 99, 69, 56, 55,
  71, -1, 68, 34, 33, 66, -1, 66,
  33, 32, 64, -1, 64, 32, 62, 93,
  -1, 93, 62, 63, 94, -1 ]
colorPerVertex	FALSE
ccw	FALSE
convex	FALSE
solid	TRUE
creaseAngle	0.559
normalIndex	[  ]
texCoordIndex	[  ]
}

}
]
translation	-0.9 1.62 7.06
rotation	0.0025354 -0.999997 -1.99716e-008  1.57
scale	0.3 0.3 0.075
scaleOrientation	0.00034603 -0.00272221 -0.999996  0.253
}
]
translation	0 1.07474e-011 6.24611e-013
rotation	0 0 1  0
center	0 -0.0581275 1.00005
}
DEF Parent34 Transform {
children	[
DEF Axis3 Transform {
children	[
DEF Shape Transform {
children	Shape {
appearance	Appearance {
material	Material {
ambientIntensity	0.06
diffuseColor	0.925 0.835 0.29
specularColor	0.1 0.1 0.1
emissiveColor	0 0 0
shininess	0
transparency	0
}

}

geometry	DEF _16 IndexedFaceSet {
coord	Coordinate {
point	[ -1 -1 1,
  1 -0.792 -1.02,
  1 -1 1,
  1 0.494 -1.23,
  1 1 1,
  -1 1 1,
  -1 0.506 -1.18,
  0.999 0.494 -1.23,
  -1 -0.798 -0.962,
  0.999 -0.792 -1.02,
  -1 -0.39 -0.0601,
  -1 -0.606 -0.277,
  0.999 -0.798 -0.962,
  -1 -0.75 -0.601,
  0.999 0.506 -1.18,
  -1 0.532 -0.984,
  -1 0.481 -0.601,
  -1 0.337 -0.277,
  -1 -0.135 0.0161,
  -1 0.121 -0.0601,
  0.999 0.481 -1.37,
  0.999 0.337 -1.69,
  0.999 0.121 -1.91,
  0.999 -0.135 -1.98,
  0.999 -0.39 -1.91,
  0.999 -0.606 -1.69,
  0.999 -0.75 -1.37,
  0.999 -0.801 -0.984,
  -1 -0.135 0.0161,
  -1 0.121 -0.0601,
  -1 0.337 -0.277,
  -1 0.481 -0.601,
  -1 0.532 -0.984,
  -1 0.481 -1.37,
  -1 0.337 -1.69,
  -1 0.121 -1.91,
  -1 -0.135 -1.98,
  -1 -0.39 -1.91,
  -1 -0.606 -1.69,
  -1 -0.75 -1.37,
  -1 -0.801 -0.984,
  -1 -0.75 -0.601,
  -1 -0.606 -0.277,
  -1 -0.39 -0.0601,
  -1 0.506 -1.18,
  0.999 0.494 -1.23,
  -1 -0.798 -0.962,
  0.999 -0.792 -1.02,
  -1 -0.39 -0.0601,
  -1 -0.606 -0.277,
  0.999 -0.798 -0.962,
  -1 -0.75 -0.601,
  0.999 0.506 -1.18,
  -1 0.532 -0.984,
  -1 0.481 -0.601,
  -1 0.337 -0.277,
  -1 -0.135 0.0161,
  -1 0.121 -0.0601 ]
}

coordIndex	[ 47, 1, 3, 7, -1, 1, 2, 4,
  3, -1, 2, 0, 5, 4, -1, 12,
  8, 0, 2, 1, 47, -1, 7, 3,
  4, 5, 44, 14, -1, 51, 42, 10,
  28, 29, 30, 54, 32, 44, 5, 0,
  8, -1, 28, 28, 29, 29, -1, 29,
  29, 30, 30, -1, 30, 30, 54, 54,
  -1, 54, 54, 32, 32, -1, 44, 32,
  32, 33, 20, 14, -1, 21, 20, 33,
  34, -1, 22, 21, 34, 35, -1, 23,
  22, 35, 36, -1, 24, 23, 36, 37,
  -1, 25, 24, 37, 38, -1, 26, 25,
  38, 39, -1, 27, 26, 39, 40, -1,
  51, 51, 42, 42, -1, 42, 42, 10,
  10, -1, 10, 10, 28, 28, -1, 42,
  51, 40, 39, 38, 37, 36, 35, 34,
  33, 32, 54, 30, 29, 28, 10, -1,
  12, 27, 40, 51, 51, 8, -1, 14,
  20, 21, 22, 23, 24, 25, 26, 27,
  12, 47, 7, -1 ]
colorPerVertex	FALSE
ccw	FALSE
convex	FALSE
creaseAngle	0.559
normalIndex	[  ]
texCoordIndex	[  ]
}

}

translation	-0.2 1.72 7.48
rotation	1 0 0  0.000690534
scale	0.5 0.6 0.4
}
DEF NoName Transform {
children	[
DEF Shape Transform {
children	Shape {
appearance	Appearance {
material	Material {
ambientIntensity	0.12
diffuseColor	0.824 0.824 0.824
specularColor	0.89 0.89 0.89
emissiveColor	0 0 0
shininess	0.4
transparency	0
}

}

geometry	DEF _17 IndexedFaceSet {
coord	Coordinate {
point	[ 1 0 1,
  0.924 0.383 1,
  0.707 0.707 1,
  0.383 0.924 1,
  -1.03e-013 1 1,
  -0.383 0.924 1,
  -0.707 0.707 1,
  -0.924 0.383 1,
  -1 -2.07e-013 1,
  -0.924 -0.383 1,
  -0.707 -0.707 1,
  -0.383 -0.924 1,
  3.11e-013 -1 1,
  0.383 -0.924 1,
  0.707 -0.707 1,
  0.924 -0.383 1,
  0.924 -0.383 -0.875,
  0.707 -0.707 -0.875,
  0.383 -0.924 -0.875,
  3.11e-013 -1 -0.875,
  -0.383 -0.924 -0.875,
  -0.707 -0.707 -0.875,
  -0.924 -0.383 -0.875,
  -1 -2.07e-013 -0.875,
  -0.924 0.383 -0.875,
  -0.707 0.707 -0.875,
  -0.383 0.924 -0.875,
  -1.03e-013 1 -0.875,
  0.383 0.924 -0.875,
  0.707 0.707 -0.875,
  1 0 -0.875,
  0.924 0.383 -0.875,
  1.98 -7.63e-006 -1.68,
  1.82 0.765 -1.68,
  1.39 1.41 -1.68,
  0.741 1.85 -1.68,
  -0.0242 2 -1.68,
  -0.79 1.85 -1.68,
  -1.44 1.41 -1.68,
  -1.87 0.765 -1.68,
  -2.02 -7.63e-006 -1.68,
  -1.87 -0.765 -1.68,
  -1.44 -1.41 -1.68,
  -0.79 -1.85 -1.68,
  -0.0242 -2 -1.68,
  0.741 -1.85 -1.68,
  1.39 -1.41 -1.68,
  1.82 -0.765 -1.68,
  1.98 -7.63e-006 -0.875,
  1.82 0.765 -0.875,
  1.39 1.41 -0.875,
  0.741 1.85 -0.875,
  -0.0242 2 -0.875,
  -0.79 1.85 -0.875,
  -1.44 1.41 -0.875,
  -1.87 0.765 -0.875,
  -2.02 -7.63e-006 -0.875,
  -1.87 -0.765 -0.875,
  -1.44 -1.41 -0.875,
  -0.79 -1.85 -0.875,
  -0.0242 -2 -0.875,
  0.741 -1.85 -0.875,
  1.39 -1.41 -0.875,
  1.82 -0.765 -0.875,
  0.924 -0.383 -0.875,
  0.707 -0.707 -0.875,
  0.383 -0.924 -0.875,
  3.11e-013 -1 -0.875,
  -0.383 -0.924 -0.875,
  -0.707 -0.707 -0.875,
  -0.924 -0.383 -0.875,
  -1 -2.07e-013 -0.875,
  -0.924 0.383 -0.875,
  -0.707 0.707 -0.875,
  -0.383 0.924 -0.875,
  -1.03e-013 1 -0.875,
  0.383 0.924 -0.875,
  0.707 0.707 -0.875,
  1 0 -0.875,
  0.924 0.383 -0.875 ]
}

coordIndex	[ 8, 9, 70, 23, -1, 9, 10, 69,
  70, -1, 10, 11, 68, 69, -1, 11,
  12, 67, 68, -1, 12, 13, 18, 67,
  -1, 13, 14, 17, 18, -1, 14, 15,
  16, 17, -1, 15, 0, 30, 16, -1,
  13, 12, 11, 10, 9, 8, 7, 6,
  5, 4, 3, 2, 1, 0, 15, 14,
  -1, 7, 8, 23, 24, -1, 6, 7,
  24, 73, -1, 4, 5, 26, 75, -1,
  5, 6, 73, 26, -1, 3, 4, 75,
  76, -1, 2, 3, 76, 77, -1, 0,
  1, 31, 30, -1, 1, 2, 77, 31,
  -1, 32, 48, 49, 33, -1, 33, 49,
  50, 34, -1, 34, 50, 51, 35, -1,
  35, 51, 52, 36, -1, 36, 52, 53,
  37, -1, 37, 53, 54, 38, -1, 38,
  54, 55, 39, -1, 39, 55, 56, 40,
  -1, 40, 56, 57, 41, -1, 41, 57,
  58, 42, -1, 42, 58, 59, 43, -1,
  43, 59, 60, 44, -1, 44, 60, 61,
  45, -1, 45, 61, 62, 46, -1, 46,
  62, 63, 47, -1, 47, 63, 48, 32,
  -1, 76, 75, 50, -1, 49, 76, 50,
  -1, 77, 76, 49, -1, 31, 77, 49,
  -1, 30, 31, 49, -1, 48, 30, 49,
  -1, 16, 30, 48, -1, 17, 16, 48,
  -1, 63, 17, 48, -1, 18, 17, 63,
  -1, 67, 18, 63, -1, 58, 67, 63,
  -1, 62, 58, 63, -1, 59, 58, 62,
  -1, 61, 59, 62, -1, 60, 59, 61,
  -1, 51, 53, 52, -1, 54, 53, 51,
  -1, 50, 54, 51, -1, 75, 54, 50,
  -1, 26, 54, 75, -1, 55, 54, 26,
  -1, 73, 55, 26, -1, 24, 55, 73,
  -1, 23, 55, 24, -1, 56, 55, 23,
  -1, 70, 56, 23, -1, 69, 56, 70,
  -1, 57, 56, 69, -1, 68, 57, 69,
  -1, 67, 57, 68, -1, 58, 57, 67,
  -1, 34, 35, 36, 37, 38, 39, 40,
  41, 42, 43, 44, 45, 46, 47, 32,
  33, -1 ]
colorPerVertex	FALSE
ccw	FALSE
convex	FALSE
solid	TRUE
creaseAngle	0.559
normalIndex	[  ]
texCoordIndex	[  ]
}

}

translation	0.9 -1.28 7.13
rotation	0.0025354 -0.999997 -2.1388e-008  1.57
scale	0.25 0.25 0.25
}
DEF _3rdAxis Transform {
children	Shape {
appearance	Appearance {
material	Material {
ambientIntensity	0.06
diffuseColor	0.925 0.835 0.29
specularColor	0.1 0.1 0.1
emissiveColor	0 0 0
shininess	0
transparency	0
}

}

geometry	DEF _18 IndexedFaceSet {
coord	Coordinate {
point	[ 1 0 -1,
  0.924 0.383 -1,
  0.707 0.707 -1,
  0.383 0.924 -1,
  -1.03e-013 1 -1,
  1.36 4.83 -1,
  -0.707 0.707 -1,
  -0.924 0.383 -1,
  -1 -2.07e-013 -1,
  -0.924 -0.383 -1,
  -0.707 -0.707 -1,
  -0.383 -0.924 -1,
  3.11e-013 -1 -1,
  0.383 -0.924 -1,
  0.707 -0.707 -1,
  0.924 -0.383 -1,
  1.36 4.83 1,
  -0.707 0.707 1,
  -0.924 0.383 1,
  -1 -2.07e-013 1,
  -0.924 -0.383 1,
  -0.707 -0.707 1,
  -0.383 -0.924 1,
  0.924 -0.383 -0.997,
  0.707 -0.707 -0.997,
  0.383 -0.924 -0.997,
  -0.251 -0.95 1,
  3.11e-013 -1 -0.997,
  -0.292 0.942 1,
  -1.03e-013 1 -0.997,
  0.383 0.924 -0.997,
  0.707 0.707 -0.997,
  1 0 -0.997,
  0.924 0.383 -0.997,
  -0.292 0.942 -0.997,
  -0.251 -0.95 -0.997,
  -0.37 -0.883 1,
  -0.37 -0.883 1,
  2.02 -2.23 1,
  2.02 -2.23 -0.997,
  1.39 4.87 1,
  1.39 4.87 -0.997,
  1.37 4.87 1,
  1.37 4.87 -0.997,
  -0.265 1.59 -0.997,
  -0.265 1.59 1,
  2.02 -1.5 1,
  2.02 -2.23 -0.791,
  2.02 -2.23 0.824,
  2 -1.42 1,
  1.69 -2.04 0.342,
  1.79 -2.1 0.641,
  1.69 -2.04 -0.308,
  2.02 -1.42 -0.99,
  1.79 -2.1 -0.607,
  4.2 -3.33 -1.44,
  3.31 -3.33 -1.33,
  2.55 -3.33 -1.01,
  2.05 -3.33 -0.541,
  1.87 -3.33 0.0169,
  2.05 -3.33 0.575,
  2.55 -3.33 1.05,
  3.31 -3.33 1.36,
  4.2 -3.33 1.47,
  5.09 -3.33 1.36,
  5.85 -3.33 1.05,
  6.35 -3.33 0.575,
  6.53 -3.33 0.0169,
  6.35 -3.33 -0.541,
  5.85 -3.33 -1.01,
  5.09 -3.33 -1.33,
  6.15 -1.42 -1.2,
  6.15 -1.42 1.24,
  5.25 -1.42 1.61,
  3.15 -1.42 1.61,
  2.25 -1.42 1.24,
  2.25 -1.42 -1.2,
  1.69 -2.5 0.0169,
  6.74 -1.42 -0.649,
  6.74 -1.45 -0.641,
  6.74 -2.38 0.0169,
  6.74 -1.42 0.683,
  6.74 -1.45 0.675,
  5.23 -1.42 1.61,
  3.17 -1.42 1.61,
  4.2 -2.33 1.61,
  5.35 -1.42 -1.54,
  5.23 -1.74 -1.54,
  3.05 -1.42 -1.54,
  4.2 -2.65 -1.54,
  3.17 -1.74 -1.54,
  5.35 7.02 -1.54,
  5.23 7.14 1.61,
  6.74 5.63 -0.649,
  6.74 5.63 0.683,
  5.25 7.12 1.61,
  6.15 6.22 1.24,
  6.15 6.22 -1.2,
  2.02 7.56 -0.99,
  2 7.56 1,
  4.81 7.56 -1.54,
  3.05 7.56 -1.54,
  4.81 7.56 1.61,
  2.25 7.56 -1.2,
  2.25 7.56 1.24,
  3.17 7.56 1.61,
  3.15 7.56 1.61,
  1.39 7.56 1,
  1.39 7.56 -0.997,
  2.02 7.56 -0.997,
  1.39 7.56 -0.81,
  1.39 7.56 0.817,
  -0.265 1.59 -0.81,
  -0.265 1.59 0.817,
  1.37 4.87 0.817,
  1.37 4.87 -0.81,
  1.39 4.87 -0.81,
  1.39 4.87 0.817,
  -0.251 -0.95 0.817,
  -0.251 -0.95 -0.81,
  -0.292 0.942 -0.81,
  -0.292 0.942 0.817,
  -0.383 -0.924 0.817,
  -0.383 -0.924 -0.81,
  -0.707 -0.707 0.817,
  -0.707 -0.707 -0.81,
  -0.924 -0.383 0.817,
  -0.924 -0.383 -0.81,
  -1 -2.07e-013 0.817,
  -1 -2.07e-013 -0.81,
  -0.924 0.383 0.817,
  -0.924 0.383 -0.81,
  -0.707 0.707 0.817,
  -0.707 0.707 -0.81,
  1.36 4.83 -0.81,
  1.36 4.83 0.817,
  1.4 -1.88 0.817,
  1.4 7.56 0.817,
  1.4 -1.88 -0.81,
  1.4 7.56 -0.81,
  1.4 7.56 -0.81,
  1.4 -1.88 -0.81,
  1.4 7.56 0.817,
  1.4 -1.88 0.817,
  1.39 7.56 -0.81,
  1.39 7.56 0.817,
  -0.265 1.59 -0.81,
  -0.265 1.59 0.817,
  1.37 4.87 0.817,
  1.37 4.87 -0.81,
  1.39 4.87 -0.81,
  1.39 4.87 0.817,
  -0.251 -0.95 0.817,
  -0.251 -0.95 -0.81,
  -0.292 0.942 -0.81,
  -0.292 0.942 0.817,
  -0.383 -0.924 0.817,
  -0.383 -0.924 -0.81,
  -0.707 -0.707 0.817,
  -0.707 -0.707 -0.81,
  -0.924 -0.383 0.817,
  -0.924 -0.383 -0.81,
  -1 -2.07e-013 0.817,
  -1 -2.07e-013 -0.81,
  -0.924 0.383 0.817,
  -0.924 0.383 -0.81,
  -0.707 0.707 0.817,
  -0.707 0.707 -0.81,
  1.36 4.83 -0.81,
  1.36 4.83 0.817 ]
}

coordIndex	[ 33, 1, 0, 32, -1, 31, 2, 1,
  33, -1, 30, 3, 2, 31, -1, 29,
  4, 3, 30, -1, 36, 26, 22, 21,
  20, 19, 18, 17, 16, 28, -1, 167,
  6, 5, 134, -1, 165, 7, 6, 167,
  -1, 163, 8, 7, 165, -1, 162, 19,
  20, 160, -1, 160, 20, 21, 158, -1,
  158, 21, 22, 122, -1, 25, 13, 12,
  27, -1, 8, 9, 10, 11, 12, 13,
  14, 15, 0, 1, 2, 3, 4, 5,
  6, 7, -1, 155, 28, 16, 169, -1,
  122, 22, 26, 152, -1, 24, 14, 13,
  25, -1, 23, 15, 14, 24, -1, 32,
  0, 15, 23, -1, 38, 46, 48, -1,
  41, 43, 44, 34, 29, 30, 31, 33,
  32, 23, 24, 25, 27, 35, 39, 109,
  108, -1, 149, 43, 41, 150, -1, 154,
  34, 44, 112, -1, 112, 44, 43, 149,
  -1, 39, 47, 53, 98, 109, -1, 150,
  41, 108, 144, -1, 77, 59, 58, 54,
  52, -1, 75, 74, 62, 61, -1, 62,
  74, 84, 85, 63, -1, 64, 63, 85,
  83, 73, -1, 73, 72, 65, 64, -1,
  59, 60, 61, 62, 63, 64, 65, 66,
  67, 68, 69, 70, 55, 56, 57, 58,
  -1, 53, 76, 103, 98, -1, 66, 82,
  80, 67, -1, 65, 72, 81, 82, 66,
  -1, 67, 80, 79, 68, -1, 69, 68,
  79, 78, 71, -1, 70, 87, 89, 55,
  -1, 69, 71, 86, 87, 70, -1, 55,
  89, 90, 56, -1, 57, 56, 90, 88,
  76, -1, 76, 88, 101, 103, -1, 73,
  95, 96, 72, -1, 83, 92, 95, 73,
  -1, 72, 96, 94, 81, -1, 79, 80,
  82, 81, 94, 93, 78, -1, 78, 93,
  97, 71, -1, 71, 97, 91, 86, -1,
  88, 90, 89, 87, 86, 91, 100, 101,
  -1, 91, 97, 93, 94, 96, 95, 92,
  102, 100, -1, 54, 58, 57, 76, 53,
  47, -1, 49, 75, 61, 60, 51, 48,
  46, -1, 77, 52, 50, -1, 60, 59,
  77, 50, 51, -1, 49, 46, 38, 36,
  45, 42, 40, 107, 99, -1, 75, 49,
  99, 104, -1, 84, 74, 106, 105, -1,
  74, 75, 104, 106, -1, 92, 83, 85,
  84, 105, 102, -1, 140, 144, 108, 109,
  98, 103, 101, 100, 102, 105, 106, 104,
  99, 107, 145, 142, -1, 138, 136, 152,
  26, 36, 36, 38, 48, 51, 50, 52,
  54, 47, 39, 35, 153, -1, 127, 9,
  8, 163, -1, 159, 10, 9, 127, -1,
  164, 18, 19, 162, -1, 123, 11, 10,
  159, -1, 166, 17, 18, 164, -1, 169,
  16, 17, 166, -1, 147, 45, 36, 36,
  28, 155, -1, 153, 35, 27, 12, 11,
  123, -1, 134, 5, 4, 29, 34, 154,
  -1, 114, 42, 45, 147, -1, 151, 40,
  42, 114, -1, 145, 107, 40, 151, -1,
  138, 153, 123, 159, 127, 163, 165, 167,
  134, 154, 112, 149, 150, 144, 140, -1,
  136, 138, 140, 142, -1, 151, 114, 147,
  155, 169, 166, 164, 162, 160, 158, 122,
  152, 136, 142, 145, -1 ]
colorPerVertex	FALSE
ccw	FALSE
convex	FALSE
creaseAngle	0.559
normalIndex	[  ]
texCoordIndex	[  ]
}

}

translation	0.1 -1.28 7.13
rotation	0.000398868 -1 -0.000397454  1.57
scale	0.5 0.5 0.799
scaleOrientation	-9.1342e-005 1 0  0.000690534
}
DEF Shape Transform {
children	Shape {
appearance	Appearance {
material	Material {
ambientIntensity	0.12
diffuseColor	0.824 0.824 0.824
specularColor	0.89 0.89 0.89
emissiveColor	0 0 0
shininess	0.4
transparency	0
}

}

geometry	DEF _19 IndexedFaceSet {
coord	Coordinate {
point	[ 1 0 -1,
  0.924 0.383 -1,
  0.707 0.707 -1,
  0.383 0.924 -1,
  -1.03e-013 1 -1,
  -0.383 0.924 -1,
  -0.707 0.707 -1,
  -0.924 0.383 -1,
  -1 -2.07e-013 -1,
  -0.924 -0.383 -1,
  -0.707 -0.707 -1,
  -0.383 -0.924 -1,
  3.11e-013 -1 -1,
  0.383 -0.924 -1,
  0.707 -0.707 -1,
  0.924 -0.383 -1,
  0.924 -0.383 0.852,
  0.707 -0.707 0.852,
  0.383 -0.924 0.852,
  3.11e-013 -1 0.852,
  -0.383 -0.924 0.852,
  -0.707 -0.707 0.852,
  -0.924 -0.383 0.852,
  -1 -2.07e-013 0.852,
  -0.924 0.383 0.852,
  -0.707 0.707 0.852,
  -0.383 0.924 0.852,
  -1.03e-013 1 0.852,
  0.383 0.924 0.852,
  0.707 0.707 0.852,
  1 0 0.852,
  0.924 0.383 0.852,
  1.97 -7.63e-006 0.852,
  1.82 0.765 0.852,
  1.39 1.41 0.852,
  0.737 1.85 0.852,
  -0.0281 2 0.852,
  -0.793 1.85 0.852,
  -1.44 1.41 0.852,
  -1.88 0.765 0.852,
  -2.03 -7.63e-006 0.852,
  -1.88 -0.765 0.852,
  -1.44 -1.41 0.852,
  -0.793 -1.85 0.852,
  -0.0281 -2 0.852,
  0.737 -1.85 0.852,
  1.39 -1.41 0.852,
  1.82 -0.765 0.852,
  1.97 -7.63e-006 1.65,
  1.82 0.765 1.65,
  1.39 1.41 1.65,
  0.737 1.85 1.65,
  -0.0281 2 1.65,
  -0.793 1.85 1.65,
  -1.44 1.41 1.65,
  -1.88 0.765 1.65,
  -2.03 -7.63e-006 1.65,
  -1.88 -0.765 1.65,
  -1.44 -1.41 1.65,
  -0.793 -1.85 1.65,
  -0.0281 -2 1.65,
  0.737 -1.85 1.65,
  1.39 -1.41 1.65,
  1.82 -0.765 1.65,
  0.924 -0.383 0.852,
  0.707 -0.707 0.852,
  0.383 -0.924 0.852,
  3.11e-013 -1 0.852,
  -0.383 -0.924 0.852,
  -0.707 -0.707 0.852,
  -0.924 -0.383 0.852,
  -1 -2.07e-013 0.852,
  -0.924 0.383 0.852,
  -0.707 0.707 0.852,
  -0.383 0.924 0.852,
  -1.03e-013 1 0.852,
  0.383 0.924 0.852,
  0.707 0.707 0.852,
  1 0 0.852,
  0.924 0.383 0.852 ]
}

coordIndex	[ 31, 1, 0, 78, -1, 77, 2, 1,
  31, -1, 76, 3, 2, 77, -1, 75,
  4, 3, 76, -1, 74, 5, 4, 75,
  -1, 25, 6, 5, 74, -1, 72, 7,
  6, 25, -1, 23, 8, 7, 72, -1,
  1, 2, 3, 4, 5, 6, 7, 8,
  9, 10, 11, 12, 13, 14, 15, 0,
  -1, 70, 9, 8, 23, -1, 21, 10,
  9, 70, -1, 20, 11, 10, 21, -1,
  18, 13, 12, 67, -1, 67, 12, 11,
  20, -1, 65, 14, 13, 18, -1, 64,
  15, 14, 65, -1, 78, 0, 15, 64,
  -1, 33, 32, 48, 49, -1, 34, 33,
  49, 50, -1, 35, 34, 50, 51, -1,
  36, 35, 51, 52, -1, 37, 36, 52,
  53, -1, 38, 37, 53, 54, -1, 39,
  38, 54, 55, -1, 40, 39, 55, 56,
  -1, 41, 40, 56, 57, -1, 42, 41,
  57, 58, -1, 43, 42, 58, 59, -1,
  44, 43, 59, 60, -1, 45, 44, 60,
  61, -1, 46, 45, 61, 62, -1, 47,
  46, 62, 63, -1, 32, 47, 63, 48,
  -1, 62, 61, 60, 59, 58, 57, 56,
  55, 54, 53, 52, 51, 50, 49, 48,
  63, -1, 76, 34, 75, -1, 33, 34,
  76, -1, 77, 33, 76, -1, 31, 33,
  77, -1, 78, 33, 31, -1, 32, 33,
  78, -1, 64, 32, 78, -1, 65, 32,
  64, -1, 47, 32, 65, -1, 18, 47,
  65, -1, 67, 47, 18, -1, 46, 47,
  67, -1, 42, 46, 67, -1, 45, 46,
  42, -1, 43, 45, 42, -1, 44, 45,
  43, -1, 37, 35, 36, -1, 34, 35,
  37, -1, 38, 34, 37, -1, 75, 34,
  38, -1, 74, 75, 38, -1, 39, 74,
  38, -1, 25, 74, 39, -1, 72, 25,
  39, -1, 23, 72, 39, -1, 40, 23,
  39, -1, 70, 23, 40, -1, 21, 70,
  40, -1, 41, 21, 40, -1, 20, 21,
  41, -1, 67, 20, 41, -1, 42, 67,
  41, -1 ]
colorPerVertex	FALSE
ccw	FALSE
convex	FALSE
solid	TRUE
creaseAngle	0.559
normalIndex	[  ]
texCoordIndex	[  ]
}

}

translation	-0.8 -1.28 7.12
rotation	0.0025354 -0.999997 -2.1388e-008  1.57
scale	0.25 0.25 0.25
}
]
}
]
translation	0 1.50474e-010 2.13554e-011
rotation	0 0 1  0
center	0 -0.993544 7.00079
}
DEF Parent45 Transform {
children	[
DEF Axis4 Transform {
children	Shape {
appearance	Appearance {
material	Material {
ambientIntensity	0.06
diffuseColor	0.925 0.835 0.29
specularColor	0.1 0.1 0.1
emissiveColor	0 0 0
shininess	0
transparency	0
}

}

geometry	DEF _20 IndexedFaceSet {
coord	Coordinate {
point	[ 1 0 1,
  0.924 0.383 1,
  0.707 0.707 1,
  0.383 0.924 1,
  -1.03e-013 1 1,
  -0.383 0.924 1,
  -0.707 0.707 1,
  -0.924 0.383 1,
  -1 -2.07e-013 1,
  -0.924 -0.383 1,
  -0.707 -0.707 1,
  -0.383 -0.924 1,
  3.11e-013 -1 1,
  0.383 -0.924 1,
  0.707 -0.707 1,
  0.924 -0.383 1,
  0.924 -0.383 -0.797,
  0.707 -0.707 -0.797,
  0.383 -0.924 -0.797,
  3.11e-013 -1 -0.797,
  -0.383 -0.924 -0.796,
  -0.707 -0.707 -0.796,
  -0.924 -0.383 -0.795,
  -1 -2.07e-013 -0.794,
  -0.924 0.383 -0.794,
  -0.707 0.707 -0.794,
  -0.383 0.924 -0.793,
  -1.03e-013 1 -0.794,
  0.383 0.924 -0.794,
  0.707 0.707 -0.795,
  1 0 -0.796,
  0.924 0.383 -0.795,
  1.66 0.218 -5.16,
  1.66 -0.216 -5.16,
  1.66 -0.216 -4.91,
  1.66 -0.143 -4.91,
  1.66 -0.143 -5.09,
  1.66 -0.0396 -5.09,
  1.66 -0.0398 -4.94,
  1.66 0.0334 -4.94,
  1.66 0.0337 -5.09,
  1.66 0.218 -5.09,
  1.66 0.217 -4.52,
  1.66 0.217 -4.6,
  1.66 0.119 -4.63,
  1.66 0.119 -4.78,
  1.66 0.218 -4.81,
  1.66 0.218 -4.89,
  1.66 -0.216 -4.74,
  1.66 -0.217 -4.67,
  1.66 0.0459 -4.65,
  1.66 -0.115 -4.71,
  1.66 0.0461 -4.76,
  1.66 0.217 -4.48,
  1.66 -0.217 -4.48,
  1.66 -0.217 -4.33,
  1.66 -0.214 -4.28,
  1.66 -0.206 -4.24,
  1.66 -0.189 -4.21,
  1.66 -0.164 -4.2,
  1.66 -0.132 -4.19,
  1.66 -0.0956 -4.18,
  1.66 -0.0511 -4.19,
  1.66 -0.0151 -4.21,
  1.66 0.0113 -4.23,
  1.66 0.0252 -4.28,
  1.66 0.0616 -4.24,
  1.66 0.132 -4.2,
  1.66 0.217 -4.15,
  1.66 0.217 -4.24,
  1.66 0.122 -4.29,
  1.66 0.0588 -4.33,
  1.66 0.0407 -4.36,
  1.66 0.0359 -4.39,
  1.66 0.036 -4.41,
  1.66 0.217 -4.41,
  1.66 -0.0335 -4.41,
  1.66 -0.0336 -4.35,
  1.66 -0.039 -4.29,
  1.66 -0.0462 -4.28,
  1.66 -0.0572 -4.27,
  1.66 -0.0721 -4.26,
  1.66 -0.11 -4.26,
  1.66 -0.125 -4.27,
  1.66 -0.136 -4.28,
  1.66 -0.142 -4.3,
  1.66 -0.144 -4.35,
  1.66 -0.144 -4.41,
  1.66 0.216 -3.78,
  1.66 0.216 -3.86,
  1.66 0.118 -3.9,
  1.66 0.118 -4.04,
  1.66 0.216 -4.07,
  1.66 0.217 -4.15,
  1.66 -0.218 -4.01,
  1.66 -0.218 -3.93,
  1.66 0.0448 -3.92,
  1.66 -0.117 -3.97,
  1.66 0.0449 -4.02,
  1.66 0.216 -3.75,
  1.66 -0.218 -3.75,
  1.66 -0.218 -3.63,
  1.66 0.0777 -3.57,
  1.66 -0.218 -3.5,
  1.66 -0.219 -3.39,
  1.66 0.215 -3.39,
  1.66 0.216 -3.46,
  1.66 -0.126 -3.46,
  1.66 0.216 -3.53,
  1.66 0.216 -3.6,
  1.66 -0.126 -3.68,
  1.66 0.216 -3.68,
  1.66 0.215 -2.99,
  1.66 0.215 -3.07,
  1.66 0.116 -3.1,
  1.66 0.116 -3.24,
  1.66 0.215 -3.28,
  1.66 0.215 -3.35,
  1.66 -0.219 -3.21,
  1.66 -0.219 -3.13,
  1.66 0.0435 -3.12,
  1.66 -0.118 -3.17,
  1.66 0.0437 -3.22,
  1.66 0.215 -2.95,
  1.66 -0.219 -2.95,
  1.66 -0.219 -2.87,
  1.66 0.0702 -2.72,
  1.66 -0.22 -2.72,
  1.66 -0.22 -2.66,
  1.66 0.214 -2.65,
  1.66 0.214 -2.73,
  1.66 -0.0685 -2.88,
  1.66 0.215 -2.88,
  1.65 -0.219 -2.87,
  1.65 -0.22 -2.66,
  1.65 0.214 -2.65,
  1.65 0.215 -2.88,
  1.65 0.116 -3.1,
  1.65 0.215 -3.28,
  1.65 -0.219 -3.21,
  1.65 0.0435 -3.12,
  1.65 0.215 -2.99,
  1.65 -0.218 -3.5,
  1.65 -0.219 -3.39,
  1.65 0.216 -3.6,
  1.65 -0.126 -3.68,
  1.65 0.216 -3.75,
  1.65 -0.117 -3.97,
  1.65 0.216 -3.86,
  1.65 0.217 -4.15,
  1.65 0.0449 -4.02,
  1.65 0.216 -3.78,
  1.65 -0.039 -4.29,
  1.65 -0.0462 -4.28,
  1.65 -0.0721 -4.26,
  1.65 -0.125 -4.27,
  1.65 -0.217 -4.33,
  1.65 -0.214 -4.28,
  1.65 -0.206 -4.24,
  1.65 -0.0956 -4.18,
  1.65 -0.0511 -4.19,
  1.65 -0.0151 -4.21,
  1.65 0.0252 -4.28,
  1.65 0.0616 -4.24,
  1.65 0.217 -4.24,
  1.65 0.122 -4.29,
  1.65 0.0407 -4.36,
  1.65 0.0359 -4.39,
  1.65 -0.144 -4.41,
  1.65 0.217 -4.41,
  1.65 0.217 -4.48,
  1.65 -0.216 -4.74,
  1.65 0.0459 -4.65,
  1.65 0.217 -4.52,
  1.65 -0.216 -4.91,
  1.65 -0.143 -5.09,
  1.65 0.0334 -4.94,
  1.65 0.0337 -5.09,
  1.65 0.218 -5.09,
  1.65 0.218 -5.16,
  -1.55 -0.841 -4.75,
  -1.55 -0.841 -4.73,
  -1.55 -0.889 -4.51,
  -1.55 0.845 -4.51,
  -1.55 -0.846 -1.48,
  -1.55 0.802 -1.48,
  -1.55 -0.841 -4.51,
  -1.55 0.806 -4.51,
  -1.55 -0.778 -5.04,
  -1.55 -0.601 -5.3,
  -1.55 -0.332 -5.47,
  -1.55 -0.0207 -5.53,
  -1.55 0.293 -5.47,
  -1.55 0.558 -5.3,
  -1.55 0.735 -5.04,
  1.65 -0.769 -4.75,
  1.65 -0.808 -4.51,
  1.65 -0.774 -1.49,
  1.65 -0.77 -4.51,
  1.65 -0.711 -5.04,
  1.65 -0.553 -5.3,
  1.65 -0.318 -5.47,
  1.65 -0.0375 -5.53,
  1.65 0.241 -5.47,
  1.65 0.477 -5.3,
  1.65 0.634 -5.04,
  1.65 -0.769 -4.73,
  1.65 0.73 -4.51,
  1.65 0.691 -1.49,
  1.65 0.696 -4.51,
  1.65 -0.764 -4.74,
  1.3 -1.12 -4.77,
  1.3 -1.12 -4.78,
  1.3 -1.12 -4.81,
  1.3 -1.11 -4.81,
  1.3 -1.04 -5.23,
  1.3 -0.797 -5.61,
  1.3 -0.442 -5.88,
  1.3 -0.02 -5.96,
  1.3 0.401 -5.87,
  1.3 0.755 -5.61,
  1.3 0.994 -5.22,
  1.3 1.07 -4.8,
  1.3 1.08 -4.8,
  1.3 1.07 -0.795,
  1.3 -1.13 -0.798,
  1.3 -1.12 -4.75,
  -1.21 -1.12 -4.78,
  -1.21 -1.13 -0.796,
  -1.21 1.07 -0.793,
  -1.21 1.08 -4.8,
  -1.21 1.07 -4.8,
  -1.21 0.994 -5.22,
  -1.21 0.755 -5.61,
  -1.21 0.401 -5.87,
  -1.21 -0.02 -5.96,
  -1.21 -0.442 -5.87,
  -1.21 -0.797 -5.61,
  -1.21 -1.04 -5.22,
  -1.21 -1.11 -4.81,
  -1.21 -1.12 -4.81,
  -1.01 -1.12 -4.81,
  1.07 -1.12 -4.81,
  -1.01 -1.11 -4.81,
  1.07 -1.11 -4.81,
  -1.01 -1.04 -5.22,
  1.07 -1.04 -5.22,
  -1.01 -0.797 -5.61,
  1.07 -0.797 -5.61,
  -1.01 -0.442 -5.87,
  1.07 -0.442 -5.88,
  -1.01 -0.02 -5.96,
  1.07 -0.02 -5.96,
  -1.01 0.401 -5.87,
  1.07 0.401 -5.87,
  -1.01 0.755 -5.61,
  1.07 0.755 -5.61,
  -1.01 0.994 -5.22,
  1.07 0.994 -5.22,
  -1.01 1.07 -4.8,
  1.07 1.07 -4.8,
  -1.01 1.08 -4.8,
  1.07 1.08 -4.8,
  -1.01 -1.12 -2.82,
  -1.01 1.08 -2.82,
  1.07 -1.12 -2.83,
  1.07 1.08 -2.82,
  1.65 -0.219 -2.95,
  1.65 0.0702 -2.72,
  1.65 -0.22 -2.72,
  1.65 0.214 -2.73,
  1.65 -0.0685 -2.88,
  1.65 0.215 -2.95,
  1.65 -0.118 -3.17,
  1.65 0.215 -3.07,
  1.65 0.116 -3.24,
  1.65 0.215 -3.35,
  1.65 0.0437 -3.22,
  1.65 -0.219 -3.13,
  1.65 -0.218 -3.75,
  1.65 -0.218 -3.63,
  1.65 0.0777 -3.57,
  1.65 0.215 -3.39,
  1.65 0.216 -3.46,
  1.65 -0.126 -3.46,
  1.65 0.216 -3.53,
  1.65 0.216 -3.68,
  1.65 0.118 -3.9,
  1.65 0.118 -4.04,
  1.65 0.216 -4.07,
  1.65 -0.218 -4.01,
  1.65 0.0448 -3.92,
  1.65 -0.218 -3.93,
  1.65 -0.0336 -4.35,
  1.65 -0.0572 -4.27,
  1.65 -0.11 -4.26,
  1.65 -0.136 -4.28,
  1.65 -0.142 -4.3,
  1.65 -0.144 -4.35,
  1.65 -0.217 -4.48,
  1.65 -0.189 -4.21,
  1.65 -0.164 -4.2,
  1.65 -0.132 -4.19,
  1.65 0.0113 -4.23,
  1.65 0.132 -4.2,
  1.65 0.217 -4.15,
  1.65 0.0588 -4.33,
  1.65 0.036 -4.41,
  1.65 -0.0335 -4.41,
  1.65 -0.115 -4.71,
  1.65 0.217 -4.6,
  1.65 0.119 -4.63,
  1.65 0.119 -4.78,
  1.65 0.218 -4.81,
  1.65 0.218 -4.89,
  1.65 0.0461 -4.76,
  1.65 -0.217 -4.67,
  1.65 -0.216 -5.16,
  1.65 -0.143 -4.91,
  1.65 -0.0396 -5.09,
  1.65 -0.0398 -4.94,
  0.924 -0.383 -0.797,
  0.707 -0.707 -0.797,
  0.383 -0.924 -0.797,
  3.11e-013 -1 -0.797,
  -0.383 -0.924 -0.796,
  -0.707 -0.707 -0.796,
  -0.924 -0.383 -0.795,
  -1 -2.07e-013 -0.794,
  -0.924 0.383 -0.794,
  -0.707 0.707 -0.794,
  -0.383 0.924 -0.793,
  -1.03e-013 1 -0.794,
  0.383 0.924 -0.794,
  0.707 0.707 -0.795,
  1 0 -0.796,
  0.924 0.383 -0.795 ]
}

coordIndex	[ 23, 8, 9, 22, -1, 22, 9, 10,
  21, -1, 21, 10, 11, 20, -1, 20,
  11, 12, 19, -1, 19, 12, 13, 18,
  -1, 18, 13, 14, 17, -1, 17, 14,
  15, 16, -1, 16, 15, 0, 30, -1,
  14, 13, 12, 11, 10, 9, 8, 7,
  6, 5, 4, 3, 2, 1, 0, 15,
  -1, 24, 7, 8, 23, -1, 25, 6,
  7, 24, -1, 27, 4, 5, 26, -1,
  26, 5, 6, 25, -1, 28, 3, 4,
  27, -1, 29, 2, 3, 28, -1, 30,
  0, 1, 31, -1, 31, 1, 2, 29,
  -1, 35, 36, 37, 38, 39, 40, 41,
  32, 33, 34, -1, 32, 41, 178, 179,
  -1, 41, 40, 177, 178, -1, 40, 39,
  176, 177, -1, 39, 38, 320, 176, -1,
  37, 36, 175, 319, -1, 36, 35, 318,
  175, -1, 35, 34, 174, 318, -1, 44,
  42, 43, -1, 50, 42, 44, -1, 49,
  42, 50, -1, 51, 49, 50, -1, 48,
  49, 51, -1, 52, 48, 51, -1, 45,
  48, 52, -1, 46, 48, 45, -1, 47,
  48, 46, -1, 52, 50, 44, -1, 45,
  52, 44, -1, 47, 46, 313, 314, -1,
  46, 45, 312, 313, -1, 45, 44, 311,
  312, -1, 44, 43, 310, 311, -1, 43,
  42, 173, 310, -1, 52, 51, 309, 315,
  -1, 51, 50, 172, 309, -1, 82, 57,
  81, -1, 83, 57, 82, -1, 56, 57,
  83, -1, 84, 56, 83, -1, 85, 56,
  84, -1, 55, 56, 85, -1, 86, 55,
  85, -1, 87, 55, 86, -1, 54, 55,
  87, -1, 54, 87, 53, -1, 60, 61,
  62, -1, 59, 60, 62, -1, 63, 59,
  62, -1, 58, 59, 63, -1, 64, 58,
  63, -1, 57, 58, 64, -1, 81, 57,
  64, -1, 80, 81, 64, -1, 79, 80,
  64, -1, 65, 79, 64, -1, 78, 79,
  65, -1, 53, 74, 75, -1, 53, 76,
  74, -1, 53, 87, 76, -1, 69, 67,
  68, -1, 66, 67, 69, -1, 65, 66,
  69, -1, 70, 65, 69, -1, 70, 78,
  65, -1, 71, 78, 70, -1, 77, 78,
  71, -1, 72, 77, 71, -1, 73, 77,
  72, -1, 74, 77, 73, -1, 76, 77,
  74, -1, 53, 75, 169, 170, -1, 76,
  87, 168, 308, -1, 74, 73, 167, 307,
  -1, 73, 72, 166, 167, -1, 72, 71,
  306, 166, -1, 71, 70, 165, 306, -1,
  70, 69, 164, 165, -1, 69, 68, 305,
  164, -1, 65, 64, 303, 162, -1, 64,
  63, 161, 303, -1, 63, 62, 160, 161,
  -1, 62, 61, 159, 160, -1, 87, 86,
  298, 168, -1, 86, 85, 297, 298, -1,
  85, 84, 296, 297, -1, 84, 83, 155,
  296, -1, 83, 82, 295, 155, -1, 90,
  88, 89, -1, 96, 88, 90, -1, 95,
  88, 96, -1, 97, 95, 96, -1, 94,
  95, 97, -1, 98, 94, 97, -1, 91,
  94, 98, -1, 92, 94, 91, -1, 93,
  94, 92, -1, 98, 96, 90, -1, 91,
  98, 90, -1, 93, 92, 289, 149, -1,
  92, 91, 288, 289, -1, 91, 90, 287,
  288, -1, 90, 89, 148, 287, -1, 89,
  88, 151, 148, -1, 98, 97, 147, 150,
  -1, 97, 96, 291, 147, -1, 102, 103,
  104, 105, 106, 107, 108, 109, 110, 111,
  99, 100, 101, -1, 99, 111, 286, 146,
  -1, 111, 110, 145, 286, -1, 110, 109,
  144, 145, -1, 109, 108, 285, 144, -1,
  108, 107, 284, 285, -1, 106, 105, 282,
  283, -1, 105, 104, 143, 282, -1, 114,
  112, 113, -1, 120, 112, 114, -1, 119,
  112, 120, -1, 121, 119, 120, -1, 118,
  119, 121, -1, 122, 118, 121, -1, 115,
  118, 122, -1, 116, 118, 115, -1, 117,
  118, 116, -1, 122, 120, 114, -1, 115,
  122, 114, -1, 117, 116, 138, 276, -1,
  116, 115, 275, 138, -1, 115, 114, 137,
  275, -1, 114, 113, 274, 137, -1, 113,
  112, 141, 274, -1, 122, 121, 273, 277,
  -1, 121, 120, 140, 273, -1, 126, 127,
  128, 129, 130, 131, 132, 123, 124, 125,
  -1, 123, 132, 136, 272, -1, 132, 131,
  271, 136, -1, 131, 130, 270, 271, -1,
  130, 129, 135, 270, -1, 129, 128, 134,
  135, -1, 33, 32, 179, 317, -1, 38,
  37, 319, 320, -1, 34, 33, 317, 174,
  -1, 48, 47, 314, 171, -1, 50, 52,
  315, 172, -1, 49, 48, 171, 316, -1,
  42, 49, 316, 173, -1, 54, 53, 170,
  299, -1, 75, 74, 307, 169, -1, 77,
  76, 308, 293, -1, 55, 54, 299, 156,
  -1, 79, 78, 152, 153, -1, 78, 77,
  293, 152, -1, 56, 55, 156, 157, -1,
  66, 65, 162, 163, -1, 80, 79, 153,
  294, -1, 295, 82, 81, 154, -1, 81,
  80, 294, 154, -1, 57, 56, 157, 158,
  -1, 58, 57, 158, 300, -1, 67, 66,
  163, 304, -1, 59, 58, 300, 301, -1,
  61, 60, 302, 159, -1, 60, 59, 301,
  302, -1, 68, 67, 304, 305, -1, 94,
  93, 149, 290, -1, 96, 98, 150, 291,
  -1, 95, 94, 290, 292, -1, 88, 95,
  292, 151, -1, 100, 99, 146, 279, -1,
  101, 100, 279, 280, -1, 102, 101, 280,
  281, -1, 107, 106, 283, 284, -1, 103,
  102, 281, 142, -1, 104, 103, 142, 143,
  -1, 118, 117, 276, 139, -1, 120, 122,
  277, 140, -1, 119, 118, 139, 278, -1,
  112, 119, 278, 141, -1, 124, 123, 272,
  267, -1, 125, 124, 267, 133, -1, 127,
  126, 268, 269, -1, 126, 125, 133, 268,
  -1, 128, 127, 269, 134, -1, 221, 205,
  207, 222, -1, 222, 207, 209, 223, -1,
  220, 204, 205, 221, -1, 219, 203, 204,
  220, -1, 218, 202, 203, 219, -1, 217,
  201, 202, 218, -1, 216, 200, 201, 217,
  -1, 215, 199, 200, 216, -1, 213, 198,
  196, 214, -1, 212, 206, 198, 213, -1,
  225, 197, 195, 226, -1, 214, 196, 199,
  215, -1, 223, 209, 208, 224, -1, 181,
  186, 182, 188, 189, 190, 191, 192, 193,
  194, 183, 187, 185, 184, 180, -1, 211,
  210, 206, 212, -1, 224, 208, 197, 225,
  -1, 226, 195, 210, 211, -1, 227, 240,
  186, 181, -1, 274, 141, 138, -1, 138,
  141, 272, -1, 138, 272, 276, -1, 137,
  274, 138, 275, -1, 139, 276, 282, 143,
  -1, 279, 143, 280, -1, 280, 143, 142,
  -1, 280, 142, 281, -1, 290, 143, 292,
  -1, 292, 143, 279, -1, 292, 279, 146,
  151, -1, 148, 151, 146, -1, 289, 148,
  146, -1, 289, 146, 149, -1, 287, 148,
  289, 288, -1, 196, 198, 206, -1, 196,
  206, 210, -1, 196, 210, 195, -1, 196,
  195, 199, -1, 270, 135, 136, -1, 276,
  272, 282, -1, 272, 136, 282, -1, 136,
  135, 282, -1, 283, 282, 285, -1, 286,
  144, 146, -1, 144, 285, 146, -1, 271,
  270, 136, -1, 284, 283, 285, -1, 145,
  144, 286, -1, 299, 143, 156, -1, 156,
  143, 290, -1, 164, 305, 169, -1, 304,
  163, 162, 303, 161, 160, 159, 302, 301,
  300, 158, 157, 156, 290, 149, 305, -1,
  169, 305, 149, -1, 170, 169, 149, -1,
  167, 166, 306, 165, 164, 169, 307, -1,
  316, 139, 143, -1, 316, 143, 299, -1,
  310, 173, 313, -1, 316, 299, 170, 173,
  -1, 313, 173, 170, -1, 314, 313, 170,
  -1, 311, 310, 313, 312, -1, 317, 171,
  174, -1, 320, 319, 175, 318, 174, 171,
  314, 178, 177, 176, -1, 179, 178, 314,
  -1, 179, 314, 170, -1, 209, 207, 205,
  -1, 135, 197, 208, -1, 282, 135, 208,
  -1, 285, 282, 208, -1, 146, 285, 208,
  -1, 149, 146, 208, -1, 170, 149, 208,
  -1, 209, 170, 208, -1, 205, 170, 209,
  -1, 179, 170, 205, -1, 204, 179, 205,
  -1, 204, 317, 179, -1, 134, 197, 135,
  -1, 269, 197, 134, -1, 133, 197, 269,
  -1, 267, 197, 133, -1, 278, 267, 141,
  -1, 278, 197, 267, -1, 139, 197, 278,
  -1, 316, 197, 139, -1, 171, 197, 316,
  -1, 195, 197, 171, -1, 199, 195, 171,
  -1, 317, 199, 171, -1, 200, 199, 317,
  -1, 200, 317, 204, -1, 203, 200, 204,
  -1, 201, 200, 203, -1, 202, 201, 203,
  -1, 267, 272, 141, -1, 269, 268, 133,
  -1, 240, 239, 182, 186, -1, 239, 238,
  188, 182, -1, 238, 237, 189, 188, -1,
  237, 236, 190, 189, -1, 236, 235, 191,
  190, -1, 235, 234, 192, 191, -1, 234,
  233, 193, 192, -1, 233, 232, 194, 193,
  -1, 232, 231, 183, 194, -1, 231, 230,
  187, 183, -1, 230, 229, 185, 187, -1,
  229, 228, 184, 185, -1, 227, 181, 180,
  184, 228, -1, 27, 229, 224, -1, 28,
  27, 224, -1, 29, 28, 224, -1, 31,
  29, 224, -1, 30, 31, 224, -1, 16,
  30, 224, -1, 225, 16, 224, -1, 225,
  17, 16, -1, 225, 18, 17, -1, 225,
  19, 18, -1, 26, 229, 27, -1, 25,
  229, 26, -1, 24, 229, 25, -1, 23,
  229, 24, -1, 228, 229, 23, -1, 228,
  23, 22, -1, 228, 22, 21, -1, 228,
  21, 20, -1, 228, 20, 19, -1, 228,
  19, 225, -1, 231, 259, 261, 230, -1,
  232, 257, 259, 231, -1, 233, 255, 257,
  232, -1, 234, 253, 255, 233, -1, 235,
  251, 253, 234, -1, 236, 249, 251, 235,
  -1, 237, 247, 249, 236, -1, 238, 245,
  247, 237, -1, 239, 243, 245, 238, -1,
  240, 241, 243, 239, -1, 262, 223, 224,
  229, 230, 261, 264, 266, -1, 223, 262,
  260, 222, -1, 222, 260, 258, 221, -1,
  221, 258, 256, 220, -1, 220, 256, 254,
  219, -1, 219, 254, 252, 218, -1, 218,
  252, 250, 217, -1, 217, 250, 248, 216,
  -1, 216, 248, 246, 215, -1, 215, 246,
  244, 214, -1, 214, 244, 242, 213, -1,
  265, 263, 241, 240, 227, 228, 225, 226,
  211, 212, 213, 242, -1, 263, 265, 266,
  264, -1, 263, 264, 261, 259, 257, 255,
  253, 251, 249, 247, 245, 243, 241, -1,
  242, 244, 246, 248, 250, 252, 254, 256,
  258, 260, 262, 266, 265, -1, 273, 140,
  277, -1, 147, 291, 150, -1, 154, 294,
  153, 152, 293, 308, 168, 298, 297, 296,
  155, 295, -1, 309, 172, 315, -1 ]
colorPerVertex	FALSE
ccw	FALSE
convex	FALSE
solid	TRUE
creaseAngle	0.559
normalIndex	[  ]
texCoordIndex	[  ]
}

}

translation	0 -1.97543 7.343
rotation	-1 0 0  1.57
center	0 -0.0180441 1.88654
}
DEF Parent56 Transform {
children	[
DEF Axis5 Transform {
children	Shape {
appearance	Appearance {
material	Material {
ambientIntensity	0.06
diffuseColor	0.925 0.835 0.29
specularColor	0.1 0.1 0.1
emissiveColor	0 0 0
shininess	0
transparency	0
}

}

geometry	DEF _21 IndexedFaceSet {
coord	Coordinate {
point	[ -0.6 -1.91 -0.6,
  -0.6 -1.91 0.6,
  0.6 -1.91 -0.6,
  0.6 -1.91 0.6,
  -0.647 1.17 -0.7,
  0.647 1.17 -0.7,
  0.647 1.17 0.7,
  -0.647 1.17 0.7,
  -1 0.722 -1,
  -1 0.722 1,
  1 0.722 1,
  1 0.722 -1,
  1 -1 1,
  -1 -1 1,
  -1 -1 -1,
  1 -1 -1,
  0.6 -1.35 -0.6,
  0.6 -1.35 0.6,
  -0.6 -1.35 0.6,
  -0.6 -1.35 -0.6,
  -1.94e-013 0.722 -1 ]
}

coordIndex	[ 1, 3, 2, 0, -1, 5, 4, 8,
  20, 11, -1, 6, 5, 11, 10, -1,
  7, 6, 10, 9, -1, 6, 7, 4,
  5, -1, 4, 7, 9, 8, -1, 1,
  0, 19, 18, -1, 3, 1, 18, 17,
  -1, 2, 3, 17, 16, -1, 0, 2,
  16, 19, -1, 10, 12, 13, 9, -1,
  9, 13, 14, 8, -1, 8, 14, 15,
  11, 20, -1, 11, 15, 12, 10, -1,
  12, 15, 16, 17, -1, 13, 12, 17,
  18, -1, 14, 13, 18, 19, -1, 15,
  14, 19, 16, -1 ]
colorPerVertex	FALSE
ccw	FALSE
convex	FALSE
solid	TRUE
creaseAngle	0.559
normalIndex	[  ]
texCoordIndex	[  ]
}

}

translation	0 -8.88 9.24
scale	1 1.15 1
scaleOrientation	-1 0 -1.92241e-005  0.000690534
}
DEF Axis6 Transform {
children	[
DEF tip Transform {
children	Shape {
appearance	Appearance {
material	Material {
ambientIntensity	0.2
diffuseColor	0.824 0.824 0.824
specularColor	0.47 0.47 0.47
emissiveColor	0 0 0
shininess	0.14
transparency	0
}

}

geometry	DEF _22 IndexedFaceSet {
coord	Coordinate {
point	[ -1 -1 -1,
  -1 -1 1,
  1 -1 -1,
  1 -1 1,
  -1 1 -1,
  1 1 -1,
  1 1 1,
  -1 1 1,
  1 -0.562 -1,
  1 0.562 -1,
  -1 -0.562 -1,
  -1 0.562 0.253,
  -1 -0.562 0.253,
  1 -0.562 0.253,
  1 0.562 0.253,
  -1 0.562 -1,
  -4.88 2.13 -1,
  -4.88 2.13 1,
  -4.88 1.15 -1,
  -4.88 1.15 1,
  -0.834 2.13 -1,
  -0.833 1.15 -1,
  -0.833 1.15 1,
  -0.834 2.13 1,
  -3.99 1.15 -1,
  -1.72 1.15 -1,
  -4 2.13 -1,
  -1.72 2.13 0.253,
  -4 2.13 0.253,
  -3.99 1.15 0.253,
  -1.72 1.15 0.253,
  -1.72 2.13 -1,
  -1 2.28 -1,
  -1 2.28 1,
  1 2.28 -1,
  1 2.28 1,
  -1 4.27 -1,
  1 4.27 -1,
  1 4.27 1,
  -1 4.27 1,
  1 2.72 -1,
  1 3.84 -1,
  -1 2.72 -1,
  -1 3.84 0.254,
  -1 2.72 0.254,
  1 2.72 0.254,
  1 3.84 0.254,
  -1 3.84 -1,
  1.31 2.13 -1,
  1.31 2.13 1,
  1.31 1.15 -1,
  1.31 1.15 1,
  5.36 2.13 -1,
  5.36 1.15 -1,
  5.36 1.15 1,
  5.36 2.13 1,
  2.2 1.15 -1,
  4.47 1.15 -1,
  4.47 2.13 -1,
  2.2 2.13 -1,
  4.47 2.13 0.253,
  4.47 1.15 0.253,
  2.2 2.13 0.253,
  2.2 1.15 0.253 ]
}

coordIndex	[ 1, 3, 2, 0, -1, 0, 2, 8,
  10, -1, 1, 7, 6, 3, -1, 6,
  7, 4, 5, -1, 11, 15, 4, 7,
  1, 0, 10, 12, -1, 8, 2, 3,
  6, 5, 9, 14, 13, -1, 5, 4,
  15, 9, -1, 10, 8, 13, 12, -1,
  11, 14, 9, 15, -1, 12, 13, 14,
  11, -1, 17, 19, 18, 16, -1, 16,
  18, 24, 26, -1, 17, 23, 22, 19,
  -1, 22, 23, 20, 21, -1, 27, 31,
  20, 23, 17, 16, 26, 28, -1, 24,
  18, 19, 22, 21, 25, 30, 29, -1,
  21, 20, 31, 25, -1, 26, 24, 29,
  28, -1, 27, 30, 25, 31, -1, 28,
  29, 30, 27, -1, 33, 35, 34, 32,
  -1, 32, 34, 40, 42, -1, 33, 39,
  38, 35, -1, 38, 39, 36, 37, -1,
  43, 47, 36, 39, 33, 32, 42, 44,
  -1, 40, 34, 35, 38, 37, 41, 46,
  45, -1, 37, 36, 47, 41, -1, 42,
  40, 45, 44, -1, 43, 46, 41, 47,
  -1, 44, 45, 46, 43, -1, 51, 50,
  48, 49, -1, 50, 56, 59, 48, -1,
  55, 54, 51, 49, -1, 55, 52, 53,
  54, -1, 58, 52, 55, 49, 48, 59,
  62, 60, -1, 50, 51, 54, 53, 57,
  61, 63, 56, -1, 52, 58, 57, 53,
  -1, 56, 63, 62, 59, -1, 61, 57,
  58, 60, -1, 63, 61, 60, 62, -1 ]
colorPerVertex	FALSE
ccw	FALSE
convex	FALSE
solid	TRUE
creaseAngle	0.559
normalIndex	[  ]
texCoordIndex	[  ]
}

}

translation	0 -15.6 9.96
rotation	-1 0 0  1.57
scale	0.21 0.427 0.382
}
DEF Shape Transform {
children	Shape {
appearance	Appearance {
material	Material {
ambientIntensity	0.02
diffuseColor	0.259 0.271 0.259
specularColor	0 0 0
emissiveColor	0 0 0
shininess	0
transparency	0
}

}

geometry	DEF _23 IndexedFaceSet {
coord	Coordinate {
point	[ -1 -1 -1,
  1 -1 -1,
  1 -1 1,
  -1 1 -1,
  1 1 -1,
  1 1 1,
  -1 1 1,
  -1 0.999 1,
  0.998 -1 1,
  -1 -1 -0.026,
  0.998 0.999 1,
  0.998 -1 -0.026,
  -1 0.999 -0.026,
  -1 0.999 -0.026,
  -1 0.999 16,
  -1 -1 -0.026,
  -1 -1 16,
  0.998 -1 -0.026,
  0.998 -1 16,
  0.998 0.999 16,
  -1 0.999 1,
  0.998 -1 1,
  -1 -1 -0.026,
  0.998 0.999 1,
  0.998 -1 -0.026,
  -1 0.999 -0.026 ]
}

coordIndex	[ 0, 1, 4, 3, -1, 1, 2, 5,
  4, -1, 4, 5, 6, 3, -1, 7,
  6, 5, 2, 8, 10, -1, 17, 8,
  2, 1, 0, 9, -1, 13, 9, 0,
  3, 6, 7, -1 ]
colorPerVertex	FALSE
ccw	FALSE
convex	FALSE
creaseAngle	0.559
normalIndex	[  ]
texCoordIndex	[  ]
}

}

translation	0 -15.2 8.56
rotation	-1 0 0  1.57
scale	0.175 0.3 0.05
}
DEF Shape Transform {
children	Shape {
appearance	Appearance {
material	Material {
ambientIntensity	0.02
diffuseColor	0.259 0.271 0.259
specularColor	0 0 0
emissiveColor	0 0 0
shininess	0
transparency	0
}

}

geometry	DEF _24 IndexedFaceSet {
coord	Coordinate {
point	[ -1 -1 -1,
  -1 -1 1,
  1 -1 -1,
  1 -1 1,
  -1 1 -1,
  1 1 -1,
  -1 1 1,
  -0.987 1 1,
  1 1 -0.026,
  1 -0.998 1,
  -0.987 -0.998 1,
  -0.987 1 -0.026,
  1 -0.998 -0.026,
  1.01 -0.998 -0.026,
  1.01 -0.998 16,
  1.01 1 -0.026,
  1.01 1 16,
  -0.987 1 -0.026,
  -0.987 1 16,
  -0.987 -0.998 16 ]
}

coordIndex	[ 1, 3, 2, 0, -1, 2, 5, 4,
  0, -1, 7, 6, 4, 5, 8, 17,
  -1, 6, 1, 0, 4, -1, 8, 5,
  2, 3, 9, 12, -1, 9, 3, 1,
  6, 7, 10, -1 ]
colorPerVertex	FALSE
ccw	FALSE
convex	FALSE
creaseAngle	0.559
normalIndex	[  ]
texCoordIndex	[  ]
}

}

translation	0.7 -15.2 9.26
rotation	-0.57735 -0.57735 -0.57735  2.09
scale	0.175 0.3 0.05
}
DEF Shape Transform {
children	Shape {
appearance	Appearance {
material	Material {
ambientIntensity	0.02
diffuseColor	0.259 0.271 0.259
specularColor	0 0 0
emissiveColor	0 0 0
shininess	0
transparency	0
}

}

geometry	DEF _25 IndexedFaceSet {
coord	Coordinate {
point	[ -1 -1 -1,
  -1 -1 1,
  1 -1 -1,
  1 -1 1,
  -1 1 -1,
  1 1 -1,
  -1 1 1,
  -0.987 1 1,
  1 1 -0.026,
  1 -0.998 1,
  -0.987 -0.998 1,
  -0.987 1 -0.026,
  1 -0.998 -0.026,
  1.01 -0.998 -0.026,
  1.01 -0.998 16,
  1.01 1 -0.026,
  1.01 1 16,
  -0.987 1 -0.026,
  -0.987 1 16,
  -0.987 -0.998 16,
  -0.987 1 1,
  1 1 -0.026,
  1 -0.998 1,
  -0.987 -0.998 1,
  -0.987 1 -0.026,
  1 -0.998 -0.026 ]
}

coordIndex	[ 0, 1, 3, 2, -1, 0, 2, 5,
  4, -1, 11, 20, 6, 4, 5, 8,
  -1, 4, 6, 1, 0, -1, 25, 8,
  5, 2, 3, 22, -1, 10, 22, 3,
  1, 6, 20, -1 ]
colorPerVertex	FALSE
ccw	FALSE
convex	FALSE
creaseAngle	0.559
normalIndex	[  ]
texCoordIndex	[  ]
}

}

translation	-0.6 -15.2 9.26
rotation	-0.57735 -0.57735 -0.57735  2.09
scale	0.175 0.3 0.05
}
DEF Shape Transform {
children	Shape {
appearance	Appearance {
material	Material {
ambientIntensity	0.02
diffuseColor	0.259 0.271 0.259
specularColor	0 0 0
emissiveColor	0 0 0
shininess	0
transparency	0
}

}

geometry	DEF _26 IndexedFaceSet {
coord	Coordinate {
point	[ -1 -1 -1,
  -1 -1 1,
  1 -1 -1,
  1 -1 1,
  -1 1 -1,
  1 1 -1,
  1 1 1,
  -1 1 1 ]
}

coordIndex	[ 2, 0, 1, 3, -1, 4, 0, 2,
  5, -1, 5, 2, 3, 6, -1, 6,
  3, 1, 7, -1, 4, 5, 6, 7,
  -1, 0, 4, 7, 1, -1 ]
colorPerVertex	FALSE
ccw	FALSE
convex	FALSE
solid	TRUE
creaseAngle	0.559
normalIndex	[  ]
texCoordIndex	[  ]
}

}

translation	0 -15.2 9.97
rotation	-1 0 0  1.57
scale	0.175 0.3 0.05
}
DEF Shape Transform {
children	Shape {
appearance	Appearance {
material	Material {
ambientIntensity	0.2
diffuseColor	0.824 0.824 0.824
specularColor	0.47 0.47 0.47
emissiveColor	0 0 0
shininess	0.14
transparency	0
}

}

geometry	DEF _27 IndexedFaceSet {
coord	Coordinate {
point	[ -1 -1 -1,
  -1 -1 1,
  1 -1 -1,
  1 -1 1,
  -1 1 -1,
  1 1 -1,
  1 1 1,
  -1 1 -0.026,
  0.998 1 1,
  -1 -0.994 1,
  0.998 -0.994 1,
  0.998 1 -0.026,
  -1 -0.994 -0.026,
  -1 1.01 -0.026,
  -1 1.01 16,
  -1 -0.994 -0.026,
  -1 -0.994 16,
  0.998 1.01 -0.026,
  0.998 -0.994 16,
  0.998 1.01 16,
  -1 1 -0.026,
  0.998 1 1,
  -1 -0.994 1,
  0.998 -0.994 1,
  0.998 1 -0.026,
  -1 -0.994 -0.026 ]
}

coordIndex	[ 13, 14, 16, 15, -1, 16, 14, 19,
  18, -1, 8, 23, 18, 19, 17, 24,
  -1, 17, 19, 14, 13, -1, 22, 15,
  15, 16, 18, 23, -1, 24, 17, 13,
  15, 15, 20, -1 ]
colorPerVertex	FALSE
ccw	FALSE
convex	FALSE
creaseAngle	0.559
normalIndex	[  ]
texCoordIndex	[  ]
}

}

translation	0 -15.2 9.96
rotation	-1 0 0  1.57
scale	0.175 0.3 0.05
}
DEF Shape Transform {
children	Shape {
appearance	Appearance {
material	Material {
ambientIntensity	0.2
diffuseColor	0.824 0.824 0.824
specularColor	0.47 0.47 0.47
emissiveColor	0 0 0
shininess	0.14
transparency	0
}

}

geometry	DEF _28 IndexedFaceSet {
coord	Coordinate {
point	[ -1 -1 -1,
  1 -1 -1,
  1 -1 1,
  -1 1 -1,
  1 1 -1,
  1 1 1,
  -1 1 1,
  -1 0.999 1,
  0.998 -1 1,
  -1 -1 -0.026,
  0.998 0.999 1,
  0.998 -1 -0.026,
  -1 0.999 -0.026,
  -1 0.999 -0.026,
  -1 0.999 16,
  -1 -1 -0.026,
  -1 -1 16,
  0.998 -1 -0.026,
  0.998 -1 16,
  0.998 0.999 16,
  -1 0.999 1,
  0.998 -1 1,
  -1 -1 -0.026,
  0.998 0.999 1,
  0.998 -1 -0.026,
  -1 0.999 -0.026 ]
}

coordIndex	[ 13, 14, 16, 9, -1, 9, 13, 13,
  9, 17, 17, -1, 9, 16, 18, 17,
  -1, 16, 14, 19, 18, -1, 8, 17,
  17, 18, 19, 10, -1, 10, 19, 14,
  13, 13, 7, -1 ]
colorPerVertex	FALSE
ccw	FALSE
convex	FALSE
creaseAngle	0.559
normalIndex	[  ]
texCoordIndex	[  ]
}

}

translation	0 -15.2 8.56
rotation	-1 0 0  1.57
scale	0.175 0.3 0.05
}
DEF Shape Transform {
children	Shape {
appearance	Appearance {
material	Material {
ambientIntensity	0.2
diffuseColor	0.824 0.824 0.824
specularColor	0.47 0.47 0.47
emissiveColor	0 0 0
shininess	0.14
transparency	0
}

}

geometry	DEF _29 IndexedFaceSet {
coord	Coordinate {
point	[ -1 -1 -1,
  -1 -1 1,
  1 -1 -1,
  1 -1 1,
  -1 1 -1,
  1 1 -1,
  -1 1 1,
  -0.987 1 1,
  1 1 -0.026,
  1 -0.998 1,
  -0.987 -0.998 1,
  -0.987 1 -0.026,
  1 -0.998 -0.026,
  1.01 -0.998 -0.026,
  1.01 -0.998 16,
  1.01 1 -0.026,
  1.01 1 16,
  -0.987 1 -0.026,
  -0.987 1 16,
  -0.987 -0.998 16,
  -0.987 1 1,
  1 1 -0.026,
  1 -0.998 1,
  -0.987 -0.998 1,
  -0.987 1 -0.026,
  1 -0.998 -0.026 ]
}

coordIndex	[ 13, 14, 16, 15, -1, 8, 25, 13,
  15, 11, 11, -1, 15, 16, 18, 11,
  -1, 16, 14, 19, 18, -1, 22, 10,
  19, 14, 13, 25, -1, 20, 11, 11,
  18, 19, 10, -1 ]
colorPerVertex	FALSE
ccw	FALSE
convex	FALSE
creaseAngle	0.559
normalIndex	[  ]
texCoordIndex	[  ]
}

}

translation	-0.6 -15.2 9.26
rotation	-0.57735 -0.57735 -0.57735  2.09
scale	0.175 0.3 0.05
}
DEF Shape Transform {
children	Shape {
appearance	Appearance {
material	Material {
ambientIntensity	0.2
diffuseColor	0.824 0.824 0.824
specularColor	0.47 0.47 0.47
emissiveColor	0 0 0
shininess	0.14
transparency	0
}

}

geometry	DEF _30 IndexedFaceSet {
coord	Coordinate {
point	[ -1 -1 -1,
  -1 -1 1,
  1 -1 -1,
  1 -1 1,
  -1 1 -1,
  1 1 -1,
  -1 1 1,
  -0.987 1 1,
  1 1 -0.026,
  1 -0.998 1,
  -0.987 -0.998 1,
  -0.987 1 -0.026,
  1 -0.998 -0.026,
  1.01 -0.998 -0.026,
  1.01 -0.998 16,
  1.01 1 -0.026,
  1.01 1 16,
  -0.987 1 -0.026,
  -0.987 1 16,
  -0.987 -0.998 16 ]
}

coordIndex	[ 14, 16, 15, 13, -1, 12, 13, 15,
  17, 17, 8, -1, 16, 18, 17, 15,
  -1, 14, 19, 18, 16, -1, 10, 19,
  14, 13, 12, 9, -1, 17, 17, 18,
  19, 10, 7, -1 ]
colorPerVertex	FALSE
ccw	FALSE
convex	FALSE
creaseAngle	0.559
normalIndex	[  ]
texCoordIndex	[  ]
}

}

translation	0.7 -15.2 9.26
rotation	-0.57735 -0.57735 -0.57735  2.09
scale	0.175 0.3 0.05
}
DEF Shape Transform {
children	[
Shape {
appearance	Appearance {
material	Material {
ambientIntensity	0.2
diffuseColor	0.824 0.824 0.824
specularColor	0.47 0.47 0.47
emissiveColor	0 0 0
shininess	0.14
transparency	0
}

}

geometry	DEF _31 IndexedFaceSet {
coord	Coordinate {
point	[ 1 0 -1,
  0.924 0.383 -1,
  0.707 0.707 -1,
  0.383 0.924 -1,
  -1.03e-013 1 -1,
  -0.383 0.924 -1,
  -0.707 0.707 -1,
  -0.924 0.383 -1,
  -1 -2.07e-013 -1,
  -0.924 -0.383 -1,
  -0.707 -0.707 -1,
  -0.383 -0.924 -1,
  3.11e-013 -1 -1,
  0.383 -0.924 -1,
  0.707 -0.707 -1,
  0.924 -0.383 -1,
  1 0 1,
  0.924 0.383 1,
  0.707 0.707 1,
  0.383 0.924 1,
  -1.03e-013 1 1,
  -0.383 0.924 1,
  -0.707 0.707 1,
  -0.924 0.383 1,
  -1 -2.07e-013 1,
  -0.924 -0.383 1,
  -0.707 -0.707 1,
  -0.383 -0.924 1,
  3.11e-013 -1 1,
  0.383 -0.924 1,
  0.707 -0.707 1,
  0.924 -0.383 1,
  1 -0.000549 -2.12,
  0.924 0.382 -2.12,
  0.707 0.706 -2.12,
  0.383 0.923 -2.12,
  0.000155 0.999 -2.12,
  -0.383 0.923 -2.12,
  -0.707 0.706 -2.12,
  -0.924 0.382 -2.12,
  -1 -0.00055 -2.12,
  -0.924 -0.384 -2.12,
  -0.707 -0.708 -2.12,
  -0.383 -0.925 -2.12,
  0.000155 -1 -2.12,
  0.383 -0.925 -2.12,
  0.707 -0.708 -2.12,
  0.924 -0.384 -2.12,
  0.438 -0.181 -2.12,
  0.335 -0.335 -2.12,
  0.181 -0.437 -2.12,
  0.000143 -0.473 -2.12,
  -0.181 -0.437 -2.12,
  -0.335 -0.335 -2.12,
  -0.437 -0.181 -2.12,
  -0.473 6.1e-005 -2.12,
  -0.437 0.181 -2.12,
  -0.335 0.335 -2.12,
  -0.181 0.438 -2.12,
  0.000144 0.474 -2.12,
  0.181 0.438 -2.12,
  0.335 0.335 -2.12,
  0.474 6.11e-005 -2.12,
  0.438 0.181 -2.12,
  0.438 -0.18 -4.25,
  0.335 -0.334 -4.25,
  0.182 -0.436 -4.25,
  0.000316 -0.472 -4.25,
  -0.181 -0.436 -4.25,
  -0.334 -0.334 -4.25,
  -0.437 -0.18 -4.25,
  -0.473 0.00101 -4.25,
  -0.437 0.182 -4.25,
  -0.334 0.336 -4.25,
  -0.181 0.439 -4.25,
  0.000316 0.474 -4.25,
  0.182 0.439 -4.25,
  0.335 0.336 -4.25,
  0.438 0.182 -4.25,
  0.474 0.00101 -4.25,
  1 0.00162 -4.25,
  0.924 0.385 -4.25,
  0.707 0.709 -4.25,
  0.383 0.926 -4.25,
  0.000304 1 -4.25,
  -0.383 0.926 -4.25,
  -0.707 0.709 -4.25,
  -0.924 0.385 -4.25,
  -1 0.00162 -4.25,
  -0.924 -0.381 -4.25,
  -0.707 -0.705 -4.25,
  -0.383 -0.922 -4.25,
  0.000303 -0.998 -4.25,
  0.383 -0.922 -4.25,
  0.707 -0.705 -4.25,
  0.924 -0.381 -4.25,
  0.383 -0.923 -5.24,
  0.000378 -0.999 -5.24,
  -0.383 -0.923 -5.24,
  -0.49 -0.851 -5.24,
  0.491 -0.85 -5.24,
  -0.663 -0.851 -5.24,
  -0.662 -1.41 -15.2,
  -0.662 -1.42 -5.24,
  0.663 -1.42 -5.24,
  0.663 -0.85 -5.24,
  -0.924 -0.382 -5.24,
  -1 0.00128 -5.24,
  -0.924 0.384 -5.24,
  -0.852 -0.489 -5.24,
  -0.852 0.491 -5.24,
  -1.42 -0.656 -15.2,
  -1.42 -0.661 -5.24,
  -0.852 -0.661 -5.24,
  -1.42 0.669 -15.2,
  -0.852 0.664 -5.25,
  -1.42 0.664 -5.25,
  -0.852 0.491 -5.28,
  -0.852 -0.489 -5.28,
  -0.852 0.664 -5.28,
  -0.896 0.669 -15.2,
  -0.852 -0.661 -5.28,
  -0.896 -0.656 -15.2,
  0.492 -0.85 -5.28,
  -0.49 -0.851 -5.28,
  0.663 -0.85 -5.28,
  0.664 -0.891 -15.2,
  -0.663 -0.851 -5.28,
  -0.662 -0.891 -15.2,
  0.707 -0.706 -5.28,
  -0.707 -0.706 -5.28,
  -0.707 0.708 -5.28,
  0.707 0.708 -5.28,
  0.663 -0.896 -5.28,
  0.436 -1.04 -15.2,
  0.00116 -1.13 -15.2,
  -0.663 -0.896 -5.28,
  -0.434 -1.04 -15.2,
  -0.897 -0.661 -5.28,
  -1.14 0.00667 -15.2,
  -0.897 0.664 -5.28,
  1.14 0.00669 -15.3,
  1.05 0.442 -15.3,
  0.805 0.81 -15.3,
  0.436 1.06 -15.3,
  0.00116 1.14 -15.3,
  -0.434 1.06 -15.3,
  -0.802 0.81 -15.3,
  -1.14 0.00668 -15.3,
  -0.802 -0.797 -15.3,
  -0.434 -1.04 -15.3,
  0.00116 -1.13 -15.3,
  0.436 -1.04 -15.3,
  0.805 -0.797 -15.3,
  1.05 -0.429 -15.3,
  0.804 0.805 -5.28,
  -0.803 0.805 -5.28,
  -0.803 -0.802 -5.28,
  0.804 -0.802 -5.28,
  0.489 0.854 -5.28,
  -0.49 0.853 -5.28,
  -0.662 0.899 -5.28,
  -0.434 1.06 -15.2,
  0.00116 1.14 -15.2,
  0.663 0.899 -5.28,
  0.436 1.06 -15.2,
  -0.383 0.925 -5.25,
  0.000378 1 -5.25,
  0.383 0.925 -5.25,
  0.663 0.854 -5.28,
  -0.49 0.853 -5.25,
  0.489 0.854 -5.25,
  0.664 0.904 -15.2,
  -0.662 0.853 -5.28,
  -0.662 0.904 -15.2,
  -0.662 1.43 -15.2,
  -0.663 1.42 -5.25,
  -0.662 0.853 -5.25,
  0.663 0.854 -5.25,
  0.663 1.42 -5.25,
  0.853 0.491 -5.28,
  0.853 -0.489 -5.28,
  0.898 -0.661 -5.28,
  1.05 -0.429 -15.2,
  0.898 0.664 -5.28,
  1.14 0.00667 -15.2,
  1.05 0.442 -15.2,
  1 0.00128 -5.24,
  0.924 -0.382 -5.24,
  0.924 0.384 -5.24,
  0.853 0.664 -5.28,
  0.853 -0.489 -5.24,
  0.853 0.491 -5.24,
  0.899 0.669 -15.2,
  0.853 -0.661 -5.28,
  0.899 -0.656 -15.2,
  0.853 -0.661 -5.24,
  1.42 -0.656 -15.2,
  1.42 -0.661 -5.24,
  1.42 0.669 -15.2,
  1.42 0.664 -5.25,
  0.853 0.664 -5.25,
  0.664 1.22 -15.2,
  0.664 1.43 -14.6,
  0.467 1.43 -15.2,
  0.664 1.22 -14.6,
  0.624 1.2 -15.2,
  0.569 1.19 -15.2,
  0.515 1.2 -15.2,
  0.469 1.23 -15.2,
  0.438 1.27 -15.2,
  0.427 1.33 -15.2,
  0.467 1.43 -14.6,
  0.438 1.38 -15.2,
  0.712 1.33 -21.3,
  0.701 1.39 -21.3,
  0.67 1.43 -21.3,
  0.67 1.23 -21.3,
  0.701 1.28 -21.3,
  0.711 1.33 -14.6,
  0.7 1.38 -14.6,
  0.67 1.43 -14.6,
  0.624 1.46 -14.6,
  0.569 1.47 -14.6,
  0.515 1.46 -14.6,
  0.469 1.43 -14.6,
  0.67 1.23 -14.6,
  0.7 1.27 -14.6,
  1.42 0.278 -15.2,
  1.42 0.487 -15.2,
  1.42 0.278 -14.6,
  1.38 0.251 -15.2,
  1.33 0.24 -15.2,
  1.27 0.251 -15.2,
  1.23 0.282 -15.2,
  1.2 0.328 -15.2,
  1.18 0.382 -15.2,
  1.2 0.437 -15.2,
  1.23 0.483 -15.2,
  1.27 0.513 -15.2,
  1.33 0.524 -15.2,
  1.42 0.486 -14.6,
  1.38 0.513 -15.2,
  1.47 0.382 -14.6,
  1.46 0.436 -14.6,
  1.43 0.482 -14.6,
  1.43 0.282 -14.6,
  1.46 0.328 -14.6,
  -0.275 1.43 -15.2,
  -0.48 1.43 -15.2,
  -0.246 1.27 -15.2,
  -0.277 1.23 -15.2,
  -0.323 1.2 -15.2,
  -0.378 1.19 -15.2,
  -0.432 1.2 -15.2,
  -0.478 1.23 -15.2,
  -0.509 1.27 -15.2,
  -0.52 1.33 -15.2,
  -0.48 1.43 -14.6,
  -0.509 1.38 -15.2,
  -0.275 1.43 -14.6,
  -0.236 1.33 -15.2,
  -0.246 1.38 -15.2,
  -0.277 1.43 -14.6,
  -0.323 1.46 -14.6,
  -0.378 1.47 -14.6,
  -0.432 1.46 -14.6,
  -0.478 1.43 -14.6,
  1.42 -0.48 -15.2,
  1.42 -0.271 -15.2,
  1.42 -0.48 -14.6,
  1.38 -0.507 -15.2,
  1.33 -0.517 -15.2,
  1.27 -0.507 -15.2,
  1.23 -0.476 -15.2,
  1.2 -0.43 -15.2,
  1.18 -0.375 -15.2,
  1.2 -0.321 -15.2,
  1.23 -0.275 -15.2,
  1.27 -0.244 -15.2,
  1.33 -0.233 -15.2,
  1.42 -0.271 -14.6,
  1.38 -0.244 -15.2,
  1.47 -0.376 -14.6,
  1.46 -0.321 -14.6,
  1.43 -0.275 -14.6,
  1.43 -0.476 -14.6,
  1.46 -0.43 -14.6,
  -1.03 0.473 -15.2,
  -1.09 0.25 -15.2,
  -1.09 0.25 -15.3,
  -1.03 0.473 -15.3,
  -1 0.328 -15.3,
  -1.03 0.282 -15.3,
  -1.08 0.251 -15.3,
  -1.14 0.24 -15.2,
  -1.19 0.251 -15.2,
  -1.24 0.282 -15.2,
  -1.27 0.328 -15.2,
  -1.28 0.382 -15.2,
  -1.27 0.437 -15.2,
  -1.24 0.483 -15.2,
  -1.19 0.513 -15.2,
  -1.14 0.524 -15.2,
  -1.08 0.513 -15.2,
  -1.03 0.483 -15.2,
  -0.993 0.382 -15.3,
  -1 0.437 -15.3,
  -1.03 -0.463 -15.2,
  -1.09 -0.243 -15.2,
  -1.03 -0.463 -15.3,
  -1.09 -0.243 -15.3,
  -1 -0.43 -15.3,
  -1.03 -0.476 -15.2,
  -1.08 -0.507 -15.2,
  -1.14 -0.517 -15.2,
  -1.19 -0.507 -15.2,
  -1.24 -0.476 -15.2,
  -1.27 -0.43 -15.2,
  -1.28 -0.375 -15.2,
  -1.27 -0.321 -15.2,
  -1.24 -0.275 -15.2,
  -1.19 -0.244 -15.2,
  -1.14 -0.233 -15.2,
  -1.08 -0.244 -15.3,
  -1.03 -0.275 -15.3,
  -0.993 -0.375 -15.3,
  -1 -0.321 -15.3,
  0.664 -1.41 -14.6,
  0.664 -1.22 -15.2,
  0.463 -1.41 -15.2,
  0.463 -1.41 -14.6,
  0.438 -1.38 -15.2,
  0.427 -1.32 -15.2,
  0.438 -1.27 -15.2,
  0.469 -1.22 -15.2,
  0.515 -1.19 -15.2,
  0.569 -1.18 -15.2,
  0.664 -1.22 -14.6,
  0.624 -1.19 -15.2,
  0.712 -1.32 -21.3,
  0.701 -1.26 -21.3,
  0.67 -1.22 -21.3,
  0.67 -1.42 -21.3,
  0.701 -1.37 -21.3,
  0.711 -1.32 -14.6,
  0.7 -1.27 -14.6,
  0.67 -1.22 -14.6,
  0.469 -1.42 -14.6,
  0.515 -1.45 -14.6,
  0.569 -1.46 -14.6,
  0.624 -1.45 -14.6,
  0.67 -1.42 -14.6,
  0.7 -1.38 -14.6,
  -0.484 -1.41 -15.2,
  -0.272 -1.41 -15.2,
  -0.272 -1.41 -14.6,
  -0.246 -1.38 -15.2,
  -0.484 -1.41 -14.6,
  -0.509 -1.38 -15.2,
  -0.52 -1.32 -15.2,
  -0.509 -1.27 -15.2,
  -0.478 -1.22 -15.2,
  -0.432 -1.19 -15.2,
  -0.378 -1.18 -15.2,
  -0.323 -1.19 -15.2,
  -0.277 -1.22 -15.2,
  -0.236 -1.32 -15.2,
  -0.246 -1.27 -15.2,
  -0.478 -1.42 -14.6,
  -0.432 -1.45 -14.6,
  -0.378 -1.46 -14.6,
  -0.323 -1.45 -14.6,
  -0.277 -1.42 -14.6,
  -0.246 1.28 -20.2,
  -0.277 1.23 -20.2,
  -0.323 1.2 -20.2,
  -0.377 1.19 -20.2,
  -0.432 1.2 -20.2,
  -0.478 1.23 -20.2,
  -0.509 1.28 -20.2,
  -0.519 1.33 -20.2,
  -0.509 1.39 -20.2,
  -0.246 1.39 -20.2,
  -0.478 1.43 -20.2,
  -0.432 1.46 -20.2,
  -0.377 1.47 -20.2,
  -0.323 1.46 -20.2,
  -0.277 1.43 -20.2,
  -0.235 1.33 -20.2,
  0.624 1.2 -20.2,
  0.57 1.19 -20.2,
  0.515 1.2 -20.2,
  0.469 1.23 -20.2,
  0.438 1.28 -20.2,
  0.428 1.33 -20.2,
  0.438 1.39 -20.2,
  0.664 1.23 -21.3,
  0.469 1.43 -20.2,
  0.515 1.46 -20.2,
  0.57 1.47 -20.2,
  0.664 1.44 -21.3,
  0.624 1.46 -20.2,
  0.664 1.44 -20.2,
  0.664 1.23 -20.2,
  -0.661 1.62 -23.6,
  -0.662 1.62 -20.2,
  -0.661 1.05 -23.6,
  -0.661 1.05 -20.2,
  0.664 1.62 -23.6,
  0.665 1.05 -23.6,
  0.665 1.05 -20.2,
  0.664 1.62 -20.2,
  1.38 -0.504 -20.2,
  1.33 -0.515 -20.2,
  1.27 -0.504 -20.2,
  1.23 -0.473 -20.2,
  1.2 -0.427 -20.2,
  1.19 -0.373 -20.2,
  1.2 -0.318 -20.2,
  1.23 -0.272 -20.2,
  1.27 -0.242 -20.2,
  1.33 -0.231 -20.2,
  1.38 -0.242 -20.2,
  1.46 -0.427 -20.2,
  1.43 -0.473 -20.2,
  1.43 -0.272 -20.2,
  1.47 -0.373 -20.2,
  1.46 -0.318 -20.2,
  1.38 0.253 -20.2,
  1.33 0.243 -20.2,
  1.27 0.253 -20.2,
  1.23 0.284 -20.2,
  1.2 0.33 -20.2,
  1.19 0.385 -20.2,
  1.2 0.439 -20.2,
  1.23 0.485 -20.2,
  1.27 0.516 -20.2,
  1.33 0.527 -20.2,
  1.38 0.516 -20.2,
  1.46 0.33 -20.2,
  1.43 0.284 -20.2,
  1.43 0.485 -20.2,
  1.47 0.385 -20.2,
  1.46 0.439 -20.2,
  1.04 -0.652 -23.5,
  1.04 -0.654 -20.2,
  1.61 -0.652 -23.5,
  1.61 -0.654 -20.2,
  1.04 0.673 -23.6,
  1.61 0.673 -23.6,
  1.61 0.672 -20.2,
  1.04 0.672 -20.2,
  -1 -0.427 -20.2,
  -1.03 -0.473 -20.2,
  -1.08 -0.504 -20.2,
  -1.13 -0.515 -20.2,
  -1.19 -0.504 -20.2,
  -1.24 -0.473 -20.2,
  -1.27 -0.427 -20.2,
  -1.28 -0.373 -20.2,
  -1.27 -0.318 -20.2,
  -1.24 -0.272 -20.2,
  -1.19 -0.242 -20.2,
  -1.13 -0.231 -20.2,
  -1.08 -0.242 -20.2,
  -1.03 -0.272 -20.2,
  -1 -0.318 -20.2,
  -0.993 -0.373 -20.2,
  -1 0.33 -20.2,
  -1.03 0.284 -20.2,
  -1.08 0.253 -20.2,
  -1.13 0.243 -20.2,
  -1.19 0.253 -20.2,
  -1.24 0.284 -20.2,
  -1.27 0.33 -20.2,
  -1.28 0.385 -20.2,
  -1.27 0.439 -20.2,
  -1.24 0.485 -20.2,
  -1.19 0.516 -20.2,
  -1.13 0.527 -20.2,
  -1.08 0.516 -20.2,
  -1.03 0.485 -20.2,
  -1 0.439 -20.2,
  -0.993 0.385 -20.2,
  -1.42 -0.652 -23.5,
  -1.42 -0.654 -20.2,
  -0.851 -0.652 -23.5,
  -0.851 -0.654 -20.2,
  -1.42 0.673 -23.6,
  -0.851 0.673 -23.6,
  -0.851 0.672 -20.2,
  -1.42 0.672 -20.2,
  -0.246 -1.37 -20.2,
  -0.509 -1.37 -20.2,
  -0.519 -1.32 -20.2,
  -0.509 -1.27 -20.2,
  -0.478 -1.22 -20.2,
  -0.432 -1.19 -20.2,
  -0.377 -1.18 -20.2,
  -0.323 -1.19 -20.2,
  -0.277 -1.22 -20.2,
  -0.246 -1.27 -20.2,
  -0.277 -1.42 -20.2,
  -0.323 -1.45 -20.2,
  -0.377 -1.46 -20.2,
  -0.432 -1.45 -20.2,
  -0.478 -1.42 -20.2,
  -0.235 -1.32 -20.2,
  0.438 -1.37 -20.2,
  0.428 -1.32 -20.2,
  0.438 -1.27 -20.2,
  0.469 -1.22 -20.2,
  0.515 -1.19 -20.2,
  0.57 -1.18 -20.2,
  0.624 -1.19 -20.2,
  0.664 -1.42 -21.3,
  0.624 -1.45 -20.2,
  0.57 -1.46 -20.2,
  0.515 -1.45 -20.2,
  0.469 -1.42 -20.2,
  0.664 -1.22 -21.3,
  0.664 -1.22 -20.2,
  0.664 -1.42 -20.2,
  -0.661 -1.03 -23.5,
  -0.662 -1.03 -20.2,
  -0.661 -1.6 -23.5,
  -0.661 -1.6 -20.2,
  0.664 -1.03 -23.5,
  0.665 -1.6 -23.5,
  0.665 -1.6 -20.2,
  0.664 -1.03 -20.2,
  -0.246 -1.37 -20.2,
  -0.509 -1.37 -20.2,
  -0.519 -1.32 -20.2,
  -0.509 -1.27 -20.2,
  -0.478 -1.22 -20.2,
  -0.432 -1.19 -20.2,
  -0.377 -1.18 -20.2,
  -0.323 -1.19 -20.2,
  -0.277 -1.22 -20.2,
  -0.246 -1.27 -20.2,
  -0.277 -1.42 -20.2,
  -0.323 -1.45 -20.2,
  -0.377 -1.46 -20.2,
  -0.432 -1.45 -20.2,
  -0.478 -1.42 -20.2,
  -0.235 -1.32 -20.2,
  0.438 -1.37 -20.2,
  0.428 -1.32 -20.2,
  0.438 -1.27 -20.2,
  0.469 -1.22 -20.2,
  0.515 -1.19 -20.2,
  0.57 -1.18 -20.2,
  0.624 -1.19 -20.2,
  0.664 -1.42 -21.3,
  0.624 -1.45 -20.2,
  0.57 -1.46 -20.2,
  0.515 -1.45 -20.2,
  0.469 -1.42 -20.2,
  0.664 -1.22 -21.3,
  0.664 -1.22 -20.2,
  0.664 -1.42 -20.2 ]
}

coordIndex	[ 4, 36, 35, 3, -1, 5, 37, 36,
  4, -1, 37, 35, 36, -1, 34, 35,
  37, -1, 38, 34, 37, -1, 59, 34,
  38, -1, 60, 34, 59, -1, 33, 34,
  60, -1, 61, 33, 60, -1, 63, 33,
  61, -1, 62, 33, 63, -1, 32, 33,
  62, -1, 48, 32, 62, -1, 49, 32,
  48, -1, 47, 32, 49, -1, 50, 47,
  49, -1, 51, 47, 50, -1, 46, 47,
  51, -1, 58, 59, 38, -1, 39, 58,
  38, -1, 57, 58, 39, -1, 56, 57,
  39, -1, 55, 56, 39, -1, 40, 55,
  39, -1, 54, 55, 40, -1, 53, 54,
  40, -1, 41, 53, 40, -1, 52, 53,
  41, -1, 51, 52, 41, -1, 46, 51,
  41, -1, 42, 46, 41, -1, 45, 46,
  42, -1, 43, 45, 42, -1, 44, 45,
  43, -1, 13, 45, 44, 12, -1, 12,
  44, 43, 11, -1, 14, 46, 45, 13,
  -1, 71, 55, 54, 70, -1, 70, 54,
  53, 69, -1, 69, 53, 52, 68, -1,
  68, 52, 51, 67, -1, 67, 51, 50,
  66, -1, 66, 50, 49, 65, -1, 65,
  49, 48, 64, -1, 64, 48, 62, 79,
  -1, 72, 56, 55, 71, -1, 73, 57,
  56, 72, -1, 74, 58, 57, 73, -1,
  75, 59, 58, 74, -1, 76, 60, 59,
  75, -1, 77, 61, 60, 76, -1, 79,
  62, 63, 78, -1, 78, 63, 61, 77,
  -1, 130, 90, 91, 98, 99, 124, -1,
  107, 88, 89, 106, -1, 98, 91, 92,
  97, -1, 97, 92, 93, 96, -1, 191,
  181, 129, 94, 95, 188, -1, 188, 95,
  80, 187, -1, 85, 84, 83, -1, 82,
  85, 83, -1, 86, 85, 82, -1, 75,
  86, 82, -1, 76, 75, 82, -1, 81,
  76, 82, -1, 77, 76, 81, -1, 78,
  77, 81, -1, 80, 78, 81, -1, 79,
  78, 80, -1, 64, 79, 80, -1, 65,
  64, 80, -1, 95, 65, 80, -1, 66,
  65, 95, -1, 67, 66, 95, -1, 94,
  67, 95, -1, 74, 86, 75, -1, 87,
  86, 74, -1, 73, 87, 74, -1, 72,
  87, 73, -1, 88, 87, 72, -1, 71,
  88, 72, -1, 70, 88, 71, -1, 69,
  88, 70, -1, 89, 88, 69, -1, 68,
  89, 69, -1, 67, 89, 68, -1, 94,
  89, 67, -1, 90, 89, 94, -1, 93,
  90, 94, -1, 91, 90, 93, -1, 92,
  91, 93, -1, 123, 100, 96, 93, 94,
  129, -1, 118, 109, 106, 89, 90, 130,
  -1, 100, 105, 104, 103, 101, 99, 98,
  97, 96, -1, 108, 87, 88, 107, -1,
  138, 122, 111, 112, 113, 121, -1, 108,
  107, 106, 109, 113, 112, 116, 115, 110,
  -1, 114, 116, 112, 111, -1, 121, 113,
  109, 118, -1, 125, 105, 100, 123, -1,
  136, 127, 101, 103, 102, 128, -1, 117,
  110, 115, 119, -1, 140, 119, 115, 116,
  114, 120, -1, 131, 86, 87, 108, 110,
  117, -1, 124, 99, 101, 127, -1, 186,
  142, 141, 185, -1, 190, 180, 132, 159,
  169, 164, 155, 184, -1, 163, 145, 144,
  165, -1, 162, 146, 145, 163, -1, 173,
  160, 131, 117, 119, 140, 156, 161, -1,
  289, 139, 148, 290, -1, 126, 133, 158,
  153, 152, 134, -1, 137, 150, 149, 157,
  136, 128, -1, 167, 84, 85, 166, -1,
  124, 127, 136, 157, 138, 121, 118, 130,
  -1, 135, 151, 150, 137, -1, 134, 152,
  151, 135, -1, 308, 122, 138, 157, 149,
  310, -1, 171, 159, 132, 82, 83, 168,
  -1, 165, 144, 143, 155, 164, 172, -1,
  174, 161, 156, 147, 146, 162, -1, 170,
  166, 85, 86, 131, 160, -1, 168, 83,
  84, 167, -1, 194, 182, 158, 133, 125,
  123, 129, 181, -1, 160, 173, 177, 170,
  -1, 159, 171, 178, 169, -1, 168, 167,
  166, 170, 177, 176, 179, 178, 171, -1,
  174, 175, 176, 177, 173, 161, -1, 187,
  80, 81, 189, -1, 193, 184, 155, 143,
  142, 186, -1, 192, 189, 81, 82, 132,
  180, -1, 195, 183, 154, 153, 158, 182,
  -1, 185, 141, 154, 183, -1, 281, 270,
  268, 197, 198, 200, 199, 229, 241, 230,
  228, 269, -1, 193, 199, 200, 201, 190,
  184, -1, 182, 194, 196, 198, 197, 195,
  -1, 187, 189, 192, 201, 200, 198, 196,
  191, 188, -1, 181, 191, 196, 194, -1,
  190, 201, 192, 180, -1, 205, 202, 172,
  164, 169, 178, 179, 203, -1, 215, 214,
  219, 220, -1, 216, 215, 220, 221, -1,
  397, 217, 218, 214, 215, 216, 401, -1,
  218, 217, 226, 227, -1, 214, 218, 227,
  219, -1, 203, 212, 225, 224, 223, 222,
  221, 220, 219, 227, 226, 205, -1, 395,
  211, 210, 394, -1, 393, 209, 208, 392,
  -1, 394, 210, 209, 393, -1, 392, 208,
  207, 391, -1, 391, 207, 206, 390, -1,
  429, 231, 228, 230, 246, 441, -1, 441,
  246, 247, 440, -1, 440, 247, 243, 443,
  -1, 434, 236, 235, 433, -1, 433, 235,
  234, 432, -1, 432, 234, 233, 431, -1,
  431, 233, 232, 430, -1, 430, 232, 231,
  429, -1, 241, 245, 244, 243, 247, 246,
  230, -1, 271, 272, 273, 274, 275, 276,
  277, 278, 279, 280, 282, 269, 228, 231,
  232, 233, 234, 235, 236, 237, 238, 239,
  240, 242, 229, 199, 193, 186, 185, 183,
  195, 197, 268, -1, 258, 260, 248, 204,
  212, 203, 179, 176, 175, 249, -1, 250,
  251, 252, 253, 254, 255, 256, 257, 259,
  249, 175, 174, 162, 163, 165, 172, 202,
  206, 207, 208, 209, 210, 211, 213, 204,
  248, 262, 261, -1, 375, 251, 250, 374,
  -1, 258, 267, 266, 265, 264, 263, 260,
  -1, 381, 257, 256, 380, -1, 379, 255,
  254, 378, -1, 380, 256, 255, 379, -1,
  378, 254, 253, 377, -1, 377, 253, 252,
  376, -1, 376, 252, 251, 375, -1, 374,
  250, 261, 389, -1, 413, 271, 268, 270,
  286, 425, -1, 425, 286, 287, 424, -1,
  424, 287, 283, 427, -1, 418, 276, 275,
  417, -1, 417, 275, 274, 416, -1, 416,
  274, 273, 415, -1, 415, 273, 272, 414,
  -1, 414, 272, 271, 413, -1, 281, 285,
  284, 283, 287, 286, 270, -1, 291, 147,
  156, 140, 120, 288, -1, 470, 293, 292,
  469, -1, 476, 299, 298, 475, -1, 475,
  298, 297, 474, -1, 474, 297, 296, 473,
  -1, 473, 296, 295, 472, -1, 472, 295,
  289, 290, 294, 471, -1, 471, 294, 293,
  470, -1, 469, 292, 306, 484, -1, 313,
  314, 315, 316, 317, 318, 319, 320, 321,
  322, 323, 309, 139, 289, 295, 296, 297,
  298, 299, 300, 301, 302, 303, 304, 305,
  288, 120, 114, 111, 122, 308, -1, 311,
  148, 139, 309, -1, 312, 310, 149, 150,
  151, 152, 153, 154, 141, 142, 143, 144,
  145, 146, 147, 291, 307, 306, 292, 293,
  294, 290, 148, 311, 324, 325, 327, 326,
  -1, 454, 313, 308, 310, 312, 453, -1,
  456, 315, 314, 455, -1, 460, 319, 318,
  459, -1, 459, 318, 317, 458, -1, 458,
  317, 316, 457, -1, 457, 316, 315, 456,
  -1, 455, 314, 313, 454, -1, 453, 312,
  326, 468, -1, 338, 328, 104, 105, 125,
  133, 126, 329, -1, 356, 358, 354, 102,
  103, 104, 328, 331, 330, 355, -1, 341,
  340, 345, 346, -1, 342, 341, 346, 347,
  -1, 520, 348, 349, 519, -1, 519, 349,
  350, 518, -1, 518, 350, 351, 517, -1,
  516, 343, 344, 340, 341, 342, 521, -1,
  344, 343, 352, 353, -1, 340, 344, 353,
  345, -1, 328, 338, 347, 346, 345, 353,
  352, 351, 350, 349, 348, 331, -1, 510,
  333, 332, 509, -1, 509, 332, 330, 331,
  348, 520, -1, 357, 355, 330, 332, 333,
  334, 335, 336, 337, 339, 329, 126, 134,
  135, 137, 128, 102, 354, 359, 360, 361,
  362, 363, 364, 365, 366, 368, 367, -1,
  503, 373, 356, 355, 357, 493, -1, 507,
  369, 370, 506, -1, 506, 370, 371, 505,
  -1, 505, 371, 372, 504, -1, 504, 372,
  373, 503, -1, 495, 360, 359, 494, -1,
  494, 359, 354, 358, 369, 507, -1, 356,
  373, 372, 371, 370, 369, 358, -1, 493,
  357, 367, 508, -1, 404, 390, 206, 202,
  205, 226, 217, 397, -1, 382, 259, 257,
  381, -1, 384, 267, 258, 249, 259, 382,
  -1, 385, 266, 267, 384, -1, 386, 265,
  266, 385, -1, 387, 264, 265, 386, -1,
  388, 263, 264, 387, -1, 389, 261, 262,
  383, -1, 383, 262, 248, 260, 263, 388,
  -1, 419, 277, 276, 418, -1, 396, 213,
  211, 395, -1, 398, 225, 212, 204, 213,
  396, -1, 399, 224, 225, 398, -1, 400,
  223, 224, 399, -1, 403, 401, 216, 221,
  222, 402, -1, 402, 222, 223, 400, -1,
  405, 406, 408, 407, -1, 405, 407, 410,
  409, -1, 407, 408, 411, 410, -1, 411,
  390, 404, -1, 411, 391, 390, -1, 400,
  406, 412, -1, 402, 400, 412, -1, 403,
  402, 412, -1, 400, 386, 406, -1, 387,
  386, 400, -1, 399, 387, 400, -1, 388,
  387, 399, -1, 398, 388, 399, -1, 383,
  388, 398, -1, 396, 383, 398, -1, 389,
  383, 396, -1, 395, 389, 396, -1, 374,
  389, 395, -1, 394, 374, 395, -1, 375,
  374, 394, -1, 393, 375, 394, -1, 376,
  375, 393, -1, 392, 376, 393, -1, 377,
  376, 392, -1, 391, 377, 392, -1, 411,
  377, 391, -1, 385, 406, 386, -1, 384,
  406, 385, -1, 382, 406, 384, -1, 381,
  406, 382, -1, 380, 406, 381, -1, 408,
  406, 380, -1, 408, 380, 379, -1, 408,
  379, 378, -1, 408, 378, 377, -1, 408,
  377, 411, -1, 409, 412, 406, 405, -1,
  397, 401, 403, 412, 409, 410, 411, 404,
  -1, 435, 237, 236, 434, -1, 420, 278,
  277, 419, -1, 436, 238, 237, 435, -1,
  421, 279, 278, 420, -1, 437, 239, 238,
  436, -1, 422, 280, 279, 421, -1, 438,
  240, 239, 437, -1, 423, 282, 280, 422,
  -1, 439, 242, 240, 438, -1, 426, 285,
  281, 269, 282, 423, -1, 442, 245, 241,
  229, 242, 439, -1, 427, 283, 284, 428,
  -1, 428, 284, 285, 426, -1, 444, 244,
  245, 442, -1, 461, 320, 319, 460, -1,
  443, 243, 244, 444, -1, 445, 446, 448,
  447, -1, 445, 447, 450, 449, -1, 447,
  448, 451, 450, -1, 438, 452, 451, -1,
  439, 438, 451, -1, 442, 439, 451, -1,
  444, 442, 451, -1, 443, 444, 451, -1,
  440, 443, 451, -1, 422, 430, 429, -1,
  422, 429, 441, -1, 422, 441, 440, -1,
  422, 440, 451, -1, 423, 422, 451, -1,
  426, 423, 451, -1, 428, 426, 451, -1,
  427, 428, 451, -1, 448, 427, 451, -1,
  448, 424, 427, -1, 448, 425, 424, -1,
  448, 413, 425, -1, 448, 414, 413, -1,
  437, 452, 438, -1, 436, 452, 437, -1,
  435, 452, 436, -1, 434, 452, 435, -1,
  433, 452, 434, -1, 422, 431, 430, -1,
  422, 432, 431, -1, 422, 433, 432, -1,
  422, 452, 433, -1, 421, 452, 422, -1,
  420, 452, 421, -1, 419, 452, 420, -1,
  418, 452, 419, -1, 448, 415, 414, -1,
  446, 452, 418, -1, 446, 418, 417, -1,
  446, 417, 416, -1, 446, 416, 415, -1,
  446, 415, 448, -1, 450, 451, 452, 449,
  -1, 449, 452, 446, 445, -1, 477, 300,
  299, 476, -1, 462, 321, 320, 461, -1,
  478, 301, 300, 477, -1, 463, 322, 321,
  462, -1, 479, 302, 301, 478, -1, 464,
  323, 322, 463, -1, 480, 303, 302, 479,
  -1, 465, 324, 311, 309, 323, 464, -1,
  481, 304, 303, 480, -1, 466, 325, 324,
  465, -1, 482, 305, 304, 481, -1, 468,
  326, 327, 467, -1, 467, 327, 325, 466,
  -1, 483, 307, 291, 288, 305, 482, -1,
  484, 306, 307, 483, -1, 485, 486, 488,
  487, -1, 485, 487, 490, 489, -1, 487,
  488, 491, 490, -1, 480, 492, 491, -1,
  481, 480, 491, -1, 482, 481, 491, -1,
  483, 482, 491, -1, 484, 483, 491, -1,
  469, 484, 491, -1, 464, 472, 471, -1,
  464, 471, 470, -1, 464, 470, 469, -1,
  464, 469, 491, -1, 465, 464, 491, -1,
  466, 465, 491, -1, 467, 466, 491, -1,
  468, 467, 491, -1, 488, 468, 491, -1,
  488, 453, 468, -1, 488, 454, 453, -1,
  488, 455, 454, -1, 488, 456, 455, -1,
  479, 492, 480, -1, 478, 492, 479, -1,
  477, 492, 478, -1, 476, 492, 477, -1,
  475, 492, 476, -1, 464, 473, 472, -1,
  464, 474, 473, -1, 464, 475, 474, -1,
  464, 492, 475, -1, 463, 492, 464, -1,
  462, 492, 463, -1, 461, 492, 462, -1,
  460, 492, 461, -1, 488, 457, 456, -1,
  486, 492, 460, -1, 486, 460, 459, -1,
  486, 459, 458, -1, 486, 458, 457, -1,
  486, 457, 488, -1, 490, 491, 492, 489,
  -1, 489, 492, 486, 485, -1, 523, 517,
  351, 352, 343, 516, -1, 496, 361, 360,
  495, -1, 497, 362, 361, 496, -1, 498,
  363, 362, 497, -1, 499, 364, 363, 498,
  -1, 500, 365, 364, 499, -1, 501, 366,
  365, 500, -1, 508, 367, 368, 502, -1,
  502, 368, 366, 501, -1, 511, 334, 333,
  510, -1, 512, 335, 334, 511, -1, 513,
  336, 335, 512, -1, 514, 337, 336, 513,
  -1, 522, 521, 342, 347, 338, 329, 339,
  515, -1, 515, 339, 337, 514, -1, 524,
  525, 527, 526, -1, 524, 526, 529, 528,
  -1, 526, 527, 530, 529, -1, 530, 517,
  523, -1, 530, 518, 517, -1, 514, 525,
  531, -1, 515, 514, 531, -1, 522, 515,
  531, -1, 514, 499, 525, -1, 500, 499,
  514, -1, 513, 500, 514, -1, 501, 500,
  513, -1, 512, 501, 513, -1, 502, 501,
  512, -1, 511, 502, 512, -1, 508, 502,
  511, -1, 510, 508, 511, -1, 493, 508,
  510, -1, 509, 493, 510, -1, 503, 493,
  509, -1, 520, 503, 509, -1, 504, 503,
  520, -1, 519, 504, 520, -1, 505, 504,
  519, -1, 518, 505, 519, -1, 530, 505,
  518, -1, 498, 525, 499, -1, 497, 525,
  498, -1, 496, 525, 497, -1, 495, 525,
  496, -1, 494, 525, 495, -1, 527, 525,
  494, -1, 527, 494, 507, -1, 527, 507,
  506, -1, 527, 506, 505, -1, 527, 505,
  530, -1, 528, 531, 525, 524, -1, 516,
  521, 522, 531, 528, 529, 530, 523, -1 ]
colorPerVertex	FALSE
ccw	FALSE
convex	FALSE
solid	TRUE
creaseAngle	0.559
normalIndex	[  ]
texCoordIndex	[  ]
}

}
Shape {
appearance	Appearance {
material	Material {
ambientIntensity	0.12
diffuseColor	0.824 0.824 0.824
specularColor	0.89 0.89 0.89
emissiveColor	0 0 0
shininess	0.4
transparency	0
}

}

geometry	DEF _32 IndexedFaceSet {
coord	Coordinate {
point	[ 1 0 -1,
  0.924 0.383 -1,
  0.707 0.707 -1,
  0.383 0.924 -1,
  -1.03e-013 1 -1,
  -0.383 0.924 -1,
  -0.707 0.707 -1,
  -0.924 0.383 -1,
  -1 -2.07e-013 -1,
  -0.924 -0.383 -1,
  -0.707 -0.707 -1,
  -0.383 -0.924 -1,
  3.11e-013 -1 -1,
  0.383 -0.924 -1,
  0.707 -0.707 -1,
  0.924 -0.383 -1,
  1 0 1,
  0.924 0.383 1,
  0.707 0.707 1,
  0.383 0.924 1,
  -1.03e-013 1 1,
  -0.383 0.924 1,
  -0.707 0.707 1,
  -0.924 0.383 1,
  -1 -2.07e-013 1,
  -0.924 -0.383 1,
  -0.707 -0.707 1,
  -0.383 -0.924 1,
  3.11e-013 -1 1,
  0.383 -0.924 1,
  0.707 -0.707 1,
  0.924 -0.383 1,
  1 -0.000549 -2.12,
  0.924 0.382 -2.12,
  0.707 0.706 -2.12,
  0.383 0.923 -2.12,
  0.000155 0.999 -2.12,
  -0.383 0.923 -2.12,
  -0.707 0.706 -2.12,
  -0.924 0.382 -2.12,
  -1 -0.00055 -2.12,
  -0.924 -0.384 -2.12,
  -0.707 -0.708 -2.12,
  -0.383 -0.925 -2.12,
  0.000155 -1 -2.12,
  0.383 -0.925 -2.12,
  0.707 -0.708 -2.12,
  0.924 -0.384 -2.12,
  0.438 -0.181 -2.12,
  0.335 -0.335 -2.12,
  0.181 -0.437 -2.12,
  0.000143 -0.473 -2.12,
  -0.181 -0.437 -2.12,
  -0.335 -0.335 -2.12,
  -0.437 -0.181 -2.12,
  -0.473 6.1e-005 -2.12,
  -0.437 0.181 -2.12,
  -0.335 0.335 -2.12,
  -0.181 0.438 -2.12,
  0.000144 0.474 -2.12,
  0.181 0.438 -2.12,
  0.335 0.335 -2.12,
  0.474 6.11e-005 -2.12,
  0.438 0.181 -2.12,
  0.438 -0.18 -4.25,
  0.335 -0.334 -4.25,
  0.182 -0.436 -4.25,
  0.000316 -0.472 -4.25,
  -0.181 -0.436 -4.25,
  -0.334 -0.334 -4.25,
  -0.437 -0.18 -4.25,
  -0.473 0.00101 -4.25,
  -0.437 0.182 -4.25,
  -0.334 0.336 -4.25,
  -0.181 0.439 -4.25,
  0.000316 0.474 -4.25,
  0.182 0.439 -4.25,
  0.335 0.336 -4.25,
  0.438 0.182 -4.25,
  0.474 0.00101 -4.25,
  1 0.00162 -4.25,
  0.924 0.385 -4.25,
  0.707 0.709 -4.25,
  0.383 0.926 -4.25,
  0.000304 1 -4.25,
  -0.383 0.926 -4.25,
  -0.707 0.709 -4.25,
  -0.924 0.385 -4.25,
  -1 0.00162 -4.25,
  -0.924 -0.381 -4.25,
  -0.707 -0.705 -4.25,
  -0.383 -0.922 -4.25,
  0.000303 -0.998 -4.25,
  0.383 -0.922 -4.25,
  0.707 -0.705 -4.25,
  0.924 -0.381 -4.25,
  0.383 -0.923 -5.24,
  0.000378 -0.999 -5.24,
  -0.383 -0.923 -5.24,
  -0.49 -0.851 -5.24,
  0.491 -0.85 -5.24,
  -0.663 -0.851 -5.24,
  -0.662 -1.41 -15.2,
  -0.662 -1.42 -5.24,
  0.663 -1.42 -5.24,
  0.663 -0.85 -5.24,
  -0.924 -0.382 -5.24,
  -1 0.00128 -5.24,
  -0.924 0.384 -5.24,
  -0.852 -0.489 -5.24,
  -0.852 0.491 -5.24,
  -1.42 -0.656 -15.2,
  -1.42 -0.661 -5.24,
  -0.852 -0.661 -5.24,
  -1.42 0.669 -15.2,
  -0.852 0.664 -5.25,
  -1.42 0.664 -5.25,
  -0.852 0.491 -5.28,
  -0.852 -0.489 -5.28,
  -0.852 0.664 -5.28,
  -0.896 0.669 -15.2,
  -0.852 -0.661 -5.28,
  -0.896 -0.656 -15.2,
  0.492 -0.85 -5.28,
  -0.49 -0.851 -5.28,
  0.663 -0.85 -5.28,
  0.664 -0.891 -15.2,
  -0.663 -0.851 -5.28,
  -0.662 -0.891 -15.2,
  0.707 -0.706 -5.28,
  -0.707 -0.706 -5.28,
  -0.707 0.708 -5.28,
  0.707 0.708 -5.28,
  0.663 -0.896 -5.28,
  0.436 -1.04 -15.2,
  0.00116 -1.13 -15.2,
  -0.663 -0.896 -5.28,
  -0.434 -1.04 -15.2,
  -0.897 -0.661 -5.28,
  -1.14 0.00667 -15.2,
  -0.897 0.664 -5.28,
  1.14 0.00669 -15.3,
  1.05 0.442 -15.3,
  0.805 0.81 -15.3,
  0.436 1.06 -15.3,
  0.00116 1.14 -15.3,
  -0.434 1.06 -15.3,
  -0.802 0.81 -15.3,
  -1.14 0.00668 -15.3,
  -0.802 -0.797 -15.3,
  -0.434 -1.04 -15.3,
  0.00116 -1.13 -15.3,
  0.436 -1.04 -15.3,
  0.805 -0.797 -15.3,
  1.05 -0.429 -15.3,
  0.804 0.805 -5.28,
  -0.803 0.805 -5.28,
  -0.803 -0.802 -5.28,
  0.804 -0.802 -5.28,
  0.489 0.854 -5.28,
  -0.49 0.853 -5.28,
  -0.662 0.899 -5.28,
  -0.434 1.06 -15.2,
  0.00116 1.14 -15.2,
  0.663 0.899 -5.28,
  0.436 1.06 -15.2,
  -0.383 0.925 -5.25,
  0.000378 1 -5.25,
  0.383 0.925 -5.25,
  0.663 0.854 -5.28,
  -0.49 0.853 -5.25,
  0.489 0.854 -5.25,
  0.664 0.904 -15.2,
  -0.662 0.853 -5.28,
  -0.662 0.904 -15.2,
  -0.662 1.43 -15.2,
  -0.663 1.42 -5.25,
  -0.662 0.853 -5.25,
  0.663 0.854 -5.25,
  0.663 1.42 -5.25,
  0.853 0.491 -5.28,
  0.853 -0.489 -5.28,
  0.898 -0.661 -5.28,
  1.05 -0.429 -15.2,
  0.898 0.664 -5.28,
  1.14 0.00667 -15.2,
  1.05 0.442 -15.2,
  1 0.00128 -5.24,
  0.924 -0.382 -5.24,
  0.924 0.384 -5.24,
  0.853 0.664 -5.28,
  0.853 -0.489 -5.24,
  0.853 0.491 -5.24,
  0.899 0.669 -15.2,
  0.853 -0.661 -5.28,
  0.899 -0.656 -15.2,
  0.853 -0.661 -5.24,
  1.42 -0.656 -15.2,
  1.42 -0.661 -5.24,
  1.42 0.669 -15.2,
  1.42 0.664 -5.25,
  0.853 0.664 -5.25,
  0.664 1.22 -15.2,
  0.664 1.43 -14.6,
  0.467 1.43 -15.2,
  0.664 1.22 -14.6,
  0.624 1.2 -15.2,
  0.569 1.19 -15.2,
  0.515 1.2 -15.2,
  0.469 1.23 -15.2,
  0.438 1.27 -15.2,
  0.427 1.33 -15.2,
  0.467 1.43 -14.6,
  0.438 1.38 -15.2,
  0.712 1.33 -21.3,
  0.701 1.39 -21.3,
  0.67 1.43 -21.3,
  0.67 1.23 -21.3,
  0.701 1.28 -21.3,
  0.711 1.33 -14.6,
  0.7 1.38 -14.6,
  0.67 1.43 -14.6,
  0.624 1.46 -14.6,
  0.569 1.47 -14.6,
  0.515 1.46 -14.6,
  0.469 1.43 -14.6,
  0.67 1.23 -14.6,
  0.7 1.27 -14.6,
  1.42 0.278 -15.2,
  1.42 0.487 -15.2,
  1.42 0.278 -14.6,
  1.38 0.251 -15.2,
  1.33 0.24 -15.2,
  1.27 0.251 -15.2,
  1.23 0.282 -15.2,
  1.2 0.328 -15.2,
  1.18 0.382 -15.2,
  1.2 0.437 -15.2,
  1.23 0.483 -15.2,
  1.27 0.513 -15.2,
  1.33 0.524 -15.2,
  1.42 0.486 -14.6,
  1.38 0.513 -15.2,
  1.47 0.382 -14.6,
  1.46 0.436 -14.6,
  1.43 0.482 -14.6,
  1.43 0.282 -14.6,
  1.46 0.328 -14.6,
  -0.275 1.43 -15.2,
  -0.48 1.43 -15.2,
  -0.246 1.27 -15.2,
  -0.277 1.23 -15.2,
  -0.323 1.2 -15.2,
  -0.378 1.19 -15.2,
  -0.432 1.2 -15.2,
  -0.478 1.23 -15.2,
  -0.509 1.27 -15.2,
  -0.52 1.33 -15.2,
  -0.48 1.43 -14.6,
  -0.509 1.38 -15.2,
  -0.275 1.43 -14.6,
  -0.236 1.33 -15.2,
  -0.246 1.38 -15.2,
  -0.277 1.43 -14.6,
  -0.323 1.46 -14.6,
  -0.378 1.47 -14.6,
  -0.432 1.46 -14.6,
  -0.478 1.43 -14.6,
  1.42 -0.48 -15.2,
  1.42 -0.271 -15.2,
  1.42 -0.48 -14.6,
  1.38 -0.507 -15.2,
  1.33 -0.517 -15.2,
  1.27 -0.507 -15.2,
  1.23 -0.476 -15.2,
  1.2 -0.43 -15.2,
  1.18 -0.375 -15.2,
  1.2 -0.321 -15.2,
  1.23 -0.275 -15.2,
  1.27 -0.244 -15.2,
  1.33 -0.233 -15.2,
  1.42 -0.271 -14.6,
  1.38 -0.244 -15.2,
  1.47 -0.376 -14.6,
  1.46 -0.321 -14.6,
  1.43 -0.275 -14.6,
  1.43 -0.476 -14.6,
  1.46 -0.43 -14.6,
  -1.03 0.473 -15.2,
  -1.09 0.25 -15.2,
  -1.09 0.25 -15.3,
  -1.03 0.473 -15.3,
  -1 0.328 -15.3,
  -1.03 0.282 -15.3,
  -1.08 0.251 -15.3,
  -1.14 0.24 -15.2,
  -1.19 0.251 -15.2,
  -1.24 0.282 -15.2,
  -1.27 0.328 -15.2,
  -1.28 0.382 -15.2,
  -1.27 0.437 -15.2,
  -1.24 0.483 -15.2,
  -1.19 0.513 -15.2,
  -1.14 0.524 -15.2,
  -1.08 0.513 -15.2,
  -1.03 0.483 -15.2,
  -0.993 0.382 -15.3,
  -1 0.437 -15.3,
  -1.03 -0.463 -15.2,
  -1.09 -0.243 -15.2,
  -1.03 -0.463 -15.3,
  -1.09 -0.243 -15.3,
  -1 -0.43 -15.3,
  -1.03 -0.476 -15.2,
  -1.08 -0.507 -15.2,
  -1.14 -0.517 -15.2,
  -1.19 -0.507 -15.2,
  -1.24 -0.476 -15.2,
  -1.27 -0.43 -15.2,
  -1.28 -0.375 -15.2,
  -1.27 -0.321 -15.2,
  -1.24 -0.275 -15.2,
  -1.19 -0.244 -15.2,
  -1.14 -0.233 -15.2,
  -1.08 -0.244 -15.3,
  -1.03 -0.275 -15.3,
  -0.993 -0.375 -15.3,
  -1 -0.321 -15.3,
  0.664 -1.41 -14.6,
  0.664 -1.22 -15.2,
  0.463 -1.41 -15.2,
  0.463 -1.41 -14.6,
  0.438 -1.38 -15.2,
  0.427 -1.32 -15.2,
  0.438 -1.27 -15.2,
  0.469 -1.22 -15.2,
  0.515 -1.19 -15.2,
  0.569 -1.18 -15.2,
  0.664 -1.22 -14.6,
  0.624 -1.19 -15.2,
  0.712 -1.32 -21.3,
  0.701 -1.26 -21.3,
  0.67 -1.22 -21.3,
  0.67 -1.42 -21.3,
  0.701 -1.37 -21.3,
  0.711 -1.32 -14.6,
  0.7 -1.27 -14.6,
  0.67 -1.22 -14.6,
  0.469 -1.42 -14.6,
  0.515 -1.45 -14.6,
  0.569 -1.46 -14.6,
  0.624 -1.45 -14.6,
  0.67 -1.42 -14.6,
  0.7 -1.38 -14.6,
  -0.484 -1.41 -15.2,
  -0.272 -1.41 -15.2,
  -0.272 -1.41 -14.6,
  -0.246 -1.38 -15.2,
  -0.484 -1.41 -14.6,
  -0.509 -1.38 -15.2,
  -0.52 -1.32 -15.2,
  -0.509 -1.27 -15.2,
  -0.478 -1.22 -15.2,
  -0.432 -1.19 -15.2,
  -0.378 -1.18 -15.2,
  -0.323 -1.19 -15.2,
  -0.277 -1.22 -15.2,
  -0.236 -1.32 -15.2,
  -0.246 -1.27 -15.2,
  -0.478 -1.42 -14.6,
  -0.432 -1.45 -14.6,
  -0.378 -1.46 -14.6,
  -0.323 -1.45 -14.6,
  -0.277 -1.42 -14.6,
  -0.246 1.28 -20.2,
  -0.277 1.23 -20.2,
  -0.323 1.2 -20.2,
  -0.377 1.19 -20.2,
  -0.432 1.2 -20.2,
  -0.478 1.23 -20.2,
  -0.509 1.28 -20.2,
  -0.519 1.33 -20.2,
  -0.509 1.39 -20.2,
  -0.246 1.39 -20.2,
  -0.478 1.43 -20.2,
  -0.432 1.46 -20.2,
  -0.377 1.47 -20.2,
  -0.323 1.46 -20.2,
  -0.277 1.43 -20.2,
  -0.235 1.33 -20.2,
  0.624 1.2 -20.2,
  0.57 1.19 -20.2,
  0.515 1.2 -20.2,
  0.469 1.23 -20.2,
  0.438 1.28 -20.2,
  0.428 1.33 -20.2,
  0.438 1.39 -20.2,
  0.664 1.23 -21.3,
  0.469 1.43 -20.2,
  0.515 1.46 -20.2,
  0.57 1.47 -20.2,
  0.664 1.44 -21.3,
  0.624 1.46 -20.2,
  0.664 1.44 -20.2,
  0.664 1.23 -20.2,
  -0.661 1.62 -23.6,
  -0.662 1.62 -20.2,
  -0.661 1.05 -23.6,
  -0.661 1.05 -20.2,
  0.664 1.62 -23.6,
  0.665 1.05 -23.6,
  0.665 1.05 -20.2,
  0.664 1.62 -20.2,
  1.38 -0.504 -20.2,
  1.33 -0.515 -20.2,
  1.27 -0.504 -20.2,
  1.23 -0.473 -20.2,
  1.2 -0.427 -20.2,
  1.19 -0.373 -20.2,
  1.2 -0.318 -20.2,
  1.23 -0.272 -20.2,
  1.27 -0.242 -20.2,
  1.33 -0.231 -20.2,
  1.38 -0.242 -20.2,
  1.46 -0.427 -20.2,
  1.43 -0.473 -20.2,
  1.43 -0.272 -20.2,
  1.47 -0.373 -20.2,
  1.46 -0.318 -20.2,
  1.38 0.253 -20.2,
  1.33 0.243 -20.2,
  1.27 0.253 -20.2,
  1.23 0.284 -20.2,
  1.2 0.33 -20.2,
  1.19 0.385 -20.2,
  1.2 0.439 -20.2,
  1.23 0.485 -20.2,
  1.27 0.516 -20.2,
  1.33 0.527 -20.2,
  1.38 0.516 -20.2,
  1.46 0.33 -20.2,
  1.43 0.284 -20.2,
  1.43 0.485 -20.2,
  1.47 0.385 -20.2,
  1.46 0.439 -20.2,
  1.04 -0.652 -23.5,
  1.04 -0.654 -20.2,
  1.61 -0.652 -23.5,
  1.61 -0.654 -20.2,
  1.04 0.673 -23.6,
  1.61 0.673 -23.6,
  1.61 0.672 -20.2,
  1.04 0.672 -20.2,
  -1 -0.427 -20.2,
  -1.03 -0.473 -20.2,
  -1.08 -0.504 -20.2,
  -1.13 -0.515 -20.2,
  -1.19 -0.504 -20.2,
  -1.24 -0.473 -20.2,
  -1.27 -0.427 -20.2,
  -1.28 -0.373 -20.2,
  -1.27 -0.318 -20.2,
  -1.24 -0.272 -20.2,
  -1.19 -0.242 -20.2,
  -1.13 -0.231 -20.2,
  -1.08 -0.242 -20.2,
  -1.03 -0.272 -20.2,
  -1 -0.318 -20.2,
  -0.993 -0.373 -20.2,
  -1 0.33 -20.2,
  -1.03 0.284 -20.2,
  -1.08 0.253 -20.2,
  -1.13 0.243 -20.2,
  -1.19 0.253 -20.2,
  -1.24 0.284 -20.2,
  -1.27 0.33 -20.2,
  -1.28 0.385 -20.2,
  -1.27 0.439 -20.2,
  -1.24 0.485 -20.2,
  -1.19 0.516 -20.2,
  -1.13 0.527 -20.2,
  -1.08 0.516 -20.2,
  -1.03 0.485 -20.2,
  -1 0.439 -20.2,
  -0.993 0.385 -20.2,
  -1.42 -0.652 -23.5,
  -1.42 -0.654 -20.2,
  -0.851 -0.652 -23.5,
  -0.851 -0.654 -20.2,
  -1.42 0.673 -23.6,
  -0.851 0.673 -23.6,
  -0.851 0.672 -20.2,
  -1.42 0.672 -20.2,
  -0.246 -1.37 -20.2,
  -0.509 -1.37 -20.2,
  -0.519 -1.32 -20.2,
  -0.509 -1.27 -20.2,
  -0.478 -1.22 -20.2,
  -0.432 -1.19 -20.2,
  -0.377 -1.18 -20.2,
  -0.323 -1.19 -20.2,
  -0.277 -1.22 -20.2,
  -0.246 -1.27 -20.2,
  -0.277 -1.42 -20.2,
  -0.323 -1.45 -20.2,
  -0.377 -1.46 -20.2,
  -0.432 -1.45 -20.2,
  -0.478 -1.42 -20.2,
  -0.235 -1.32 -20.2,
  0.438 -1.37 -20.2,
  0.428 -1.32 -20.2,
  0.438 -1.27 -20.2,
  0.469 -1.22 -20.2,
  0.515 -1.19 -20.2,
  0.57 -1.18 -20.2,
  0.624 -1.19 -20.2,
  0.664 -1.42 -21.3,
  0.624 -1.45 -20.2,
  0.57 -1.46 -20.2,
  0.515 -1.45 -20.2,
  0.469 -1.42 -20.2,
  0.664 -1.22 -21.3,
  0.664 -1.22 -20.2,
  0.664 -1.42 -20.2,
  -0.661 -1.03 -23.5,
  -0.662 -1.03 -20.2,
  -0.661 -1.6 -23.5,
  -0.661 -1.6 -20.2,
  0.664 -1.03 -23.5,
  0.665 -1.6 -23.5,
  0.665 -1.6 -20.2,
  0.664 -1.03 -20.2,
  -0.246 -1.37 -20.2,
  -0.509 -1.37 -20.2,
  -0.519 -1.32 -20.2,
  -0.509 -1.27 -20.2,
  -0.478 -1.22 -20.2,
  -0.432 -1.19 -20.2,
  -0.377 -1.18 -20.2,
  -0.323 -1.19 -20.2,
  -0.277 -1.22 -20.2,
  -0.246 -1.27 -20.2,
  -0.277 -1.42 -20.2,
  -0.323 -1.45 -20.2,
  -0.377 -1.46 -20.2,
  -0.432 -1.45 -20.2,
  -0.478 -1.42 -20.2,
  -0.235 -1.32 -20.2,
  0.438 -1.37 -20.2,
  0.428 -1.32 -20.2,
  0.438 -1.27 -20.2,
  0.469 -1.22 -20.2,
  0.515 -1.19 -20.2,
  0.57 -1.18 -20.2,
  0.624 -1.19 -20.2,
  0.664 -1.42 -21.3,
  0.624 -1.45 -20.2,
  0.57 -1.46 -20.2,
  0.515 -1.45 -20.2,
  0.469 -1.42 -20.2,
  0.664 -1.22 -21.3,
  0.664 -1.22 -20.2,
  0.664 -1.42 -20.2 ]
}

coordIndex	[ 19, 20, 4, 3, -1, 20, 21, 5,
  4, -1, 27, 28, 12, 11, -1, 28,
  29, 13, 12, -1, 29, 30, 14, 13,
  -1, 30, 29, 28, 27, 26, 25, 24,
  23, 22, 21, 20, 19, 18, 17, 16,
  31, -1, 16, 17, 1, 33, 32, 0,
  -1, 17, 18, 2, 34, 33, 1, -1,
  18, 19, 3, 35, 34, 2, -1, 21,
  22, 6, 38, 37, 5, -1, 22, 23,
  7, 39, 38, 6, -1, 23, 24, 8,
  40, 39, 7, -1, 24, 25, 9, 41,
  40, 8, -1, 25, 26, 10, 42, 41,
  9, -1, 26, 27, 11, 43, 42, 10,
  -1, 30, 31, 15, 47, 46, 14, -1,
  31, 16, 0, 32, 47, 15, -1 ]
colorPerVertex	FALSE
ccw	FALSE
convex	FALSE
solid	TRUE
creaseAngle	0.559
normalIndex	[  ]
texCoordIndex	[  ]
}

}
]
translation	0 -11.1 9.26
rotation	-1 -1.39321e-010 -1.3918e-010  1.57
scale	0.528 0.528 0.15
scaleOrientation	0.99996 0.00898515 -1.8579e-006  0.000690534
}
]
center	0 -10.9921 9.26159
}
]
center	0 -8.99172 9.26271
}
]
center	0 -2.49264 9.25322
}
]
center	0 -0.49443 7.00039
}
]
center	0 -1.49921 1.00119
}
]
translation	0 3.93387e-006 1.90734e-006
rotation	0 0 1  0
scaleOrientation	0 0 1  0
center	0 0.497209 -3.5004
}
]
rotation	-1 0 0  1.57
scale	1 1 1
}
]
translation	0 0 0.079401
center	0 -4 -1
}
Background {
groundAngle	1.57079
groundColor	[ 1 1 1,
  0 0 0 ]
skyAngle	[ 0.2, 1.57079 ]
skyColor	[ 1 1 1,
  0 0 0,
  0 0 0 ]
}
